solid OpenSCAD_Model
  facet normal -0.28173255684143134 -0.9594929736144968 0
    outer loop
      vertex -97.94362976846335 18.336673352303666 -25.5
      vertex -97.84768047110191 18.308500096619525 -25.5
      vertex -97.94362976846335 18.336673352303666 -17.5
    endloop
  endfacet
  facet normal 0 0 -1
    outer loop
      vertex -97.94362976846335 18.336673352303666 -25.5
      vertex -92.25034490471587 37.37127440684134 -25.5
      vertex -97.84768047110191 18.308500096619525 -25.5
    endloop
  endfacet
  facet normal -0.9594929736144971 0.28173255684143034 0
    outer loop
      vertex -97.94362976846335 18.336673352303666 -25.5
      vertex -97.94362976846335 18.336673352303666 -17.5
      vertex -92.30897863163474 37.526532824593616 -25.5
    endloop
  endfacet
  facet normal 0 0 -1
    outer loop
      vertex -97.84768047110191 18.308500096619525 -25.5
      vertex -92.25034490471587 37.37127440684134 -25.5
      vertex -83.45528586688445 14.08251174399808 -25.5
    endloop
  endfacet
  facet normal -0.28173255684143134 -0.9594929736144968 0
    outer loop
      vertex -97.84768047110191 18.308500096619525 -25.5
      vertex -97.84768047110191 18.308500096619525 -17.5
      vertex -97.94362976846335 18.336673352303666 -17.5
    endloop
  endfacet
  facet normal 0 0 1
    outer loop
      vertex -97.94362976846335 18.336673352303666 -17.5
      vertex -97.84768047110191 18.308500096619525 -17.5
      vertex -92.30897863163474 37.526532824593616 -17.5
    endloop
  endfacet
  facet normal 0 0 -1
    outer loop
      vertex -97.94362976846335 18.336673352303666 -25.5
      vertex -92.30897863163474 37.526532824593616 -25.5
      vertex -92.25034490471587 37.37127440684134 -25.5
    endloop
  endfacet
  facet normal 0 0 -1
    outer loop
      vertex -92.30897863163474 37.526532824593616 -25.5
      vertex -92.2130293342733 37.49835956890947 -25.5
      vertex -92.25034490471587 37.37127440684134 -25.5
    endloop
  endfacet
  facet normal 0 0 -1
    outer loop
      vertex -92.2130293342733 37.49835956890947 -25.5
      vertex -77.82063473005584 33.27237121628802 -25.5
      vertex -92.25034490471587 37.37127440684134 -25.5
    endloop
  endfacet
  facet normal 0.28173255684146403 0.9594929736144873 -6.282854810755058e-20
    outer loop
      vertex -92.30897863163474 37.526532824593616 -25.5
      vertex -92.2130293342733 37.49835956890947 -17.5
      vertex -92.2130293342733 37.49835956890947 -25.5
    endloop
  endfacet
  facet normal 0 0 -1
    outer loop
      vertex -82.63870009296879 16.863547493681114 -25.5
      vertex -92.25034490471587 37.37127440684134 -25.5
      vertex -77.82063473005584 33.27237121628802 -25.5
    endloop
  endfacet
  facet normal -0.9594929736144971 0.28173255684143034 2.1631612561451727e-17
    outer loop
      vertex -97.94362976846335 18.336673352303666 -17.5
      vertex -92.30897863163474 37.526532824593616 -17.5
      vertex -92.30897863163474 37.526532824593616 -25.5
    endloop
  endfacet
  facet normal 0 0 1
    outer loop
      vertex -97.84768047110191 18.308500096619525 -17.5
      vertex -92.2130293342733 37.49835956890947 -17.5
      vertex -92.30897863163474 37.526532824593616 -17.5
    endloop
  endfacet
  facet normal 0.28173255684146403 0.9594929736144873 0
    outer loop
      vertex -92.30897863163474 37.526532824593616 -25.5
      vertex -92.30897863163474 37.526532824593616 -17.5
      vertex -92.2130293342733 37.49835956890947 -17.5
    endloop
  endfacet
  facet normal -0.7557495743543208 -0.6548607339452128 1.3916802775798787e-19
    outer loop
      vertex -72.4163844170288 68.30254034315183 -25.5
      vertex -72.48187049042332 68.37811530058727 -17.5
      vertex -72.48187049042332 68.37811530058727 -25.5
    endloop
  endfacet
  facet normal 0 0 -1
    outer loop
      vertex -62.59347340784951 56.966296727837964 -25.5
      vertex -72.4163844170288 68.30254034315183 -25.5
      vertex -57.401492211315045 81.31301850100519 -25.5
    endloop
  endfacet
  facet normal 0 0 -1
    outer loop
      vertex -72.4163844170288 68.30254034315183 -25.5
      vertex -72.48187049042332 68.37811530058727 -25.5
      vertex -57.401492211315045 81.31301850100519 -25.5
    endloop
  endfacet
  facet normal -0.6548607339452845 0.7557495743542588 0
    outer loop
      vertex -72.48187049042332 68.37811530058727 -25.5
      vertex -72.48187049042332 68.37811530058727 -17.5
      vertex -57.36687900333815 81.47532997949295 -25.5
    endloop
  endfacet
  facet normal 0 0 -1
    outer loop
      vertex -60.402976299601406 58.86437327685626 -25.5
      vertex -57.401492211315045 81.31301850100519 -25.5
      vertex -47.478481920764345 70.06351140674366 -25.5
    endloop
  endfacet
  facet normal -0.7557495743543208 -0.6548607339452128 0
    outer loop
      vertex -72.4163844170288 68.30254034315183 -25.5
      vertex -72.4163844170288 68.30254034315183 -17.5
      vertex -72.48187049042332 68.37811530058727 -17.5
    endloop
  endfacet
  facet normal 0 0 1
    outer loop
      vertex -72.4163844170288 68.30254034315183 -17.5
      vertex -57.36687900333815 81.47532997949295 -17.5
      vertex -72.48187049042332 68.37811530058727 -17.5
    endloop
  endfacet
  facet normal 0 0 -1
    outer loop
      vertex -72.48187049042332 68.37811530058727 -25.5
      vertex -57.36687900333815 81.47532997949295 -25.5
      vertex -57.401492211315045 81.31301850100519 -25.5
    endloop
  endfacet
  facet normal 0 0 -1
    outer loop
      vertex -57.401492211315045 81.31301850100519 -25.5
      vertex -57.36687900333815 81.47532997949295 -25.5
      vertex -57.301392929943624 81.39975502205755 -25.5
    endloop
  endfacet
  facet normal 0.755749574354199 0.6548607339453535 0
    outer loop
      vertex -57.301392929943624 81.39975502205755 -25.5
      vertex -57.36687900333815 81.47532997949295 -25.5
      vertex -57.301392929943624 81.39975502205755 -17.5
    endloop
  endfacet
  facet normal 0 0 -1
    outer loop
      vertex -57.401492211315045 81.31301850100519 -25.5
      vertex -57.301392929943624 81.39975502205755 -25.5
      vertex -47.478481920764345 70.06351140674366 -25.5
    endloop
  endfacet
  facet normal -0.6548607339452845 0.7557495743542588 5.2301396407876516e-17
    outer loop
      vertex -72.48187049042332 68.37811530058727 -17.5
      vertex -57.36687900333815 81.47532997949295 -17.5
      vertex -57.36687900333815 81.47532997949295 -25.5
    endloop
  endfacet
  facet normal 0 0 1
    outer loop
      vertex -72.4163844170288 68.30254034315183 -17.5
      vertex -57.301392929943624 81.39975502205755 -17.5
      vertex -57.36687900333815 81.47532997949295 -17.5
    endloop
  endfacet
  facet normal 0.755749574354199 0.6548607339453535 0
    outer loop
      vertex -57.36687900333815 81.47532997949295 -25.5
      vertex -57.36687900333815 81.47532997949295 -17.5
      vertex -57.301392929943624 81.39975502205755 -17.5
    endloop
  endfacet
  facet normal 0 0 -1
    outer loop
      vertex -21.858675406171557 81.763685005208 -25.5
      vertex -23.993397980270835 96.611006633422 -25.5
      vertex -4.328071320384749 99.43845375143428 -25.5
    endloop
  endfacet
  facet normal -0.9898214418809357 -0.14231483827326397 5.2162212953704535e-20
    outer loop
      vertex -23.993397980270835 96.611006633422 -25.5
      vertex -24.007629464098162 96.70998877761009 -17.5
      vertex -24.007629464098162 96.70998877761009 -25.5
    endloop
  endfacet
  facet normal 0 0 -1
    outer loop
      vertex -23.993397980270835 96.611006633422 -25.5
      vertex -24.007629464098162 96.70998877761009 -25.5
      vertex -4.328071320384749 99.43845375143428 -25.5
    endloop
  endfacet
  facet normal -0.14231483827328478 0.9898214418809328 0
    outer loop
      vertex -24.007629464098162 96.70998877761009 -25.5
      vertex -24.007629464098162 96.70998877761009 -17.5
      vertex -4.21120062647951 99.55628554307579 -25.5
    endloop
  endfacet
  facet normal 0 0 -1
    outer loop
      vertex -18.9897343181468 82.17617646041629 -25.5
      vertex -4.328071320384749 99.43845375143428 -25.5
      vertex -2.0622465685529043 84.6099817706737 -25.5
    endloop
  endfacet
  facet normal 0 0 -1
    outer loop
      vertex -24.007629464098162 96.70998877761009 -25.5
      vertex -4.21120062647951 99.55628554307579 -25.5
      vertex -4.328071320384749 99.43845375143428 -25.5
    endloop
  endfacet
  facet normal 0 0 -1
    outer loop
      vertex -2.0622465685529043 84.6099817706737 -25.5
      vertex -4.328071320384749 99.43845375143428 -25.5
      vertex -4.196969142652183 99.45730339888769 -25.5
    endloop
  endfacet
  facet normal 0 0 -1
    outer loop
      vertex -4.328071320384749 99.43845375143428 -25.5
      vertex -4.21120062647951 99.55628554307579 -25.5
      vertex -4.196969142652183 99.45730339888769 -25.5
    endloop
  endfacet
  facet normal 0.9898214418809357 0.14231483827326397 0
    outer loop
      vertex -4.196969142652183 99.45730339888769 -25.5
      vertex -4.21120062647951 99.55628554307579 -25.5
      vertex -4.196969142652183 99.45730339888769 -17.5
    endloop
  endfacet
  facet normal -0.9898214418809357 -0.14231483827326397 0
    outer loop
      vertex -23.993397980270835 96.611006633422 -25.5
      vertex -23.993397980270835 96.611006633422 -17.5
      vertex -24.007629464098162 96.70998877761009 -17.5
    endloop
  endfacet
  facet normal 0 0 1
    outer loop
      vertex -23.993397980270835 96.611006633422 -17.5
      vertex -4.21120062647951 99.55628554307579 -17.5
      vertex -24.007629464098162 96.70998877761009 -17.5
    endloop
  endfacet
  facet normal -0.14231483827328478 0.9898214418809328 0
    outer loop
      vertex -4.21120062647951 99.55628554307579 -25.5
      vertex -24.007629464098162 96.70998877761009 -17.5
      vertex -4.21120062647951 99.55628554307579 -17.5
    endloop
  endfacet
  facet normal 0.9898214418809357 0.14231483827326397 0
    outer loop
      vertex -4.21120062647951 99.55628554307579 -25.5
      vertex -4.21120062647951 99.55628554307579 -17.5
      vertex -4.196969142652183 99.45730339888769 -17.5
    endloop
  endfacet
  facet normal 0 0 1
    outer loop
      vertex -23.993397980270835 96.611006633422 -17.5
      vertex -4.196969142652183 99.45730339888769 -17.5
      vertex -4.21120062647951 99.55628554307579 -17.5
    endloop
  endfacet
  facet normal 0 0 -1
    outer loop
      vertex 44.00873749803614 72.29338074797853 -25.5
      vertex 28.452614134268384 79.39762424691125 -25.5
      vertex 50.1194816340771 85.99288253432304 -25.5
    endloop
  endfacet
  facet normal 0 0 -1
    outer loop
      vertex 25.816097590945773 80.60168100801626 -25.5
      vertex 32.047322785974075 94.24616093833403 -25.5
      vertex 50.1194816340771 85.99288253432304 -25.5
    endloop
  endfacet
  facet normal -0.9096319953545488 0.41541501300182015 -1.726510241549239e-19
    outer loop
      vertex 32.047322785974075 94.24616093833403 -25.5
      vertex 32.088864287274255 94.33712413786948 -17.5
      vertex 32.088864287274255 94.33712413786948 -25.5
    endloop
  endfacet
  facet normal 0 0 -1
    outer loop
      vertex 32.047322785974075 94.24616093833403 -25.5
      vertex 32.088864287274255 94.33712413786948 -25.5
      vertex 50.1194816340771 85.99288253432304 -25.5
    endloop
  endfacet
  facet normal 0.4154150130018864 0.9096319953545186 0
    outer loop
      vertex 32.088864287274255 94.33712413786948 -25.5
      vertex 32.088864287274255 94.33712413786948 -17.5
      vertex 50.28150419436462 86.02882387783175 -25.5
    endloop
  endfacet
  facet normal 0 0 -1
    outer loop
      vertex 32.088864287274255 94.33712413786948 -25.5
      vertex 50.28150419436462 86.02882387783175 -25.5
      vertex 50.1194816340771 85.99288253432304 -25.5
    endloop
  endfacet
  facet normal -0.9096319953545488 0.41541501300182015 0
    outer loop
      vertex 32.047322785974075 94.24616093833403 -25.5
      vertex 32.047322785974075 94.24616093833403 -17.5
      vertex 32.088864287274255 94.33712413786948 -17.5
    endloop
  endfacet
  facet normal 0.4154150130018864 0.9096319953545186 1.6566224446852393e-17
    outer loop
      vertex 32.088864287274255 94.33712413786948 -17.5
      vertex 50.28150419436462 86.02882387783175 -17.5
      vertex 50.28150419436462 86.02882387783175 -25.5
    endloop
  endfacet
  facet normal 0 0 1
    outer loop
      vertex 32.047322785974075 94.24616093833403 -17.5
      vertex 50.28150419436462 86.02882387783175 -17.5
      vertex 32.088864287274255 94.33712413786948 -17.5
    endloop
  endfacet
  facet normal 0 0 1
    outer loop
      vertex 32.047322785974075 94.24616093833403 -17.5
      vertex 50.23996269306444 85.9378606782963 -17.5
      vertex 50.28150419436462 86.02882387783175 -17.5
    endloop
  endfacet
  facet normal 0 0 -1
    outer loop
      vertex 44.00873749803614 72.29338074797853 -25.5
      vertex 50.1194816340771 85.99288253432304 -25.5
      vertex 50.23996269306444 85.9378606782963 -25.5
    endloop
  endfacet
  facet normal 0 0 -1
    outer loop
      vertex 50.1194816340771 85.99288253432304 -25.5
      vertex 50.28150419436462 86.02882387783175 -25.5
      vertex 50.23996269306444 85.9378606782963 -25.5
    endloop
  endfacet
  facet normal 0.9096319953545488 -0.41541501300182015 0
    outer loop
      vertex 50.23996269306444 85.9378606782963 -25.5
      vertex 50.28150419436462 86.02882387783175 -25.5
      vertex 50.23996269306444 85.9378606782963 -17.5
    endloop
  endfacet
  facet normal 0.9096319953545488 -0.41541501300182015 0
    outer loop
      vertex 50.28150419436462 86.02882387783175 -25.5
      vertex 50.28150419436462 86.02882387783175 -17.5
      vertex 50.23996269306444 85.9378606782963 -17.5
    endloop
  endfacet
  facet normal 0 0 -1
    outer loop
      vertex 76.10725835987886 37.02414213841957 -25.5
      vertex 66.86145863561815 51.41088733181719 -25.5
      vertex 88.65445329705445 45.24517870923779 -25.5
    endloop
  endfacet
  facet normal 0 0 -1
    outer loop
      vertex 76.10725835987886 37.02414213841957 -25.5
      vertex 88.65445329705445 45.24517870923779 -25.5
      vertex 88.72606135234658 45.13375440025354 -25.5
    endloop
  endfacet
  facet normal 0 0 -1
    outer loop
      vertex 88.65445329705445 45.24517870923779 -25.5
      vertex 88.81018670562969 45.18781848199909 -25.5
      vertex 88.72606135234658 45.13375440025354 -25.5
    endloop
  endfacet
  facet normal 0.5406408174555587 -0.8412535328312062 0
    outer loop
      vertex 88.72606135234658 45.13375440025354 -25.5
      vertex 88.81018670562969 45.18781848199909 -25.5
      vertex 88.72606135234658 45.13375440025354 -17.5
    endloop
  endfacet
  facet normal 0.5406408174555587 -0.8412535328312062 0
    outer loop
      vertex 88.81018670562969 45.18781848199909 -25.5
      vertex 88.81018670562969 45.18781848199909 -17.5
      vertex 88.72606135234658 45.13375440025354 -17.5
    endloop
  endfacet
  facet normal 0 0 -1
    outer loop
      vertex 88.65445329705445 45.24517870923779 -25.5
      vertex 65.2944420107669 53.849212795043194 -25.5
      vertex 77.91324500323462 61.95882505687716 -25.5
    endloop
  endfacet
  facet normal 0 0 -1
    outer loop
      vertex 88.65445329705445 45.24517870923779 -25.5
      vertex 77.91324500323462 61.95882505687716 -25.5
      vertex 77.99737035651773 62.01288913862271 -25.5
    endloop
  endfacet
  facet normal 0.8412535328311812 0.5406408174555978 -2.2292868238692358e-17
    outer loop
      vertex 88.81018670562969 45.18781848199909 -25.5
      vertex 77.99737035651773 62.01288913862271 -25.5
      vertex 77.99737035651773 62.01288913862271 -17.5
    endloop
  endfacet
  facet normal -0.5406408174555587 0.8412535328312062 6.94931605792222e-20
    outer loop
      vertex 77.91324500323462 61.95882505687716 -25.5
      vertex 77.99737035651773 62.01288913862271 -17.5
      vertex 77.99737035651773 62.01288913862271 -25.5
    endloop
  endfacet
  facet normal 0 0 -1
    outer loop
      vertex 88.65445329705445 45.24517870923779 -25.5
      vertex 77.99737035651773 62.01288913862271 -25.5
      vertex 88.81018670562969 45.18781848199909 -25.5
    endloop
  endfacet
  facet normal 0 0 1
    outer loop
      vertex 88.81018670562969 45.18781848199909 -17.5
      vertex 77.99737035651773 62.01288913862271 -17.5
      vertex 77.91324500323462 61.95882505687716 -17.5
    endloop
  endfacet
  facet normal -0.5406408174555587 0.8412535328312062 0
    outer loop
      vertex 77.91324500323462 61.95882505687716 -25.5
      vertex 77.91324500323462 61.95882505687716 -17.5
      vertex 77.99737035651773 62.01288913862271 -17.5
    endloop
  endfacet
  facet normal 0.8412535328311812 0.5406408174555978 0
    outer loop
      vertex 88.81018670562969 45.18781848199909 -25.5
      vertex 77.99737035651773 62.01288913862271 -17.5
      vertex 88.81018670562969 45.18781848199909 -17.5
    endloop
  endfacet
  facet normal 0 0 1
    outer loop
      vertex 88.72606135234658 45.13375440025354 -17.5
      vertex 88.81018670562969 45.18781848199909 -17.5
      vertex 77.91324500323462 61.95882505687716 -17.5
    endloop
  endfacet
  facet normal 0 0 -1
    outer loop
      vertex -97.94362976846335 18.336673352303666 17.5
      vertex -92.2130293342733 37.49835956890947 17.5
      vertex -97.84768047110191 18.308500096619525 17.5
    endloop
  endfacet
  facet normal -0.28173255684143134 -0.9594929736144968 0
    outer loop
      vertex -97.94362976846335 18.336673352303666 17.5
      vertex -97.84768047110191 18.308500096619525 17.5
      vertex -97.94362976846335 18.336673352303666 25.5
    endloop
  endfacet
  facet normal -0.28173255684143134 -0.9594929736144968 0
    outer loop
      vertex -97.84768047110191 18.308500096619525 17.5
      vertex -97.84768047110191 18.308500096619525 25.5
      vertex -97.94362976846335 18.336673352303666 25.5
    endloop
  endfacet
  facet normal 0 0 1
    outer loop
      vertex -97.94362976846335 18.336673352303666 25.5
      vertex -97.84768047110191 18.308500096619525 25.5
      vertex -97.81036490065934 18.435585258687663 25.5
    endloop
  endfacet
  facet normal 0 0 1
    outer loop
      vertex -97.84768047110191 18.308500096619525 25.5
      vertex -83.45528586688445 14.08251174399808 25.5
      vertex -97.81036490065934 18.435585258687663 25.5
    endloop
  endfacet
  facet normal -0.9594929736144971 0.28173255684143034 0
    outer loop
      vertex -97.94362976846335 18.336673352303666 17.5
      vertex -97.94362976846335 18.336673352303666 25.5
      vertex -92.30897863163474 37.526532824593616 17.5
    endloop
  endfacet
  facet normal 0 0 1
    outer loop
      vertex -97.94362976846335 18.336673352303666 25.5
      vertex -97.81036490065934 18.435585258687663 25.5
      vertex -92.30897863163474 37.526532824593616 25.5
    endloop
  endfacet
  facet normal 0 0 1
    outer loop
      vertex -97.81036490065934 18.435585258687663 25.5
      vertex -83.45528586688445 14.08251174399808 25.5
      vertex -78.6372205039715 30.49133546660499 25.5
    endloop
  endfacet
  facet normal 0 0 -1
    outer loop
      vertex -97.94362976846335 18.336673352303666 17.5
      vertex -92.30897863163474 37.526532824593616 17.5
      vertex -92.2130293342733 37.49835956890947 17.5
    endloop
  endfacet
  facet normal -0.9594929736144971 0.28173255684143034 2.1631612561451727e-17
    outer loop
      vertex -97.94362976846335 18.336673352303666 25.5
      vertex -92.30897863163474 37.526532824593616 25.5
      vertex -92.30897863163474 37.526532824593616 17.5
    endloop
  endfacet
  facet normal 0 0 1
    outer loop
      vertex -97.81036490065934 18.435585258687663 25.5
      vertex -92.2130293342733 37.49835956890947 25.5
      vertex -92.30897863163474 37.526532824593616 25.5
    endloop
  endfacet
  facet normal 0 0 1
    outer loop
      vertex -97.81036490065934 18.435585258687663 25.5
      vertex -77.82063473005584 33.27237121628802 25.5
      vertex -92.2130293342733 37.49835956890947 25.5
    endloop
  endfacet
  facet normal 0.28173255684146403 0.9594929736144873 -6.282854810755058e-20
    outer loop
      vertex -92.30897863163474 37.526532824593616 17.5
      vertex -92.2130293342733 37.49835956890947 25.5
      vertex -92.2130293342733 37.49835956890947 17.5
    endloop
  endfacet
  facet normal 0.28173255684146403 0.9594929736144873 0
    outer loop
      vertex -92.30897863163474 37.526532824593616 17.5
      vertex -92.30897863163474 37.526532824593616 25.5
      vertex -92.2130293342733 37.49835956890947 25.5
    endloop
  endfacet
  facet normal 0 0 -1
    outer loop
      vertex -72.4163844170288 68.30254034315183 17.5
      vertex -72.48187049042332 68.37811530058727 17.5
      vertex -57.301392929943624 81.39975502205755 17.5
    endloop
  endfacet
  facet normal -0.7557495743543208 -0.6548607339452128 1.3916802775798787e-19
    outer loop
      vertex -72.4163844170288 68.30254034315183 17.5
      vertex -72.48187049042332 68.37811530058727 25.5
      vertex -72.48187049042332 68.37811530058727 17.5
    endloop
  endfacet
  facet normal 0 0 1
    outer loop
      vertex -62.59347340784951 56.966296727837964 25.5
      vertex -72.31628513565737 68.38927686420419 25.5
      vertex -72.4163844170288 68.30254034315183 25.5
    endloop
  endfacet
  facet normal -0.7557495743543208 -0.6548607339452128 0
    outer loop
      vertex -72.4163844170288 68.30254034315183 17.5
      vertex -72.4163844170288 68.30254034315183 25.5
      vertex -72.48187049042332 68.37811530058727 25.5
    endloop
  endfacet
  facet normal 0 0 1
    outer loop
      vertex -72.4163844170288 68.30254034315183 25.5
      vertex -72.31628513565737 68.38927686420419 25.5
      vertex -72.48187049042332 68.37811530058727 25.5
    endloop
  endfacet
  facet normal -0.6548607339452845 0.7557495743542588 0
    outer loop
      vertex -72.48187049042332 68.37811530058727 17.5
      vertex -72.48187049042332 68.37811530058727 25.5
      vertex -57.36687900333815 81.47532997949295 17.5
    endloop
  endfacet
  facet normal 0 0 1
    outer loop
      vertex -72.48187049042332 68.37811530058727 25.5
      vertex -72.31628513565737 68.38927686420419 25.5
      vertex -57.36687900333815 81.47532997949295 25.5
    endloop
  endfacet
  facet normal 0 0 1
    outer loop
      vertex -62.59347340784951 56.966296727837964 25.5
      vertex -49.66897902901245 68.16543485772537 25.5
      vertex -72.31628513565737 68.38927686420419 25.5
    endloop
  endfacet
  facet normal 0 0 1
    outer loop
      vertex -72.31628513565737 68.38927686420419 25.5
      vertex -47.478481920764345 70.06351140674366 25.5
      vertex -57.301392929943624 81.39975502205755 25.5
    endloop
  endfacet
  facet normal 0 0 -1
    outer loop
      vertex -72.48187049042332 68.37811530058727 17.5
      vertex -57.36687900333815 81.47532997949295 17.5
      vertex -57.301392929943624 81.39975502205755 17.5
    endloop
  endfacet
  facet normal 0.755749574354199 0.6548607339453535 0
    outer loop
      vertex -57.301392929943624 81.39975502205755 17.5
      vertex -57.36687900333815 81.47532997949295 17.5
      vertex -57.301392929943624 81.39975502205755 25.5
    endloop
  endfacet
  facet normal -0.6548607339452845 0.7557495743542588 5.2301396407876516e-17
    outer loop
      vertex -72.48187049042332 68.37811530058727 25.5
      vertex -57.36687900333815 81.47532997949295 25.5
      vertex -57.36687900333815 81.47532997949295 17.5
    endloop
  endfacet
  facet normal 0 0 1
    outer loop
      vertex -72.31628513565737 68.38927686420419 25.5
      vertex -57.301392929943624 81.39975502205755 25.5
      vertex -57.36687900333815 81.47532997949295 25.5
    endloop
  endfacet
  facet normal 0.755749574354199 0.6548607339453535 0
    outer loop
      vertex -57.36687900333815 81.47532997949295 17.5
      vertex -57.36687900333815 81.47532997949295 25.5
      vertex -57.301392929943624 81.39975502205755 25.5
    endloop
  endfacet
  facet normal 0 0 1
    outer loop
      vertex -21.858675406171557 81.763685005208 25.5
      vertex -4.931187656577658 84.19749031546542 25.5
      vertex -23.86229580253827 96.6298562808754 25.5
    endloop
  endfacet
  facet normal 0 0 -1
    outer loop
      vertex -23.993397980270835 96.611006633422 17.5
      vertex -24.007629464098162 96.70998877761009 17.5
      vertex -4.196969142652183 99.45730339888769 17.5
    endloop
  endfacet
  facet normal 0 0 -1
    outer loop
      vertex -24.007629464098162 96.70998877761009 17.5
      vertex -4.21120062647951 99.55628554307579 17.5
      vertex -4.196969142652183 99.45730339888769 17.5
    endloop
  endfacet
  facet normal 0 0 1
    outer loop
      vertex -21.858675406171557 81.763685005208 25.5
      vertex -23.86229580253827 96.6298562808754 25.5
      vertex -23.993397980270835 96.611006633422 25.5
    endloop
  endfacet
  facet normal -0.9898214418809357 -0.14231483827326397 5.2162212953704535e-20
    outer loop
      vertex -23.993397980270835 96.611006633422 17.5
      vertex -24.007629464098162 96.70998877761009 25.5
      vertex -24.007629464098162 96.70998877761009 17.5
    endloop
  endfacet
  facet normal -0.14231483827328478 0.9898214418809328 0
    outer loop
      vertex -24.007629464098162 96.70998877761009 17.5
      vertex -24.007629464098162 96.70998877761009 25.5
      vertex -4.21120062647951 99.55628554307579 17.5
    endloop
  endfacet
  facet normal -0.9898214418809357 -0.14231483827326397 0
    outer loop
      vertex -23.993397980270835 96.611006633422 17.5
      vertex -23.993397980270835 96.611006633422 25.5
      vertex -24.007629464098162 96.70998877761009 25.5
    endloop
  endfacet
  facet normal 0 0 1
    outer loop
      vertex -23.993397980270835 96.611006633422 25.5
      vertex -23.86229580253827 96.6298562808754 25.5
      vertex -24.007629464098162 96.70998877761009 25.5
    endloop
  endfacet
  facet normal 0 0 1
    outer loop
      vertex -23.86229580253827 96.6298562808754 25.5
      vertex -4.21120062647951 99.55628554307579 25.5
      vertex -24.007629464098162 96.70998877761009 25.5
    endloop
  endfacet
  facet normal 0 0 1
    outer loop
      vertex -23.86229580253827 96.6298562808754 25.5
      vertex -2.0622465685529043 84.6099817706737 25.5
      vertex -4.196969142652183 99.45730339888769 25.5
    endloop
  endfacet
  facet normal 0.9898214418809357 0.14231483827326397 0
    outer loop
      vertex -4.196969142652183 99.45730339888769 17.5
      vertex -4.21120062647951 99.55628554307579 17.5
      vertex -4.196969142652183 99.45730339888769 25.5
    endloop
  endfacet
  facet normal -0.14231483827328478 0.9898214418809328 0
    outer loop
      vertex -4.21120062647951 99.55628554307579 17.5
      vertex -24.007629464098162 96.70998877761009 25.5
      vertex -4.21120062647951 99.55628554307579 25.5
    endloop
  endfacet
  facet normal 0 0 1
    outer loop
      vertex -23.86229580253827 96.6298562808754 25.5
      vertex -4.196969142652183 99.45730339888769 25.5
      vertex -4.21120062647951 99.55628554307579 25.5
    endloop
  endfacet
  facet normal 0.9898214418809357 0.14231483827326397 0
    outer loop
      vertex -4.21120062647951 99.55628554307579 17.5
      vertex -4.21120062647951 99.55628554307579 25.5
      vertex -4.196969142652183 99.45730339888769 25.5
    endloop
  endfacet
  facet normal 0 0 1
    outer loop
      vertex 41.37222095471353 73.49743750908354 25.5
      vertex 32.16780384496142 94.19113908230729 25.5
      vertex 25.816097590945773 80.60168100801626 25.5
    endloop
  endfacet
  facet normal 0 0 1
    outer loop
      vertex 44.00873749803614 72.29338074797853 25.5
      vertex 50.23996269306444 85.9378606782963 25.5
      vertex 32.16780384496142 94.19113908230729 25.5
    endloop
  endfacet
  facet normal 0 0 -1
    outer loop
      vertex 32.047322785974075 94.24616093833403 17.5
      vertex 32.088864287274255 94.33712413786948 17.5
      vertex 50.23996269306444 85.9378606782963 17.5
    endloop
  endfacet
  facet normal 0 0 -1
    outer loop
      vertex 32.088864287274255 94.33712413786948 17.5
      vertex 50.28150419436462 86.02882387783175 17.5
      vertex 50.23996269306444 85.9378606782963 17.5
    endloop
  endfacet
  facet normal 0 0 1
    outer loop
      vertex 25.816097590945773 80.60168100801626 25.5
      vertex 32.16780384496142 94.19113908230729 25.5
      vertex 32.047322785974075 94.24616093833403 25.5
    endloop
  endfacet
  facet normal -0.9096319953545488 0.41541501300182015 -1.726510241549239e-19
    outer loop
      vertex 32.047322785974075 94.24616093833403 17.5
      vertex 32.088864287274255 94.33712413786948 25.5
      vertex 32.088864287274255 94.33712413786948 17.5
    endloop
  endfacet
  facet normal -0.9096319953545488 0.41541501300182015 0
    outer loop
      vertex 32.047322785974075 94.24616093833403 17.5
      vertex 32.047322785974075 94.24616093833403 25.5
      vertex 32.088864287274255 94.33712413786948 25.5
    endloop
  endfacet
  facet normal 0 0 1
    outer loop
      vertex 32.047322785974075 94.24616093833403 25.5
      vertex 32.16780384496142 94.19113908230729 25.5
      vertex 32.088864287274255 94.33712413786948 25.5
    endloop
  endfacet
  facet normal 0.4154150130018864 0.9096319953545186 0
    outer loop
      vertex 32.088864287274255 94.33712413786948 17.5
      vertex 32.088864287274255 94.33712413786948 25.5
      vertex 50.28150419436462 86.02882387783175 17.5
    endloop
  endfacet
  facet normal 0 0 1
    outer loop
      vertex 32.088864287274255 94.33712413786948 25.5
      vertex 32.16780384496142 94.19113908230729 25.5
      vertex 50.28150419436462 86.02882387783175 25.5
    endloop
  endfacet
  facet normal 0.4154150130018864 0.9096319953545186 1.6566224446852393e-17
    outer loop
      vertex 32.088864287274255 94.33712413786948 25.5
      vertex 50.28150419436462 86.02882387783175 25.5
      vertex 50.28150419436462 86.02882387783175 17.5
    endloop
  endfacet
  facet normal 0 0 1
    outer loop
      vertex 32.16780384496142 94.19113908230729 25.5
      vertex 50.23996269306444 85.9378606782963 25.5
      vertex 50.28150419436462 86.02882387783175 25.5
    endloop
  endfacet
  facet normal 0.9096319953545488 -0.41541501300182015 0
    outer loop
      vertex 50.23996269306444 85.9378606782963 17.5
      vertex 50.28150419436462 86.02882387783175 17.5
      vertex 50.23996269306444 85.9378606782963 25.5
    endloop
  endfacet
  facet normal 0.9096319953545488 -0.41541501300182015 0
    outer loop
      vertex 50.28150419436462 86.02882387783175 17.5
      vertex 50.28150419436462 86.02882387783175 25.5
      vertex 50.23996269306444 85.9378606782963 25.5
    endloop
  endfacet
  facet normal 0 0 1
    outer loop
      vertex 76.10725835987886 37.02414213841957 25.5
      vertex 88.72606135234658 45.13375440025354 25.5
      vertex 77.98485305852675 61.847400747892905 25.5
    endloop
  endfacet
  facet normal 0.5406408174555587 -0.8412535328312062 0
    outer loop
      vertex 88.72606135234658 45.13375440025354 17.5
      vertex 88.81018670562969 45.18781848199909 17.5
      vertex 88.72606135234658 45.13375440025354 25.5
    endloop
  endfacet
  facet normal 0.5406408174555587 -0.8412535328312062 0
    outer loop
      vertex 88.81018670562969 45.18781848199909 17.5
      vertex 88.81018670562969 45.18781848199909 25.5
      vertex 88.72606135234658 45.13375440025354 25.5
    endloop
  endfacet
  facet normal 0 0 -1
    outer loop
      vertex 88.72606135234658 45.13375440025354 17.5
      vertex 77.91324500323462 61.95882505687716 17.5
      vertex 77.99737035651773 62.01288913862271 17.5
    endloop
  endfacet
  facet normal 0 0 -1
    outer loop
      vertex 88.72606135234658 45.13375440025354 17.5
      vertex 77.99737035651773 62.01288913862271 17.5
      vertex 88.81018670562969 45.18781848199909 17.5
    endloop
  endfacet
  facet normal 0.8412535328311812 0.5406408174555978 -2.2292868238692358e-17
    outer loop
      vertex 88.81018670562969 45.18781848199909 17.5
      vertex 77.99737035651773 62.01288913862271 17.5
      vertex 77.99737035651773 62.01288913862271 25.5
    endloop
  endfacet
  facet normal 0 0 1
    outer loop
      vertex 74.5402417350276 39.46246760164557 25.5
      vertex 77.98485305852675 61.847400747892905 25.5
      vertex 65.2944420107669 53.849212795043194 25.5
    endloop
  endfacet
  facet normal 0 0 1
    outer loop
      vertex 88.81018670562969 45.18781848199909 25.5
      vertex 77.99737035651773 62.01288913862271 25.5
      vertex 77.98485305852675 61.847400747892905 25.5
    endloop
  endfacet
  facet normal -0.5406408174555587 0.8412535328312062 6.94931605792222e-20
    outer loop
      vertex 77.91324500323462 61.95882505687716 17.5
      vertex 77.99737035651773 62.01288913862271 25.5
      vertex 77.99737035651773 62.01288913862271 17.5
    endloop
  endfacet
  facet normal 0 0 1
    outer loop
      vertex 65.2944420107669 53.849212795043194 25.5
      vertex 77.98485305852675 61.847400747892905 25.5
      vertex 77.91324500323462 61.95882505687716 25.5
    endloop
  endfacet
  facet normal -0.5406408174555587 0.8412535328312062 0
    outer loop
      vertex 77.91324500323462 61.95882505687716 17.5
      vertex 77.91324500323462 61.95882505687716 25.5
      vertex 77.99737035651773 62.01288913862271 25.5
    endloop
  endfacet
  facet normal 0 0 1
    outer loop
      vertex 77.98485305852675 61.847400747892905 25.5
      vertex 77.99737035651773 62.01288913862271 25.5
      vertex 77.91324500323462 61.95882505687716 25.5
    endloop
  endfacet
  facet normal 0.8412535328311812 0.5406408174555978 0
    outer loop
      vertex 88.81018670562969 45.18781848199909 17.5
      vertex 77.99737035651773 62.01288913862271 25.5
      vertex 88.81018670562969 45.18781848199909 25.5
    endloop
  endfacet
  facet normal 0 0 1
    outer loop
      vertex 88.72606135234658 45.13375440025354 25.5
      vertex 88.81018670562969 45.18781848199909 25.5
      vertex 77.98485305852675 61.847400747892905 25.5
    endloop
  endfacet
  facet normal 0.9594929736144937 -0.28173255684144205 -5.004575542270083e-15
    outer loop
      vertex -81.01600291799583 13.366273646431559 -25.5
      vertex -81.01600291799583 13.366273646431557 -25.4
      vertex -81.67764755906282 11.112918935670239 -17.75
    endloop
  endfacet
  facet normal -0.2696249324206852 -0.9182581916315177 -0.29000739528287156
    outer loop
      vertex -83.45528586688445 14.08251174399808 -25.5
      vertex -81.67764755906282 11.112918935670239 -17.75
      vertex -82.12907359495505 11.24546957941034 -17.75
    endloop
  endfacet
  facet normal 0.9594929736144984 -0.2817325568414264 0
    outer loop
      vertex -81.01600291799583 13.366273646431557 -25.4
      vertex -81.01600291799583 13.366273646431557 -17.75
      vertex -81.67764755906282 11.112918935670239 -17.75
    endloop
  endfacet
  facet normal -0.26962493242068775 -0.9182581916315171 -0.29000739528287084
    outer loop
      vertex -83.45528586688445 14.08251174399808 -25.5
      vertex -82.12907359495505 11.24546957941034 -17.75
      vertex -82.41353262599286 8.928736686072352 -10.15
    endloop
  endfacet
  facet normal 0 0 -1
    outer loop
      vertex -83.45528586688445 14.08251174399808 -25.5
      vertex -82.63870009296879 16.863547493681114 -25.5
      vertex -81.01600291799583 13.366273646431559 -25.5
    endloop
  endfacet
  facet normal 0 0 -1
    outer loop
      vertex -81.01600291799583 13.366273646431559 -25.5
      vertex -82.63870009296879 16.863547493681114 -25.5
      vertex -80.74352751345165 14.294239654598883 -25.5
    endloop
  endfacet
  facet normal -0.2696249324206886 -0.9182581916315171 -0.2900073952828705
    outer loop
      vertex -83.45528586688445 14.08251174399808 -25.5
      vertex -81.01600291799583 13.366273646431559 -25.5
      vertex -81.67764755906282 11.112918935670239 -17.75
    endloop
  endfacet
  facet normal 0 0 -1
    outer loop
      vertex -80.74352751345165 14.294239654598883 -25.5
      vertex -82.63870009296879 16.863547493681114 -25.5
      vertex -80.20810326017207 17.048758647056268 -25.5
    endloop
  endfacet
  facet normal 0.959492973614499 -0.2817325568414241 -5.004575542269764e-15
    outer loop
      vertex -81.01600291799583 13.366273646431559 -25.5
      vertex -80.74352751345165 14.294239654598883 -25.5
      vertex -81.01600291799583 13.366273646431557 -25.4
    endloop
  endfacet
  facet normal 0.9594929736144957 -0.28173255684143567 -1.2132757893949908e-13
    outer loop
      vertex -81.01600291799583 13.366273646431557 -25.4
      vertex -80.74352751345165 14.294239654598883 -25.5
      vertex -80.74352751345164 14.294239654598888 -25.4
    endloop
  endfacet
  facet normal 0 0 -1
    outer loop
      vertex -82.63870009296879 16.863547493681114 -25.5
      vertex -79.56424955463172 19.837595439172755 -25.5
      vertex -80.20810326017207 17.048758647056268 -25.5
    endloop
  endfacet
  facet normal 0 0 -1
    outer loop
      vertex -83.45528586688445 14.08251174399808 -25.5
      vertex -92.25034490471587 37.37127440684134 -25.5
      vertex -82.63870009296879 16.863547493681114 -25.5
    endloop
  endfacet
  facet normal 0 0 -1
    outer loop
      vertex -82.63870009296879 16.863547493681114 -25.5
      vertex -78.82345906694215 22.602263176993933 -25.5
      vertex -79.56424955463172 19.837595439172755 -25.5
    endloop
  endfacet
  facet normal 0 0 -1
    outer loop
      vertex -82.63870009296879 16.863547493681114 -25.5
      vertex -77.98663433620258 25.339393538745686 -25.5
      vertex -78.82345906694215 22.602263176993933 -25.5
    endloop
  endfacet
  facet normal 0 0 -1
    outer loop
      vertex -82.63870009296879 16.863547493681114 -25.5
      vertex -77.05479490444449 28.045651752704835 -25.5
      vertex -77.98663433620258 25.339393538745686 -25.5
    endloop
  endfacet
  facet normal 0 0 -1
    outer loop
      vertex -82.63870009296879 16.863547493681114 -25.5
      vertex -76.02907607447656 30.717740660104784 -25.5
      vertex -77.05479490444449 28.045651752704835 -25.5
    endloop
  endfacet
  facet normal -0.2696249324206891 -0.9182581916315169 -0.2900073952828706
    outer loop
      vertex -97.84768047110191 18.308500096619525 -25.5
      vertex -83.45528586688445 14.08251174399808 -25.5
      vertex -82.42466570220297 8.56880877835907 -9
    endloop
  endfacet
  facet normal -0.959492973614498 0.2817325568414277 0
    outer loop
      vertex -97.84768047110191 18.308500096619525 -25.5
      vertex -99.25634325530905 13.511035228547037 -9
      vertex -97.84768047110191 18.308500096619525 -17.5
    endloop
  endfacet
  facet normal -0.2696249324207033 -0.9182581916315136 -0.2900073952828684
    outer loop
      vertex -83.45528586688445 14.08251174399808 -25.5
      vertex -82.41353262599286 8.928736686072352 -10.15
      vertex -82.42466570220297 8.56880877835907 -9
    endloop
  endfacet
  facet normal -0.26962493242067626 -0.9182581916315208 -0.29000739528287034
    outer loop
      vertex -82.41353262599286 8.928736686072352 -10.15
      vertex -82.32648617481884 8.903177541891395 -10.15
      vertex -82.42466570220297 8.56880877835907 -9
    endloop
  endfacet
  facet normal 0.9594929736144973 -0.28173255684143017 -1.6285761283082521e-15
    outer loop
      vertex -82.32648617481884 8.903177541891395 -10.15
      vertex -81.78894844014904 10.733862945277757 -10.15
      vertex -82.42466570220297 8.56880877835907 -9
    endloop
  endfacet
  facet normal 0.9594929736144974 -0.2817325568414293 -3.4174483873987018e-18
    outer loop
      vertex -82.42466570220297 8.56880877835907 -9
      vertex -81.78894844014904 10.733862945277757 -10.15
      vertex -81.78894844014904 10.733862945277757 -9
    endloop
  endfacet
  facet normal -0.26962493242069063 -0.9182581916315165 -0.2900073952828707
    outer loop
      vertex -97.84768047110191 18.308500096619525 -25.5
      vertex -98.15173243076234 13.186692226073626 -9
      vertex -99.25634325530905 13.511035228547037 -9
    endloop
  endfacet
  facet normal -0.26962493242068886 -0.918258191631517 -0.29000739528287084
    outer loop
      vertex -97.84768047110191 18.308500096619525 -25.5
      vertex -82.42466570220297 8.56880877835907 -9
      vertex -98.15173243076234 13.186692226073626 -9
    endloop
  endfacet
  facet normal -0.2817325568414316 -0.9594929736144968 -1.1241242294698645e-18
    outer loop
      vertex -99.25634325530905 13.511035228547037 -9
      vertex -98.15173243076234 13.186692226073626 -9
      vertex -98.15173243076234 13.186692226073626 9
    endloop
  endfacet
  facet normal -0.9594929736144976 0.28173255684142906 8.155934575563491e-16
    outer loop
      vertex -97.84768047110191 18.308500096619525 -17.5
      vertex -99.25634325530905 13.511035228547037 -9
      vertex -90.80436655006616 42.29582443698196 9
    endloop
  endfacet
  facet normal 0 0 -1
    outer loop
      vertex -82.63870009296879 16.863547493681114 -25.5
      vertex -75.6789696807423 31.542539636073673 -25.5
      vertex -76.02907607447656 30.717740660104784 -25.5
    endloop
  endfacet
  facet normal 0 0 -1
    outer loop
      vertex -82.63870009296879 16.863547493681114 -25.5
      vertex -77.82063473005584 33.27237121628802 -25.5
      vertex -75.38135178116723 32.556133118721505 -25.5
    endloop
  endfacet
  facet normal 0 0 -1
    outer loop
      vertex -82.63870009296879 16.863547493681114 -25.5
      vertex -75.38135178116723 32.556133118721505 -25.5
      vertex -75.6789696807423 31.542539636073673 -25.5
    endloop
  endfacet
  facet normal 0.9594929736144956 -0.28173255684143583 0
    outer loop
      vertex -75.6789696807423 31.542539636073673 -25.5
      vertex -75.38135178116723 32.5561331187215 -25.4
      vertex -75.6789696807423 31.542539636073673 -25.4
    endloop
  endfacet
  facet normal 0.9594929736144961 -0.28173255684143406 -2.0206469480761798e-14
    outer loop
      vertex -75.6789696807423 31.542539636073673 -25.5
      vertex -75.38135178116723 32.556133118721505 -25.5
      vertex -75.38135178116723 32.5561331187215 -25.4
    endloop
  endfacet
  facet normal 0.9594929736145472 -0.2817325568412606 -2.0018302169067438e-14
    outer loop
      vertex -75.38135178116723 32.556133118721505 -25.5
      vertex -75.3694940211618 32.596516940653814 -25.36110725555958
      vertex -75.38135178116723 32.5561331187215 -25.4
    endloop
  endfacet
  facet normal 0.9594929736145419 -0.2817325568412783 0
    outer loop
      vertex -75.38135178116723 32.5561331187215 -25.4
      vertex -75.3694940211618 32.596516940653814 -25.36110725555958
      vertex -75.38135178116723 32.5561331187215 -25.345750941653332
    endloop
  endfacet
  facet normal 0.2696249324206893 0.9182581916315169 -0.29000739528287073
    outer loop
      vertex -92.2130293342733 37.49835956890947 -25.5
      vertex -90.80436655006616 42.29582443698196 -9
      vertex -77.82063473005584 33.27237121628802 -25.5
    endloop
  endfacet
  facet normal 0.2696249324206872 0.918258191631517 -0.29000739528287245
    outer loop
      vertex -77.82063473005584 33.27237121628802 -25.5
      vertex -90.80436655006616 42.29582443698196 -9
      vertex -75.38135178116723 32.556133118721505 -25.5
    endloop
  endfacet
  facet normal 0.9594929736145001 -0.28173255684142035 3.632932307873267e-15
    outer loop
      vertex -75.38135178116723 32.5561331187215 -22.054249058346674
      vertex -75.26088489340822 32.96640566107107 -21.898239209699952
      vertex -75.38135178116724 32.556133118721505 -17.75
    endloop
  endfacet
  facet normal 0.9594929736144959 -0.2817325568414349 2.0750528159356083e-15
    outer loop
      vertex -75.26088489340822 32.96640566107107 -21.898239209699952
      vertex -75.05708172830234 33.6604954997174 -21.701748259231458
      vertex -75.38135178116724 32.556133118721505 -17.75
    endloop
  endfacet
  facet normal 0.269624932420695 0.9182581916315152 -0.29000739528287056
    outer loop
      vertex -75.50179410830268 33.63048533591883 -22.210227099919795
      vertex -75.16341482116658 34.93977215976415 -17.75
      vertex -75.26088489340822 33.65828107446995 -21.898239209699952
    endloop
  endfacet
  facet normal 0.26962493242068614 0.9182581916315177 -0.2900073952828711
    outer loop
      vertex -75.26088489340822 33.65828107446995 -21.898239209699952
      vertex -75.16341482116658 34.93977215976415 -17.75
      vertex -75.05708172830234 33.6604954997174 -21.701748259231458
    endloop
  endfacet
  facet normal 0.2696249324206891 0.918258191631517 -0.2900073952828707
    outer loop
      vertex -75.38135178116723 32.556133118721505 -25.5
      vertex -89.69361848434285 41.96967937790555 -9
      vertex -75.3694940211618 32.596516940653814 -25.36110725555958
    endloop
  endfacet
  facet normal 0.2696249324208718 0.9182581916315142 -0.29000739528270914
    outer loop
      vertex -75.3694940211618 32.596516940653814 -25.36110725555958
      vertex -89.69361848434285 41.96967937790555 -9
      vertex -75.50179410830268 32.68947514455286 -25.189772900080204
    endloop
  endfacet
  facet normal 0.26962493242065444 0.9182581916315173 -0.29000739528290137
    outer loop
      vertex -75.50179410830268 32.68947514455286 -25.189772900080204
      vertex -89.69361848434285 41.96967937790555 -9
      vertex -75.69471024123149 32.85468149778006 -24.8460330869647
    endloop
  endfacet
  facet normal 0.26962493242067614 0.9182581916315171 -0.29000739528288205
    outer loop
      vertex -75.69471024123149 32.85468149778006 -24.8460330869647
      vertex -89.69361848434285 41.96967937790555 -9
      vertex -75.8355216197527 33.01230272331535 -24.47786756828614
    endloop
  endfacet
  facet normal 0.959492973614497 -0.2817325568414308 3.3151735240868173e-15
    outer loop
      vertex -75.05708172830234 33.6604954997174 -21.701748259231458
      vertex -74.71970714010024 34.80948782948283 -17.75
      vertex -75.38135178116724 32.556133118721505 -17.75
    endloop
  endfacet
  facet normal 0.2696249324207016 0.9182581916315168 -0.2900073952828592
    outer loop
      vertex -75.8355216197527 33.01230272331535 -24.47786756828614
      vertex -89.69361848434285 41.96967937790555 -9
      vertex -75.9212270938028 33.15897939839057 -24.093123152884512
    endloop
  endfacet
  facet normal 0.2696249324206866 0.9182581916315169 -0.290007395282873
    outer loop
      vertex -75.9212270938028 33.15897939839057 -24.093123152884512
      vertex -89.69361848434285 41.96967937790555 -9
      vertex -75.95 33.291585364329244 -23.7
    endloop
  endfacet
  facet normal 0.2696249324206931 0.9182581916315169 -0.29000739528286695
    outer loop
      vertex -75.95 33.291585364329244 -23.7
      vertex -89.69361848434285 41.96967937790555 -9
      vertex -75.9212270938028 33.407294355191254 -23.306876847115486
    endloop
  endfacet
  facet normal 0.26962493242068275 0.9182581916315168 -0.29000739528287683
    outer loop
      vertex -75.9212270938028 33.407294355191254 -23.306876847115486
      vertex -89.69361848434285 41.96967937790555 -9
      vertex -75.8355216197527 33.50364023472458 -22.92213243171386
    endloop
  endfacet
  facet normal 0.26962493242069663 0.9182581916315171 -0.2900073952828631
    outer loop
      vertex -75.8355216197527 33.50364023472458 -22.92213243171386
      vertex -89.69361848434285 41.96967937790555 -9
      vertex -75.69471024123149 33.57856955777787 -22.5539669130353
    endloop
  endfacet
  facet normal 0.26962493242068175 0.9182581916315168 -0.29000739528287833
    outer loop
      vertex -75.69471024123149 33.57856955777787 -22.5539669130353
      vertex -89.69361848434285 41.96967937790555 -9
      vertex -75.50179410830268 33.63048533591883 -22.210227099919795
    endloop
  endfacet
  facet normal 0.26962493242068897 0.918258191631517 -0.2900073952828707
    outer loop
      vertex -75.50179410830268 33.63048533591883 -22.210227099919795
      vertex -89.69361848434285 41.96967937790555 -9
      vertex -75.16341482116658 34.93977215976415 -17.75
    endloop
  endfacet
  facet normal -0.959492973614498 0.2817325568414277 0
    outer loop
      vertex -92.2130293342733 37.49835956890947 -25.5
      vertex -92.2130293342733 37.49835956890947 -17.5
      vertex -90.80436655006616 42.29582443698196 -9
    endloop
  endfacet
  facet normal 0.26962493242067836 0.9182581916315198 -0.29000739528287195
    outer loop
      vertex -75.05708172830234 33.6604954997174 -21.701748259231458
      vertex -75.16341482116658 34.93977215976415 -17.75
      vertex -74.71970714010024 34.80948782948283 -17.75
    endloop
  endfacet
  facet normal -0.9594929736144973 0.28173255684143045 -1.600497518188893e-15
    outer loop
      vertex -97.84768047110191 18.308500096619525 -17.5
      vertex -90.80436655006616 42.29582443698196 -9
      vertex -92.2130293342733 37.49835956890947 -17.5
    endloop
  endfacet
  facet normal -0.9594929736144973 0.2817325568414299 1.4135115661738178e-17
    outer loop
      vertex -97.84768047110191 18.308500096619525 -17.5
      vertex -90.80436655006616 42.29582443698196 9
      vertex -90.80436655006616 42.29582443698196 -9
    endloop
  endfacet
  facet normal 0.26962493242068786 0.918258191631517 -0.29000739528287145
    outer loop
      vertex -75.38135178116723 32.556133118721505 -25.5
      vertex -90.80436655006616 42.29582443698196 -9
      vertex -89.69361848434285 41.96967937790555 -9
    endloop
  endfacet
  facet normal 0.2696249324206889 0.9182581916315169 -0.2900073952828708
    outer loop
      vertex -75.16341482116658 34.93977215976415 -17.75
      vertex -89.69361848434285 41.96967937790555 -9
      vertex -74.51002643820095 36.340968068814526 -12.705889249855804
    endloop
  endfacet
  facet normal 0.2696249324206891 0.918258191631517 -0.29000739528287034
    outer loop
      vertex -89.69361848434285 41.96967937790555 -9
      vertex -74.15225836991031 37.043127438176036 -10.15
      vertex -74.51002643820095 36.340968068814526 -12.705889249855804
    endloop
  endfacet
  facet normal 0.2696249324207121 0.9182581916315611 -0.2900073952827093
    outer loop
      vertex -89.69361848434285 41.96967937790555 -9
      vertex -74.07086852434422 37.01922922326167 -10.15
      vertex -74.15225836991031 37.043127438176036 -10.15
    endloop
  endfacet
  facet normal 0.2696249324206891 0.9182581916315169 -0.2900073952828707
    outer loop
      vertex -89.69361848434285 41.96967937790555 -9
      vertex -73.97268899696009 37.35359798679399 -9
      vertex -74.07086852434422 37.01922922326167 -10.15
    endloop
  endfacet
  facet normal 0.2817325568414287 0.9594929736144977 0
    outer loop
      vertex -90.80436655006616 42.29582443698196 -9
      vertex -90.80436655006616 42.29582443698196 9
      vertex -89.69361848434285 41.96967937790555 -9
    endloop
  endfacet
  facet normal 0.9594929736144967 -0.2817325568414318 0
    outer loop
      vertex -74.61228234020388 35.17534309963012 -10.15
      vertex -74.07086852434422 37.01922922326167 -10.15
      vertex -74.61228234020388 35.17534309963012 -9
    endloop
  endfacet
  facet normal 0.9594929736144971 -0.2817325568414307 1.846533664187106e-15
    outer loop
      vertex -74.61228234020388 35.17534309963012 -9
      vertex -74.07086852434422 37.01922922326167 -10.15
      vertex -73.97268899696009 37.35359798679399 -9
    endloop
  endfacet
  facet normal -0.26962493242068886 -0.9182581916315169 0.2900073952828707
    outer loop
      vertex -98.15173243076234 13.186692226073626 9
      vertex -82.42466570220297 8.56880877835907 9
      vertex -82.41353262599286 8.928736686072353 10.15
    endloop
  endfacet
  facet normal -0.26962493242069363 -0.9182581916315157 0.2900073952828704
    outer loop
      vertex -82.42466570220297 8.56880877835907 9
      vertex -82.32648617481884 8.903177541891395 10.15
      vertex -82.41353262599286 8.928736686072353 10.15
    endloop
  endfacet
  facet normal 0.959492973614497 -0.2817325568414308 1.8439639846557223e-15
    outer loop
      vertex -82.42466570220297 8.56880877835907 9
      vertex -81.78894844014904 10.733862945277744 9
      vertex -82.32648617481884 8.903177541891395 10.15
    endloop
  endfacet
  facet normal 0.9594929736144968 -0.28173255684143195 0
    outer loop
      vertex -81.78894844014904 10.733862945277744 9
      vertex -81.78894844014904 10.733862945277744 10.15
      vertex -82.32648617481884 8.903177541891395 10.15
    endloop
  endfacet
  facet normal -0.2817325568414316 -0.9594929736144968 0
    outer loop
      vertex -99.25634325530905 13.511035228547037 -9
      vertex -98.15173243076234 13.186692226073626 9
      vertex -99.25634325530905 13.511035228547037 9
    endloop
  endfacet
  facet normal -0.9594929736144973 0.2817325568414299 0
    outer loop
      vertex -99.25634325530905 13.511035228547037 -9
      vertex -99.25634325530905 13.511035228547037 9
      vertex -92.2130293342733 37.49835956890947 17.5
    endloop
  endfacet
  facet normal -0.2696249324206889 -0.918258191631517 0.2900073952828707
    outer loop
      vertex -98.15173243076234 13.186692226073626 9
      vertex -82.41353262599286 8.928736686072353 10.15
      vertex -82.12907359495505 11.24546957941034 17.75
    endloop
  endfacet
  facet normal -0.2696249324206889 -0.9182581916315169 0.2900073952828707
    outer loop
      vertex -98.15173243076234 13.186692226073626 9
      vertex -82.12907359495505 11.24546957941034 17.75
      vertex -81.01600291799583 13.366273646431559 25.5
    endloop
  endfacet
  facet normal -0.2696249324206851 -0.9182581916315181 0.29000739528287056
    outer loop
      vertex -82.12907359495505 11.24546957941034 17.75
      vertex -81.67764755906282 11.112918935670239 17.75
      vertex -81.01600291799583 13.366273646431559 25.5
    endloop
  endfacet
  facet normal -0.26962493242069063 -0.9182581916315158 0.2900073952828725
    outer loop
      vertex -99.25634325530905 13.511035228547037 9
      vertex -98.15173243076234 13.186692226073626 9
      vertex -81.01600291799583 13.366273646431559 25.5
    endloop
  endfacet
  facet normal -0.959492973614498 0.2817325568414277 -2.380868819312054e-18
    outer loop
      vertex -99.25634325530905 13.511035228547037 9
      vertex -97.84768047110191 18.308500096619525 25.5
      vertex -97.84768047110191 18.308500096619525 17.5
    endloop
  endfacet
  facet normal -0.9594929736144973 0.28173255684143045 -1.6551749579820024e-15
    outer loop
      vertex -99.25634325530905 13.511035228547037 9
      vertex -97.84768047110191 18.308500096619525 17.5
      vertex -92.2130293342733 37.49835956890947 17.5
    endloop
  endfacet
  facet normal -0.269624932420689 -0.9182581916315168 0.2900073952828706
    outer loop
      vertex -99.25634325530905 13.511035228547037 9
      vertex -83.45528586688445 14.08251174399808 25.5
      vertex -97.84768047110191 18.308500096619525 25.5
    endloop
  endfacet
  facet normal -0.2696249324206885 -0.9182581916315172 0.2900073952828702
    outer loop
      vertex -99.25634325530905 13.511035228547037 9
      vertex -81.01600291799583 13.366273646431559 25.5
      vertex -83.45528586688445 14.08251174399808 25.5
    endloop
  endfacet
  facet normal 0.9594929736144975 -0.28173255684142956 1.0621258845848254e-15
    outer loop
      vertex -81.67764755906282 11.112918935670239 17.75
      vertex -74.71970714010024 34.809487829482826 17.75
      vertex -81.01600291799583 13.366273646431559 25.5
    endloop
  endfacet
  facet normal 0 0 1
    outer loop
      vertex -83.45528586688445 14.08251174399808 25.5
      vertex -81.01600291799583 13.366273646431559 25.5
      vertex -78.6372205039715 30.49133546660499 25.5
    endloop
  endfacet
  facet normal -0.9594929736144976 0.281732556841429 8.255251657613802e-16
    outer loop
      vertex -99.25634325530905 13.511035228547037 -9
      vertex -92.2130293342733 37.49835956890947 17.5
      vertex -90.80436655006616 42.29582443698196 9
    endloop
  endfacet
  facet normal 0.2817325568414287 0.9594929736144977 0
    outer loop
      vertex -89.69361848434285 41.96967937790555 -9
      vertex -90.80436655006616 42.29582443698196 9
      vertex -89.69361848434285 41.96967937790555 9
    endloop
  endfacet
  facet normal 0.9594929736144967 -0.28173255684143245 0
    outer loop
      vertex -74.61228234020388 35.17534309963013 9
      vertex -73.97268899696009 37.35359798679399 9
      vertex -74.61228234020388 35.17534309963013 10.15
    endloop
  endfacet
  facet normal 0.9594929736144963 -0.28173255684143383 -2.7800080699259452e-15
    outer loop
      vertex -74.61228234020388 35.17534309963013 10.15
      vertex -73.97268899696009 37.35359798679399 9
      vertex -74.07086852434422 37.01922922326167 10.15
    endloop
  endfacet
  facet normal 0.26962493242074054 0.9182581916315019 0.2900073952828704
    outer loop
      vertex -73.97268899696009 37.35359798679399 9
      vertex -74.1522583699103 37.043127438176036 10.15
      vertex -74.07086852434422 37.01922922326167 10.15
    endloop
  endfacet
  facet normal 0.2696249324206348 0.9182581916315353 0.2900073952828629
    outer loop
      vertex -73.97268899696009 37.35359798679399 9
      vertex -77.82063473005584 33.27237121628802 25.5
      vertex -74.1522583699103 37.043127438176036 10.15
    endloop
  endfacet
  facet normal 0.26962493242069446 0.918258191631515 0.29000739528287206
    outer loop
      vertex -74.1522583699103 37.043127438176036 10.15
      vertex -77.82063473005584 33.27237121628802 25.5
      vertex -74.51002643820095 36.340968068814526 12.705889249855803
    endloop
  endfacet
  facet normal 0 0 1
    outer loop
      vertex -97.81036490065934 18.435585258687663 25.5
      vertex -78.6372205039715 30.49133546660499 25.5
      vertex -77.82063473005584 33.27237121628802 25.5
    endloop
  endfacet
  facet normal 0.9594929736144973 -0.28173255684143045 -1.3776474303418328e-15
    outer loop
      vertex -81.01600291799583 13.366273646431559 25.5
      vertex -74.71970714010024 34.809487829482826 17.75
      vertex -75.38135178116723 32.556133118721505 25.5
    endloop
  endfacet
  facet normal 0 0 1
    outer loop
      vertex -81.01600291799583 13.366273646431559 25.5
      vertex -75.38135178116723 32.556133118721505 25.5
      vertex -78.6372205039715 30.49133546660499 25.5
    endloop
  endfacet
  facet normal 0.26962493242068925 0.9182581916315168 0.29000739528287095
    outer loop
      vertex -73.97268899696009 37.35359798679399 9
      vertex -92.2130293342733 37.49835956890947 25.5
      vertex -77.82063473005584 33.27237121628802 25.5
    endloop
  endfacet
  facet normal 0.2696249324206922 0.918258191631516 0.29000739528287073
    outer loop
      vertex -75.16341482116658 34.93977215976415 17.75
      vertex -75.38135178116723 32.556133118721505 25.5
      vertex -74.71970714010024 34.809487829482826 17.75
    endloop
  endfacet
  facet normal 0.2696249324206855 0.9182581916315179 0.2900073952828706
    outer loop
      vertex -74.51002643820095 36.340968068814526 12.705889249855803
      vertex -77.82063473005584 33.27237121628802 25.5
      vertex -75.16341482116658 34.93977215976415 17.75
    endloop
  endfacet
  facet normal 0.2696249324206874 0.9182581916315175 0.290007395282871
    outer loop
      vertex -75.16341482116658 34.93977215976415 17.75
      vertex -77.82063473005584 33.27237121628802 25.5
      vertex -75.38135178116723 32.556133118721505 25.5
    endloop
  endfacet
  facet normal 0 0 1
    outer loop
      vertex -78.6372205039715 30.49133546660499 25.5
      vertex -75.38135178116723 32.556133118721505 25.5
      vertex -77.82063473005584 33.27237121628802 25.5
    endloop
  endfacet
  facet normal 0.2696249324206881 0.9182581916315173 0.2900073952828707
    outer loop
      vertex -90.80436655006616 42.29582443698196 9
      vertex -92.2130293342733 37.49835956890947 25.5
      vertex -89.69361848434285 41.96967937790555 9
    endloop
  endfacet
  facet normal -0.959492973614498 0.2817325568414277 -2.380868819312054e-18
    outer loop
      vertex -90.80436655006616 42.29582443698196 9
      vertex -92.2130293342733 37.49835956890947 17.5
      vertex -92.2130293342733 37.49835956890947 25.5
    endloop
  endfacet
  facet normal 0.269624932420689 0.918258191631517 0.29000739528287073
    outer loop
      vertex -89.69361848434285 41.96967937790555 9
      vertex -92.2130293342733 37.49835956890947 25.5
      vertex -73.97268899696009 37.35359798679399 9
    endloop
  endfacet
  facet normal 0.6548607339452838 -0.7557495743542595 0
    outer loop
      vertex -60.92864556008331 55.044982970419206 -25.5
      vertex -60.120464784273864 55.74527559904457 -25.4
      vertex -60.92864556008331 55.044982970419206 -25.4
    endloop
  endfacet
  facet normal 0.6548607339452838 -0.7557495743542595 -4.820212703938808e-16
    outer loop
      vertex -60.92864556008331 55.044982970419206 -25.5
      vertex -60.120464784273864 55.74527559904457 -25.5
      vertex -60.120464784273864 55.74527559904457 -25.4
    endloop
  endfacet
  facet normal 0.6548607339452864 -0.755749574354257 0
    outer loop
      vertex -60.92864556008331 55.044982970419206 -25.5
      vertex -60.92864556008331 55.044982970419206 -25.4
      vertex -62.703511984703155 53.507052458881034 -17.75
    endloop
  endfacet
  facet normal -0.7232707862972357 -0.6267177038908534 -0.2900073952828707
    outer loop
      vertex -62.59347340784951 56.966296727837964 -25.5
      vertex -60.92864556008331 55.044982970419206 -25.5
      vertex -63.008205081706286 53.85868703770438 -17.75
    endloop
  endfacet
  facet normal 0 0 -1
    outer loop
      vertex -62.59347340784951 56.966296727837964 -25.5
      vertex -60.402976299601406 58.86437327685626 -25.5
      vertex -60.92864556008331 55.044982970419206 -25.5
    endloop
  endfacet
  facet normal 0 0 -1
    outer loop
      vertex -60.92864556008331 55.044982970419206 -25.5
      vertex -60.402976299601406 58.86437327685626 -25.5
      vertex -60.120464784273864 55.74527559904457 -25.5
    endloop
  endfacet
  facet normal 0 0 -1
    outer loop
      vertex -60.120464784273864 55.74527559904457 -25.5
      vertex -60.402976299601406 58.86437327685626 -25.5
      vertex -58.9858636277694 56.96198637763777 -25.5
    endloop
  endfacet
  facet normal 0 0 -1
    outer loop
      vertex -58.9858636277694 56.96198637763777 -25.5
      vertex -60.402976299601406 58.86437327685626 -25.5
      vertex -56.96198637763777 58.9858636277694 -25.5
    endloop
  endfacet
  facet normal 0 0 -1
    outer loop
      vertex -60.402976299601406 58.86437327685626 -25.5
      vertex -54.86870972142638 60.93787568914633 -25.5
      vertex -56.96198637763777 58.9858636277694 -25.5
    endloop
  endfacet
  facet normal 0 0 -1
    outer loop
      vertex -60.402976299601406 58.86437327685626 -25.5
      vertex -52.70858399429622 62.8156443357562 -25.5
      vertex -54.86870972142638 60.93787568914633 -25.5
    endloop
  endfacet
  facet normal 0 0 -1
    outer loop
      vertex -60.402976299601406 58.86437327685626 -25.5
      vertex -50.48424097670398 64.6168817957512 -25.5
      vertex -52.70858399429622 62.8156443357562 -25.5
    endloop
  endfacet
  facet normal -0.7232707862972362 -0.6267177038908527 -0.29000739528287045
    outer loop
      vertex -62.59347340784951 56.966296727837964 -25.5
      vertex -63.008205081706286 53.85868703770438 -17.75
      vertex -63.50508433456328 53.28709284301411 -15.275558103570633
    endloop
  endfacet
  facet normal -0.7232707862972396 -0.6267177038908492 -0.29000739528286956
    outer loop
      vertex -62.59347340784951 56.966296727837964 -25.5
      vertex -63.50508433456328 53.28709284301411 -15.275558103570633
      vertex -64.49790231317245 52.06106474427277 -10.15
    endloop
  endfacet
  facet normal -0.7232707862972345 -0.6267177038908542 -0.2900073952828709
    outer loop
      vertex -62.59347340784951 56.966296727837964 -25.5
      vertex -64.7073934318546 51.77067930069278 -9
      vertex -72.4163844170288 68.30254034315183 -25.5
    endloop
  endfacet
  facet normal -0.7232707862972337 -0.6267177038908556 -0.29000739528287045
    outer loop
      vertex -60.92864556008331 55.044982970419206 -25.5
      vertex -62.703511984703155 53.507052458881034 -17.75
      vertex -63.008205081706286 53.85868703770438 -17.75
    endloop
  endfacet
  facet normal 0.6548607339452864 -0.7557495743542572 0
    outer loop
      vertex -60.92864556008331 55.044982970419206 -25.4
      vertex -60.92864556008331 55.044982970419206 -17.75
      vertex -62.703511984703155 53.507052458881034 -17.75
    endloop
  endfacet
  facet normal 0 0 -1
    outer loop
      vertex -62.59347340784951 56.966296727837964 -25.5
      vertex -57.401492211315045 81.31301850100519 -25.5
      vertex -60.402976299601406 58.86437327685626 -25.5
    endloop
  endfacet
  facet normal 0 0 -1
    outer loop
      vertex -60.402976299601406 58.86437327685626 -25.5
      vertex -48.198390687982794 66.3393935387457 -25.5
      vertex -50.48424097670398 64.6168817957512 -25.5
    endloop
  endfacet
  facet normal 0 0 -1
    outer loop
      vertex -60.402976299601406 58.86437327685626 -25.5
      vertex -46.61338732591772 67.4492248409514 -25.5
      vertex -48.198390687982794 66.3393935387457 -25.5
    endloop
  endfacet
  facet normal 0 0 -1
    outer loop
      vertex -60.402976299601406 58.86437327685626 -25.5
      vertex -45.81365407299815 68.14219764932491 -25.5
      vertex -46.61338732591772 67.4492248409514 -25.5
    endloop
  endfacet
  facet normal 0 0 -1
    outer loop
      vertex -60.402976299601406 58.86437327685626 -25.5
      vertex -47.478481920764345 70.06351140674366 -25.5
      vertex -45.81365407299815 68.14219764932491 -25.5
    endloop
  endfacet
  facet normal -0.654860733945285 0.7557495743542583 0
    outer loop
      vertex -72.4163844170288 68.30254034315183 -25.5
      vertex -76.19513228880008 65.02823667342541 -9
      vertex -72.4163844170288 68.30254034315183 -17.5
    endloop
  endfacet
  facet normal -0.7557495743542553 -0.6548607339452887 4.1502922727605286e-19
    outer loop
      vertex -76.19513228880008 65.02823667342541 -9
      vertex -75.44083372888011 64.15772973042831 -9
      vertex -75.44083372888011 64.15772973042831 9
    endloop
  endfacet
  facet normal -0.7232707862971899 -0.6267177038909018 -0.2900073952828801
    outer loop
      vertex -62.59347340784951 56.966296727837964 -25.5
      vertex -64.49790231317245 52.06106474427277 -10.15
      vertex -64.7073934318546 51.77067930069278 -9
    endloop
  endfacet
  facet normal -0.7232707862972523 -0.6267177038908325 -0.2900073952828739
    outer loop
      vertex -64.44402615594326 51.99888834434038 -10.15
      vertex -64.7073934318546 51.77067930069278 -9
      vertex -64.49790231317245 52.06106474427277 -10.15
    endloop
  endfacet
  facet normal 0.6548607339452861 -0.7557495743542573 -7.75222916519514e-17
    outer loop
      vertex -64.44402615594326 51.99888834434038 -10.15
      vertex -63.02949797986478 53.22458398613353 -10.15
      vertex -64.7073934318546 51.77067930069278 -9
    endloop
  endfacet
  facet normal 0.6548607339452861 -0.7557495743542574 7.8943439142297e-17
    outer loop
      vertex -64.7073934318546 51.77067930069278 -9
      vertex -63.02949797986478 53.22458398613353 -10.15
      vertex -63.02949797986478 53.22458398613353 -9
    endloop
  endfacet
  facet normal -0.7232707862972354 -0.6267177038908539 -0.2900073952828702
    outer loop
      vertex -72.4163844170288 68.30254034315183 -25.5
      vertex -64.7073934318546 51.77067930069278 -9
      vertex -75.44083372888011 64.15772973042831 -9
    endloop
  endfacet
  facet normal -0.7232707862972324 -0.6267177038908573 -0.2900073952828705
    outer loop
      vertex -72.4163844170288 68.30254034315183 -25.5
      vertex -75.44083372888011 64.15772973042831 -9
      vertex -76.19513228880008 65.02823667342541 -9
    endloop
  endfacet
  facet normal -0.654860733945285 0.7557495743542582 -5.0549268274075716e-17
    outer loop
      vertex -72.4163844170288 68.30254034315183 -17.5
      vertex -76.19513228880008 65.02823667342541 -9
      vertex -53.52264505817233 84.67405869178397 9
    endloop
  endfacet
  facet normal 0.7232707862972354 0.6267177038908534 -0.29000739528287073
    outer loop
      vertex -57.301392929943624 81.39975502205755 -25.5
      vertex -53.52264505817233 84.67405869178397 -9
      vertex -47.478481920764345 70.06351140674366 -25.5
    endloop
  endfacet
  facet normal -0.6548607339452843 0.7557495743542588 0
    outer loop
      vertex -57.301392929943624 81.39975502205755 -25.5
      vertex -57.301392929943624 81.39975502205755 -17.5
      vertex -53.52264505817233 84.67405869178397 -9
    endloop
  endfacet
  facet normal -0.6548607339452854 0.755749574354258 7.239767807993279e-16
    outer loop
      vertex -72.4163844170288 68.30254034315183 -17.5
      vertex -53.52264505817233 84.67405869178397 -9
      vertex -57.301392929943624 81.39975502205755 -17.5
    endloop
  endfacet
  facet normal -0.6548607339452851 0.7557495743542582 1.1969152615230455e-17
    outer loop
      vertex -72.4163844170288 68.30254034315183 -17.5
      vertex -53.52264505817233 84.67405869178397 9
      vertex -53.52264505817233 84.67405869178397 -9
    endloop
  endfacet
  facet normal 0.7557495743542545 0.6548607339452894 -5.82717397680749e-19
    outer loop
      vertex -52.770927737730894 83.80653065794434 -9
      vertex -53.52264505817233 84.67405869178397 -9
      vertex -53.52264505817233 84.67405869178397 9
    endloop
  endfacet
  facet normal 0.6548607339452843 -0.7557495743542589 0
    outer loop
      vertex -46.61338732591772 67.4492248409514 -25.5
      vertex -45.813654072998155 68.14219764932491 -25.4
      vertex -46.61338732591772 67.4492248409514 -25.4
    endloop
  endfacet
  facet normal 0.654860733945281 -0.7557495743542618 4.670972430339239e-14
    outer loop
      vertex -46.61338732591772 67.4492248409514 -25.5
      vertex -45.81365407299815 68.14219764932491 -25.5
      vertex -45.813654072998155 68.14219764932491 -25.4
    endloop
  endfacet
  facet normal 0.6548607339451706 -0.7557495743543574 4.65306537439262e-14
    outer loop
      vertex -45.81365407299815 68.14219764932491 -25.5
      vertex -44.038787648378296 69.68012816086309 -17.75
      vertex -45.813654072998155 68.14219764932491 -25.4
    endloop
  endfacet
  facet normal 0.6548607339452885 -0.7557495743542552 -1.4039016212057616e-15
    outer loop
      vertex -45.813654072998155 68.14219764932491 -25.4
      vertex -44.038787648378296 69.68012816086309 -17.75
      vertex -45.813654072998155 68.1421976493249 -17.75
    endloop
  endfacet
  facet normal 0.7232707862972331 0.626717703890856 -0.2900073952828717
    outer loop
      vertex -45.81365407299815 68.14219764932491 -25.5
      vertex -44.34520312992375 70.0337504774103 -17.75
      vertex -44.038787648378296 69.68012816086309 -17.75
    endloop
  endfacet
  facet normal 0.7232707862972327 0.6267177038908553 -0.2900073952828735
    outer loop
      vertex -53.52264505817233 84.67405869178397 -9
      vertex -45.81365407299815 68.14219764932491 -25.5
      vertex -47.478481920764345 70.06351140674366 -25.5
    endloop
  endfacet
  facet normal 0.7232707862972347 0.6267177038908539 -0.29000739528287145
    outer loop
      vertex -52.770927737730894 83.80653065794434 -9
      vertex -44.34520312992375 70.0337504774103 -17.75
      vertex -45.81365407299815 68.14219764932491 -25.5
    endloop
  endfacet
  facet normal 0.7232707862972366 0.6267177038908532 -0.2900073952828685
    outer loop
      vertex -52.770927737730894 83.80653065794434 -9
      vertex -43.930307004932686 70.30318717136771 -16.13299643263407
      vertex -44.34520312992375 70.0337504774103 -17.75
    endloop
  endfacet
  facet normal 0.7232707862972357 0.6267177038908535 -0.29000739528287006
    outer loop
      vertex -52.770927737730894 83.80653065794434 -9
      vertex -42.352702998308985 71.25110729136799 -10.15
      vertex -43.930307004932686 70.30318717136771 -16.13299643263407
    endloop
  endfacet
  facet normal 0.6548607339452883 -0.7557495743542556 0
    outer loop
      vertex -43.69511389378549 69.97792316440334 -10.15
      vertex -42.29827347713819 71.18829227540374 -10.15
      vertex -43.69511389378549 69.97792316440334 -9
    endloop
  endfacet
  facet normal 0.7232707862972091 0.6267177038908841 -0.2900073952828704
    outer loop
      vertex -42.29827347713819 71.18829227540374 -10.15
      vertex -42.352702998308985 71.25110729136799 -10.15
      vertex -42.03490620122685 71.41650131905133 -9
    endloop
  endfacet
  facet normal 0.6548607339452861 -0.7557495743542574 -4.6484637552006664e-15
    outer loop
      vertex -43.69511389378549 69.97792316440334 -9
      vertex -42.29827347713819 71.18829227540374 -10.15
      vertex -42.03490620122685 71.41650131905133 -9
    endloop
  endfacet
  facet normal 0.7232707862972302 0.6267177038908568 -0.29000739528287617
    outer loop
      vertex -52.770927737730894 83.80653065794434 -9
      vertex -45.81365407299815 68.14219764932491 -25.5
      vertex -53.52264505817233 84.67405869178397 -9
    endloop
  endfacet
  facet normal 0.7232707862972348 0.626717703890853 -0.29000739528287295
    outer loop
      vertex -52.770927737730894 83.80653065794434 -9
      vertex -42.03490620122685 71.41650131905133 -9
      vertex -42.352702998308985 71.25110729136799 -10.15
    endloop
  endfacet
  facet normal -0.7557495743542553 -0.6548607339452887 0
    outer loop
      vertex -76.19513228880008 65.02823667342541 -9
      vertex -75.44083372888011 64.15772973042831 9
      vertex -76.19513228880008 65.02823667342541 9
    endloop
  endfacet
  facet normal 0.6548607339452861 -0.7557495743542574 8.01494692299586e-17
    outer loop
      vertex -64.7073934318546 51.77067930069278 9
      vertex -63.02949797986478 53.22458398613353 9
      vertex -64.44402615594326 51.99888834434038 10.15
    endloop
  endfacet
  facet normal 0.6548607339452861 -0.7557495743542573 0
    outer loop
      vertex -63.02949797986478 53.22458398613353 9
      vertex -63.02949797986478 53.22458398613353 10.15
      vertex -64.44402615594326 51.99888834434038 10.15
    endloop
  endfacet
  facet normal -0.7232707862972345 -0.6267177038908532 0.290007395282874
    outer loop
      vertex -75.44083372888011 64.15772973042831 9
      vertex -64.7073934318546 51.77067930069278 9
      vertex -64.44402615594326 51.99888834434038 10.15
    endloop
  endfacet
  facet normal -0.7232707862973284 -0.6267177038909626 0.2900073952824032
    outer loop
      vertex -75.44083372888011 64.15772973042831 9
      vertex -64.44402615594326 51.99888834434038 10.15
      vertex -64.49790231317245 52.06106474427276 10.15
    endloop
  endfacet
  facet normal -0.7232707862972352 -0.6267177038908539 0.2900073952828709
    outer loop
      vertex -75.44083372888011 64.15772973042831 9
      vertex -64.49790231317245 52.06106474427276 10.15
      vertex -63.50508433456328 53.28709284301411 15.27555810357063
    endloop
  endfacet
  facet normal -0.6548607339452853 0.755749574354258 0
    outer loop
      vertex -76.19513228880008 65.02823667342541 -9
      vertex -76.19513228880008 65.02823667342541 9
      vertex -57.301392929943624 81.39975502205755 17.5
    endloop
  endfacet
  facet normal -0.7232707862972333 -0.6267177038908581 0.2900073952828666
    outer loop
      vertex -76.19513228880008 65.02823667342541 9
      vertex -75.44083372888011 64.15772973042831 9
      vertex -60.92864556008331 55.044982970419206 25.5
    endloop
  endfacet
  facet normal -0.723270786297235 -0.6267177038908542 0.2900073952828703
    outer loop
      vertex -75.44083372888011 64.15772973042831 9
      vertex -63.50508433456328 53.28709284301411 15.27555810357063
      vertex -63.008205081706286 53.85868703770438 17.75
    endloop
  endfacet
  facet normal -0.7232707862972352 -0.6267177038908539 0.29000739528287056
    outer loop
      vertex -75.44083372888011 64.15772973042831 9
      vertex -63.008205081706286 53.85868703770438 17.75
      vertex -60.92864556008331 55.044982970419206 25.5
    endloop
  endfacet
  facet normal -0.7232707862972356 -0.6267177038908529 0.2900073952828718
    outer loop
      vertex -76.19513228880008 65.02823667342541 9
      vertex -60.92864556008331 55.044982970419206 25.5
      vertex -62.59347340784951 56.966296727837964 25.5
    endloop
  endfacet
  facet normal -0.7232707862972337 -0.6267177038908556 0.29000739528287045
    outer loop
      vertex -63.008205081706286 53.85868703770438 17.75
      vertex -62.703511984703155 53.507052458881034 17.75
      vertex -60.92864556008331 55.044982970419206 25.5
    endloop
  endfacet
  facet normal 0.6548607339452855 -0.7557495743542578 3.4878550620853586e-16
    outer loop
      vertex -62.703511984703155 53.507052458881034 17.75
      vertex -44.038787648378296 69.68012816086309 17.75
      vertex -60.92864556008331 55.044982970419206 25.5
    endloop
  endfacet
  facet normal 0 0 1
    outer loop
      vertex -62.59347340784951 56.966296727837964 25.5
      vertex -60.92864556008331 55.044982970419206 25.5
      vertex -49.66897902901245 68.16543485772537 25.5
    endloop
  endfacet
  facet normal -0.654860733945285 0.7557495743542583 2.0939680102641672e-17
    outer loop
      vertex -76.19513228880008 65.02823667342541 9
      vertex -72.4163844170288 68.30254034315183 25.5
      vertex -72.4163844170288 68.30254034315183 17.5
    endloop
  endfacet
  facet normal -0.6548607339452854 0.7557495743542579 2.2797517427858295e-16
    outer loop
      vertex -76.19513228880008 65.02823667342541 9
      vertex -72.4163844170288 68.30254034315183 17.5
      vertex -57.301392929943624 81.39975502205755 17.5
    endloop
  endfacet
  facet normal -0.7232707862972347 -0.6267177038908543 0.29000739528287045
    outer loop
      vertex -76.19513228880008 65.02823667342541 9
      vertex -62.59347340784951 56.966296727837964 25.5
      vertex -72.4163844170288 68.30254034315183 25.5
    endloop
  endfacet
  facet normal 0 0 1
    outer loop
      vertex -60.92864556008331 55.044982970419206 25.5
      vertex -45.81365407299815 68.14219764932491 25.5
      vertex -49.66897902901245 68.16543485772537 25.5
    endloop
  endfacet
  facet normal 0 0 1
    outer loop
      vertex -72.31628513565737 68.38927686420419 25.5
      vertex -49.66897902901245 68.16543485772537 25.5
      vertex -47.478481920764345 70.06351140674366 25.5
    endloop
  endfacet
  facet normal 0.7557495743542545 0.6548607339452894 0
    outer loop
      vertex -52.770927737730894 83.80653065794434 -9
      vertex -53.52264505817233 84.67405869178397 9
      vertex -52.770927737730894 83.80653065794434 9
    endloop
  endfacet
  facet normal -0.6548607339452849 0.7557495743542584 -4.006056199778764e-16
    outer loop
      vertex -76.19513228880008 65.02823667342541 -9
      vertex -57.301392929943624 81.39975502205755 17.5
      vertex -53.52264505817233 84.67405869178397 9
    endloop
  endfacet
  facet normal 0.7232707862972315 0.6267177038908579 0.29000739528287073
    outer loop
      vertex -52.770927737730894 83.80653065794434 9
      vertex -53.52264505817233 84.67405869178397 9
      vertex -57.301392929943624 81.39975502205755 25.5
    endloop
  endfacet
  facet normal -0.6548607339452844 0.7557495743542589 -1.915204188825923e-17
    outer loop
      vertex -53.52264505817233 84.67405869178397 9
      vertex -57.301392929943624 81.39975502205755 17.5
      vertex -57.301392929943624 81.39975502205755 25.5
    endloop
  endfacet
  facet normal 0.6548607339452861 -0.7557495743542574 0
    outer loop
      vertex -43.69511389378549 69.97792316440334 9
      vertex -42.03490620122685 71.41650131905133 9
      vertex -43.69511389378549 69.97792316440334 10.15
    endloop
  endfacet
  facet normal 0.6548607339452883 -0.7557495743542556 5.367698821837698e-15
    outer loop
      vertex -43.69511389378549 69.97792316440334 10.15
      vertex -42.03490620122685 71.41650131905133 9
      vertex -42.29827347713819 71.18829227540374 10.15
    endloop
  endfacet
  facet normal 0.7232707862972092 0.626717703890884 0.29000739528287045
    outer loop
      vertex -42.03490620122685 71.41650131905133 9
      vertex -42.352702998308985 71.25110729136799 10.15
      vertex -42.29827347713819 71.18829227540374 10.15
    endloop
  endfacet
  facet normal 0.7232707862972504 0.6267177038908346 0.29000739528287467
    outer loop
      vertex -42.03490620122685 71.41650131905133 9
      vertex -47.478481920764345 70.06351140674366 25.5
      vertex -42.352702998308985 71.25110729136799 10.15
    endloop
  endfacet
  facet normal 0.7232707862972315 0.6267177038908582 0.2900073952828702
    outer loop
      vertex -42.352702998308985 71.25110729136799 10.15
      vertex -47.478481920764345 70.06351140674366 25.5
      vertex -43.930307004932686 70.30318717136771 16.13299643263406
    endloop
  endfacet
  facet normal 0.6548607339452853 -0.755749574354258 -5.284232524414883e-16
    outer loop
      vertex -60.92864556008331 55.044982970419206 25.5
      vertex -44.038787648378296 69.68012816086309 17.75
      vertex -45.81365407299815 68.14219764932491 25.5
    endloop
  endfacet
  facet normal 0 0 1
    outer loop
      vertex -49.66897902901245 68.16543485772537 25.5
      vertex -45.81365407299815 68.14219764932491 25.5
      vertex -47.478481920764345 70.06351140674366 25.5
    endloop
  endfacet
  facet normal 0.7232707862972293 0.6267177038908611 0.29000739528286945
    outer loop
      vertex -43.930307004932686 70.30318717136771 16.13299643263406
      vertex -47.478481920764345 70.06351140674366 25.5
      vertex -44.34520312992376 70.0337504774103 17.75
    endloop
  endfacet
  facet normal 0.7232707862972266 0.626717703890865 0.2900073952828683
    outer loop
      vertex -44.34520312992376 70.0337504774103 17.75
      vertex -47.478481920764345 70.06351140674366 25.5
      vertex -44.038787648378296 69.68012816086309 17.75
    endloop
  endfacet
  facet normal 0.7232707862972354 0.6267177038908534 0.2900073952828712
    outer loop
      vertex -57.301392929943624 81.39975502205755 25.5
      vertex -47.478481920764345 70.06351140674366 25.5
      vertex -42.03490620122685 71.41650131905133 9
    endloop
  endfacet
  facet normal 0.7232707862972332 0.6267177038908558 0.29000739528287167
    outer loop
      vertex -44.038787648378296 69.68012816086309 17.75
      vertex -47.478481920764345 70.06351140674366 25.5
      vertex -45.81365407299815 68.14219764932491 25.5
    endloop
  endfacet
  facet normal 0.7232707862972354 0.6267177038908535 0.29000739528287117
    outer loop
      vertex -52.770927737730894 83.80653065794434 9
      vertex -57.301392929943624 81.39975502205755 25.5
      vertex -42.03490620122685 71.41650131905133 9
    endloop
  endfacet
  facet normal 0.14231483827328334 -0.989821441880933 5.0560387262976764e-15
    outer loop
      vertex -21.496873738082073 79.24729913056316 -25.5
      vertex -20.468840134795162 79.39510804821326 -25.4
      vertex -21.496873738082076 79.24729913056316 -25.4
    endloop
  endfacet
  facet normal 0.1423148382732838 -0.9898214418809328 -3.6977557623473367e-17
    outer loop
      vertex -21.496873738082073 79.24729913056316 -25.5
      vertex -20.468840134795162 79.39510804821326 -25.5
      vertex -20.468840134795162 79.39510804821326 -25.4
    endloop
  endfacet
  facet normal 0 0 -1
    outer loop
      vertex -21.496873738082073 79.24729913056316 -25.5
      vertex -21.858675406171557 81.763685005208 -25.5
      vertex -18.9897343181468 82.17617646041629 -25.5
    endloop
  endfacet
  facet normal 0.14231483827330205 -0.9898214418809302 5.0560387262983414e-15
    outer loop
      vertex -21.496873738082073 79.24729913056316 -25.5
      vertex -21.496873738082076 79.24729913056316 -25.4
      vertex -23.82145439704487 78.91307488916378 -17.75
    endloop
  endfacet
  facet normal -0.9472832759115817 -0.13619877334053687 -0.2900073952828708
    outer loop
      vertex -21.496873738082073 79.24729913056316 -25.5
      vertex -23.887371893398797 79.37154114663817 -17.75
      vertex -21.858675406171557 81.763685005208 -25.5
    endloop
  endfacet
  facet normal 0 0 -1
    outer loop
      vertex -21.496873738082073 79.24729913056316 -25.5
      vertex -18.9897343181468 82.17617646041629 -25.5
      vertex -20.468840134795162 79.39510804821326 -25.5
    endloop
  endfacet
  facet normal 0 0 -1
    outer loop
      vertex -20.468840134795162 79.39510804821326 -25.5
      vertex -18.9897343181468 82.17617646041629 -25.5
      vertex -19.837595439172755 79.56424955463172 -25.5
    endloop
  endfacet
  facet normal 0 0 -1
    outer loop
      vertex -19.837595439172755 79.56424955463172 -25.5
      vertex -18.9897343181468 82.17617646041629 -25.5
      vertex -17.048758647056268 80.20810326017207 -25.5
    endloop
  endfacet
  facet normal 0 0 -1
    outer loop
      vertex -18.9897343181468 82.17617646041629 -25.5
      vertex -14.239150568688288 80.75423574700106 -25.5
      vertex -17.048758647056268 80.20810326017207 -25.5
    endloop
  endfacet
  facet normal 0 0 -1
    outer loop
      vertex -18.9897343181468 82.17617646041629 -25.5
      vertex -11.412194278725366 81.20198163680877 -25.5
      vertex -14.239150568688288 80.75423574700106 -25.5
    endloop
  endfacet
  facet normal 0 0 -1
    outer loop
      vertex -18.9897343181468 82.17617646041629 -25.5
      vertex -8.571333987947584 81.55079542019841 -25.5
      vertex -11.412194278725366 81.20198163680877 -25.5
    endloop
  endfacet
  facet normal 0 0 -1
    outer loop
      vertex -18.9897343181468 82.17617646041629 -25.5
      vertex -5.720030847018275 81.80025212130559 -25.5
      vertex -8.571333987947584 81.55079542019841 -25.5
    endloop
  endfacet
  facet normal 0 0 -1
    outer loop
      vertex -18.9897343181468 82.17617646041629 -25.5
      vertex -2.8617587296050795 81.95004781556585 -25.5
      vertex -5.720030847018275 81.80025212130559 -25.5
    endloop
  endfacet
  facet normal 0 0 -1
    outer loop
      vertex -18.9897343181468 82.17617646041629 -25.5
      vertex -2.6763324951999348 81.9532844425268 -25.5
      vertex -2.8617587296050795 81.95004781556585 -25.5
    endloop
  endfacet
  facet normal 0 0 -1
    outer loop
      vertex -18.9897343181468 82.17617646041629 -25.5
      vertex -1.7004449004634203 82.09359589602886 -25.5
      vertex -2.6763324951999348 81.9532844425268 -25.5
    endloop
  endfacet
  facet normal 0 0 -1
    outer loop
      vertex -18.9897343181468 82.17617646041629 -25.5
      vertex -2.0622465685529043 84.6099817706737 -25.5
      vertex -1.7004449004634203 82.09359589602886 -25.5
    endloop
  endfacet
  facet normal 0.1423148382732761 -0.9898214418809339 0
    outer loop
      vertex -2.6763324951999348 81.9532844425268 -25.5
      vertex -1.7004449004634203 82.09359589602886 -25.5
      vertex -2.6763324951999348 81.9532844425268 -25.4
    endloop
  endfacet
  facet normal -0.947283275911582 -0.1361987733405341 -0.290007395282871
    outer loop
      vertex -21.496873738082073 79.24729913056316 -25.5
      vertex -23.82145439704487 78.91307488916378 -17.75
      vertex -23.887371893398797 79.37154114663817 -17.75
    endloop
  endfacet
  facet normal 0.1423148382732858 -0.9898214418809327 0
    outer loop
      vertex -21.496873738082076 79.24729913056316 -25.4
      vertex -21.496873738082076 79.24729913056316 -17.75
      vertex -23.82145439704487 78.91307488916378 -17.75
    endloop
  endfacet
  facet normal -0.9472832759115816 -0.1361987733405373 -0.29000739528287084
    outer loop
      vertex -21.858675406171557 81.763685005208 -25.5
      vertex -23.887371893398797 79.37154114663817 -17.75
      vertex -25.61750883368314 78.84258520086823 -11.850243761493143
    endloop
  endfacet
  facet normal -0.9472832759115817 -0.1361987733405369 -0.2900073952828709
    outer loop
      vertex -21.858675406171557 81.763685005208 -25.5
      vertex -26.44598094748674 78.53572493919674 -9
      vertex -23.993397980270835 96.611006633422 -25.5
    endloop
  endfacet
  facet normal 0 0 -1
    outer loop
      vertex -21.858675406171557 81.763685005208 -25.5
      vertex -4.328071320384749 99.43845375143428 -25.5
      vertex -18.9897343181468 82.17617646041629 -25.5
    endloop
  endfacet
  facet normal -0.1423148382732847 0.9898214418809328 0
    outer loop
      vertex -23.993397980270835 96.611006633422 -25.5
      vertex -28.9425051896755 95.89943244205557 -9
      vertex -23.993397980270835 96.611006633422 -17.5
    endloop
  endfacet
  facet normal -0.14231483827328475 0.9898214418809328 0
    outer loop
      vertex -4.196969142652183 99.45730339888769 -25.5
      vertex -4.196969142652183 99.45730339888769 -17.5
      vertex 0.7521380667524813 100.16887759025411 -9
    endloop
  endfacet
  facet normal -0.9472832759115819 -0.13619877334053615 -0.2900073952828709
    outer loop
      vertex -23.993397980270835 96.611006633422 -25.5
      vertex -28.77776755610778 94.75365703333162 -9
      vertex -28.9425051896755 95.89943244205557 -9
    endloop
  endfacet
  facet normal -0.9898214418809329 -0.14231483827328414 0
    outer loop
      vertex -28.77776755610778 94.75365703333162 -9
      vertex -28.77776755610778 94.75365703333162 9
      vertex -28.9425051896755 95.89943244205557 -9
    endloop
  endfacet
  facet normal -0.9472832759115823 -0.13619877334053415 -0.29000739528286984
    outer loop
      vertex -21.858675406171557 81.763685005208 -25.5
      vertex -25.61750883368314 78.84258520086823 -11.850243761493143
      vertex -26.113478505662382 78.67180914745157 -10.15
    endloop
  endfacet
  facet normal -0.9472832759115803 -0.13619877334054417 -0.29000739528287184
    outer loop
      vertex -21.858675406171557 81.763685005208 -25.5
      vertex -26.113478505662382 78.67180914745157 -10.15
      vertex -26.44598094748674 78.53572493919674 -9
    endloop
  endfacet
  facet normal -0.9472832759115809 -0.13619877334054029 -0.2900073952828717
    outer loop
      vertex -26.101043172285806 78.58531950404955 -10.15
      vertex -26.44598094748674 78.53572493919674 -9
      vertex -26.113478505662382 78.67180914745157 -10.15
    endloop
  endfacet
  facet normal 0.14231483827328553 -0.9898214418809327 1.0176671707792076e-15
    outer loop
      vertex -26.101043172285806 78.58531950404955 -10.15
      vertex -24.194442177426787 78.8594473424195 -10.15
      vertex -26.44598094748674 78.53572493919674 -9
    endloop
  endfacet
  facet normal 0.142314838273285 -0.9898214418809327 -1.9699991770033823e-17
    outer loop
      vertex -26.44598094748674 78.53572493919674 -9
      vertex -24.194442177426787 78.8594473424195 -10.15
      vertex -24.194442177426787 78.8594473424195 -9
    endloop
  endfacet
  facet normal -0.9472832759115817 -0.13619877334053698 -0.29000739528287095
    outer loop
      vertex -23.993397980270835 96.611006633422 -25.5
      vertex -26.44598094748674 78.53572493919674 -9
      vertex -28.77776755610778 94.75365703333162 -9
    endloop
  endfacet
  facet normal -0.1423148382732848 0.9898214418809329 -3.1493869192357205e-17
    outer loop
      vertex -23.993397980270835 96.611006633422 -17.5
      vertex 0.7521380667524813 100.16887759025411 -9
      vertex -4.196969142652183 99.45730339888769 -17.5
    endloop
  endfacet
  facet normal -0.14231483827328475 0.9898214418809328 -2.543068988962439e-17
    outer loop
      vertex -23.993397980270835 96.611006633422 -17.5
      vertex -28.9425051896755 95.89943244205557 -9
      vertex 0.7521380667524813 100.16887759025411 9
    endloop
  endfacet
  facet normal -0.14231483827328478 0.9898214418809328 8.812652962279111e-18
    outer loop
      vertex -23.993397980270835 96.611006633422 -17.5
      vertex 0.7521380667524813 100.16887759025411 9
      vertex 0.7521380667524813 100.16887759025411 -9
    endloop
  endfacet
  facet normal -0.9472832759115822 -0.13619877334053704 0.29000739528286906
    outer loop
      vertex -26.44598094748674 78.53572493919674 9
      vertex -26.10104317228581 78.58531950404955 10.15
      vertex -28.77776755610778 94.75365703333162 9
    endloop
  endfacet
  facet normal -0.9472832759114497 -0.13619877334048253 0.2900073952833274
    outer loop
      vertex -26.10104317228581 78.58531950404955 10.15
      vertex -26.113478505662382 78.67180914745157 10.15
      vertex -28.77776755610778 94.75365703333162 9
    endloop
  endfacet
  facet normal -0.9472832759115818 -0.13619877334053707 0.2900073952828703
    outer loop
      vertex -26.113478505662382 78.67180914745157 10.15
      vertex -25.61750883368314 78.84258520086823 11.850243761493145
      vertex -28.77776755610778 94.75365703333162 9
    endloop
  endfacet
  facet normal -0.9898214418809329 -0.14231483827328414 0
    outer loop
      vertex -28.9425051896755 95.89943244205557 -9
      vertex -28.77776755610778 94.75365703333162 9
      vertex -28.9425051896755 95.89943244205557 9
    endloop
  endfacet
  facet normal 0.142314838273285 -0.9898214418809327 -4.257567645553853e-16
    outer loop
      vertex -26.44598094748674 78.53572493919674 9
      vertex -24.194442177426787 78.8594473424195 9
      vertex -26.10104317228581 78.58531950404955 10.15
    endloop
  endfacet
  facet normal 0.14231483827328528 -0.9898214418809327 1.4606611277731633e-17
    outer loop
      vertex -26.10104317228581 78.58531950404955 10.15
      vertex -24.194442177426787 78.8594473424195 9
      vertex -24.194442177426787 78.8594473424195 10.15
    endloop
  endfacet
  facet normal -0.14231483827328475 0.9898214418809328 0
    outer loop
      vertex -28.9425051896755 95.89943244205557 -9
      vertex -28.9425051896755 95.89943244205557 9
      vertex -4.196969142652183 99.45730339888769 17.5
    endloop
  endfacet
  facet normal -0.14231483827328478 0.9898214418809328 9.203529635161464e-20
    outer loop
      vertex -28.9425051896755 95.89943244205557 -9
      vertex -4.196969142652183 99.45730339888769 17.5
      vertex 0.7521380667524813 100.16887759025411 9
    endloop
  endfacet
  facet normal -0.9472832759115816 -0.13619877334053693 0.29000739528287106
    outer loop
      vertex -28.77776755610778 94.75365703333162 9
      vertex -25.61750883368314 78.84258520086823 11.850243761493145
      vertex -23.887371893398797 79.37154114663817 17.75
    endloop
  endfacet
  facet normal -0.9472832759115817 -0.13619877334053704 0.2900073952828708
    outer loop
      vertex -28.77776755610778 94.75365703333162 9
      vertex -23.887371893398797 79.37154114663817 17.75
      vertex -21.496873738082073 79.24729913056316 25.5
    endloop
  endfacet
  facet normal -0.947283275911582 -0.13619877334053387 0.290007395282871
    outer loop
      vertex -23.82145439704487 78.91307488916378 17.75
      vertex -21.496873738082073 79.24729913056316 25.5
      vertex -23.887371893398797 79.37154114663817 17.75
    endloop
  endfacet
  facet normal 0.14231483827328434 -0.9898214418809328 3.663787925732356e-16
    outer loop
      vertex -23.82145439704487 78.91307488916378 17.75
      vertex 0.6241357584993766 82.42782013742823 17.75
      vertex -21.496873738082073 79.24729913056316 25.5
    endloop
  endfacet
  facet normal -0.9472832759115816 -0.136198773340537 0.290007395282871
    outer loop
      vertex -28.9425051896755 95.89943244205557 9
      vertex -21.496873738082073 79.24729913056316 25.5
      vertex -21.858675406171557 81.763685005208 25.5
    endloop
  endfacet
  facet normal 0 0 1
    outer loop
      vertex -21.496873738082073 79.24729913056316 25.5
      vertex -4.931187656577658 84.19749031546542 25.5
      vertex -21.858675406171557 81.763685005208 25.5
    endloop
  endfacet
  facet normal 0.1423148382732848 -0.9898214418809329 1.5577074671626845e-15
    outer loop
      vertex -21.496873738082073 79.24729913056316 25.5
      vertex 0.6241357584993766 82.42782013742823 17.75
      vertex -1.7004449004634203 82.09359589602886 25.5
    endloop
  endfacet
  facet normal 0 0 1
    outer loop
      vertex -21.496873738082073 79.24729913056316 25.5
      vertex -1.7004449004634203 82.09359589602886 25.5
      vertex -4.931187656577658 84.19749031546542 25.5
    endloop
  endfacet
  facet normal 0 0 1
    outer loop
      vertex -4.931187656577658 84.19749031546542 25.5
      vertex -1.7004449004634203 82.09359589602886 25.5
      vertex -2.0622465685529043 84.6099817706737 25.5
    endloop
  endfacet
  facet normal -0.9472832759115816 -0.13619877334053582 0.2900073952828719
    outer loop
      vertex -28.77776755610778 94.75365703333162 9
      vertex -21.496873738082073 79.24729913056316 25.5
      vertex -28.9425051896755 95.89943244205557 9
    endloop
  endfacet
  facet normal -0.1423148382732848 0.9898214418809329 5.1609341246590695e-17
    outer loop
      vertex -28.9425051896755 95.89943244205557 9
      vertex -23.993397980270835 96.611006633422 17.5
      vertex -4.196969142652183 99.45730339888769 17.5
    endloop
  endfacet
  facet normal -0.1423148382732847 0.9898214418809328 -2.7614269746544986e-18
    outer loop
      vertex -28.9425051896755 95.89943244205557 9
      vertex -23.993397980270835 96.611006633422 25.5
      vertex -23.993397980270835 96.611006633422 17.5
    endloop
  endfacet
  facet normal -0.14231483827328475 0.9898214418809328 0
    outer loop
      vertex -4.196969142652183 99.45730339888769 17.5
      vertex -4.196969142652183 99.45730339888769 25.5
      vertex 0.7521380667524813 100.16887759025411 9
    endloop
  endfacet
  facet normal -0.9472832759115817 -0.1361987733405369 0.29000739528287084
    outer loop
      vertex -28.9425051896755 95.89943244205557 9
      vertex -21.858675406171557 81.763685005208 25.5
      vertex -23.993397980270835 96.611006633422 25.5
    endloop
  endfacet
  facet normal 0 0 1
    outer loop
      vertex -23.86229580253827 96.6298562808754 25.5
      vertex -4.931187656577658 84.19749031546542 25.5
      vertex -2.0622465685529043 84.6099817706737 25.5
    endloop
  endfacet
  facet normal 0.14231483827327582 -0.989821441880934 -2.9428549326477903e-15
    outer loop
      vertex -2.6763324951999348 81.9532844425268 -25.4
      vertex -1.7004449004634203 82.09359589602886 -25.5
      vertex -1.7004449004634183 82.09359589602886 -25.4
    endloop
  endfacet
  facet normal 0.14231483827329494 -0.9898214418809314 -2.8440217835426742e-15
    outer loop
      vertex -1.7004449004634203 82.09359589602886 -25.5
      vertex 0.6241357584993765 82.42782013742824 -17.75
      vertex -1.7004449004634183 82.09359589602886 -25.4
    endloop
  endfacet
  facet normal 0.14231483827328575 -0.9898214418809326 8.261501186761166e-18
    outer loop
      vertex -1.7004449004634183 82.09359589602886 -25.4
      vertex 0.6241357584993765 82.42782013742824 -17.75
      vertex -1.7004449004634188 82.09359589602886 -17.75
    endloop
  endfacet
  facet normal 0.9472832759115812 0.13619877334054004 -0.29000739528287084
    outer loop
      vertex -1.7004449004634203 82.09359589602886 -25.5
      vertex 0.5576460450706692 82.89026625207633 -17.75
      vertex 0.6241357584993765 82.42782013742824 -17.75
    endloop
  endfacet
  facet normal 0.9472832759115817 0.13619877334053687 -0.29000739528287073
    outer loop
      vertex -1.7004449004634203 82.09359589602886 -25.5
      vertex -2.0622465685529043 84.6099817706737 -25.5
      vertex 0.7521380667524813 100.16887759025411 -9
    endloop
  endfacet
  facet normal 0.9472832759115818 0.1361987733405367 -0.2900073952828706
    outer loop
      vertex -1.7004449004634203 82.09359589602886 -25.5
      vertex 0.9164207750158831 99.02626625652147 -9
      vertex 0.5576460450706692 82.89026625207633 -17.75
    endloop
  endfacet
  facet normal 0.9472832759115817 0.1361987733405369 -0.2900073952828708
    outer loop
      vertex -2.0622465685529043 84.6099817706737 -25.5
      vertex -4.196969142652183 99.45730339888769 -25.5
      vertex 0.7521380667524813 100.16887759025411 -9
    endloop
  endfacet
  facet normal 0.14231483827328525 -0.9898214418809326 0
    outer loop
      vertex 1.0042403025740838 82.48247092031504 -10.15
      vertex 2.9037245337403124 82.75557552254247 -10.15
      vertex 1.0042403025740838 82.48247092031504 -9
    endloop
  endfacet
  facet normal 0.9472832759115807 0.136198773340544 -0.29000739528287073
    outer loop
      vertex 2.9037245337403124 82.75557552254247 -10.15
      vertex 2.8902128788443444 82.8495511465434 -10.15
      vertex 3.2486623089412436 82.80517008739528 -9
    endloop
  endfacet
  facet normal 0.1423148382732849 -0.9898214418809328 -6.560776582581162e-16
    outer loop
      vertex 2.9037245337403124 82.75557552254247 -10.15
      vertex 3.2486623089412436 82.80517008739528 -9
      vertex 1.0042403025740838 82.48247092031504 -9
    endloop
  endfacet
  facet normal 0.9472832759115816 0.13619877334053737 -0.2900073952828712
    outer loop
      vertex -1.7004449004634203 82.09359589602886 -25.5
      vertex 0.7521380667524813 100.16887759025411 -9
      vertex 0.9164207750158831 99.02626625652147 -9
    endloop
  endfacet
  facet normal 0.9472832759115817 0.13619877334053682 -0.29000739528287084
    outer loop
      vertex 0.5576460450706692 82.89026625207633 -17.75
      vertex 0.9164207750158831 99.02626625652147 -9
      vertex 2.8902128788443444 82.8495511465434 -10.15
    endloop
  endfacet
  facet normal 0.9472832759115816 0.13619877334053682 -0.2900073952828713
    outer loop
      vertex 2.8902128788443444 82.8495511465434 -10.15
      vertex 0.9164207750158831 99.02626625652147 -9
      vertex 3.2486623089412436 82.80517008739528 -9
    endloop
  endfacet
  facet normal 0.9898214418809327 0.14231483827328595 -7.299032421260963e-20
    outer loop
      vertex 0.9164207750158831 99.02626625652147 -9
      vertex 0.7521380667524813 100.16887759025411 -9
      vertex 0.7521380667524813 100.16887759025411 9
    endloop
  endfacet
  facet normal 0.1423148382732849 -0.9898214418809328 0
    outer loop
      vertex 1.0042403025740838 82.48247092031504 9
      vertex 3.2486623089412436 82.80517008739528 9
      vertex 1.0042403025740838 82.48247092031504 10.15
    endloop
  endfacet
  facet normal 0.14231483827328525 -0.9898214418809326 7.778806015449348e-16
    outer loop
      vertex 3.2486623089412436 82.80517008739528 9
      vertex 2.9037245337403124 82.75557552254247 10.15
      vertex 1.0042403025740838 82.48247092031504 10.15
    endloop
  endfacet
  facet normal 0.9472832759115807 0.13619877334054376 0.29000739528287073
    outer loop
      vertex 3.2486623089412436 82.80517008739528 9
      vertex 2.8902128788443444 82.8495511465434 10.15
      vertex 2.9037245337403124 82.75557552254247 10.15
    endloop
  endfacet
  facet normal 0.9898214418809327 0.14231483827328595 0
    outer loop
      vertex 0.9164207750158831 99.02626625652147 -9
      vertex 0.7521380667524813 100.16887759025411 9
      vertex 0.9164207750158831 99.02626625652147 9
    endloop
  endfacet
  facet normal 0.947283275911582 0.13619877334053315 0.2900073952828714
    outer loop
      vertex -2.0622465685529043 84.6099817706737 25.5
      vertex 2.8902128788443444 82.8495511465434 10.15
      vertex 3.2486623089412436 82.80517008739528 9
    endloop
  endfacet
  facet normal 0.9472832759115818 0.13619877334053562 0.2900073952828709
    outer loop
      vertex -2.0622465685529043 84.6099817706737 25.5
      vertex 0.5576460450706692 82.89026625207633 17.75
      vertex 2.8902128788443444 82.8495511465434 10.15
    endloop
  endfacet
  facet normal 0.9472832759115819 0.1361987733405354 0.2900073952828706
    outer loop
      vertex -1.7004449004634203 82.09359589602886 25.5
      vertex 0.6241357584993766 82.42782013742823 17.75
      vertex 0.5576460450706692 82.89026625207633 17.75
    endloop
  endfacet
  facet normal 0.9472832759115817 0.13619877334053687 0.2900073952828707
    outer loop
      vertex -1.7004449004634203 82.09359589602886 25.5
      vertex 0.5576460450706692 82.89026625207633 17.75
      vertex -2.0622465685529043 84.6099817706737 25.5
    endloop
  endfacet
  facet normal 0.9472832759115818 0.13619877334053684 0.29000739528287084
    outer loop
      vertex -4.196969142652183 99.45730339888769 25.5
      vertex 3.2486623089412436 82.80517008739528 9
      vertex 0.9164207750158831 99.02626625652147 9
    endloop
  endfacet
  facet normal 0.9472832759115816 0.13619877334053734 0.2900073952828708
    outer loop
      vertex -4.196969142652183 99.45730339888769 25.5
      vertex 0.9164207750158831 99.02626625652147 9
      vertex 0.7521380667524813 100.16887759025411 9
    endloop
  endfacet
  facet normal 0.9472832759115817 0.1361987733405369 0.2900073952828708
    outer loop
      vertex -2.0622465685529043 84.6099817706737 25.5
      vertex 3.2486623089412436 82.80517008739528 9
      vertex -4.196969142652183 99.45730339888769 25.5
    endloop
  endfacet
  facet normal 0 0 -1
    outer loop
      vertex 35.94643403670435 73.70111179653169 -25.5
      vertex 28.452614134268384 79.39762424691125 -25.5
      vertex 38.49666814844305 72.40170261443201 -25.5
    endloop
  endfacet
  facet normal 0 0 -1
    outer loop
      vertex 38.49666814844305 72.40170261443201 -25.5
      vertex 28.452614134268384 79.39762424691125 -25.5
      vertex 42.95264351319893 69.98085749137438 -25.5
    endloop
  endfacet
  facet normal 0 0 -1
    outer loop
      vertex 42.95264351319893 69.98085749137438 -25.5
      vertex 28.452614134268384 79.39762424691125 -25.5
      vertex 44.00873749803614 72.29338074797853 -25.5
    endloop
  endfacet
  facet normal 0 0 -1
    outer loop
      vertex 41 71.01408311032397 -25.5
      vertex 42.95264351319893 69.98085749137438 -25.5
      vertex 41.98132340621089 70.42444452100186 -25.5
    endloop
  endfacet
  facet normal -0.41541501300188793 -0.9096319953545177 0
    outer loop
      vertex 41.98132340621089 70.42444452100186 -25.5
      vertex 42.95264351319892 69.98085749137438 -25.4
      vertex 41.98132340621089 70.42444452100186 -25.4
    endloop
  endfacet
  facet normal -0.41541501300188544 -0.9096319953545188 -2.95579110225939e-14
    outer loop
      vertex 41.98132340621089 70.42444452100186 -25.5
      vertex 42.95264351319893 69.98085749137438 -25.5
      vertex 42.95264351319892 69.98085749137438 -25.4
    endloop
  endfacet
  facet normal 0 0 -1
    outer loop
      vertex 38.49666814844305 72.40170261443201 -25.5
      vertex 42.95264351319893 69.98085749137438 -25.5
      vertex 41 71.01408311032397 -25.5
    endloop
  endfacet
  facet normal -0.41541501300180195 -0.909631995354557 -2.9517011981411375e-14
    outer loop
      vertex 42.95264351319893 69.98085749137438 -25.5
      vertex 45.08890047198606 69.0052616275063 -17.75
      vertex 42.95264351319892 69.98085749137438 -25.4
    endloop
  endfacet
  facet normal -0.4154150130018894 -0.909631995354517 0
    outer loop
      vertex 42.95264351319892 69.98085749137438 -25.4
      vertex 45.08890047198606 69.0052616275063 -17.75
      vertex 42.95264351319892 69.98085749137438 -17.75
    endloop
  endfacet
  facet normal 0.8705400186077935 -0.3975623054108458 -0.2900073952828716
    outer loop
      vertex 42.95264351319893 69.98085749137438 -25.5
      vertex 45.28104789004887 69.42600578413095 -17.75
      vertex 45.08890047198606 69.0052616275063 -17.75
    endloop
  endfacet
  facet normal -0.41541501300189126 -0.9096319953545162 0
    outer loop
      vertex 45.44512941287428 68.84257732125226 -10.15
      vertex 47.18381052189343 68.04854826422923 -10.15
      vertex 45.44512941287428 68.84257732125226 -9
    endloop
  endfacet
  facet normal -0.41541501300189354 -0.9096319953545151 9.204077569938816e-17
    outer loop
      vertex 25.676932546500247 77.8704103352703 -25.5
      vertex 24.76000360610856 78.2891577514121 -25.4
      vertex 24.76000360610856 78.2891577514121 -25.5
    endloop
  endfacet
  facet normal -0.41541501300189354 -0.9096319953545151 0
    outer loop
      vertex 25.676932546500247 77.8704103352703 -25.5
      vertex 25.676932546500247 77.8704103352703 -25.4
      vertex 24.76000360610856 78.2891577514121 -25.4
    endloop
  endfacet
  facet normal 0 0 -1
    outer loop
      vertex 25.676932546500247 77.8704103352703 -25.5
      vertex 28.452614134268384 79.39762424691125 -25.5
      vertex 28.045651752704835 77.05479490444449 -25.5
    endloop
  endfacet
  facet normal 0 0 -1
    outer loop
      vertex 25.676932546500247 77.8704103352703 -25.5
      vertex 24.76000360610856 78.2891577514121 -25.5
      vertex 28.452614134268384 79.39762424691125 -25.5
    endloop
  endfacet
  facet normal 0 0 -1
    outer loop
      vertex 24.76000360610856 78.2891577514121 -25.5
      vertex 25.816097590945773 80.60168100801626 -25.5
      vertex 28.452614134268384 79.39762424691125 -25.5
    endloop
  endfacet
  facet normal -0.41541501300188555 -0.9096319953545187 6.433220379300642e-17
    outer loop
      vertex 22.623746647321436 79.26475361528017 -17.75
      vertex 24.76000360610856 78.2891577514121 -25.5
      vertex 24.76000360610856 78.2891577514121 -25.4
    endloop
  endfacet
  facet normal -0.8705400186077903 0.39756230541085363 -0.2900073952828706
    outer loop
      vertex 22.623746647321436 79.26475361528017 -17.75
      vertex 25.816097590945773 80.60168100801626 -25.5
      vertex 24.76000360610856 78.2891577514121 -25.5
    endloop
  endfacet
  facet normal 0 0 -1
    outer loop
      vertex 28.045651752704835 77.05479490444449 -25.5
      vertex 28.452614134268384 79.39762424691125 -25.5
      vertex 30.717740660104784 76.02907607447656 -25.5
    endloop
  endfacet
  facet normal 0 0 -1
    outer loop
      vertex 33.35240473221562 74.91072752669326 -25.5
      vertex 30.717740660104784 76.02907607447656 -25.5
      vertex 28.452614134268384 79.39762424691125 -25.5
    endloop
  endfacet
  facet normal 0 0 -1
    outer loop
      vertex 33.35240473221562 74.91072752669326 -25.5
      vertex 28.452614134268384 79.39762424691125 -25.5
      vertex 35.94643403670435 73.70111179653169 -25.5
    endloop
  endfacet
  facet normal 0 0 -1
    outer loop
      vertex 25.816097590945773 80.60168100801626 -25.5
      vertex 50.1194816340771 85.99288253432304 -25.5
      vertex 28.452614134268384 79.39762424691125 -25.5
    endloop
  endfacet
  facet normal -0.41541501300188616 -0.9096319953545186 8.409438404314697e-19
    outer loop
      vertex 22.623746647321436 79.26475361528017 -17.75
      vertex 24.76000360610856 78.2891577514121 -25.4
      vertex 24.76000360610856 78.2891577514121 -17.75
    endloop
  endfacet
  facet normal -0.8705400186077914 0.39756230541085075 -0.29000739528287156
    outer loop
      vertex 22.623746647321436 79.26475361528017 -17.75
      vertex 22.82090932584973 79.69647966047806 -17.75
      vertex 25.816097590945773 80.60168100801626 -25.5
    endloop
  endfacet
  facet normal -0.8705400186077908 0.397562305410852 -0.2900073952828711
    outer loop
      vertex 22.82090932584973 79.69647966047806 -17.75
      vertex 20.56512001656375 80.300916584196 -10.15
      vertex 25.816097590945773 80.60168100801626 -25.5
    endloop
  endfacet
  facet normal -0.8705400186077901 0.3975623054108544 -0.29000739528287084
    outer loop
      vertex 25.816097590945773 80.60168100801626 -25.5
      vertex 20.21184362933597 80.36623281642154 -9
      vertex 32.047322785974075 94.24616093833403 -25.5
    endloop
  endfacet
  facet normal 0.4154150130018875 0.9096319953545179 0
    outer loop
      vertex 32.047322785974075 94.24616093833403 -25.5
      vertex 27.499162809201483 96.32323600334347 -9
      vertex 32.047322785974075 94.24616093833403 -17.5
    endloop
  endfacet
  facet normal -0.415415013001884 -0.9096319953545194 -1.2166828428603803e-17
    outer loop
      vertex 20.21184362933597 80.36623281642154 -9
      vertex 22.250164451553474 79.43536288749662 -10.15
      vertex 22.250164451553474 79.43536288749662 -9
    endloop
  endfacet
  facet normal -0.8705400186077993 0.3975623054108327 -0.29000739528287206
    outer loop
      vertex 20.52883659741406 80.22146697855725 -10.15
      vertex 20.21184362933597 80.36623281642154 -9
      vertex 20.56512001656375 80.300916584196 -10.15
    endloop
  endfacet
  facet normal -0.41541501300188155 -0.9096319953545207 5.370670918816363e-15
    outer loop
      vertex 20.52883659741406 80.22146697855725 -10.15
      vertex 22.250164451553474 79.43536288749662 -10.15
      vertex 20.21184362933597 80.36623281642154 -9
    endloop
  endfacet
  facet normal -0.870540018607787 0.39756230541086146 -0.29000739528286973
    outer loop
      vertex 25.816097590945773 80.60168100801626 -25.5
      vertex 20.56512001656375 80.300916584196 -10.15
      vertex 20.21184362933597 80.36623281642154 -9
    endloop
  endfacet
  facet normal -0.8705400186077901 0.39756230541085413 -0.29000739528287106
    outer loop
      vertex 32.047322785974075 94.24616093833403 -25.5
      vertex 20.21184362933597 80.36623281642154 -9
      vertex 27.022634812324355 95.27978523946926 -9
    endloop
  endfacet
  facet normal -0.8705400186077894 0.3975623054108555 -0.29000739528287095
    outer loop
      vertex 32.047322785974075 94.24616093833403 -25.5
      vertex 27.022634812324355 95.27978523946926 -9
      vertex 27.499162809201483 96.32323600334347 -9
    endloop
  endfacet
  facet normal 0.41541501300188627 0.9096319953545184 5.146062978209925e-16
    outer loop
      vertex 32.047322785974075 94.24616093833403 -17.5
      vertex 54.78812266983704 83.86078561328686 -9
      vertex 50.23996269306444 85.9378606782963 -17.5
    endloop
  endfacet
  facet normal -0.9096319953545177 0.41541501300188804 0
    outer loop
      vertex 27.022634812324355 95.27978523946926 -9
      vertex 27.022634812324355 95.27978523946926 9
      vertex 27.499162809201483 96.32323600334347 -9
    endloop
  endfacet
  facet normal 0.4154150130018868 0.9096319953545182 -4.0302013762046583e-16
    outer loop
      vertex 32.047322785974075 94.24616093833403 -17.5
      vertex 27.499162809201483 96.32323600334347 -9
      vertex 54.78812266983704 83.86078561328686 9
    endloop
  endfacet
  facet normal 0.8705400186077901 -0.397562305410854 -0.2900073952828711
    outer loop
      vertex 42.95264351319893 69.98085749137438 -25.5
      vertex 54.30760573660913 82.80860029717326 -9
      vertex 45.28104789004887 69.42600578413095 -17.75
    endloop
  endfacet
  facet normal -0.41541501300188705 -0.9096319953545181 7.672671811223483e-15
    outer loop
      vertex 45.44512941287428 68.84257732125226 -9
      vertex 47.18381052189343 68.04854826422923 -10.15
      vertex 47.50080348997152 67.90378242636494 -9
    endloop
  endfacet
  facet normal 0.87054001860779 -0.39756230541085447 -0.2900073952828704
    outer loop
      vertex 45.28104789004887 69.42600578413095 -17.75
      vertex 54.30760573660913 82.80860029717326 -9
      vertex 46.35709169772492 68.72721476481297 -13.561995884405288
    endloop
  endfacet
  facet normal 0.8705400186077901 -0.3975623054108545 -0.2900073952828703
    outer loop
      vertex 46.35709169772492 68.72721476481297 -13.561995884405288
      vertex 54.30760573660913 82.80860029717326 -9
      vertex 47.218341708219654 68.12416101518136 -10.15
    endloop
  endfacet
  facet normal 0.870540018607642 -0.3975623054107354 -0.2900073952834781
    outer loop
      vertex 47.18381052189343 68.04854826422923 -10.15
      vertex 47.218341708219654 68.12416101518136 -10.15
      vertex 54.30760573660913 82.80860029717326 -9
    endloop
  endfacet
  facet normal 0.8705400186077907 -0.39756230541085485 -0.29000739528286756
    outer loop
      vertex 47.18381052189343 68.04854826422923 -10.15
      vertex 54.30760573660913 82.80860029717326 -9
      vertex 47.50080348997152 67.90378242636494 -9
    endloop
  endfacet
  facet normal 0.87054001860779 -0.3975623054108534 -0.2900073952828718
    outer loop
      vertex 42.95264351319893 69.98085749137438 -25.5
      vertex 44.00873749803614 72.29338074797853 -25.5
      vertex 54.78812266983704 83.86078561328686 -9
    endloop
  endfacet
  facet normal 0.8705400186077898 -0.3975623054108543 -0.29000739528287106
    outer loop
      vertex 44.00873749803614 72.29338074797853 -25.5
      vertex 50.23996269306444 85.9378606782963 -25.5
      vertex 54.78812266983704 83.86078561328686 -9
    endloop
  endfacet
  facet normal 0.41541501300188727 0.9096319953545181 0
    outer loop
      vertex 50.23996269306444 85.9378606782963 -25.5
      vertex 50.23996269306444 85.9378606782963 -17.5
      vertex 54.78812266983704 83.86078561328686 -9
    endloop
  endfacet
  facet normal 0.8705400186077897 -0.3975623054108566 -0.29000739528286856
    outer loop
      vertex 42.95264351319893 69.98085749137438 -25.5
      vertex 54.78812266983704 83.86078561328686 -9
      vertex 54.30760573660913 82.80860029717326 -9
    endloop
  endfacet
  facet normal 0.41541501300188644 0.9096319953545183 2.604351750408964e-17
    outer loop
      vertex 32.047322785974075 94.24616093833403 -17.5
      vertex 54.78812266983704 83.86078561328686 9
      vertex 54.78812266983704 83.86078561328686 -9
    endloop
  endfacet
  facet normal 0.9096319953545171 -0.41541501300188904 -2.5355437487598066e-18
    outer loop
      vertex 54.30760573660913 82.80860029717326 -9
      vertex 54.78812266983704 83.86078561328686 -9
      vertex 54.78812266983704 83.86078561328686 9
    endloop
  endfacet
  facet normal -0.41541501300188705 -0.9096319953545181 0
    outer loop
      vertex 45.44512941287428 68.84257732125226 9
      vertex 47.50080348997152 67.90378242636494 9
      vertex 45.44512941287428 68.84257732125226 10.15
    endloop
  endfacet
  facet normal 0.870540018607791 -0.39756230541085225 0.2900073952828706
    outer loop
      vertex 47.50080348997152 67.90378242636494 9
      vertex 44.00873749803614 72.29338074797853 25.5
      vertex 47.218341708219654 68.12416101518136 10.15
    endloop
  endfacet
  facet normal 0.8705400186077927 -0.397562305410849 0.29000739528287
    outer loop
      vertex 47.218341708219654 68.12416101518136 10.15
      vertex 44.00873749803614 72.29338074797853 25.5
      vertex 46.35709169772492 68.72721476481297 13.561995884405288
    endloop
  endfacet
  facet normal 0.8705400186077921 -0.39756230541085 0.2900073952828701
    outer loop
      vertex 46.35709169772492 68.72721476481297 13.561995884405288
      vertex 44.00873749803614 72.29338074797853 25.5
      vertex 45.28104789004887 69.42600578413095 17.75
    endloop
  endfacet
  facet normal 0.8705400186077835 -0.3975623054108689 0.29000739528287023
    outer loop
      vertex 45.08890047198605 69.00526162750631 17.75
      vertex 45.28104789004887 69.42600578413095 17.75
      vertex 42.95264351319893 69.98085749137438 25.5
    endloop
  endfacet
  facet normal -0.4154150130018863 -0.9096319953545184 1.1996031638916105e-16
    outer loop
      vertex 45.08890047198605 69.00526162750631 17.75
      vertex 42.95264351319893 69.98085749137438 25.5
      vertex 24.76000360610856 78.2891577514121 25.5
    endloop
  endfacet
  facet normal 0 0 1
    outer loop
      vertex 42.95264351319893 69.98085749137438 25.5
      vertex 41.37222095471353 73.49743750908354 25.5
      vertex 24.76000360610856 78.2891577514121 25.5
    endloop
  endfacet
  facet normal 0.8705400186077903 -0.3975623054108536 0.29000739528287117
    outer loop
      vertex 45.28104789004887 69.42600578413095 17.75
      vertex 44.00873749803614 72.29338074797853 25.5
      vertex 42.95264351319893 69.98085749137438 25.5
    endloop
  endfacet
  facet normal 0 0 1
    outer loop
      vertex 42.95264351319893 69.98085749137438 25.5
      vertex 44.00873749803614 72.29338074797853 25.5
      vertex 41.37222095471353 73.49743750908354 25.5
    endloop
  endfacet
  facet normal -0.41541501300188155 -0.9096319953545207 0
    outer loop
      vertex 22.250164451553474 79.43536288749662 9
      vertex 22.250164451553474 79.43536288749662 10.15
      vertex 20.52883659741406 80.22146697855725 10.15
    endloop
  endfacet
  facet normal -0.8705400186077847 0.39756230541086507 0.290007395282872
    outer loop
      vertex 20.21184362933597 80.36623281642154 9
      vertex 20.52883659741406 80.22146697855725 10.15
      vertex 20.565120016563753 80.300916584196 10.15
    endloop
  endfacet
  facet normal -0.415415013001884 -0.9096319953545194 -4.5400979756382115e-15
    outer loop
      vertex 20.21184362933597 80.36623281642154 9
      vertex 22.250164451553474 79.43536288749662 9
      vertex 20.52883659741406 80.22146697855725 10.15
    endloop
  endfacet
  facet normal -0.8705400186077895 0.3975623054108539 0.29000739528287295
    outer loop
      vertex 20.21184362933597 80.36623281642154 9
      vertex 20.565120016563753 80.300916584196 10.15
      vertex 27.022634812324355 95.27978523946926 9
    endloop
  endfacet
  facet normal -0.9096319953545177 0.41541501300188804 0
    outer loop
      vertex 27.499162809201483 96.32323600334347 -9
      vertex 27.022634812324355 95.27978523946926 9
      vertex 27.499162809201483 96.32323600334347 9
    endloop
  endfacet
  facet normal 0.4154150130018865 0.9096319953545182 0
    outer loop
      vertex 27.499162809201483 96.32323600334347 -9
      vertex 27.499162809201483 96.32323600334347 9
      vertex 50.23996269306444 85.9378606782963 17.5
    endloop
  endfacet
  facet normal 0.4154150130018868 0.9096319953545182 -3.0444497157963274e-16
    outer loop
      vertex 27.499162809201483 96.32323600334347 -9
      vertex 50.23996269306444 85.9378606782963 17.5
      vertex 54.78812266983704 83.86078561328686 9
    endloop
  endfacet
  facet normal -0.8705400186077903 0.397562305410854 0.2900073952828707
    outer loop
      vertex 20.565120016563753 80.300916584196 10.15
      vertex 22.82090932584973 79.69647966047806 17.75
      vertex 27.022634812324355 95.27978523946926 9
    endloop
  endfacet
  facet normal -0.8705400186077901 0.3975623054108541 0.29000739528287084
    outer loop
      vertex 27.022634812324355 95.27978523946926 9
      vertex 22.82090932584973 79.69647966047806 17.75
      vertex 24.76000360610856 78.2891577514121 25.5
    endloop
  endfacet
  facet normal -0.8705400186077864 0.39756230541086157 0.2900073952828712
    outer loop
      vertex 22.623746647321436 79.26475361528018 17.75
      vertex 24.76000360610856 78.2891577514121 25.5
      vertex 22.82090932584973 79.69647966047806 17.75
    endloop
  endfacet
  facet normal -0.4154150130018868 -0.9096319953545182 -1.4265977889490552e-15
    outer loop
      vertex 22.623746647321436 79.26475361528018 17.75
      vertex 45.08890047198605 69.00526162750631 17.75
      vertex 24.76000360610856 78.2891577514121 25.5
    endloop
  endfacet
  facet normal 0 0 1
    outer loop
      vertex 41.37222095471353 73.49743750908354 25.5
      vertex 25.816097590945773 80.60168100801626 25.5
      vertex 24.76000360610856 78.2891577514121 25.5
    endloop
  endfacet
  facet normal -0.8705400186077904 0.3975623054108537 0.2900073952828701
    outer loop
      vertex 27.499162809201483 96.32323600334347 9
      vertex 24.76000360610856 78.2891577514121 25.5
      vertex 25.816097590945773 80.60168100801626 25.5
    endloop
  endfacet
  facet normal 0 0 1
    outer loop
      vertex 41.37222095471353 73.49743750908354 25.5
      vertex 44.00873749803614 72.29338074797853 25.5
      vertex 32.16780384496142 94.19113908230729 25.5
    endloop
  endfacet
  facet normal -0.870540018607789 0.39756230541085535 0.2900073952828723
    outer loop
      vertex 27.022634812324355 95.27978523946926 9
      vertex 24.76000360610856 78.2891577514121 25.5
      vertex 27.499162809201483 96.32323600334347 9
    endloop
  endfacet
  facet normal 0.4154150130018875 0.9096319953545179 -4.413374300821958e-18
    outer loop
      vertex 27.499162809201483 96.32323600334347 9
      vertex 32.047322785974075 94.24616093833403 25.5
      vertex 32.047322785974075 94.24616093833403 17.5
    endloop
  endfacet
  facet normal 0.41541501300188627 0.9096319953545184 7.760971771850574e-16
    outer loop
      vertex 27.499162809201483 96.32323600334347 9
      vertex 32.047322785974075 94.24616093833403 17.5
      vertex 50.23996269306444 85.9378606782963 17.5
    endloop
  endfacet
  facet normal -0.8705400186077898 0.3975623054108543 0.2900073952828709
    outer loop
      vertex 27.499162809201483 96.32323600334347 9
      vertex 25.816097590945773 80.60168100801626 25.5
      vertex 32.047322785974075 94.24616093833403 25.5
    endloop
  endfacet
  facet normal 0.8705400186077807 -0.39756230541087373 0.290007395282872
    outer loop
      vertex 47.50080348997152 67.90378242636494 9
      vertex 47.218341708219654 68.12416101518136 10.15
      vertex 47.18381052189343 68.04854826422924 10.15
    endloop
  endfacet
  facet normal -0.41541501300188505 -0.909631995354519 4.1826563181866224e-15
    outer loop
      vertex 47.50080348997152 67.90378242636494 9
      vertex 47.18381052189343 68.04854826422924 10.15
      vertex 45.44512941287428 68.84257732125226 10.15
    endloop
  endfacet
  facet normal 0.9096319953545171 -0.41541501300188904 0
    outer loop
      vertex 54.30760573660913 82.80860029717326 -9
      vertex 54.78812266983704 83.86078561328686 9
      vertex 54.30760573660913 82.80860029717326 9
    endloop
  endfacet
  facet normal 0.8705400186077897 -0.3975623054108544 0.2900073952828709
    outer loop
      vertex 47.50080348997152 67.90378242636494 9
      vertex 54.30760573660913 82.80860029717326 9
      vertex 50.23996269306444 85.9378606782963 25.5
    endloop
  endfacet
  facet normal 0.8705400186077887 -0.39756230541085646 0.29000739528287106
    outer loop
      vertex 54.30760573660913 82.80860029717326 9
      vertex 54.78812266983704 83.86078561328686 9
      vertex 50.23996269306444 85.9378606782963 25.5
    endloop
  endfacet
  facet normal 0.41541501300188727 0.9096319953545179 -1.1259015244658699e-17
    outer loop
      vertex 54.78812266983704 83.86078561328686 9
      vertex 50.23996269306444 85.9378606782963 17.5
      vertex 50.23996269306444 85.9378606782963 25.5
    endloop
  endfacet
  facet normal 0.8705400186077898 -0.3975623054108543 0.29000739528287084
    outer loop
      vertex 47.50080348997152 67.90378242636494 9
      vertex 50.23996269306444 85.9378606782963 25.5
      vertex 44.00873749803614 72.29338074797853 25.5
    endloop
  endfacet
  facet normal 0 0 -1
    outer loop
      vertex 71.01408311032397 41 -25.5
      vertex 66.86145863561815 51.41088733181719 -25.5
      vertex 72.40170261443201 38.49666814844305 -25.5
    endloop
  endfacet
  facet normal 0 0 -1
    outer loop
      vertex 69.53994388482693 43.4533796671228 -25.5
      vertex 66.86145863561815 51.41088733181719 -25.5
      vertex 71.01408311032397 41 -25.5
    endloop
  endfacet
  facet normal 0 0 -1
    outer loop
      vertex 67.98108094951343 45.853818084601244 -25.5
      vertex 66.86145863561815 51.41088733181719 -25.5
      vertex 69.53994388482693 43.4533796671228 -25.5
    endloop
  endfacet
  facet normal 0 0 -1
    outer loop
      vertex 67.98108094951343 45.853818084601244 -25.5
      vertex 66.3393935387457 48.198390687982794 -25.5
      vertex 66.86145863561815 51.41088733181719 -25.5
    endloop
  endfacet
  facet normal 0 0 -1
    outer loop
      vertex 66.3393935387457 48.198390687982794 -25.5
      vertex 64.6168817957512 50.48424097670398 -25.5
      vertex 66.86145863561815 51.41088733181719 -25.5
    endloop
  endfacet
  facet normal -0.8412535328311859 -0.5406408174555903 2.5124796395285653e-16
    outer loop
      vertex 73.96857110029724 35.64969129431938 -25.4
      vertex 73.40736390219658 36.52294674009647 -25.4
      vertex 73.40736390219658 36.52294674009647 -25.5
    endloop
  endfacet
  facet normal -0.8412535328311839 -0.5406408174555934 -3.841484054984689e-14
    outer loop
      vertex 73.96857110029724 35.64969129431939 -25.5
      vertex 73.96857110029724 35.64969129431938 -25.4
      vertex 73.40736390219658 36.52294674009647 -25.5
    endloop
  endfacet
  facet normal -0.8412535328311124 -0.5406408174557048 -3.84148405498548e-14
    outer loop
      vertex 73.96857110029724 35.64969129431939 -25.5
      vertex 75.23825786856418 33.67402011873101 -17.75
      vertex 73.96857110029724 35.64969129431938 -25.4
    endloop
  endfacet
  facet normal 0.517406456337881 -0.8051001612353094 -0.29000739528287106
    outer loop
      vertex 73.96857110029724 35.64969129431939 -25.5
      vertex 75.63480757368163 33.92886713971761 -17.75
      vertex 75.23825786856418 33.67402011873101 -17.75
    endloop
  endfacet
  facet normal -0.841253532831179 -0.5406408174556009 -5.021547784293851e-16
    outer loop
      vertex 73.96857110029724 35.64969129431938 -25.4
      vertex 75.23825786856418 33.67402011873101 -17.75
      vertex 73.96857110029724 35.649691294319375 -17.75
    endloop
  endfacet
  facet normal 0.5174064563378692 -0.805100161235317 -0.2900073952828703
    outer loop
      vertex 73.96857110029724 35.64969129431939 -25.5
      vertex 90.46774666367001 40.30955613997698 -9
      vertex 75.63480757368163 33.92886713971761 -17.75
    endloop
  endfacet
  facet normal 0 0 -1
    outer loop
      vertex 73.96857110029724 35.64969129431939 -25.5
      vertex 73.40736390219658 36.52294674009647 -25.5
      vertex 66.86145863561815 51.41088733181719 -25.5
    endloop
  endfacet
  facet normal 0 0 -1
    outer loop
      vertex 73.40736390219658 36.52294674009647 -25.5
      vertex 73.11277746371047 37.10110517904864 -25.5
      vertex 66.86145863561815 51.41088733181719 -25.5
    endloop
  endfacet
  facet normal 0 0 -1
    outer loop
      vertex 73.11277746371047 37.10110517904864 -25.5
      vertex 72.40170261443201 38.49666814844305 -25.5
      vertex 66.86145863561815 51.41088733181719 -25.5
    endloop
  endfacet
  facet normal 0 0 -1
    outer loop
      vertex 73.96857110029724 35.64969129431939 -25.5
      vertex 66.86145863561815 51.41088733181719 -25.5
      vertex 76.10725835987886 37.02414213841957 -25.5
    endloop
  endfacet
  facet normal 0 0 -1
    outer loop
      vertex 88.65445329705445 45.24517870923779 -25.5
      vertex 66.86145863561815 51.41088733181719 -25.5
      vertex 65.2944420107669 53.849212795043194 -25.5
    endloop
  endfacet
  facet normal 0.5174064563378696 -0.8051001612353168 -0.29000739528287034
    outer loop
      vertex 73.96857110029724 35.64969129431939 -25.5
      vertex 76.10725835987886 37.02414213841957 -25.5
      vertex 91.42926543962456 40.927486736097634 -9
    endloop
  endfacet
  facet normal 0.5174064563378696 -0.8051001612353169 -0.29000739528287045
    outer loop
      vertex 76.10725835987886 37.02414213841957 -25.5
      vertex 88.72606135234658 45.13375440025354 -25.5
      vertex 91.42926543962456 40.927486736097634 -9
    endloop
  endfacet
  facet normal 0.8412535328311815 0.540640817455597 0
    outer loop
      vertex 88.72606135234658 45.13375440025354 -25.5
      vertex 88.72606135234658 45.13375440025354 -17.5
      vertex 91.42926543962456 40.927486736097634 -9
    endloop
  endfacet
  facet normal 0.5174064563378694 -0.8051001612353169 -0.2900073952828707
    outer loop
      vertex 75.63480757368163 33.92886713971761 -17.75
      vertex 90.46774666367001 40.30955613997698 -9
      vertex 75.73291843857162 33.71846771098384 -16.99086139695295
    endloop
  endfacet
  facet normal 0.5174064563378515 -0.8051001612353276 -0.2900073952828728
    outer loop
      vertex 76.48337005421948 31.7365877400895 -10.15
      vertex 76.55471432795234 31.782437920762025 -10.15
      vertex 76.67177518757522 31.443423630163483 -9
    endloop
  endfacet
  facet normal -0.8412535328311824 -0.5406408174555959 4.453565699601255e-15
    outer loop
      vertex 76.48337005421948 31.7365877400895 -10.15
      vertex 76.67177518757522 31.443423630163483 -9
      vertex 75.4710958246963 33.311717187007886 -9
    endloop
  endfacet
  facet normal -0.8412535328311836 -0.5406408174555934 0
    outer loop
      vertex 75.4710958246963 33.311717187007886 -10.15
      vertex 76.48337005421948 31.7365877400895 -10.15
      vertex 75.4710958246963 33.311717187007886 -9
    endloop
  endfacet
  facet normal 0.5174064563378694 -0.8051001612353168 -0.2900073952828714
    outer loop
      vertex 76.55471432795234 31.782437920762025 -10.15
      vertex 90.46774666367001 40.30955613997698 -9
      vertex 76.67177518757522 31.443423630163483 -9
    endloop
  endfacet
  facet normal 0.5174064563378694 -0.8051001612353168 -0.29000739528287084
    outer loop
      vertex 75.73291843857162 33.71846771098384 -16.99086139695295
      vertex 90.46774666367001 40.30955613997698 -9
      vertex 76.55471432795234 31.782437920762025 -10.15
    endloop
  endfacet
  facet normal 0.5174064563378723 -0.805100161235314 -0.2900073952828737
    outer loop
      vertex 73.96857110029724 35.64969129431939 -25.5
      vertex 91.42926543962456 40.927486736097634 -9
      vertex 90.46774666367001 40.30955613997698 -9
    endloop
  endfacet
  facet normal 0.8412535328311811 0.5406408174555978 4.898184662289234e-16
    outer loop
      vertex 88.72606135234658 45.13375440025354 -17.5
      vertex 77.91324500323462 61.95882505687716 -17.5
      vertex 91.42926543962456 40.927486736097634 -9
    endloop
  endfacet
  facet normal 0.5406408174556009 -0.8412535328311789 1.9929810701712604e-18
    outer loop
      vertex 90.46774666367001 40.30955613997698 -9
      vertex 91.42926543962456 40.927486736097634 -9
      vertex 91.42926543962456 40.927486736097634 9
    endloop
  endfacet
  facet normal 0.8412535328311811 0.5406408174555976 0
    outer loop
      vertex 91.42926543962456 40.927486736097634 -9
      vertex 77.91324500323462 61.95882505687716 -17.5
      vertex 91.42926543962456 40.927486736097634 9
    endloop
  endfacet
  facet normal 0.5174064563378518 -0.8051001612353276 0.29000739528287267
    outer loop
      vertex 76.67177518757522 31.443423630163483 9
      vertex 76.55471432795234 31.782437920762025 10.15
      vertex 76.48337005421948 31.7365877400895 10.15
    endloop
  endfacet
  facet normal -0.841253532831185 -0.5406408174555919 -5.893907793934012e-15
    outer loop
      vertex 76.67177518757522 31.443423630163483 9
      vertex 76.48337005421948 31.7365877400895 10.15
      vertex 75.4710958246963 33.31171718700789 10.15
    endloop
  endfacet
  facet normal -0.8412535328311832 -0.5406408174555943 0
    outer loop
      vertex 75.4710958246963 33.31171718700789 9
      vertex 76.67177518757522 31.443423630163483 9
      vertex 75.4710958246963 33.31171718700789 10.15
    endloop
  endfacet
  facet normal 0.5406408174556009 -0.8412535328311789 0
    outer loop
      vertex 90.46774666367001 40.30955613997698 -9
      vertex 91.42926543962456 40.927486736097634 9
      vertex 90.46774666367001 40.30955613997698 9
    endloop
  endfacet
  facet normal 0 0 1
    outer loop
      vertex 73.96857110029724 35.64969129431939 25.5
      vertex 74.5402417350276 39.46246760164557 25.5
      vertex 63.155754751185285 52.47476195094301 25.5
    endloop
  endfacet
  facet normal -0.8412535328311811 -0.5406408174555978 1.6887780919245048e-16
    outer loop
      vertex 75.23825786856418 33.67402011873101 17.75
      vertex 63.155754751185285 52.47476195094301 25.5
      vertex 61.88606798291835 54.450433126531394 17.75
    endloop
  endfacet
  facet normal 0 0 1
    outer loop
      vertex 74.5402417350276 39.46246760164557 25.5
      vertex 65.2944420107669 53.849212795043194 25.5
      vertex 63.155754751185285 52.47476195094301 25.5
    endloop
  endfacet
  facet normal 0.5174064563378606 -0.8051001612353219 0.290007395282872
    outer loop
      vertex 76.67177518757522 31.443423630163483 9
      vertex 76.10725835987886 37.02414213841957 25.5
      vertex 76.55471432795234 31.782437920762025 10.15
    endloop
  endfacet
  facet normal 0.5174064563378675 -0.805100161235318 0.2900073952828709
    outer loop
      vertex 76.55471432795234 31.782437920762025 10.15
      vertex 76.10725835987886 37.02414213841957 25.5
      vertex 75.73291843857162 33.71846771098384 16.99086139695295
    endloop
  endfacet
  facet normal 0.5174064563378682 -0.8051001612353177 0.29000739528287073
    outer loop
      vertex 75.73291843857162 33.71846771098384 16.99086139695295
      vertex 76.10725835987886 37.02414213841957 25.5
      vertex 75.63480757368163 33.92886713971761 17.75
    endloop
  endfacet
  facet normal 0.5174064563378816 -0.8051001612353105 0.29000739528286695
    outer loop
      vertex 75.23825786856418 33.67402011873101 17.75
      vertex 75.63480757368163 33.92886713971761 17.75
      vertex 76.10725835987886 37.02414213841957 25.5
    endloop
  endfacet
  facet normal 0.5174064563378695 -0.8051001612353167 0.29000739528287106
    outer loop
      vertex 73.96857110029724 35.64969129431939 25.5
      vertex 75.23825786856418 33.67402011873101 17.75
      vertex 76.10725835987886 37.02414213841957 25.5
    endloop
  endfacet
  facet normal 0 0 1
    outer loop
      vertex 73.96857110029724 35.64969129431939 25.5
      vertex 76.10725835987886 37.02414213841957 25.5
      vertex 74.5402417350276 39.46246760164557 25.5
    endloop
  endfacet
  facet normal 0.5174064563378695 -0.8051001612353168 0.2900073952828707
    outer loop
      vertex 76.67177518757522 31.443423630163483 9
      vertex 90.46774666367001 40.30955613997698 9
      vertex 88.72606135234658 45.13375440025354 25.5
    endloop
  endfacet
  facet normal 0.5174064563378729 -0.8051001612353147 0.29000739528287045
    outer loop
      vertex 90.46774666367001 40.30955613997698 9
      vertex 91.42926543962456 40.927486736097634 9
      vertex 88.72606135234658 45.13375440025354 25.5
    endloop
  endfacet
  facet normal 0.8412535328311815 0.540640817455597 4.70650806388278e-18
    outer loop
      vertex 91.42926543962456 40.927486736097634 9
      vertex 88.72606135234658 45.13375440025354 17.5
      vertex 88.72606135234658 45.13375440025354 25.5
    endloop
  endfacet
  facet normal 0.5174064563378695 -0.8051001612353167 0.29000739528287056
    outer loop
      vertex 76.67177518757522 31.443423630163483 9
      vertex 88.72606135234658 45.13375440025354 25.5
      vertex 76.10725835987886 37.02414213841957 25.5
    endloop
  endfacet
  facet normal -0.8412535328311811 -0.5406408174555978 -1.5207515382785794e-16
    outer loop
      vertex 73.96857110029724 35.64969129431939 25.5
      vertex 63.155754751185285 52.47476195094301 25.5
      vertex 75.23825786856418 33.67402011873101 17.75
    endloop
  endfacet
  facet normal 0 0 1
    outer loop
      vertex 76.10725835987886 37.02414213841957 25.5
      vertex 77.98485305852675 61.847400747892905 25.5
      vertex 74.5402417350276 39.46246760164557 25.5
    endloop
  endfacet
  facet normal -0.8412535328311792 -0.5406408174556004 -3.841484054984738e-14
    outer loop
      vertex 63.155754751185285 52.47476195094301 -25.5
      vertex 63.73551209809519 51.572641910195536 -25.4
      vertex 63.155754751185285 52.474761950943005 -25.4
    endloop
  endfacet
  facet normal -0.8412535328311812 -0.5406408174555974 -2.6510409022082077e-16
    outer loop
      vertex 63.155754751185285 52.47476195094301 -25.5
      vertex 63.73551209809519 51.572641910195536 -25.5
      vertex 63.73551209809519 51.572641910195536 -25.4
    endloop
  endfacet
  facet normal -0.8412535328312533 -0.5406408174554852 -3.841484054983919e-14
    outer loop
      vertex 63.155754751185285 52.47476195094301 -25.5
      vertex 63.155754751185285 52.474761950943005 -25.4
      vertex 63.13299987636925 52.51016922729002 -25.361107255559567
    endloop
  endfacet
  facet normal -0.5174064563378714 0.8051001612353197 -0.29000739528285957
    outer loop
      vertex 63.155754751185285 52.47476195094301 -25.5
      vertex 63.13299987636925 52.51016922729002 -25.361107255559567
      vertex 65.2944420107669 53.849212795043194 -25.5
    endloop
  endfacet
  facet normal -0.8412535328312342 -0.5406408174555152 0
    outer loop
      vertex 63.155754751185285 52.474761950943005 -25.4
      vertex 63.155754751185285 52.474761950943005 -25.345750941653318
      vertex 63.13299987636925 52.51016922729002 -25.361107255559567
    endloop
  endfacet
  facet normal -0.5174064563378701 0.8051001612353162 -0.2900073952828716
    outer loop
      vertex 63.13299987636925 52.51016922729002 -25.361107255559567
      vertex 63.23375152792564 52.63663521259152 -25.189772900080204
      vertex 65.2944420107669 53.849212795043194 -25.5
    endloop
  endfacet
  facet normal -0.5174064563378705 0.8051001612353202 -0.2900073952828591
    outer loop
      vertex 63.23375152792564 52.63663521259152 -25.189772900080204
      vertex 63.37230919366657 52.849500303095475 -24.8460330869647
      vertex 65.2944420107669 53.849212795043194 -25.5
    endloop
  endfacet
  facet normal -0.5174064563378729 0.8051001612353119 -0.29000739528287856
    outer loop
      vertex 63.37230919366657 52.849500303095475 -24.8460330869647
      vertex 63.4630096910801 53.04040791119225 -24.47786756828614
      vertex 65.2944420107669 53.849212795043194 -25.5
    endloop
  endfacet
  facet normal -0.5174064563378742 0.8051001612353096 -0.29000739528288266
    outer loop
      vertex 65.2944420107669 53.849212795043194 -25.5
      vertex 63.4630096910801 53.04040791119225 -24.47786756828614
      vertex 63.503919896533525 53.205289172659505 -24.093123152884512
    endloop
  endfacet
  facet normal -0.517406456337864 0.8051001612353229 -0.2900073952828634
    outer loop
      vertex 65.2944420107669 53.849212795043194 -25.5
      vertex 63.503919896533525 53.205289172659505 -24.093123152884512
      vertex 63.49416788002389 53.34062992966772 -23.7
    endloop
  endfacet
  facet normal -0.5174064563378648 0.8051001612353221 -0.29000739528286457
    outer loop
      vertex 65.2944420107669 53.849212795043194 -25.5
      vertex 63.49416788002389 53.34062992966772 -23.7
      vertex 63.433961488852106 53.443545628953146 -23.306876847115486
    endloop
  endfacet
  facet normal -0.5174064563378694 0.8051001612353174 -0.2900073952828694
    outer loop
      vertex 65.2944420107669 53.849212795043194 -25.5
      vertex 63.433961488852106 53.443545628953146 -23.306876847115486
      vertex 63.32458391771868 53.511842801062635 -22.92213243171386
    endloop
  endfacet
  facet normal -0.5174064563378962 0.8051001612352916 -0.29000739528289327
    outer loop
      vertex 65.2944420107669 53.849212795043194 -25.5
      vertex 63.32458391771868 53.511842801062635 -22.92213243171386
      vertex 63.168366359656396 53.544065810346815 -22.5539669130353
    endloop
  endfacet
  facet normal 0 0 -1
    outer loop
      vertex 63.73551209809519 51.572641910195536 -25.5
      vertex 66.86145863561815 51.41088733181719 -25.5
      vertex 64.6168817957512 50.48424097670398 -25.5
    endloop
  endfacet
  facet normal 0 0 -1
    outer loop
      vertex 63.155754751185285 52.47476195094301 -25.5
      vertex 66.86145863561815 51.41088733181719 -25.5
      vertex 63.73551209809519 51.572641910195536 -25.5
    endloop
  endfacet
  facet normal 0 0 -1
    outer loop
      vertex 63.155754751185285 52.47476195094301 -25.5
      vertex 65.2944420107669 53.849212795043194 -25.5
      vertex 66.86145863561815 51.41088733181719 -25.5
    endloop
  endfacet
  facet normal -0.8412535328311822 -0.540640817455596 0
    outer loop
      vertex 63.155754751185285 52.474761950943005 -22.05424905834668
      vertex 63.155754751185285 52.474761950943005 -17.75
      vertex 62.92458048646931 52.83447612829133 -21.898239209699952
    endloop
  endfacet
  facet normal -0.517406456337868 0.8051001612353178 -0.2900073952828702
    outer loop
      vertex 65.2944420107669 53.849212795043194 -25.5
      vertex 63.168366359656396 53.544065810346815 -22.5539669130353
      vertex 62.275980710660605 54.7010148211526 -17.75
    endloop
  endfacet
  facet normal -0.5174064563378797 0.8051001612353104 -0.2900073952828705
    outer loop
      vertex 63.168366359656396 53.544065810346815 -22.5539669130353
      vertex 62.96863832069826 53.539527879306796 -22.210227099919795
      vertex 62.275980710660605 54.7010148211526 -17.75
    endloop
  endfacet
  facet normal -0.8412535328311834 -0.540640817455594 -1.577283271470264e-16
    outer loop
      vertex 61.886067982918355 54.450433126531394 -17.75
      vertex 62.53348507663036 53.44303246473201 -21.70174825923146
      vertex 62.92458048646931 52.83447612829133 -21.898239209699952
    endloop
  endfacet
  facet normal -0.5174064563378745 0.8051001612353138 -0.29000739528287056
    outer loop
      vertex 62.96863832069826 53.539527879306796 -22.210227099919795
      vertex 62.72965665723673 53.49832572606414 -21.898239209699952
      vertex 62.275980710660605 54.7010148211526 -17.75
    endloop
  endfacet
  facet normal -0.5174064563378816 0.8051001612353091 -0.29000739528287
    outer loop
      vertex 62.53348507663036 53.44303246473201 -21.70174825923146
      vertex 62.275980710660605 54.7010148211526 -17.75
      vertex 62.72965665723673 53.49832572606414 -21.898239209699952
    endloop
  endfacet
  facet normal -0.8412535328311831 -0.5406408174555947 1.7047090999881074e-16
    outer loop
      vertex 61.886067982918355 54.450433126531394 -17.75
      vertex 62.92458048646931 52.83447612829133 -21.898239209699952
      vertex 63.155754751185285 52.474761950943005 -17.75
    endloop
  endfacet
  facet normal -0.5174064563378697 0.8051001612353164 -0.2900073952828715
    outer loop
      vertex 61.886067982918355 54.450433126531394 -17.75
      vertex 62.275980710660605 54.7010148211526 -17.75
      vertex 62.53348507663036 53.44303246473201 -21.70174825923146
    endloop
  endfacet
  facet normal -0.517406456337871 0.8051001612353157 -0.29000739528287106
    outer loop
      vertex 65.2944420107669 53.849212795043194 -25.5
      vertex 62.275980710660605 54.7010148211526 -17.75
      vertex 61.606706032075984 55.47092726714935 -14.41855504415731
    endloop
  endfacet
  facet normal -0.5174064563378783 0.8051001612353104 -0.2900073952828727
    outer loop
      vertex 65.2944420107669 53.849212795043194 -25.5
      vertex 61.606706032075984 55.47092726714935 -14.41855504415731
      vertex 60.71016864901438 56.43234590411203 -10.15
    endloop
  endfacet
  facet normal -0.5174064563378695 0.8051001612353167 -0.29000739528287073
    outer loop
      vertex 65.2944420107669 53.849212795043194 -25.5
      vertex 60.4525506639073 56.68102961509892 -9
      vertex 77.91324500323462 61.95882505687716 -25.5
    endloop
  endfacet
  facet normal 0.8412535328311815 0.540640817455597 0
    outer loop
      vertex 77.91324500323462 61.95882505687716 -25.5
      vertex 75.21004091595664 66.16509272103306 -9
      vertex 77.91324500323462 61.95882505687716 -17.5
    endloop
  endfacet
  facet normal -0.5174064563378084 0.8051001612353602 -0.29000739528285935
    outer loop
      vertex 65.2944420107669 53.849212795043194 -25.5
      vertex 60.71016864901438 56.43234590411203 -10.15
      vertex 60.4525506639073 56.68102961509892 -9
    endloop
  endfacet
  facet normal -0.8412535328311822 -0.5406408174555961 0
    outer loop
      vertex 61.6654000092974 54.79379919582854 -10.15
      vertex 61.6654000092974 54.79379919582854 -9
      vertex 60.4525506639073 56.68102961509892 -9
    endloop
  endfacet
  facet normal -0.8412535328311819 -0.5406408174555964 9.959903011220168e-16
    outer loop
      vertex 61.6654000092974 54.79379919582854 -10.15
      vertex 60.4525506639073 56.68102961509892 -9
      vertex 60.64095579726304 56.387865505172904 -10.15
    endloop
  endfacet
  facet normal -0.517406456337928 0.8051001612352795 -0.29000739528286984
    outer loop
      vertex 60.64095579726304 56.387865505172904 -10.15
      vertex 60.4525506639073 56.68102961509892 -9
      vertex 60.71016864901438 56.43234590411203 -10.15
    endloop
  endfacet
  facet normal -0.5174064563378693 0.805100161235317 -0.29000739528287034
    outer loop
      vertex 77.91324500323462 61.95882505687716 -25.5
      vertex 60.4525506639073 56.68102961509892 -9
      vertex 74.23857539220721 65.54076973825491 -9
    endloop
  endfacet
  facet normal 0.8412535328311814 0.5406408174555973 -2.2605697282302974e-16
    outer loop
      vertex 77.91324500323462 61.95882505687716 -17.5
      vertex 75.21004091595664 66.16509272103306 -9
      vertex 91.42926543962456 40.927486736097634 9
    endloop
  endfacet
  facet normal -0.51740645633787 0.8051001612353166 -0.2900073952828704
    outer loop
      vertex 77.91324500323462 61.95882505687716 -25.5
      vertex 74.23857539220721 65.54076973825491 -9
      vertex 75.21004091595664 66.16509272103306 -9
    endloop
  endfacet
  facet normal -0.5406408174555977 0.841253532831181 0
    outer loop
      vertex 74.23857539220721 65.54076973825491 -9
      vertex 74.23857539220721 65.54076973825491 9
      vertex 75.21004091595664 66.16509272103306 -9
    endloop
  endfacet
  facet normal -0.8412535328311812 -0.5406408174555974 0
    outer loop
      vertex 61.66540000929741 54.793799195828534 9
      vertex 61.66540000929741 54.793799195828534 10.15
      vertex 60.64095579726304 56.387865505172904 10.15
    endloop
  endfacet
  facet normal -0.8412535328311815 -0.5406408174555969 -1.1258994258576968e-15
    outer loop
      vertex 61.66540000929741 54.793799195828534 9
      vertex 60.64095579726304 56.387865505172904 10.15
      vertex 60.4525506639073 56.68102961509892 9
    endloop
  endfacet
  facet normal -0.5174064563378695 0.8051001612353172 0.2900073952828699
    outer loop
      vertex 60.4525506639073 56.68102961509892 9
      vertex 60.64095579726304 56.387865505172904 10.15
      vertex 74.23857539220721 65.54076973825491 9
    endloop
  endfacet
  facet normal -0.5174064563377369 0.8051001612351931 0.29000739528345065
    outer loop
      vertex 60.64095579726304 56.387865505172904 10.15
      vertex 60.710168649014385 56.432345904112026 10.15
      vertex 74.23857539220721 65.54076973825491 9
    endloop
  endfacet
  facet normal -0.5174064563378695 0.805100161235317 0.2900073952828701
    outer loop
      vertex 60.710168649014385 56.432345904112026 10.15
      vertex 61.606706032075984 55.47092726714935 14.418555044157312
      vertex 74.23857539220721 65.54076973825491 9
    endloop
  endfacet
  facet normal 0.8412535328311811 0.5406408174555976 0
    outer loop
      vertex 75.21004091595664 66.16509272103306 -9
      vertex 75.21004091595664 66.16509272103306 9
      vertex 88.72606135234658 45.13375440025354 17.5
    endloop
  endfacet
  facet normal 0.8412535328311812 0.5406408174555973 -1.995205292096262e-16
    outer loop
      vertex 75.21004091595664 66.16509272103306 -9
      vertex 88.72606135234658 45.13375440025354 17.5
      vertex 91.42926543962456 40.927486736097634 9
    endloop
  endfacet
  facet normal -0.5406408174555977 0.841253532831181 0
    outer loop
      vertex 75.21004091595664 66.16509272103306 -9
      vertex 74.23857539220721 65.54076973825491 9
      vertex 75.21004091595664 66.16509272103306 9
    endloop
  endfacet
  facet normal -0.5174064563378691 0.805100161235317 0.2900073952828711
    outer loop
      vertex 74.23857539220721 65.54076973825491 9
      vertex 61.606706032075984 55.47092726714935 14.418555044157312
      vertex 62.275980710660605 54.7010148211526 17.75
    endloop
  endfacet
  facet normal -0.5174064563378694 0.8051001612353169 0.2900073952828706
    outer loop
      vertex 74.23857539220721 65.54076973825491 9
      vertex 62.275980710660605 54.7010148211526 17.75
      vertex 63.155754751185285 52.47476195094301 25.5
    endloop
  endfacet
  facet normal -0.5174064563378632 0.8051001612353208 0.2900073952828711
    outer loop
      vertex 61.88606798291835 54.450433126531394 17.75
      vertex 63.155754751185285 52.47476195094301 25.5
      vertex 62.275980710660605 54.7010148211526 17.75
    endloop
  endfacet
  facet normal -0.5174064563378695 0.8051001612353169 0.2900073952828705
    outer loop
      vertex 75.21004091595664 66.16509272103306 9
      vertex 63.155754751185285 52.47476195094301 25.5
      vertex 65.2944420107669 53.849212795043194 25.5
    endloop
  endfacet
  facet normal -0.5174064563378697 0.8051001612353167 0.29000739528287023
    outer loop
      vertex 74.23857539220721 65.54076973825491 9
      vertex 63.155754751185285 52.47476195094301 25.5
      vertex 75.21004091595664 66.16509272103306 9
    endloop
  endfacet
  facet normal 0.8412535328311811 0.5406408174555978 4.68021217067058e-16
    outer loop
      vertex 88.72606135234658 45.13375440025354 17.5
      vertex 75.21004091595664 66.16509272103306 9
      vertex 77.91324500323462 61.95882505687716 17.5
    endloop
  endfacet
  facet normal -0.5174064563378696 0.8051001612353169 0.29000739528287045
    outer loop
      vertex 75.21004091595664 66.16509272103306 9
      vertex 65.2944420107669 53.849212795043194 25.5
      vertex 77.91324500323462 61.95882505687716 25.5
    endloop
  endfacet
  facet normal 0.8412535328311815 0.5406408174555969 4.706508063882779e-18
    outer loop
      vertex 75.21004091595664 66.16509272103306 9
      vertex 77.91324500323462 61.95882505687716 25.5
      vertex 77.91324500323462 61.95882505687716 17.5
    endloop
  endfacet
  facet normal -0.9594929736144975 -0.28173255684142934 4.5670449851623766e-17
    outer loop
      vertex 57.66130844551364 32.56414452048967 -29.7
      vertex 61.808007078073985 18.441785904059383 -29.7
      vertex 61.808007078073985 18.441785904059383 -25.7
    endloop
  endfacet
  facet normal 0 0 -1
    outer loop
      vertex 76.02907607447656 30.717740660104784 -29.7
      vertex 78.56669205941373 23.442110215908613 -29.7
      vertex 61.808007078073985 18.441785904059383 -29.7
    endloop
  endfacet
  facet normal -0.9594929736144975 -0.28173255684142934 0
    outer loop
      vertex 57.66130844551364 32.56414452048967 -29.7
      vertex 61.808007078073985 18.441785904059383 -25.7
      vertex 57.66130844551364 32.56414452048967 -25.7
    endloop
  endfacet
  facet normal 0 0 -1
    outer loop
      vertex 57.66130844551364 32.56414452048967 -29.7
      vertex 74.91072752669326 33.35240473221562 -29.7
      vertex 61.808007078073985 18.441785904059383 -29.7
    endloop
  endfacet
  facet normal -0.2817325568414299 0.9594929736144973 0
    outer loop
      vertex 57.66130844551364 32.56414452048967 -29.7
      vertex 57.66130844551364 32.56414452048967 -25.7
      vertex 73.11277746371047 37.10110517904864 -29.7
    endloop
  endfacet
  facet normal 0 0 -1
    outer loop
      vertex 57.66130844551364 32.56414452048967 -29.7
      vertex 73.70111179653169 35.94643403670435 -29.7
      vertex 74.91072752669326 33.35240473221562 -29.7
    endloop
  endfacet
  facet normal 0 0 -1
    outer loop
      vertex 57.66130844551364 32.56414452048967 -29.7
      vertex 73.11277746371047 37.10110517904864 -29.7
      vertex 73.70111179653169 35.94643403670435 -29.7
    endloop
  endfacet
  facet normal -0.2817325568414291 0.9594929736144976 3.284190550088237e-15
    outer loop
      vertex 57.66130844551364 32.56414452048967 -25.7
      vertex 65.96225687847426 35.001522896922125 -26.398198690599646
      vertex 73.11277746371047 37.10110517904864 -29.7
    endloop
  endfacet
  facet normal -0.2817325568414309 0.9594929736144971 -6.63912213474763e-16
    outer loop
      vertex 65.96225687847426 35.001522896922125 -26.398198690599646
      vertex 66.34021241071709 35.11250065434124 -26.38380263314785
      vertex 73.11277746371047 37.10110517904864 -29.7
    endloop
  endfacet
  facet normal -0.28173255684143483 0.9594929736144959 -9.548001282497494e-15
    outer loop
      vertex 66.34021241071709 35.11250065434124 -26.38380263314785
      vertex 66.71212903327338 35.22170522788793 -26.312205982055048
      vertex 73.11277746371047 37.10110517904864 -29.7
    endloop
  endfacet
  facet normal -0.2817325568414343 0.9594929736144961 -8.437334086743458e-15
    outer loop
      vertex 66.71212903327338 35.22170522788793 -26.312205982055048
      vertex 67.07007998903646 35.32680911167258 -26.18493469563673
      vertex 73.11277746371047 37.10110517904864 -29.7
    endloop
  endfacet
  facet normal -0.2817325568414221 0.9594929736144996 1.3981806485930625e-14
    outer loop
      vertex 73.11277746371047 37.10110517904864 -29.7
      vertex 67.07007998903646 35.32680911167258 -26.18493469563673
      vertex 67.40643617484088 35.42557219888845 -26.004701340400835
    endloop
  endfacet
  facet normal -0.28173255684143533 0.9594929736144957 -7.31239881357243e-15
    outer loop
      vertex 73.11277746371047 37.10110517904864 -29.7
      vertex 67.40643617484088 35.42557219888845 -26.004701340400835
      vertex 67.71402874255108 35.51588952579911 -25.775347277402037
    endloop
  endfacet
  facet normal -0.2817325568414178 0.9594929736145009 1.740914852501714e-14
    outer loop
      vertex 73.11277746371047 37.10110517904864 -29.7
      vertex 67.71402874255108 35.51588952579911 -25.775347277402037
      vertex 67.78901431889832 35.53790727760291 -25.700000000000006
    endloop
  endfacet
  facet normal -0.2817325568414289 0.9594929736144976 1.0793589528843473e-14
    outer loop
      vertex 57.66130844551364 32.56414452048967 -25.7
      vertex 65.22040796946126 34.78369640347849 -26.255387387525545
      vertex 65.58631790252706 34.89113725385591 -26.35508732743956
    endloop
  endfacet
  facet normal -0.28173255684142817 0.9594929736144979 2.1625912704089782e-14
    outer loop
      vertex 57.66130844551364 32.56414452048967 -25.7
      vertex 64.87232581422558 34.6814902609822 -26.1012238019828
      vertex 65.22040796946126 34.78369640347849 -26.255387387525545
    endloop
  endfacet
  facet normal -0.2817325568414293 0.9594929736144975 6.020880924923498e-16
    outer loop
      vertex 57.66130844551364 32.56414452048967 -25.7
      vertex 64.54949020363591 34.58669717284914 -25.895882299986027
      vertex 64.87232581422558 34.6814902609822 -26.1012238019828
    endloop
  endfacet
  facet normal -0.2817325568414299 0.9594929736144974 -2.5902285976015448e-14
    outer loop
      vertex 57.66130844551364 32.56414452048967 -25.7
      vertex 64.32364754675376 34.52038378555296 -25.700000000000003
      vertex 64.54949020363591 34.58669717284914 -25.895882299986027
    endloop
  endfacet
  facet normal -0.28173255684144727 0.9594929736144923 -2.6483816051023386e-13
    outer loop
      vertex 57.66130844551364 32.56414452048967 -25.7
      vertex 65.58631790252706 34.89113725385591 -26.35508732743956
      vertex 65.96225687847426 35.001522896922125 -26.398198690599646
    endloop
  endfacet
  facet normal 0 0 -1
    outer loop
      vertex 76.02907607447656 30.717740660104784 -29.7
      vertex 61.808007078073985 18.441785904059383 -29.7
      vertex 74.91072752669326 33.35240473221562 -29.7
    endloop
  endfacet
  facet normal 0 0 -1
    outer loop
      vertex 77.05479490444449 28.045651752704835 -29.7
      vertex 77.98663433620258 25.339393538745686 -29.7
      vertex 78.56669205941373 23.442110215908613 -29.7
    endloop
  endfacet
  facet normal 0 0 -1
    outer loop
      vertex 77.05479490444449 28.045651752704835 -29.7
      vertex 78.56669205941373 23.442110215908613 -29.7
      vertex 76.02907607447656 30.717740660104784 -29.7
    endloop
  endfacet
  facet normal -0.2817325568414305 0.9594929736144971 0
    outer loop
      vertex 73.11277746371047 37.10110517904864 -29.7
      vertex 67.78901431889832 35.53790727760291 -25.700000000000006
      vertex 73.11277746371047 37.10110517904864 -25.70000000000001
    endloop
  endfacet
  facet normal 0 0 -1
    outer loop
      vertex -81.95004781556585 2.8617587296050795 -29.7
      vertex -64.5 15 -29.7
      vertex -81.99375514471691 0.35776751955787517 -29.7
    endloop
  endfacet
  facet normal 0 0 -1
    outer loop
      vertex -81.95004781556585 2.8617587296050795 -29.7
      vertex -81.80025212130559 5.720030847018275 -29.7
      vertex -64.5 15 -29.7
    endloop
  endfacet
  facet normal 0 0 -1
    outer loop
      vertex -81.80025212130559 5.720030847018275 -29.7
      vertex -81.55079542019841 8.571333987947584 -29.7
      vertex -64.5 15 -29.7
    endloop
  endfacet
  facet normal 0 0 -1
    outer loop
      vertex -81.55079542019841 8.571333987947584 -29.7
      vertex -81.20198163680877 11.412194278725366 -29.7
      vertex -64.5 15 -29.7
    endloop
  endfacet
  facet normal 0 0 -1
    outer loop
      vertex -81.20198163680877 11.412194278725366 -29.7
      vertex -80.75423574700106 14.239150568688288 -29.7
      vertex -64.5 15 -29.7
    endloop
  endfacet
  facet normal 0 0 -1
    outer loop
      vertex -80.75423574700106 14.239150568688288 -29.7
      vertex -80.60634159933544 15 -29.7
      vertex -64.5 15 -29.7
    endloop
  endfacet
  facet normal 0 1 -2.4424906541753444e-14
    outer loop
      vertex -80.60634159933544 15 -29.7
      vertex -80.60634159933542 15.000000000000098 -25.7
      vertex -64.5 15 -29.7
    endloop
  endfacet
  facet normal 5.510563690000136e-15 1 -8.99362691751633e-15
    outer loop
      vertex -80.60634159933542 15.000000000000098 -25.7
      vertex -74.65653891931741 15.000000000000062 -26.004701340400835
      vertex -74.30598274532342 15.000000000000059 -26.18493469563673
    endloop
  endfacet
  facet normal 6.004301783010798e-15 1 6.474341462693787e-16
    outer loop
      vertex -80.60634159933542 15.000000000000098 -25.7
      vertex -74.97711715820901 15.000000000000064 -25.775347277402037
      vertex -74.65653891931741 15.000000000000062 -26.004701340400835
    endloop
  endfacet
  facet normal 6.080045928683319e-15 1 6.306308770456742e-15
    outer loop
      vertex -80.60634159933542 15.000000000000098 -25.7
      vertex -75.05526840934823 15.000000000000064 -25.7
      vertex -74.97711715820901 15.000000000000064 -25.775347277402037
    endloop
  endfacet
  facet normal 0 0 -1
    outer loop
      vertex -64.5 15 -29.7
      vertex -64.5 0.2814361285289883 -29.7
      vertex -81.99375514471691 0.35776751955787517 -29.7
    endloop
  endfacet
  facet normal 1 0 0
    outer loop
      vertex -64.5 15 -25.7
      vertex -64.5 0.2814361285289883 -25.7
      vertex -64.5 0.2814361285289883 -29.7
    endloop
  endfacet
  facet normal 1 0 0
    outer loop
      vertex -64.5 15 -29.7
      vertex -64.5 15 -25.7
      vertex -64.5 0.2814361285289883 -29.7
    endloop
  endfacet
  facet normal 6.264275627249928e-15 1 7.987342394661842e-16
    outer loop
      vertex -80.60634159933542 15.000000000000098 -25.7
      vertex -74.30598274532342 15.000000000000059 -26.18493469563673
      vertex -64.5 15 -29.7
    endloop
  endfacet
  facet normal -1.9213760871421515e-14 1 -7.027738089858497e-14
    outer loop
      vertex -73.93292013245754 15.000000000000057 -26.312205982055048
      vertex -64.5 15 -29.7
      vertex -74.30598274532342 15.000000000000059 -26.18493469563673
    endloop
  endfacet
  facet normal 3.0544377569544617e-15 1 -8.274160501321632e-15
    outer loop
      vertex -73.93292013245754 15.000000000000057 -26.312205982055048
      vertex -73.54530226262025 15.000000000000055 -26.38380263314785
      vertex -64.5 15 -29.7
    endloop
  endfacet
  facet normal 4.334768481909716e-15 1 -4.7819140750080295e-15
    outer loop
      vertex -73.54530226262025 15.000000000000055 -26.38380263314785
      vertex -73.15139053774432 15.000000000000053 -26.398198690599646
      vertex -64.5 15 -29.7
    endloop
  endfacet
  facet normal 8.41674719748056e-15 1 5.913699841741223e-15
    outer loop
      vertex -73.15139053774432 15.000000000000053 -26.398198690599646
      vertex -72.75958050235552 15.00000000000005 -26.35508732743956
      vertex -64.5 15 -29.7
    endloop
  endfacet
  facet normal 5.1930341620413235e-15 1 -2.046602844523342e-15
    outer loop
      vertex -72.75958050235552 15.00000000000005 -26.35508732743956
      vertex -72.37822290711709 15.000000000000048 -26.255387387525545
      vertex -64.5 15 -29.7
    endloop
  endfacet
  facet normal 5.483729992321658e-15 1 -1.3817482420567954e-15
    outer loop
      vertex -72.37822290711709 15.000000000000048 -26.255387387525545
      vertex -72.01544572707748 15.000000000000046 -26.1012238019828
      vertex -64.5 15 -29.7
    endloop
  endfacet
  facet normal 5.7646770902219675e-15 1 -7.9503694069468e-16
    outer loop
      vertex -64.5 15 -29.7
      vertex -72.01544572707748 15.000000000000046 -26.1012238019828
      vertex -71.67898092799352 15.000000000000044 -25.895882299986027
    endloop
  endfacet
  facet normal 6.715389631208299e-15 1 9.991102802811825e-16
    outer loop
      vertex -64.5 15 -29.7
      vertex -71.67898092799352 15.000000000000044 -25.895882299986027
      vertex -71.4436038454169 15.000000000000043 -25.7
    endloop
  endfacet
  facet normal 6.139832440721034e-15 1 0
    outer loop
      vertex -64.5 15 -29.7
      vertex -71.4436038454169 15.000000000000043 -25.7
      vertex -64.5 15 -25.7
    endloop
  endfacet
  facet normal 0 0 -1
    outer loop
      vertex -80.60634159933542 15.000000000000098 -25.7
      vertex -80.20810326017207 17.048758647056268 -25.7
      vertex -79.56424955463172 19.837595439172755 -25.7
    endloop
  endfacet
  facet normal -0.9743700647852352 0.22495105434386498 0
    outer loop
      vertex -80.20810326017207 17.048758647056268 -25.7
      vertex -80.20810326017207 17.048758647056268 -25.5
      vertex -79.56424955463172 19.837595439172755 -25.5
    endloop
  endfacet
  facet normal -0.9743700647852352 0.22495105434386498 1.388006474165684e-16
    outer loop
      vertex -80.20810326017207 17.048758647056268 -25.7
      vertex -79.56424955463172 19.837595439172755 -25.5
      vertex -79.56424955463172 19.837595439172755 -25.7
    endloop
  endfacet
  facet normal 0 0 -1
    outer loop
      vertex -80.60634159933542 15.000000000000098 -25.7
      vertex -79.56424955463172 19.837595439172755 -25.7
      vertex -78.82345906694215 22.602263176993933 -25.7
    endloop
  endfacet
  facet normal -0.9659258262890681 0.25881904510252146 0
    outer loop
      vertex -79.56424955463172 19.837595439172755 -25.7
      vertex -79.56424955463172 19.837595439172755 -25.5
      vertex -78.82345906694215 22.602263176993933 -25.5
    endloop
  endfacet
  facet normal 0 0 -1
    outer loop
      vertex -80.60634159933542 15.000000000000098 -25.7
      vertex -78.82345906694215 22.602263176993933 -25.7
      vertex -77.98663433620258 25.339393538745686 -25.7
    endloop
  endfacet
  facet normal -0.9659258262890681 0.25881904510252146 -4.6964301395196905e-17
    outer loop
      vertex -79.56424955463172 19.837595439172755 -25.7
      vertex -78.82345906694215 22.602263176993933 -25.5
      vertex -78.82345906694215 22.602263176993933 -25.7
    endloop
  endfacet
  facet normal 0 0 -1
    outer loop
      vertex -80.60634159933542 15.000000000000098 -25.7
      vertex -76.02907607447656 30.717740660104784 -25.7
      vertex -75.05526840934823 15.000000000000064 -25.7
    endloop
  endfacet
  facet normal 0 0 -1
    outer loop
      vertex -80.60634159933542 15.000000000000098 -25.7
      vertex -77.98663433620258 25.339393538745686 -25.7
      vertex -77.05479490444449 28.045651752704835 -25.7
    endloop
  endfacet
  facet normal -0.9563047559630343 0.2923717047227406 0
    outer loop
      vertex -78.82345906694215 22.602263176993933 -25.7
      vertex -78.82345906694215 22.602263176993933 -25.5
      vertex -77.98663433620258 25.339393538745686 -25.5
    endloop
  endfacet
  facet normal -0.9563047559630343 0.2923717047227406 1.817775113075695e-16
    outer loop
      vertex -78.82345906694215 22.602263176993933 -25.7
      vertex -77.98663433620258 25.339393538745686 -25.5
      vertex -77.98663433620258 25.339393538745686 -25.7
    endloop
  endfacet
  facet normal 0 0 -1
    outer loop
      vertex -80.60634159933542 15.000000000000098 -25.7
      vertex -77.05479490444449 28.045651752704835 -25.7
      vertex -76.02907607447656 30.717740660104784 -25.7
    endloop
  endfacet
  facet normal 0 0 -1
    outer loop
      vertex -64.46070834273168 2.2510175373113124 -25.7
      vertex -64.49508788822244 0.28141469526198715 -25.7
      vertex -64.5 0.2814361285289883 -25.7
    endloop
  endfacet
  facet normal 0 0 -1
    outer loop
      vertex -64.46070834273168 2.2510175373113124 -25.7
      vertex -64.5 0.2814361285289883 -25.7
      vertex -64.5 15 -25.7
    endloop
  endfacet
  facet normal 0 0 -1
    outer loop
      vertex -64.46070834273168 2.2510175373113124 -25.7
      vertex -64.5 15 -25.7
      vertex -64.34288124175866 4.499292556496082 -25.7
    endloop
  endfacet
  facet normal 0 0 -1
    outer loop
      vertex -64.34288124175866 4.499292556496082 -25.7
      vertex -64.5 15 -25.7
      vertex -64.14666225125363 6.742085880763649 -25.7
    endloop
  endfacet
  facet normal 0 0 -1
    outer loop
      vertex -71.4436038454169 15.000000000000043 -25.7
      vertex -71.4436038454169 35 -25.7
      vertex -64.5 15 -25.7
    endloop
  endfacet
  facet normal 0 0 -1
    outer loop
      vertex -64.14666225125363 6.742085880763649 -25.7
      vertex -62.8156443357562 52.70858399429622 -25.7
      vertex -63.87229043383129 8.97666501192422 -25.7
    endloop
  endfacet
  facet normal 0 0 -1
    outer loop
      vertex -63.87229043383129 8.97666501192422 -25.7
      vertex -62.8156443357562 52.70858399429622 -25.7
      vertex -63.520100069287416 11.200307459517006 -25.7
    endloop
  endfacet
  facet normal 0 0 -1
    outer loop
      vertex -64.14666225125363 6.742085880763649 -25.7
      vertex -64.5 15 -25.7
      vertex -62.8156443357562 52.70858399429622 -25.7
    endloop
  endfacet
  facet normal -0.9455185755993183 0.3255681544571524 0
    outer loop
      vertex -77.98663433620258 25.339393538745686 -25.7
      vertex -77.98663433620258 25.339393538745686 -25.5
      vertex -77.05479490444449 28.045651752704835 -25.5
    endloop
  endfacet
  facet normal 0 0 -1
    outer loop
      vertex -75.05526840934823 15.000000000000064 -25.7
      vertex -76.02907607447656 30.717740660104784 -25.7
      vertex -75.05526840934822 33.01188775185468 -25.7
    endloop
  endfacet
  facet normal -0.9455185755993183 0.3255681544571524 2.1016067843245762e-16
    outer loop
      vertex -77.98663433620258 25.339393538745686 -25.7
      vertex -77.05479490444449 28.045651752704835 -25.5
      vertex -77.05479490444449 28.045651752704835 -25.7
    endloop
  endfacet
  facet normal -0.9335804264972009 0.3583679495453029 0
    outer loop
      vertex -77.05479490444449 28.045651752704835 -25.7
      vertex -77.05479490444449 28.045651752704835 -25.5
      vertex -76.02907607447656 30.717740660104784 -25.5
    endloop
  endfacet
  facet normal -0.9335804264972009 0.3583679495453029 -8.329418722329575e-17
    outer loop
      vertex -77.05479490444449 28.045651752704835 -25.7
      vertex -76.02907607447656 30.717740660104784 -25.5
      vertex -76.02907607447656 30.717740660104784 -25.7
    endloop
  endfacet
  facet normal -0.9205048534524402 0.3907311284892743 0
    outer loop
      vertex -76.02907607447656 30.717740660104784 -25.7
      vertex -76.02907607447656 30.717740660104784 -25.5
      vertex -75.6789696807423 31.542539636073673 -25.5
    endloop
  endfacet
  facet normal -0.9205048534524383 0.3907311284892787 -2.1482039785980966e-14
    outer loop
      vertex -76.02907607447656 30.717740660104784 -25.7
      vertex -75.6789696807423 31.542539636073673 -25.5
      vertex -75.26088489340822 32.527485671429574 -25.501760790300047
    endloop
  endfacet
  facet normal -0.9205048534524336 0.39073112848928976 0
    outer loop
      vertex -75.6789696807423 31.542539636073673 -25.5
      vertex -75.6789696807423 31.542539636073673 -25.4
      vertex -75.33946202049141 32.342369560690976 -25.4
    endloop
  endfacet
  facet normal -0.9205048534524386 0.3907311284892777 -1.1177497300427169e-14
    outer loop
      vertex -76.02907607447656 30.717740660104784 -25.7
      vertex -75.26088489340822 32.527485671429574 -25.501760790300047
      vertex -75.05526840934822 33.01188775185468 -25.7
    endloop
  endfacet
  facet normal -0.9205048534524382 0.39073112848927893 1.0274018599535316e-13
    outer loop
      vertex -75.6789696807423 31.542539636073673 -25.5
      vertex -75.33946202049141 32.342369560690976 -25.4
      vertex -75.26088489340822 32.527485671429574 -25.501760790300047
    endloop
  endfacet
  facet normal -0.9205048534524538 0.3907311284892419 0
    outer loop
      vertex -75.26342306141575 32.52150612232416 -21.9015262474417
      vertex -75.26342306141575 32.52150612232416 -17.75
      vertex -75.26088489340822 32.52748567142957 -21.898239209699952
    endloop
  endfacet
  facet normal -0.9205048534524432 0.3907311284892671 2.416548539690294e-16
    outer loop
      vertex -75.26088489340822 32.52748567142957 -21.898239209699952
      vertex -74.91072752669326 33.35240473221562 -17.75
      vertex -74.97711715820901 33.19600056174308 -21.62465272259796
    endloop
  endfacet
  facet normal -0.9205048534524427 0.3907311284892679 4.4380724061328965e-17
    outer loop
      vertex -75.26088489340822 32.52748567142957 -21.898239209699952
      vertex -75.26342306141575 32.52150612232416 -17.75
      vertex -74.91072752669326 33.35240473221562 -17.75
    endloop
  endfacet
  facet normal 0 0 -1
    outer loop
      vertex -63.520100069287416 11.200307459517006 -25.7
      vertex -62.8156443357562 52.70858399429622 -25.7
      vertex -63.09052024733047 13.410304057745478 -25.7
    endloop
  endfacet
  facet normal 0 0 -1
    outer loop
      vertex -74.14244123578548 35 -25.7
      vertex -73.70111179653169 35.94643403670435 -25.7
      vertex -72.40170261443201 38.49666814844305 -25.7
    endloop
  endfacet
  facet normal -0.9063077870366487 0.42261826174070183 0
    outer loop
      vertex -74.14244123578548 35 -25.7
      vertex -74.14244123578548 35 -21.15927269051276
      vertex -73.70111179653169 35.94643403670435 -25.7
    endloop
  endfacet
  facet normal -0.8910065241883686 0.4539904997395455 1.0207799559254235e-18
    outer loop
      vertex -73.70111179653169 35.94643403670435 -25.7
      vertex -72.40170261443201 38.49666814844305 -17.75
      vertex -72.40170261443201 38.49666814844305 -25.7
    endloop
  endfacet
  facet normal 0 0 -1
    outer loop
      vertex -64.5 15 -25.7
      vertex -71.4436038454169 35 -25.7
      vertex -64.6168817957512 50.48424097670398 -25.7
    endloop
  endfacet
  facet normal 0 0 -1
    outer loop
      vertex -63.09052024733047 13.410304057745478 -25.7
      vertex -62.8156443357562 52.70858399429622 -25.7
      vertex -62.58407434480177 15.603962266178568 -25.7
    endloop
  endfacet
  facet normal 0 0 -1
    outer loop
      vertex -62.58407434480177 15.603962266178568 -25.7
      vertex -62.8156443357562 52.70858399429622 -25.7
      vertex -62.00137938802157 17.778609450196445 -25.7
    endloop
  endfacet
  facet normal 0 0 -1
    outer loop
      vertex -62.00137938802157 17.778609450196445 -25.7
      vertex -60.93787568914633 54.86870972142638 -25.7
      vertex -61.3431453010374 19.93159613718411 -25.7
    endloop
  endfacet
  facet normal 0 0 -1
    outer loop
      vertex -61.3431453010374 19.93159613718411 -25.7
      vertex -60.93787568914633 54.86870972142638 -25.7
      vertex -60.61017404069109 22.060299244505632 -25.7
    endloop
  endfacet
  facet normal 0 0 -1
    outer loop
      vertex -60.61017404069109 22.060299244505632 -25.7
      vertex -60.93787568914633 54.86870972142638 -25.7
      vertex -59.80335861955779 24.162125275326325 -25.7
    endloop
  endfacet
  facet normal 0 0 -1
    outer loop
      vertex -59.80335861955779 24.162125275326325 -25.7
      vertex -58.9858636277694 56.96198637763777 -25.7
      vertex -58.923682017947755 26.234513478389115 -25.7
    endloop
  endfacet
  facet normal 0 0 -1
    outer loop
      vertex -58.923682017947755 26.234513478389115 -25.7
      vertex -58.9858636277694 56.96198637763777 -25.7
      vertex -57.97221598629628 28.274938967895498 -25.7
    endloop
  endfacet
  facet normal -0.920504853452441 0.3907311284892721 -1.2683229072609954e-18
    outer loop
      vertex -74.97711715820901 33.19600056174308 -21.62465272259796
      vertex -74.91072752669326 33.35240473221562 -17.75
      vertex -74.91072752669326 33.35240473221562 -21.577155014139095
    endloop
  endfacet
  facet normal -0.9063077870366505 0.42261826174069855 0
    outer loop
      vertex -74.91072752669326 33.35240473221562 -21.577155014139095
      vertex -74.91072752669326 33.35240473221562 -17.75
      vertex -74.65653891931741 33.89751395984782 -21.395298659599163
    endloop
  endfacet
  facet normal -0.9063077870366488 0.4226182617407019 0
    outer loop
      vertex -73.70111179653169 35.94643403670435 -25.7
      vertex -74.14244123578548 35 -21.15927269051276
      vertex -73.70111179653169 35.94643403670435 -17.75
    endloop
  endfacet
  facet normal -0.9063077870366514 0.4226182617406961 2.4177253720144097e-16
    outer loop
      vertex -74.65653891931741 33.89751395984782 -21.395298659599163
      vertex -73.70111179653169 35.94643403670435 -17.75
      vertex -74.30598274532342 34.6492841010053 -21.215065304363268
    endloop
  endfacet
  facet normal -0.9063077870366582 0.4226182617406819 6.770970648458363e-15
    outer loop
      vertex -74.30598274532342 34.6492841010053 -21.215065304363268
      vertex -73.70111179653169 35.94643403670435 -17.75
      vertex -74.14244123578548 35 -21.15927269051276
    endloop
  endfacet
  facet normal -0.8910065241883686 0.4539904997395455 0
    outer loop
      vertex -73.70111179653169 35.94643403670435 -25.7
      vertex -73.70111179653169 35.94643403670435 -17.75
      vertex -72.40170261443201 38.49666814844305 -17.75
    endloop
  endfacet
  facet normal -0.9063077870366512 0.42261826174069694 -2.877210637735557e-16
    outer loop
      vertex -74.65653891931741 33.89751395984782 -21.395298659599163
      vertex -74.91072752669326 33.35240473221562 -17.75
      vertex -73.70111179653169 35.94643403670435 -17.75
    endloop
  endfacet
  facet normal 0 0 -1
    outer loop
      vertex -74.14244123578548 35 -25.7
      vertex -72.40170261443201 38.49666814844305 -25.7
      vertex -71.01408311032397 41 -25.7
    endloop
  endfacet
  facet normal 0 0 -1
    outer loop
      vertex -74.14244123578548 35 -25.7
      vertex -71.01408311032397 41 -25.7
      vertex -69.53994388482693 43.4533796671228 -25.7
    endloop
  endfacet
  facet normal 0 0 -1
    outer loop
      vertex -74.14244123578548 35 -25.7
      vertex -64.6168817957512 50.48424097670398 -25.7
      vertex -71.4436038454169 35 -25.7
    endloop
  endfacet
  facet normal -0.8746197071393946 0.48480962024633917 6.6119701716513166e-18
    outer loop
      vertex -72.40170261443201 38.49666814844305 -25.7
      vertex -71.01408311032397 41 -17.75
      vertex -71.01408311032397 41 -25.7
    endloop
  endfacet
  facet normal 0 0 -1
    outer loop
      vertex -74.14244123578548 35 -25.7
      vertex -69.53994388482693 43.4533796671228 -25.7
      vertex -67.98108094951343 45.853818084601244 -25.7
    endloop
  endfacet
  facet normal 0 0 -1
    outer loop
      vertex -74.14244123578548 35 -25.7
      vertex -67.98108094951343 45.853818084601244 -25.7
      vertex -66.3393935387457 48.198390687982794 -25.7
    endloop
  endfacet
  facet normal -0.8571673007021118 0.5150380749100549 -2.2267937565526476e-19
    outer loop
      vertex -71.01408311032397 41 -25.7
      vertex -69.53994388482693 43.4533796671228 -17.75
      vertex -69.53994388482693 43.4533796671228 -25.7
    endloop
  endfacet
  facet normal 0 0 -1
    outer loop
      vertex -64.5 15 -25.7
      vertex -64.6168817957512 50.48424097670398 -25.7
      vertex -62.8156443357562 52.70858399429622 -25.7
    endloop
  endfacet
  facet normal 0 0 -1
    outer loop
      vertex -74.14244123578548 35 -25.7
      vertex -66.3393935387457 48.198390687982794 -25.7
      vertex -64.6168817957512 50.48424097670398 -25.7
    endloop
  endfacet
  facet normal -0.8386705679454265 0.5446390350150231 -3.516962458687593e-18
    outer loop
      vertex -69.53994388482693 43.4533796671228 -25.7
      vertex -67.98108094951343 45.853818084601244 -17.75
      vertex -67.98108094951343 45.853818084601244 -25.7
    endloop
  endfacet
  facet normal -0.819152044288991 0.5735764363510472 -3.7635866268066536e-18
    outer loop
      vertex -67.98108094951343 45.853818084601244 -25.7
      vertex -66.3393935387457 48.198390687982794 -17.75
      vertex -66.3393935387457 48.198390687982794 -25.7
    endloop
  endfacet
  facet normal -0.7986355100472914 0.60181502315205 -2.937958160094961e-18
    outer loop
      vertex -66.3393935387457 48.198390687982794 -25.7
      vertex -64.6168817957512 50.48424097670398 -17.75
      vertex -64.6168817957512 50.48424097670398 -25.7
    endloop
  endfacet
  facet normal 0 0 -1
    outer loop
      vertex -57.97221598629628 28.274938967895498 -25.7
      vertex -56.96198637763777 58.9858636277694 -25.7
      vertex -56.95011973940079 30.280915799689957 -25.7
    endloop
  endfacet
  facet normal 0 0 -1
    outer loop
      vertex -62.00137938802157 17.778609450196445 -25.7
      vertex -62.8156443357562 52.70858399429622 -25.7
      vertex -60.93787568914633 54.86870972142638 -25.7
    endloop
  endfacet
  facet normal 0 0 -1
    outer loop
      vertex -56.95011973940079 30.280915799689957 -25.7
      vertex -56.96198637763777 58.9858636277694 -25.7
      vertex -55.85863854409629 32.25 -25.7
    endloop
  endfacet
  facet normal 0 0 -1
    outer loop
      vertex -55.85863854409629 32.25 -25.7
      vertex -54.86870972142638 60.93787568914633 -25.7
      vertex -54.69910220208948 34.179792543041714 -25.7
    endloop
  endfacet
  facet normal 0 0 -1
    outer loop
      vertex -54.69910220208948 34.179792543041714 -25.7
      vertex -54.86870972142638 60.93787568914633 -25.7
      vertex -53.47292342980019 36.067942273863174 -25.7
    endloop
  endfacet
  facet normal 0 0 -1
    outer loop
      vertex -59.80335861955779 24.162125275326325 -25.7
      vertex -60.93787568914633 54.86870972142638 -25.7
      vertex -58.9858636277694 56.96198637763777 -25.7
    endloop
  endfacet
  facet normal 0 0 -1
    outer loop
      vertex -57.97221598629628 28.274938967895498 -25.7
      vertex -58.9858636277694 56.96198637763777 -25.7
      vertex -56.96198637763777 58.9858636277694 -25.7
    endloop
  endfacet
  facet normal 0 0 -1
    outer loop
      vertex -53.47292342980019 36.067942273863174 -25.7
      vertex -52.70858399429622 62.8156443357562 -25.7
      vertex -52.18159613718411 37.91214877286452 -25.7
    endloop
  endfacet
  facet normal 0 0 -1
    outer loop
      vertex -52.18159613718411 37.91214877286452 -25.7
      vertex -50.48424097670398 64.6168817957512 -25.7
      vertex -50.826693607633565 39.71016515850496 -25.7
    endloop
  endfacet
  facet normal -0.8746197071393946 0.48480962024633917 0
    outer loop
      vertex -72.40170261443201 38.49666814844305 -25.7
      vertex -72.40170261443201 38.49666814844305 -17.75
      vertex -71.01408311032397 41 -17.75
    endloop
  endfacet
  facet normal -0.8571673007021118 0.5150380749100549 0
    outer loop
      vertex -71.01408311032397 41 -25.7
      vertex -71.01408311032397 41 -17.75
      vertex -69.53994388482693 43.4533796671228 -17.75
    endloop
  endfacet
  facet normal -0.8386705679454265 0.5446390350150231 0
    outer loop
      vertex -69.53994388482693 43.4533796671228 -25.7
      vertex -69.53994388482693 43.4533796671228 -17.75
      vertex -67.98108094951343 45.853818084601244 -17.75
    endloop
  endfacet
  facet normal -0.819152044288991 0.5735764363510472 0
    outer loop
      vertex -67.98108094951343 45.853818084601244 -25.7
      vertex -67.98108094951343 45.853818084601244 -17.75
      vertex -66.3393935387457 48.198390687982794 -17.75
    endloop
  endfacet
  facet normal -0.7986355100472914 0.60181502315205 0
    outer loop
      vertex -66.3393935387457 48.198390687982794 -25.7
      vertex -66.3393935387457 48.198390687982794 -17.75
      vertex -64.6168817957512 50.48424097670398 -17.75
    endloop
  endfacet
  facet normal 0 0 -1
    outer loop
      vertex -50.826693607633565 39.71016515850496 -25.7
      vertex -50.48424097670398 64.6168817957512 -25.7
      vertex -49.40986658117408 41.45980082478178 -25.7
    endloop
  endfacet
  facet normal -0.7771459614569701 0.6293203910498383 5.225465828619023e-19
    outer loop
      vertex -64.6168817957512 50.48424097670398 -25.7
      vertex -62.8156443357562 52.70858399429622 -17.75
      vertex -62.8156443357562 52.70858399429622 -25.7
    endloop
  endfacet
  facet normal -0.7313537016191686 0.6819983600625006 -3.907780092905912e-16
    outer loop
      vertex -60.853918247674116 54.95874305463491 -25.4
      vertex -60.120464784273864 55.74527559904457 -25.4
      vertex -60.120464784273864 55.74527559904457 -25.5
    endloop
  endfacet
  facet normal -0.7313537016191689 0.6819983600625001 1.403422896805109e-15
    outer loop
      vertex -60.93787568914633 54.86870972142638 -25.7
      vertex -60.853918247674116 54.95874305463491 -25.4
      vertex -58.9858636277694 56.96198637763777 -25.7
    endloop
  endfacet
  facet normal -0.731353701619166 0.6819983600625034 4.067140000813388e-14
    outer loop
      vertex -60.853918247674116 54.95874305463491 -25.4
      vertex -60.120464784273864 55.74527559904457 -25.5
      vertex -58.9858636277694 56.96198637763777 -25.7
    endloop
  endfacet
  facet normal -0.7547095802227743 0.6560590289905045 1.600770689135557e-17
    outer loop
      vertex -62.8156443357562 52.70858399429622 -25.7
      vertex -60.93787568914633 54.86870972142638 -17.75
      vertex -60.93787568914633 54.86870972142638 -25.7
    endloop
  endfacet
  facet normal -0.7313537016191666 0.6819983600625027 0
    outer loop
      vertex -60.93787568914633 54.86870972142638 -25.7
      vertex -60.93787568914633 54.86870972142638 -17.75
      vertex -60.853918247674116 54.95874305463491 -25.4
    endloop
  endfacet
  facet normal 0 0 -1
    outer loop
      vertex -55.85863854409629 32.25 -25.7
      vertex -56.96198637763777 58.9858636277694 -25.7
      vertex -54.86870972142638 60.93787568914633 -25.7
    endloop
  endfacet
  facet normal 0 0 -1
    outer loop
      vertex -53.47292342980019 36.067942273863174 -25.7
      vertex -54.86870972142638 60.93787568914633 -25.7
      vertex -52.70858399429622 62.8156443357562 -25.7
    endloop
  endfacet
  facet normal 0 0 -1
    outer loop
      vertex -52.18159613718411 37.91214877286452 -25.7
      vertex -52.70858399429622 62.8156443357562 -25.7
      vertex -50.48424097670398 64.6168817957512 -25.7
    endloop
  endfacet
  facet normal -0.7313537016191692 0.6819983600624998 7.420314833643477e-17
    outer loop
      vertex -60.120464784273864 55.74527559904457 -25.5
      vertex -58.9858636277694 56.96198637763777 -25.5
      vertex -58.9858636277694 56.96198637763777 -25.7
    endloop
  endfacet
  facet normal -0.7071067811865475 0.7071067811865475 0
    outer loop
      vertex -58.9858636277694 56.96198637763777 -25.7
      vertex -58.9858636277694 56.96198637763777 -25.5
      vertex -56.96198637763777 58.9858636277694 -25.5
    endloop
  endfacet
  facet normal -0.7071067811865475 0.7071067811865475 -6.685823482134985e-16
    outer loop
      vertex -58.9858636277694 56.96198637763777 -25.7
      vertex -56.96198637763777 58.9858636277694 -25.5
      vertex -56.96198637763777 58.9858636277694 -25.7
    endloop
  endfacet
  facet normal -0.6819983600625001 0.7313537016191688 0
    outer loop
      vertex -56.96198637763777 58.9858636277694 -25.7
      vertex -56.96198637763777 58.9858636277694 -25.5
      vertex -54.86870972142638 60.93787568914633 -25.5
    endloop
  endfacet
  facet normal -0.6819983600625001 0.7313537016191688 -8.493242145614235e-18
    outer loop
      vertex -56.96198637763777 58.9858636277694 -25.7
      vertex -54.86870972142638 60.93787568914633 -25.5
      vertex -54.86870972142638 60.93787568914633 -25.7
    endloop
  endfacet
  facet normal -0.6560590289905046 0.7547095802227743 0
    outer loop
      vertex -54.86870972142638 60.93787568914633 -25.7
      vertex -54.86870972142638 60.93787568914633 -25.5
      vertex -52.70858399429622 62.8156443357562 -25.5
    endloop
  endfacet
  facet normal -0.6560590289905046 0.7547095802227743 6.363063489313862e-16
    outer loop
      vertex -54.86870972142638 60.93787568914633 -25.7
      vertex -52.70858399429622 62.8156443357562 -25.5
      vertex -52.70858399429622 62.8156443357562 -25.7
    endloop
  endfacet
  facet normal -0.7771459614569701 0.6293203910498383 0
    outer loop
      vertex -64.6168817957512 50.48424097670398 -25.7
      vertex -64.6168817957512 50.48424097670398 -17.75
      vertex -62.8156443357562 52.70858399429622 -17.75
    endloop
  endfacet
  facet normal -0.7547095802227743 0.6560590289905045 0
    outer loop
      vertex -62.8156443357562 52.70858399429622 -25.7
      vertex -62.8156443357562 52.70858399429622 -17.75
      vertex -60.93787568914633 54.86870972142638 -17.75
    endloop
  endfacet
  facet normal -0.7313537016191666 0.6819983600625027 0
    outer loop
      vertex -60.853918247674116 54.95874305463491 -25.4
      vertex -60.93787568914633 54.86870972142638 -17.75
      vertex -60.853918247674116 54.95874305463491 -17.75
    endloop
  endfacet
  facet normal -0.6293203910498383 0.7771459614569702 0
    outer loop
      vertex -52.70858399429622 62.8156443357562 -25.7
      vertex -52.70858399429622 62.8156443357562 -25.5
      vertex -50.48424097670398 64.6168817957512 -25.5
    endloop
  endfacet
  facet normal -0.6293203910498383 0.7771459614569702 2.077122666876069e-17
    outer loop
      vertex -52.70858399429622 62.8156443357562 -25.7
      vertex -50.48424097670398 64.6168817957512 -25.5
      vertex -50.48424097670398 64.6168817957512 -25.7
    endloop
  endfacet
  facet normal 0 0 -1
    outer loop
      vertex -49.40986658117408 41.45980082478178 -25.7
      vertex -48.198390687982794 66.3393935387457 -25.7
      vertex -47.93284124329193 43.15892411014636 -25.7
    endloop
  endfacet
  facet normal 0 0 -1
    outer loop
      vertex -47.93284124329193 43.15892411014636 -25.7
      vertex -48.198390687982794 66.3393935387457 -25.7
      vertex -46.397417121843 44.80546489460532 -25.7
    endloop
  endfacet
  facet normal 0 0 -1
    outer loop
      vertex -46.397417121843 44.80546489460532 -25.7
      vertex -45.853818084601244 67.98108094951343 -25.7
      vertex -44.80546489460532 46.397417121843 -25.7
    endloop
  endfacet
  facet normal 0 0 -1
    outer loop
      vertex -44.80546489460532 46.397417121843 -25.7
      vertex -43.4533796671228 69.53994388482693 -25.7
      vertex -43.15892411014636 47.93284124329193 -25.7
    endloop
  endfacet
  facet normal 0 0 -1
    outer loop
      vertex -43.15892411014636 47.93284124329193 -25.7
      vertex -43.4533796671228 69.53994388482693 -25.7
      vertex -41.45980082478178 49.40986658117408 -25.7
    endloop
  endfacet
  facet normal 0 0 -1
    outer loop
      vertex -50.48424097670398 64.6168817957512 -25.7
      vertex -48.198390687982794 66.3393935387457 -25.7
      vertex -49.40986658117408 41.45980082478178 -25.7
    endloop
  endfacet
  facet normal 0 0 -1
    outer loop
      vertex -46.397417121843 44.80546489460532 -25.7
      vertex -48.198390687982794 66.3393935387457 -25.7
      vertex -45.853818084601244 67.98108094951343 -25.7
    endloop
  endfacet
  facet normal 0 0 -1
    outer loop
      vertex -44.80546489460532 46.397417121843 -25.7
      vertex -45.853818084601244 67.98108094951343 -25.7
      vertex -43.4533796671228 69.53994388482693 -25.7
    endloop
  endfacet
  facet normal 0 0 -1
    outer loop
      vertex -41.45980082478178 49.40986658117408 -25.7
      vertex -41 71.01408311032397 -25.7
      vertex -39.71016515850496 50.826693607633565 -25.7
    endloop
  endfacet
  facet normal 0 0 -1
    outer loop
      vertex -39.71016515850496 50.826693607633565 -25.7
      vertex -38.49666814844305 72.40170261443201 -25.7
      vertex -37.91214877286452 52.18159613718411 -25.7
    endloop
  endfacet
  facet normal 0 0 -1
    outer loop
      vertex -37.91214877286452 52.18159613718411 -25.7
      vertex -35.94643403670435 73.70111179653169 -25.7
      vertex -36.067942273863174 53.47292342980019 -25.7
    endloop
  endfacet
  facet normal 0 0 -1
    outer loop
      vertex -36.067942273863174 53.47292342980019 -25.7
      vertex -35.94643403670435 73.70111179653169 -25.7
      vertex -34.179792543041714 54.69910220208948 -25.7
    endloop
  endfacet
  facet normal 0 0 -1
    outer loop
      vertex -34.179792543041714 54.69910220208948 -25.7
      vertex -33.35240473221562 74.91072752669326 -25.7
      vertex -32.25 55.85863854409629 -25.7
    endloop
  endfacet
  facet normal -0.60181502315205 0.7986355100472915 0
    outer loop
      vertex -50.48424097670398 64.6168817957512 -25.7
      vertex -50.48424097670398 64.6168817957512 -25.5
      vertex -48.198390687982794 66.3393935387457 -25.5
    endloop
  endfacet
  facet normal -0.60181502315205 0.7986355100472915 -1.1678383686377512e-16
    outer loop
      vertex -50.48424097670398 64.6168817957512 -25.7
      vertex -48.198390687982794 66.3393935387457 -25.5
      vertex -48.198390687982794 66.3393935387457 -25.7
    endloop
  endfacet
  facet normal -0.5735764363510485 0.81915204428899 0
    outer loop
      vertex -48.198390687982794 66.3393935387457 -25.7
      vertex -48.198390687982794 66.3393935387457 -25.5
      vertex -46.61338732591772 67.4492248409514 -25.5
    endloop
  endfacet
  facet normal -0.5735764363510473 0.8191520442889911 -1.7440008411227798e-14
    outer loop
      vertex -48.198390687982794 66.3393935387457 -25.7
      vertex -46.61338732591772 67.4492248409514 -25.5
      vertex -45.853818084601244 67.98108094951343 -25.7
    endloop
  endfacet
  facet normal -0.5735764363510442 0.8191520442889931 0
    outer loop
      vertex -46.61338732591772 67.4492248409514 -25.5
      vertex -46.61338732591772 67.4492248409514 -25.4
      vertex -45.853818084601244 67.98108094951343 -25.7
    endloop
  endfacet
  facet normal -0.5735764363510442 0.8191520442889932 -2.382266444523449e-17
    outer loop
      vertex -46.61338732591772 67.4492248409514 -25.4
      vertex -45.853818084601244 67.98108094951343 -25.4
      vertex -45.853818084601244 67.98108094951343 -25.7
    endloop
  endfacet
  facet normal -0.5446390350150029 0.8386705679454396 0
    outer loop
      vertex -45.853818084601244 67.98108094951343 -25.7
      vertex -45.853818084601244 67.98108094951343 -25.4
      vertex -45.738779552178755 68.05578784597888 -25.4
    endloop
  endfacet
  facet normal -0.5446390350150231 0.8386705679454266 1.0953427854783007e-14
    outer loop
      vertex -45.853818084601244 67.98108094951343 -25.7
      vertex -45.738779552178755 68.05578784597888 -25.4
      vertex -43.4533796671228 69.53994388482693 -25.7
    endloop
  endfacet
  facet normal 0 0 -1
    outer loop
      vertex -41.45980082478178 49.40986658117408 -25.7
      vertex -43.4533796671228 69.53994388482693 -25.7
      vertex -41 71.01408311032397 -25.7
    endloop
  endfacet
  facet normal 0 0 -1
    outer loop
      vertex -39.71016515850496 50.826693607633565 -25.7
      vertex -41 71.01408311032397 -25.7
      vertex -38.49666814844305 72.40170261443201 -25.7
    endloop
  endfacet
  facet normal -0.5446390350150241 0.8386705679454259 -9.89672984546589e-18
    outer loop
      vertex -45.738779552178755 68.05578784597888 -25.4
      vertex -43.4533796671228 69.53994388482693 -17.75
      vertex -43.4533796671228 69.53994388482693 -25.7
    endloop
  endfacet
  facet normal -0.5150380749100549 0.8571673007021118 -2.2267937565526476e-19
    outer loop
      vertex -43.4533796671228 69.53994388482693 -25.7
      vertex -41 71.01408311032397 -17.75
      vertex -41 71.01408311032397 -25.7
    endloop
  endfacet
  facet normal -0.48480962024633917 0.8746197071393946 6.6119701716513166e-18
    outer loop
      vertex -41 71.01408311032397 -25.7
      vertex -38.49666814844305 72.40170261443201 -17.75
      vertex -38.49666814844305 72.40170261443201 -25.7
    endloop
  endfacet
  facet normal 0 0 -1
    outer loop
      vertex -37.91214877286452 52.18159613718411 -25.7
      vertex -38.49666814844305 72.40170261443201 -25.7
      vertex -35.94643403670435 73.70111179653169 -25.7
    endloop
  endfacet
  facet normal 0 0 -1
    outer loop
      vertex -34.179792543041714 54.69910220208948 -25.7
      vertex -35.94643403670435 73.70111179653169 -25.7
      vertex -33.35240473221562 74.91072752669326 -25.7
    endloop
  endfacet
  facet normal 0 0 -1
    outer loop
      vertex -32.25 55.85863854409629 -25.7
      vertex -30.717740660104784 76.02907607447656 -25.7
      vertex -30.280915799689957 56.95011973940079 -25.7
    endloop
  endfacet
  facet normal 0 0 -1
    outer loop
      vertex -30.280915799689957 56.95011973940079 -25.7
      vertex -28.045651752704835 77.05479490444449 -25.7
      vertex -28.274938967895498 57.97221598629628 -25.7
    endloop
  endfacet
  facet normal 0 0 -1
    outer loop
      vertex -28.274938967895498 57.97221598629628 -25.7
      vertex -28.045651752704835 77.05479490444449 -25.7
      vertex -26.234513478389115 58.923682017947755 -25.7
    endloop
  endfacet
  facet normal 0 0 -1
    outer loop
      vertex -32.25 55.85863854409629 -25.7
      vertex -33.35240473221562 74.91072752669326 -25.7
      vertex -30.717740660104784 76.02907607447656 -25.7
    endloop
  endfacet
  facet normal -0.4539904997395455 0.8910065241883686 1.0207799559254235e-18
    outer loop
      vertex -38.49666814844305 72.40170261443201 -25.7
      vertex -35.94643403670435 73.70111179653169 -17.75
      vertex -35.94643403670435 73.70111179653169 -25.7
    endloop
  endfacet
  facet normal -0.4226182617406969 0.906307787036651 5.359209502309169e-19
    outer loop
      vertex -35.94643403670435 73.70111179653169 -25.7
      vertex -33.35240473221562 74.91072752669326 -17.75
      vertex -33.35240473221562 74.91072752669326 -25.7
    endloop
  endfacet
  facet normal 0 0 -1
    outer loop
      vertex -30.280915799689957 56.95011973940079 -25.7
      vertex -30.717740660104784 76.02907607447656 -25.7
      vertex -28.045651752704835 77.05479490444449 -25.7
    endloop
  endfacet
  facet normal 0 0 -1
    outer loop
      vertex -26.234513478389115 58.923682017947755 -25.7
      vertex -28.045651752704835 77.05479490444449 -25.7
      vertex -25.339393538745686 77.98663433620258 -25.7
    endloop
  endfacet
  facet normal -0.5446390350150241 0.8386705679454259 0
    outer loop
      vertex -45.738779552178755 68.05578784597888 -25.4
      vertex -45.738779552178755 68.05578784597888 -17.75
      vertex -43.4533796671228 69.53994388482693 -17.75
    endloop
  endfacet
  facet normal -0.5150380749100549 0.8571673007021118 0
    outer loop
      vertex -43.4533796671228 69.53994388482693 -25.7
      vertex -43.4533796671228 69.53994388482693 -17.75
      vertex -41 71.01408311032397 -17.75
    endloop
  endfacet
  facet normal -0.48480962024633917 0.8746197071393946 0
    outer loop
      vertex -41 71.01408311032397 -25.7
      vertex -41 71.01408311032397 -17.75
      vertex -38.49666814844305 72.40170261443201 -17.75
    endloop
  endfacet
  facet normal -0.4539904997395455 0.8910065241883686 0
    outer loop
      vertex -38.49666814844305 72.40170261443201 -25.7
      vertex -38.49666814844305 72.40170261443201 -17.75
      vertex -35.94643403670435 73.70111179653169 -17.75
    endloop
  endfacet
  facet normal -0.4226182617406969 0.906307787036651 0
    outer loop
      vertex -35.94643403670435 73.70111179653169 -25.7
      vertex -35.94643403670435 73.70111179653169 -17.75
      vertex -33.35240473221562 74.91072752669326 -17.75
    endloop
  endfacet
  facet normal 0 0 -1
    outer loop
      vertex -26.234513478389115 58.923682017947755 -25.7
      vertex -25.339393538745686 77.98663433620258 -25.7
      vertex -24.162125275326325 59.80335861955779 -25.7
    endloop
  endfacet
  facet normal 0 0 -1
    outer loop
      vertex -24.162125275326325 59.80335861955779 -25.7
      vertex -22.602263176993933 78.82345906694215 -25.7
      vertex -22.060299244505632 60.61017404069109 -25.7
    endloop
  endfacet
  facet normal 0 0 -1
    outer loop
      vertex -22.060299244505632 60.61017404069109 -25.7
      vertex -19.837595439172755 79.56424955463172 -25.7
      vertex -19.93159613718411 61.3431453010374 -25.7
    endloop
  endfacet
  facet normal 0 0 -1
    outer loop
      vertex -19.93159613718411 61.3431453010374 -25.7
      vertex -19.837595439172755 79.56424955463172 -25.7
      vertex -17.778609450196445 62.00137938802157 -25.7
    endloop
  endfacet
  facet normal 0 0 -1
    outer loop
      vertex -17.778609450196445 62.00137938802157 -25.7
      vertex -17.048758647056268 80.20810326017207 -25.7
      vertex -15.603962266178568 62.58407434480177 -25.7
    endloop
  endfacet
  facet normal 0 0 -1
    outer loop
      vertex -15.603962266178568 62.58407434480177 -25.7
      vertex -14.239150568688288 80.75423574700106 -25.7
      vertex -13.410304057745478 63.09052024733047 -25.7
    endloop
  endfacet
  facet normal 0 0 -1
    outer loop
      vertex -25.339393538745686 77.98663433620258 -25.7
      vertex -22.602263176993933 78.82345906694215 -25.7
      vertex -24.162125275326325 59.80335861955779 -25.7
    endloop
  endfacet
  facet normal 0 0 -1
    outer loop
      vertex -22.060299244505632 60.61017404069109 -25.7
      vertex -22.602263176993933 78.82345906694215 -25.7
      vertex -19.837595439172755 79.56424955463172 -25.7
    endloop
  endfacet
  facet normal 0 0 -1
    outer loop
      vertex -17.778609450196445 62.00137938802157 -25.7
      vertex -19.837595439172755 79.56424955463172 -25.7
      vertex -17.048758647056268 80.20810326017207 -25.7
    endloop
  endfacet
  facet normal 0 0 -1
    outer loop
      vertex -15.603962266178568 62.58407434480177 -25.7
      vertex -17.048758647056268 80.20810326017207 -25.7
      vertex -14.239150568688288 80.75423574700106 -25.7
    endloop
  endfacet
  facet normal 0 0 -1
    outer loop
      vertex -13.410304057745478 63.09052024733047 -25.7
      vertex -11.412194278725366 81.20198163680877 -25.7
      vertex -11.200307459517006 63.520100069287416 -25.7
    endloop
  endfacet
  facet normal 0 0 -1
    outer loop
      vertex -11.200307459517006 63.520100069287416 -25.7
      vertex -11.412194278725366 81.20198163680877 -25.7
      vertex -8.97666501192422 63.87229043383129 -25.7
    endloop
  endfacet
  facet normal 0 0 -1
    outer loop
      vertex -13.410304057745478 63.09052024733047 -25.7
      vertex -14.239150568688288 80.75423574700106 -25.7
      vertex -11.412194278725366 81.20198163680877 -25.7
    endloop
  endfacet
  facet normal 0 0 -1
    outer loop
      vertex -8.97666501192422 63.87229043383129 -25.7
      vertex -8.571333987947584 81.55079542019841 -25.7
      vertex -6.742085880763649 64.14666225125363 -25.7
    endloop
  endfacet
  facet normal 0 0 -1
    outer loop
      vertex -6.742085880763649 64.14666225125363 -25.7
      vertex -5.720030847018275 81.80025212130559 -25.7
      vertex -4.499292556496082 64.34288124175866 -25.7
    endloop
  endfacet
  facet normal 0 0 -1
    outer loop
      vertex -4.499292556496082 64.34288124175866 -25.7
      vertex -2.8617587296050795 81.95004781556585 -25.7
      vertex -2.2510175373113124 64.46070834273168 -25.7
    endloop
  endfacet
  facet normal -0.3907311284892749 0.9205048534524398 8.952010459942739e-18
    outer loop
      vertex -33.35240473221562 74.91072752669326 -25.7
      vertex -30.717740660104784 76.02907607447656 -17.75
      vertex -30.717740660104784 76.02907607447656 -25.7
    endloop
  endfacet
  facet normal -0.3583679495453028 0.9335804264972006 -2.0954512509005144e-18
    outer loop
      vertex -30.717740660104784 76.02907607447656 -25.7
      vertex -28.045651752704835 77.05479490444449 -17.75
      vertex -28.045651752704835 77.05479490444449 -25.7
    endloop
  endfacet
  facet normal -0.3907311284892749 0.9205048534524398 0
    outer loop
      vertex -33.35240473221562 74.91072752669326 -25.7
      vertex -33.35240473221562 74.91072752669326 -17.75
      vertex -30.717740660104784 76.02907607447656 -17.75
    endloop
  endfacet
  facet normal -0.3583679495453028 0.9335804264972006 0
    outer loop
      vertex -30.717740660104784 76.02907607447656 -25.7
      vertex -30.717740660104784 76.02907607447656 -17.75
      vertex -28.045651752704835 77.05479490444449 -17.75
    endloop
  endfacet
  facet normal -0.3255681544571524 0.9455185755993184 0
    outer loop
      vertex -28.045651752704835 77.05479490444449 -25.7
      vertex -28.045651752704835 77.05479490444449 -17.75
      vertex -25.339393538745686 77.98663433620258 -17.75
    endloop
  endfacet
  facet normal -0.3255681544571524 0.9455185755993184 5.287061092640425e-18
    outer loop
      vertex -28.045651752704835 77.05479490444449 -25.7
      vertex -25.339393538745686 77.98663433620258 -17.75
      vertex -25.339393538745686 77.98663433620258 -25.7
    endloop
  endfacet
  facet normal -0.2588190451025215 0.9659258262890681 1.2206358040991617e-14
    outer loop
      vertex -22.602263176993933 78.82345906694215 -25.7
      vertex -21.47920101841464 79.12438266538342 -25.4
      vertex -19.837595439172755 79.56424955463172 -25.7
    endloop
  endfacet
  facet normal -0.2588190451025238 0.9659258262890674 2.0704504408360268e-16
    outer loop
      vertex -21.47920101841464 79.12438266538342 -25.4
      vertex -20.468840134795162 79.39510804821326 -25.4
      vertex -20.468840134795162 79.39510804821326 -25.5
    endloop
  endfacet
  facet normal -0.2588190451025241 0.9659258262890674 -2.8067622037199504e-15
    outer loop
      vertex -21.47920101841464 79.12438266538342 -25.4
      vertex -20.468840134795162 79.39510804821326 -25.5
      vertex -19.837595439172755 79.56424955463172 -25.7
    endloop
  endfacet
  facet normal -0.29237170472274054 0.9563047559630343 4.573019152391669e-18
    outer loop
      vertex -25.339393538745686 77.98663433620258 -25.7
      vertex -22.602263176993933 78.82345906694215 -17.75
      vertex -22.602263176993933 78.82345906694215 -25.7
    endloop
  endfacet
  facet normal -0.25881904510251846 0.9659258262890689 0
    outer loop
      vertex -22.602263176993933 78.82345906694215 -25.7
      vertex -22.602263176993933 78.82345906694215 -17.75
      vertex -21.47920101841464 79.12438266538342 -25.4
    endloop
  endfacet
  facet normal -0.25881904510252324 0.9659258262890676 -5.0728117883316656e-18
    outer loop
      vertex -20.468840134795162 79.39510804821326 -25.5
      vertex -19.837595439172755 79.56424955463172 -25.5
      vertex -19.837595439172755 79.56424955463172 -25.7
    endloop
  endfacet
  facet normal -0.22495105434386498 0.9743700647852352 0
    outer loop
      vertex -19.837595439172755 79.56424955463172 -25.7
      vertex -19.837595439172755 79.56424955463172 -25.5
      vertex -17.048758647056268 80.20810326017207 -25.5
    endloop
  endfacet
  facet normal -0.22495105434386498 0.9743700647852352 1.388006474165684e-16
    outer loop
      vertex -19.837595439172755 79.56424955463172 -25.7
      vertex -17.048758647056268 80.20810326017207 -25.5
      vertex -17.048758647056268 80.20810326017207 -25.7
    endloop
  endfacet
  facet normal -0.19080899537654344 0.9816271834476641 0
    outer loop
      vertex -17.048758647056268 80.20810326017207 -25.7
      vertex -17.048758647056268 80.20810326017207 -25.5
      vertex -14.239150568688288 80.75423574700106 -25.5
    endloop
  endfacet
  facet normal -0.19080899537654344 0.9816271834476641 -7.593998224820503e-17
    outer loop
      vertex -17.048758647056268 80.20810326017207 -25.7
      vertex -14.239150568688288 80.75423574700106 -25.5
      vertex -14.239150568688288 80.75423574700106 -25.7
    endloop
  endfacet
  facet normal 0 0 -1
    outer loop
      vertex -8.97666501192422 63.87229043383129 -25.7
      vertex -11.412194278725366 81.20198163680877 -25.7
      vertex -8.571333987947584 81.55079542019841 -25.7
    endloop
  endfacet
  facet normal -0.15643446504023126 0.9876883405951378 0
    outer loop
      vertex -14.239150568688288 80.75423574700106 -25.7
      vertex -14.239150568688288 80.75423574700106 -25.5
      vertex -11.412194278725366 81.20198163680877 -25.5
    endloop
  endfacet
  facet normal -0.15643446504023126 0.9876883405951378 -2.012962842629064e-17
    outer loop
      vertex -14.239150568688288 80.75423574700106 -25.7
      vertex -11.412194278725366 81.20198163680877 -25.5
      vertex -11.412194278725366 81.20198163680877 -25.7
    endloop
  endfacet
  facet normal -0.12186934340514637 0.9925461516413222 0
    outer loop
      vertex -11.412194278725366 81.20198163680877 -25.7
      vertex -11.412194278725366 81.20198163680877 -25.5
      vertex -8.571333987947584 81.55079542019841 -25.5
    endloop
  endfacet
  facet normal -0.12186934340514637 0.9925461516413222 3.6201225279586014e-17
    outer loop
      vertex -11.412194278725366 81.20198163680877 -25.7
      vertex -8.571333987947584 81.55079542019841 -25.5
      vertex -8.571333987947584 81.55079542019841 -25.7
    endloop
  endfacet
  facet normal 0 0 -1
    outer loop
      vertex -6.742085880763649 64.14666225125363 -25.7
      vertex -8.571333987947584 81.55079542019841 -25.7
      vertex -5.720030847018275 81.80025212130559 -25.7
    endloop
  endfacet
  facet normal 0 0 -1
    outer loop
      vertex -4.499292556496082 64.34288124175866 -25.7
      vertex -5.720030847018275 81.80025212130559 -25.7
      vertex -2.8617587296050795 81.95004781556585 -25.7
    endloop
  endfacet
  facet normal -0.08715574274765933 0.9961946980917454 0
    outer loop
      vertex -8.571333987947584 81.55079542019841 -25.7
      vertex -8.571333987947584 81.55079542019841 -25.5
      vertex -5.720030847018275 81.80025212130559 -25.5
    endloop
  endfacet
  facet normal -0.08715574274765933 0.9961946980917454 -1.9154749745759993e-17
    outer loop
      vertex -8.571333987947584 81.55079542019841 -25.7
      vertex -5.720030847018275 81.80025212130559 -25.5
      vertex -5.720030847018275 81.80025212130559 -25.7
    endloop
  endfacet
  facet normal -0.05233595624294425 0.9986295347545739 0
    outer loop
      vertex -5.720030847018275 81.80025212130559 -25.7
      vertex -5.720030847018275 81.80025212130559 -25.5
      vertex -2.8617587296050795 81.95004781556585 -25.5
    endloop
  endfacet
  facet normal -0.05233595624294425 0.9986295347545739 1.6833273960308416e-17
    outer loop
      vertex -5.720030847018275 81.80025212130559 -25.7
      vertex -2.8617587296050795 81.95004781556585 -25.5
      vertex -2.8617587296050795 81.95004781556585 -25.7
    endloop
  endfacet
  facet normal -0.01745240643730769 0.9998476951563908 0
    outer loop
      vertex -2.8617587296050795 81.95004781556585 -25.7
      vertex -2.8617587296050795 81.95004781556585 -25.5
      vertex -2.6763324951999348 81.9532844425268 -25.5
    endloop
  endfacet
  facet normal -0.017452406437280146 0.9998476951563913 -2.5543758922256965e-14
    outer loop
      vertex -2.8617587296050795 81.95004781556585 -25.7
      vertex -2.6763324951999348 81.9532844425268 -25.5
      vertex -1.682764675924702 81.97062723332283 -25.4
    endloop
  endfacet
  facet normal -0.017452406437282717 0.9998476951563913 0
    outer loop
      vertex -2.6763324951999348 81.9532844425268 -25.5
      vertex -2.6763324951999348 81.9532844425268 -25.4
      vertex -1.682764675924702 81.97062723332283 -25.4
    endloop
  endfacet
  facet normal -0.29237170472274054 0.9563047559630343 0
    outer loop
      vertex -25.339393538745686 77.98663433620258 -25.7
      vertex -25.339393538745686 77.98663433620258 -17.75
      vertex -22.602263176993933 78.82345906694215 -17.75
    endloop
  endfacet
  facet normal -0.25881904510251846 0.9659258262890689 0
    outer loop
      vertex -21.47920101841464 79.12438266538342 -25.4
      vertex -22.602263176993933 78.82345906694215 -17.75
      vertex -21.47920101841464 79.12438266538342 -17.75
    endloop
  endfacet
  facet normal 0 0 -1
    outer loop
      vertex 57.66130844551364 32.56414452048967 -25.7
      vertex 61.808007078073985 18.441785904059383 -25.7
      vertex 61.79941021746567 18.439220840562264 -25.7
    endloop
  endfacet
  facet normal 0 0 -1
    outer loop
      vertex 61.3431453010374 19.93159613718411 -25.7
      vertex 57.66130844551364 32.56414452048967 -25.7
      vertex 61.79941021746567 18.439220840562264 -25.7
    endloop
  endfacet
  facet normal 0 0 -1
    outer loop
      vertex 61.3431453010374 19.93159613718411 -25.7
      vertex 60.61017404069109 22.060299244505632 -25.7
      vertex 57.66130844551364 32.56414452048967 -25.7
    endloop
  endfacet
  facet normal 0 0 -1
    outer loop
      vertex 57.97221598629628 28.274938967895498 -25.7
      vertex 57.66130844551364 32.56414452048967 -25.7
      vertex 58.923682017947755 26.234513478389115 -25.7
    endloop
  endfacet
  facet normal 0 0 -1
    outer loop
      vertex 56.95011973940079 30.280915799689957 -25.7
      vertex 57.66130844551364 32.56414452048967 -25.7
      vertex 57.97221598629628 28.274938967895498 -25.7
    endloop
  endfacet
  facet normal 0 0 -1
    outer loop
      vertex 59.80335861955779 24.162125275326325 -25.7
      vertex 57.66130844551364 32.56414452048967 -25.7
      vertex 60.61017404069109 22.060299244505632 -25.7
    endloop
  endfacet
  facet normal 0 0 -1
    outer loop
      vertex 59.80335861955779 24.162125275326325 -25.7
      vertex 58.923682017947755 26.234513478389115 -25.7
      vertex 57.66130844551364 32.56414452048967 -25.7
    endloop
  endfacet
  facet normal 0 0 -1
    outer loop
      vertex 56.95011973940079 30.280915799689957 -25.7
      vertex 55.85863854409629 32.25 -25.7
      vertex 56.96198637763777 58.9858636277694 -25.7
    endloop
  endfacet
  facet normal 0 0 -1
    outer loop
      vertex 56.95011973940079 30.280915799689957 -25.7
      vertex 56.96198637763777 58.9858636277694 -25.7
      vertex 57.66130844551364 32.56414452048967 -25.7
    endloop
  endfacet
  facet normal 0 0 -1
    outer loop
      vertex 54.69910220208948 34.179792543041714 -25.7
      vertex 53.47292342980019 36.067942273863174 -25.7
      vertex 54.86870972142638 60.93787568914633 -25.7
    endloop
  endfacet
  facet normal 0 0 -1
    outer loop
      vertex 54.69910220208948 34.179792543041714 -25.7
      vertex 56.96198637763777 58.9858636277694 -25.7
      vertex 55.85863854409629 32.25 -25.7
    endloop
  endfacet
  facet normal 0 0 -1
    outer loop
      vertex 50.826693607633565 39.71016515850496 -25.7
      vertex 52.70858399429622 62.8156443357562 -25.7
      vertex 52.18159613718411 37.91214877286452 -25.7
    endloop
  endfacet
  facet normal 0 0 -1
    outer loop
      vertex 47.93284124329193 43.15892411014636 -25.7
      vertex 50.48424097670398 64.6168817957512 -25.7
      vertex 49.40986658117408 41.45980082478178 -25.7
    endloop
  endfacet
  facet normal 0 0 -1
    outer loop
      vertex 49.40986658117408 41.45980082478178 -25.7
      vertex 52.70858399429622 62.8156443357562 -25.7
      vertex 50.826693607633565 39.71016515850496 -25.7
    endloop
  endfacet
  facet normal 0 0 -1
    outer loop
      vertex 53.47292342980019 36.067942273863174 -25.7
      vertex 52.18159613718411 37.91214877286452 -25.7
      vertex 54.86870972142638 60.93787568914633 -25.7
    endloop
  endfacet
  facet normal 0 0 -1
    outer loop
      vertex 57.66130844551364 32.56414452048967 -25.7
      vertex 56.96198637763777 58.9858636277694 -25.7
      vertex 58.68899640992517 53.71024325784291 -25.7
    endloop
  endfacet
  facet normal -5.409729292595479e-16 2.6290966261801892e-17 -1
    outer loop
      vertex 57.66130844551364 32.56414452048967 -25.7
      vertex 58.68899640992517 53.71024325784291 -25.7
      vertex 64.32364754675376 34.52038378555296 -25.700000000000003
    endloop
  endfacet
  facet normal 1.0744349921436225e-15 7.264506118799545e-16 -1
    outer loop
      vertex 67.78901431889832 35.53790727760291 -25.700000000000006
      vertex 62.7123622509527 52.82739644168608 -25.7
      vertex 72.40170261443201 38.49666814844305 -25.7
    endloop
  endfacet
  facet normal 0.8571673007021118 0.5150380749100549 8.851505182296805e-18
    outer loop
      vertex 69.53994388482693 43.4533796671228 -25.7
      vertex 71.01408311032397 41 -25.5
      vertex 71.01408311032397 41 -25.7
    endloop
  endfacet
  facet normal 0.8571673007021118 0.5150380749100549 0
    outer loop
      vertex 69.53994388482693 43.4533796671228 -25.7
      vertex 69.53994388482693 43.4533796671228 -25.5
      vertex 71.01408311032397 41 -25.5
    endloop
  endfacet
  facet normal 0.8191520442889911 0.5735764363510473 0
    outer loop
      vertex 67.98108094951343 45.853818084601244 -25.7
      vertex 66.3393935387457 48.198390687982794 -25.7
      vertex 67.98108094951343 45.853818084601244 -25.5
    endloop
  endfacet
  facet normal 0 0 -1
    outer loop
      vertex 71.01408311032397 41 -25.7
      vertex 72.40170261443201 38.49666814844305 -25.7
      vertex 62.7123622509527 52.82739644168608 -25.7
    endloop
  endfacet
  facet normal 0.8386705679454267 0.5446390350150232 1.397992577328323e-16
    outer loop
      vertex 67.98108094951343 45.853818084601244 -25.7
      vertex 69.53994388482693 43.4533796671228 -25.5
      vertex 69.53994388482693 43.4533796671228 -25.7
    endloop
  endfacet
  facet normal 0.8386705679454267 0.5446390350150232 0
    outer loop
      vertex 67.98108094951343 45.853818084601244 -25.7
      vertex 67.98108094951343 45.853818084601244 -25.5
      vertex 69.53994388482693 43.4533796671228 -25.5
    endloop
  endfacet
  facet normal 0 0 -1
    outer loop
      vertex 69.53994388482693 43.4533796671228 -25.7
      vertex 71.01408311032397 41 -25.7
      vertex 62.7123622509527 52.82739644168608 -25.7
    endloop
  endfacet
  facet normal 0 0 -1
    outer loop
      vertex 67.98108094951343 45.853818084601244 -25.7
      vertex 69.53994388482693 43.4533796671228 -25.7
      vertex 62.7123622509527 52.82739644168608 -25.7
    endloop
  endfacet
  facet normal 0.8191520442889911 0.5735764363510473 1.49602568415565e-16
    outer loop
      vertex 67.98108094951343 45.853818084601244 -25.5
      vertex 66.3393935387457 48.198390687982794 -25.7
      vertex 66.3393935387457 48.198390687982794 -25.5
    endloop
  endfacet
  facet normal 0 0 -1
    outer loop
      vertex 67.98108094951343 45.853818084601244 -25.7
      vertex 62.7123622509527 52.82739644168608 -25.7
      vertex 66.3393935387457 48.198390687982794 -25.7
    endloop
  endfacet
  facet normal 0.7986355100472915 0.60181502315205 0
    outer loop
      vertex 66.3393935387457 48.198390687982794 -25.7
      vertex 64.6168817957512 50.48424097670398 -25.7
      vertex 66.3393935387457 48.198390687982794 -25.5
    endloop
  endfacet
  facet normal 0.7986355100472915 0.60181502315205 1.1678383686377512e-16
    outer loop
      vertex 66.3393935387457 48.198390687982794 -25.5
      vertex 64.6168817957512 50.48424097670398 -25.7
      vertex 64.6168817957512 50.48424097670398 -25.5
    endloop
  endfacet
  facet normal -2.5311227808320206e-15 6.347490927163294e-15 -1
    outer loop
      vertex 67.78901431889832 35.53790727760291 -25.700000000000006
      vertex 72.40170261443201 38.49666814844305 -25.7
      vertex 73.11277746371047 37.10110517904864 -25.70000000000001
    endloop
  endfacet
  facet normal 0.8910065241883695 0.4539904997395434 0
    outer loop
      vertex 73.11277746371047 37.10110517904864 -25.70000000000001
      vertex 72.40170261443201 38.49666814844305 -25.7
      vertex 73.11277746371047 37.10110517904864 -25.5
    endloop
  endfacet
  facet normal 0.8910065241883695 0.4539904997395434 1.612470624579634e-16
    outer loop
      vertex 73.11277746371047 37.10110517904864 -25.5
      vertex 72.40170261443201 38.49666814844305 -25.7
      vertex 72.40170261443201 38.49666814844305 -25.5
    endloop
  endfacet
  facet normal 0.8746197071393946 0.48480962024633917 -2.6282581432314076e-16
    outer loop
      vertex 71.01408311032397 41 -25.7
      vertex 72.40170261443201 38.49666814844305 -25.5
      vertex 72.40170261443201 38.49666814844305 -25.7
    endloop
  endfacet
  facet normal 0.8746197071393946 0.48480962024633917 0
    outer loop
      vertex 71.01408311032397 41 -25.7
      vertex 71.01408311032397 41 -25.5
      vertex 72.40170261443201 38.49666814844305 -25.5
    endloop
  endfacet
  facet normal 0 0 -1
    outer loop
      vertex -2.2510175373113124 64.46070834273168 -25.7
      vertex 0 82 -25.7
      vertex 0 64.5 -25.7
    endloop
  endfacet
  facet normal 0 0 -1
    outer loop
      vertex 0 64.5 -25.7
      vertex 2.8617587296050795 81.95004781556585 -25.7
      vertex 2.2510175373113124 64.46070834273168 -25.7
    endloop
  endfacet
  facet normal 0 0 -1
    outer loop
      vertex 2.2510175373113124 64.46070834273168 -25.7
      vertex 5.720030847018275 81.80025212130559 -25.7
      vertex 4.499292556496082 64.34288124175866 -25.7
    endloop
  endfacet
  facet normal 0 0 -1
    outer loop
      vertex 4.499292556496082 64.34288124175866 -25.7
      vertex 8.571333987947584 81.55079542019841 -25.7
      vertex 6.742085880763649 64.14666225125363 -25.7
    endloop
  endfacet
  facet normal 0 0 -1
    outer loop
      vertex 6.742085880763649 64.14666225125363 -25.7
      vertex 11.412194278725366 81.20198163680877 -25.7
      vertex 8.97666501192422 63.87229043383129 -25.7
    endloop
  endfacet
  facet normal 0 0 -1
    outer loop
      vertex 15.603962266178568 62.58407434480177 -25.7
      vertex 13.410304057745478 63.09052024733047 -25.7
      vertex 17.048758647056268 80.20810326017207 -25.7
    endloop
  endfacet
  facet normal 0 0 -1
    outer loop
      vertex 15.603962266178568 62.58407434480177 -25.7
      vertex 19.837595439172755 79.56424955463172 -25.7
      vertex 17.778609450196445 62.00137938802157 -25.7
    endloop
  endfacet
  facet normal 0 0 -1
    outer loop
      vertex 17.778609450196445 62.00137938802157 -25.7
      vertex 22.602263176993933 78.82345906694215 -25.7
      vertex 19.93159613718411 61.3431453010374 -25.7
    endloop
  endfacet
  facet normal 0 0 -1
    outer loop
      vertex 19.93159613718411 61.3431453010374 -25.7
      vertex 22.602263176993933 78.82345906694215 -25.7
      vertex 22.060299244505632 60.61017404069109 -25.7
    endloop
  endfacet
  facet normal 0 0 -1
    outer loop
      vertex 8.97666501192422 63.87229043383129 -25.7
      vertex 11.412194278725366 81.20198163680877 -25.7
      vertex 11.200307459517006 63.520100069287416 -25.7
    endloop
  endfacet
  facet normal 0 0 -1
    outer loop
      vertex 11.200307459517006 63.520100069287416 -25.7
      vertex 14.239150568688288 80.75423574700106 -25.7
      vertex 13.410304057745478 63.09052024733047 -25.7
    endloop
  endfacet
  facet normal 0 0 -1
    outer loop
      vertex 11.200307459517006 63.520100069287416 -25.7
      vertex 11.412194278725366 81.20198163680877 -25.7
      vertex 14.239150568688288 80.75423574700106 -25.7
    endloop
  endfacet
  facet normal 0 0 -1
    outer loop
      vertex 13.410304057745478 63.09052024733047 -25.7
      vertex 14.239150568688288 80.75423574700106 -25.7
      vertex 17.048758647056268 80.20810326017207 -25.7
    endloop
  endfacet
  facet normal 0 0 -1
    outer loop
      vertex 15.603962266178568 62.58407434480177 -25.7
      vertex 17.048758647056268 80.20810326017207 -25.7
      vertex 19.837595439172755 79.56424955463172 -25.7
    endloop
  endfacet
  facet normal 0 0 -1
    outer loop
      vertex 17.778609450196445 62.00137938802157 -25.7
      vertex 19.837595439172755 79.56424955463172 -25.7
      vertex 22.602263176993933 78.82345906694215 -25.7
    endloop
  endfacet
  facet normal 0 0 -1
    outer loop
      vertex 30.280915799689957 56.95011973940079 -25.7
      vertex 33.35240473221562 74.91072752669326 -25.7
      vertex 32.25 55.85863854409629 -25.7
    endloop
  endfacet
  facet normal 0 0 -1
    outer loop
      vertex 32.25 55.85863854409629 -25.7
      vertex 35.94643403670435 73.70111179653169 -25.7
      vertex 34.179792543041714 54.69910220208948 -25.7
    endloop
  endfacet
  facet normal 0 0 -1
    outer loop
      vertex 41.45980082478178 49.40986658117408 -25.7
      vertex 43.4533796671228 69.53994388482693 -25.7
      vertex 43.15892411014636 47.93284124329193 -25.7
    endloop
  endfacet
  facet normal 0 0 -1
    outer loop
      vertex 43.15892411014636 47.93284124329193 -25.7
      vertex 45.853818084601244 67.98108094951343 -25.7
      vertex 44.80546489460532 46.397417121843 -25.7
    endloop
  endfacet
  facet normal 0 0 -1
    outer loop
      vertex 37.91214877286452 52.18159613718411 -25.7
      vertex 41 71.01408311032397 -25.7
      vertex 39.71016515850496 50.826693607633565 -25.7
    endloop
  endfacet
  facet normal 0 0 -1
    outer loop
      vertex 36.067942273863174 53.47292342980019 -25.7
      vertex 38.49666814844305 72.40170261443201 -25.7
      vertex 37.91214877286452 52.18159613718411 -25.7
    endloop
  endfacet
  facet normal 0 0 -1
    outer loop
      vertex 34.179792543041714 54.69910220208948 -25.7
      vertex 38.49666814844305 72.40170261443201 -25.7
      vertex 36.067942273863174 53.47292342980019 -25.7
    endloop
  endfacet
  facet normal 0 0 -1
    outer loop
      vertex 41.45980082478178 49.40986658117408 -25.7
      vertex 39.71016515850496 50.826693607633565 -25.7
      vertex 43.4533796671228 69.53994388482693 -25.7
    endloop
  endfacet
  facet normal 0 0 -1
    outer loop
      vertex 44.80546489460532 46.397417121843 -25.7
      vertex 45.853818084601244 67.98108094951343 -25.7
      vertex 48.198390687982794 66.3393935387457 -25.7
    endloop
  endfacet
  facet normal 0 0 -1
    outer loop
      vertex 43.15892411014636 47.93284124329193 -25.7
      vertex 43.4533796671228 69.53994388482693 -25.7
      vertex 45.853818084601244 67.98108094951343 -25.7
    endloop
  endfacet
  facet normal 0 0 -1
    outer loop
      vertex 24.162125275326325 59.80335861955779 -25.7
      vertex 28.045651752704835 77.05479490444449 -25.7
      vertex 26.234513478389115 58.923682017947755 -25.7
    endloop
  endfacet
  facet normal 0 0 -1
    outer loop
      vertex 22.060299244505632 60.61017404069109 -25.7
      vertex 25.339393538745686 77.98663433620258 -25.7
      vertex 24.162125275326325 59.80335861955779 -25.7
    endloop
  endfacet
  facet normal 0 0 -1
    outer loop
      vertex 28.274938967895498 57.97221598629628 -25.7
      vertex 30.717740660104784 76.02907607447656 -25.7
      vertex 30.280915799689957 56.95011973940079 -25.7
    endloop
  endfacet
  facet normal 0 0 -1
    outer loop
      vertex 26.234513478389115 58.923682017947755 -25.7
      vertex 30.717740660104784 76.02907607447656 -25.7
      vertex 28.274938967895498 57.97221598629628 -25.7
    endloop
  endfacet
  facet normal 0 0 -1
    outer loop
      vertex 32.25 55.85863854409629 -25.7
      vertex 33.35240473221562 74.91072752669326 -25.7
      vertex 35.94643403670435 73.70111179653169 -25.7
    endloop
  endfacet
  facet normal 0 0 -1
    outer loop
      vertex 24.162125275326325 59.80335861955779 -25.7
      vertex 25.339393538745686 77.98663433620258 -25.7
      vertex 28.045651752704835 77.05479490444449 -25.7
    endloop
  endfacet
  facet normal 0 0 -1
    outer loop
      vertex 22.060299244505632 60.61017404069109 -25.7
      vertex 22.602263176993933 78.82345906694215 -25.7
      vertex 25.339393538745686 77.98663433620258 -25.7
    endloop
  endfacet
  facet normal 0 0 -1
    outer loop
      vertex 26.234513478389115 58.923682017947755 -25.7
      vertex 28.045651752704835 77.05479490444449 -25.7
      vertex 30.717740660104784 76.02907607447656 -25.7
    endloop
  endfacet
  facet normal 0 0 -1
    outer loop
      vertex 30.280915799689957 56.95011973940079 -25.7
      vertex 30.717740660104784 76.02907607447656 -25.7
      vertex 33.35240473221562 74.91072752669326 -25.7
    endloop
  endfacet
  facet normal 0.42261826174069694 0.9063077870366513 0
    outer loop
      vertex 33.35240473221562 74.91072752669326 -25.7
      vertex 33.35240473221562 74.91072752669326 -25.5
      vertex 35.94643403670435 73.70111179653169 -25.5
    endloop
  endfacet
  facet normal 0 0 -1
    outer loop
      vertex 37.91214877286452 52.18159613718411 -25.7
      vertex 38.49666814844305 72.40170261443201 -25.7
      vertex 41 71.01408311032397 -25.7
    endloop
  endfacet
  facet normal 0 0 -1
    outer loop
      vertex 34.179792543041714 54.69910220208948 -25.7
      vertex 35.94643403670435 73.70111179653169 -25.7
      vertex 38.49666814844305 72.40170261443201 -25.7
    endloop
  endfacet
  facet normal 0 0 -1
    outer loop
      vertex 39.71016515850496 50.826693607633565 -25.7
      vertex 41 71.01408311032397 -25.7
      vertex 43.4533796671228 69.53994388482693 -25.7
    endloop
  endfacet
  facet normal 0.5446390350150231 0.8386705679454265 0
    outer loop
      vertex 45.853818084601244 67.98108094951343 -25.7
      vertex 43.4533796671228 69.53994388482693 -25.7
      vertex 45.853818084601244 67.98108094951343 -17.75
    endloop
  endfacet
  facet normal 0.48480962024633917 0.8746197071393946 0
    outer loop
      vertex 38.49666814844305 72.40170261443201 -25.7
      vertex 38.49666814844305 72.40170261443201 -25.5
      vertex 41 71.01408311032397 -25.5
    endloop
  endfacet
  facet normal 0.48480962024633917 0.8746197071393946 -2.6282581432314076e-16
    outer loop
      vertex 38.49666814844305 72.40170261443201 -25.7
      vertex 41 71.01408311032397 -25.5
      vertex 41 71.01408311032397 -25.7
    endloop
  endfacet
  facet normal 0.45399049973954547 0.8910065241883685 0
    outer loop
      vertex 35.94643403670435 73.70111179653169 -25.7
      vertex 35.94643403670435 73.70111179653169 -25.5
      vertex 38.49666814844305 72.40170261443201 -25.5
    endloop
  endfacet
  facet normal 0.42261826174069694 0.9063077870366513 -2.1302857771679027e-17
    outer loop
      vertex 33.35240473221562 74.91072752669326 -25.7
      vertex 35.94643403670435 73.70111179653169 -25.5
      vertex 35.94643403670435 73.70111179653169 -25.7
    endloop
  endfacet
  facet normal 0.45399049973954547 0.8910065241883685 -4.057600324803572e-17
    outer loop
      vertex 35.94643403670435 73.70111179653169 -25.7
      vertex 38.49666814844305 72.40170261443201 -25.5
      vertex 38.49666814844305 72.40170261443201 -25.7
    endloop
  endfacet
  facet normal 0.5150380749100634 0.8571673007021068 -7.496753864627136e-14
    outer loop
      vertex 41 71.01408311032397 -25.7
      vertex 41.98132340621089 70.42444452100186 -25.5
      vertex 42.90245960283094 69.87097005569204 -25.4
    endloop
  endfacet
  facet normal 0.515038074910055 0.8571673007021119 -2.8893082126562362e-15
    outer loop
      vertex 41 71.01408311032397 -25.7
      vertex 42.90245960283094 69.87097005569204 -25.4
      vertex 43.4533796671228 69.53994388482693 -25.7
    endloop
  endfacet
  facet normal 0.5150380749100573 0.8571673007021103 0
    outer loop
      vertex 41.98132340621089 70.42444452100186 -25.5
      vertex 41.98132340621089 70.42444452100186 -25.4
      vertex 42.90245960283094 69.87097005569204 -25.4
    endloop
  endfacet
  facet normal 0.5150380749100522 0.8571673007021136 0
    outer loop
      vertex 41 71.01408311032397 -25.7
      vertex 41 71.01408311032397 -25.5
      vertex 41.98132340621089 70.42444452100186 -25.5
    endloop
  endfacet
  facet normal 0.515038074910056 0.8571673007021111 -3.897358115663096e-19
    outer loop
      vertex 42.90245960283094 69.87097005569204 -25.4
      vertex 43.4533796671228 69.53994388482693 -17.75
      vertex 43.4533796671228 69.53994388482693 -25.7
    endloop
  endfacet
  facet normal 0.515038074910056 0.8571673007021112 0
    outer loop
      vertex 42.90245960283094 69.87097005569204 -25.4
      vertex 42.90245960283094 69.87097005569204 -17.75
      vertex 43.4533796671228 69.53994388482693 -17.75
    endloop
  endfacet
  facet normal 0.5446390350150231 0.8386705679454265 0
    outer loop
      vertex 43.4533796671228 69.53994388482693 -25.7
      vertex 43.4533796671228 69.53994388482693 -17.75
      vertex 45.853818084601244 67.98108094951343 -17.75
    endloop
  endfacet
  facet normal 0 0 -1
    outer loop
      vertex -2.2510175373113124 64.46070834273168 -25.7
      vertex -2.8617587296050795 81.95004781556585 -25.7
      vertex 0 82 -25.7
    endloop
  endfacet
  facet normal 0 0 -1
    outer loop
      vertex 0 64.5 -25.7
      vertex 0 82 -25.7
      vertex 2.8617587296050795 81.95004781556585 -25.7
    endloop
  endfacet
  facet normal 0 0 -1
    outer loop
      vertex 2.2510175373113124 64.46070834273168 -25.7
      vertex 2.8617587296050795 81.95004781556585 -25.7
      vertex 5.720030847018275 81.80025212130559 -25.7
    endloop
  endfacet
  facet normal 0 0 -1
    outer loop
      vertex 4.499292556496082 64.34288124175866 -25.7
      vertex 5.720030847018275 81.80025212130559 -25.7
      vertex 8.571333987947584 81.55079542019841 -25.7
    endloop
  endfacet
  facet normal 0 0 -1
    outer loop
      vertex 6.742085880763649 64.14666225125363 -25.7
      vertex 8.571333987947584 81.55079542019841 -25.7
      vertex 11.412194278725366 81.20198163680877 -25.7
    endloop
  endfacet
  facet normal -0.01745240643728252 0.9998476951563913 -1.6232593625411252e-14
    outer loop
      vertex -2.8617587296050795 81.95004781556585 -25.7
      vertex -1.682764675924702 81.97062723332283 -25.4
      vertex 0 82 -25.7
    endloop
  endfacet
  facet normal -0.017452406437279626 0.9998476951563914 1.2266835408981143e-19
    outer loop
      vertex -1.682764675924702 81.97062723332283 -25.4
      vertex 0 82 -17.75
      vertex 0 82 -25.7
    endloop
  endfacet
  facet normal 0.01745240643728252 0.9998476951563914 -2.3475628587359996e-19
    outer loop
      vertex 0 82 -25.7
      vertex 2.8617587296050795 81.95004781556585 -17.75
      vertex 2.8617587296050795 81.95004781556585 -25.7
    endloop
  endfacet
  facet normal 0.05233595624294424 0.9986295347545738 -6.270480717159093e-18
    outer loop
      vertex 2.8617587296050795 81.95004781556585 -25.7
      vertex 5.7200308470182755 81.80025212130559 -17.75
      vertex 5.720030847018275 81.80025212130559 -25.7
    endloop
  endfacet
  facet normal 0.08715574274765932 0.9961946980917453 -1.899229556901402e-17
    outer loop
      vertex 5.720030847018275 81.80025212130559 -25.7
      vertex 8.571333987947586 81.55079542019841 -17.75
      vertex 8.571333987947584 81.55079542019841 -25.7
    endloop
  endfacet
  facet normal 0.12186934340514637 0.9925461516413221 0
    outer loop
      vertex 11.412194278725366 81.20198163680877 -25.7
      vertex 8.571333987947584 81.55079542019841 -25.7
      vertex 11.412194278725366 81.20198163680877 -17.75
    endloop
  endfacet
  facet normal 0.15643446504023123 0.9876883405951377 5.064057465733475e-19
    outer loop
      vertex 11.412194278725366 81.20198163680877 -25.7
      vertex 14.239150568688288 80.75423574700106 -17.75
      vertex 14.239150568688288 80.75423574700106 -25.7
    endloop
  endfacet
  facet normal 0.22495105434386492 0.9743700647852351 -3.491840186580325e-18
    outer loop
      vertex 17.048758647056268 80.20810326017207 -25.7
      vertex 19.837595439172755 79.56424955463172 -17.75
      vertex 19.837595439172755 79.56424955463172 -25.7
    endloop
  endfacet
  facet normal 0.19080899537654344 0.9816271834476643 1.9104398049862834e-18
    outer loop
      vertex 14.239150568688288 80.75423574700106 -25.7
      vertex 17.048758647056268 80.20810326017207 -17.75
      vertex 17.048758647056268 80.20810326017207 -25.7
    endloop
  endfacet
  facet normal 0.25881904510252146 0.9659258262890681 1.1814918589986602e-18
    outer loop
      vertex 19.837595439172755 79.56424955463172 -25.7
      vertex 22.602263176993933 78.82345906694215 -17.75
      vertex 22.602263176993933 78.82345906694215 -25.7
    endloop
  endfacet
  facet normal 0.12186934340514644 0.9925461516413221 -2.7230621593830153e-17
    outer loop
      vertex 8.571333987947584 81.55079542019841 -25.7
      vertex 8.571333987947586 81.55079542019841 -17.75
      vertex 11.412194278725366 81.20198163680877 -17.75
    endloop
  endfacet
  facet normal -0.017452406437279622 0.9998476951563913 0
    outer loop
      vertex -1.682764675924702 81.97062723332283 -25.4
      vertex -1.682764675924702 81.97062723332283 -17.75
      vertex 0 82 -17.75
    endloop
  endfacet
  facet normal 0.01745240643728252 0.9998476951563914 0
    outer loop
      vertex 0 82 -25.7
      vertex 0 82 -17.75
      vertex 2.8617587296050795 81.95004781556585 -17.75
    endloop
  endfacet
  facet normal 0.05233595624294421 0.9986295347545737 0
    outer loop
      vertex 2.8617587296050795 81.95004781556585 -25.7
      vertex 2.8617587296050795 81.95004781556585 -17.75
      vertex 5.7200308470182755 81.80025212130559 -17.75
    endloop
  endfacet
  facet normal 0.08715574274765929 0.9961946980917454 -9.737088032881345e-18
    outer loop
      vertex 5.720030847018275 81.80025212130559 -25.7
      vertex 5.7200308470182755 81.80025212130559 -17.75
      vertex 8.571333987947586 81.55079542019841 -17.75
    endloop
  endfacet
  facet normal 0.15643446504023123 0.9876883405951377 0
    outer loop
      vertex 11.412194278725366 81.20198163680877 -25.7
      vertex 11.412194278725366 81.20198163680877 -17.75
      vertex 14.239150568688288 80.75423574700106 -17.75
    endloop
  endfacet
  facet normal 0.19080899537654344 0.9816271834476643 0
    outer loop
      vertex 14.239150568688288 80.75423574700106 -25.7
      vertex 14.239150568688288 80.75423574700106 -17.75
      vertex 17.048758647056268 80.20810326017207 -17.75
    endloop
  endfacet
  facet normal 0.22495105434386492 0.9743700647852351 0
    outer loop
      vertex 17.048758647056268 80.20810326017207 -25.7
      vertex 17.048758647056268 80.20810326017207 -17.75
      vertex 19.837595439172755 79.56424955463172 -17.75
    endloop
  endfacet
  facet normal 0.25881904510252146 0.9659258262890681 0
    outer loop
      vertex 19.837595439172755 79.56424955463172 -25.7
      vertex 19.837595439172755 79.56424955463172 -17.75
      vertex 22.602263176993933 78.82345906694215 -17.75
    endloop
  endfacet
  facet normal 0.32556815445716075 0.9455185755993153 7.747145207830299e-17
    outer loop
      vertex 25.339393538745686 77.98663433620258 -25.4
      vertex 25.676932546500247 77.8704103352703 -25.4
      vertex 25.676932546500247 77.8704103352703 -25.5
    endloop
  endfacet
  facet normal 0.2923717047227383 0.956304755963035 3.467473271136444e-17
    outer loop
      vertex 24.709757205599054 78.17913348140664 -25.4
      vertex 25.339393538745686 77.98663433620258 -25.4
      vertex 25.339393538745686 77.98663433620258 -25.7
    endloop
  endfacet
  facet normal 0.3255681544571608 0.9455185755993153 0
    outer loop
      vertex 25.339393538745686 77.98663433620258 -25.7
      vertex 25.339393538745686 77.98663433620258 -25.4
      vertex 25.676932546500247 77.8704103352703 -25.5
    endloop
  endfacet
  facet normal 0.3255681544571512 0.9455185755993186 1.8049424430217758e-14
    outer loop
      vertex 25.339393538745686 77.98663433620258 -25.7
      vertex 25.676932546500247 77.8704103352703 -25.5
      vertex 28.045651752704835 77.05479490444449 -25.5
    endloop
  endfacet
  facet normal 0.3255681544571524 0.9455185755993183 -2.1016067843245762e-16
    outer loop
      vertex 25.339393538745686 77.98663433620258 -25.7
      vertex 28.045651752704835 77.05479490444449 -25.5
      vertex 28.045651752704835 77.05479490444449 -25.7
    endloop
  endfacet
  facet normal 0.29237170472274054 0.9563047559630342 5.07821615801824e-15
    outer loop
      vertex 24.709757205599054 78.17913348140664 -25.4
      vertex 25.339393538745686 77.98663433620258 -25.7
      vertex 22.602263176993933 78.82345906694215 -25.7
    endloop
  endfacet
  facet normal 0.2923717047227412 0.9563047559630341 0
    outer loop
      vertex 24.709757205599054 78.17913348140664 -25.4
      vertex 22.602263176993933 78.82345906694215 -25.7
      vertex 24.709757205599054 78.17913348140664 -17.75
    endloop
  endfacet
  facet normal 0.3583679495453029 0.9335804264972009 0
    outer loop
      vertex 28.045651752704835 77.05479490444449 -25.7
      vertex 28.045651752704835 77.05479490444449 -25.5
      vertex 30.717740660104784 76.02907607447656 -25.5
    endloop
  endfacet
  facet normal 0.3583679495453029 0.9335804264972009 8.329418722329575e-17
    outer loop
      vertex 28.045651752704835 77.05479490444449 -25.7
      vertex 30.717740660104784 76.02907607447656 -25.5
      vertex 30.717740660104784 76.02907607447656 -25.7
    endloop
  endfacet
  facet normal 0.39073112848927494 0.9205048534524399 -3.5584241578272513e-16
    outer loop
      vertex 33.35240473221562 74.91072752669326 -25.5
      vertex 30.717740660104784 76.02907607447656 -25.7
      vertex 30.717740660104784 76.02907607447656 -25.5
    endloop
  endfacet
  facet normal 0.39073112848927494 0.9205048534524399 0
    outer loop
      vertex 33.35240473221562 74.91072752669326 -25.7
      vertex 30.717740660104784 76.02907607447656 -25.7
      vertex 33.35240473221562 74.91072752669326 -25.5
    endloop
  endfacet
  facet normal 0.2923717047227412 0.956304755963034 0
    outer loop
      vertex 22.602263176993933 78.82345906694215 -25.7
      vertex 22.602263176993933 78.82345906694215 -17.75
      vertex 24.709757205599054 78.17913348140664 -17.75
    endloop
  endfacet
  facet normal 0 0 -1
    outer loop
      vertex 47.93284124329193 43.15892411014636 -25.7
      vertex 46.397417121843 44.80546489460532 -25.7
      vertex 48.198390687982794 66.3393935387457 -25.7
    endloop
  endfacet
  facet normal 0 0 -1
    outer loop
      vertex 44.80546489460532 46.397417121843 -25.7
      vertex 48.198390687982794 66.3393935387457 -25.7
      vertex 46.397417121843 44.80546489460532 -25.7
    endloop
  endfacet
  facet normal 0 0 -1
    outer loop
      vertex 49.40986658117408 41.45980082478178 -25.7
      vertex 50.48424097670398 64.6168817957512 -25.7
      vertex 52.70858399429622 62.8156443357562 -25.7
    endloop
  endfacet
  facet normal 0 0 -1
    outer loop
      vertex 54.69910220208948 34.179792543041714 -25.7
      vertex 54.86870972142638 60.93787568914633 -25.7
      vertex 56.96198637763777 58.9858636277694 -25.7
    endloop
  endfacet
  facet normal 0 0 -1
    outer loop
      vertex 52.18159613718411 37.91214877286452 -25.7
      vertex 52.70858399429622 62.8156443357562 -25.7
      vertex 54.86870972142638 60.93787568914633 -25.7
    endloop
  endfacet
  facet normal 0 0 -1
    outer loop
      vertex 47.93284124329193 43.15892411014636 -25.7
      vertex 48.198390687982794 66.3393935387457 -25.7
      vertex 50.48424097670398 64.6168817957512 -25.7
    endloop
  endfacet
  facet normal 0 0 -1
    outer loop
      vertex 58.68899640992517 53.71024325784291 -25.7
      vertex 56.96198637763777 58.9858636277694 -25.7
      vertex 58.9858636277694 56.96198637763777 -25.7
    endloop
  endfacet
  facet normal 0.7071067811865476 0.7071067811865476 1.68196817160628e-17
    outer loop
      vertex 56.96198637763777 58.9858636277694 -25.7
      vertex 58.9858636277694 56.96198637763777 -17.75
      vertex 58.9858636277694 56.96198637763777 -25.7
    endloop
  endfacet
  facet normal 0.6560590289905045 0.7547095802227743 0
    outer loop
      vertex 54.86870972142638 60.93787568914633 -25.7
      vertex 52.70858399429622 62.8156443357562 -25.7
      vertex 54.86870972142638 60.93787568914633 -17.75
    endloop
  endfacet
  facet normal 0.6819983600625003 0.7313537016191689 2.1366646907205554e-19
    outer loop
      vertex 54.86870972142638 60.93787568914633 -25.7
      vertex 56.96198637763777 58.9858636277694 -17.75
      vertex 56.96198637763777 58.9858636277694 -25.7
    endloop
  endfacet
  facet normal 0 0 -1
    outer loop
      vertex 66.3393935387457 48.198390687982794 -25.7
      vertex 62.7123622509527 52.82739644168608 -25.7
      vertex 64.6168817957512 50.48424097670398 -25.7
    endloop
  endfacet
  facet normal 0.77714596145697 0.6293203910498385 -1.8634486231442552e-16
    outer loop
      vertex 63.73551209809519 51.572641910195536 -25.5
      vertex 64.6168817957512 50.48424097670398 -25.5
      vertex 64.6168817957512 50.48424097670398 -25.7
    endloop
  endfacet
  facet normal 0.7771459614569722 0.6293203910498356 4.2395660299020875e-14
    outer loop
      vertex 63.044544677789084 52.42591561278991 -25.501760790300047
      vertex 63.17302637969202 52.26725392444318 -25.4
      vertex 64.6168817957512 50.48424097670398 -25.7
    endloop
  endfacet
  facet normal 0.777145961456955 0.6293203910498569 -1.713155551796581e-13
    outer loop
      vertex 63.17302637969202 52.26725392444318 -25.4
      vertex 63.73551209809519 51.572641910195536 -25.5
      vertex 64.6168817957512 50.48424097670398 -25.7
    endloop
  endfacet
  facet normal 0.7547095802227752 0.6560590289905036 -6.206296502598748e-19
    outer loop
      vertex 62.7123622509527 52.82739644168608 -25.7
      vertex 62.8156443357562 52.70858399429622 -25.6367294502865
      vertex 62.8156443357562 52.70858399429622 -25.7
    endloop
  endfacet
  facet normal 0.7771459614569703 0.6293203910498383 1.389508460333344e-16
    outer loop
      vertex 63.044544677789084 52.42591561278991 -25.501760790300047
      vertex 62.8156443357562 52.70858399429622 -25.7
      vertex 62.8156443357562 52.70858399429622 -25.6367294502865
    endloop
  endfacet
  facet normal 0 0 -1
    outer loop
      vertex 62.7123622509527 52.82739644168608 -25.7
      vertex 62.8156443357562 52.70858399429622 -25.7
      vertex 64.6168817957512 50.48424097670398 -25.7
    endloop
  endfacet
  facet normal 0.7771459614569702 0.6293203910498383 1.954119504048326e-16
    outer loop
      vertex 63.044544677789084 52.42591561278991 -25.501760790300047
      vertex 64.6168817957512 50.48424097670398 -25.7
      vertex 62.8156443357562 52.70858399429622 -25.7
    endloop
  endfacet
  facet normal 0.7771459614569668 0.6293203910498424 -1.4735269665407682e-16
    outer loop
      vertex 63.17302637969202 52.26725392444318 -25.4
      vertex 63.73551209809519 51.572641910195536 -25.4
      vertex 63.73551209809519 51.572641910195536 -25.5
    endloop
  endfacet
  facet normal 0 0 -1
    outer loop
      vertex 58.68899640992517 53.71024325784291 -25.7
      vertex 60.93787568914633 54.86870972142638 -25.7
      vertex 61.28284638656985 54.471866329693356 -25.7
    endloop
  endfacet
  facet normal 0 0 -1
    outer loop
      vertex 58.68899640992517 53.71024325784291 -25.7
      vertex 58.9858636277694 56.96198637763777 -25.7
      vertex 60.93787568914633 54.86870972142638 -25.7
    endloop
  endfacet
  facet normal 0.7547095802227771 0.6560590289905014 2.4712898901008464e-18
    outer loop
      vertex 61.28284638656985 54.471866329693356 -25.7
      vertex 60.93787568914633 54.86870972142638 -25.7
      vertex 60.93787568914633 54.86870972142638 -17.75
    endloop
  endfacet
  facet normal 0.7313537016191689 0.6819983600625003 0
    outer loop
      vertex 60.93787568914633 54.86870972142638 -25.7
      vertex 58.9858636277694 56.96198637763777 -25.7
      vertex 60.93787568914633 54.86870972142638 -17.75
    endloop
  endfacet
  facet normal 0.7071067811865476 0.7071067811865476 0
    outer loop
      vertex 56.96198637763777 58.9858636277694 -25.7
      vertex 56.96198637763777 58.9858636277694 -17.75
      vertex 58.9858636277694 56.96198637763777 -17.75
    endloop
  endfacet
  facet normal 0.6560590289905045 0.7547095802227743 0
    outer loop
      vertex 52.70858399429622 62.8156443357562 -25.7
      vertex 52.70858399429622 62.8156443357562 -17.75
      vertex 54.86870972142638 60.93787568914633 -17.75
    endloop
  endfacet
  facet normal 0.6819983600625003 0.7313537016191689 0
    outer loop
      vertex 54.86870972142638 60.93787568914633 -25.7
      vertex 54.86870972142638 60.93787568914633 -17.75
      vertex 56.96198637763777 58.9858636277694 -17.75
    endloop
  endfacet
  facet normal 0.7771459614569703 0.6293203910498382 2.746161330132917e-16
    outer loop
      vertex 63.044544677789084 52.42591561278991 -21.898239209699952
      vertex 62.8156443357562 52.70858399429622 -21.7632705497135
      vertex 63.05659439059453 52.41103545670939 -17.75
    endloop
  endfacet
  facet normal 0.7547095802227763 0.6560590289905023 -1.983598815500921e-18
    outer loop
      vertex 62.58936626103973 52.96888714269684 -21.62465272259796
      vertex 62.8156443357562 52.70858399429622 -17.75
      vertex 62.8156443357562 52.70858399429622 -21.7632705497135
    endloop
  endfacet
  facet normal 0.7547095802227711 0.6560590289905083 7.081201226326877e-16
    outer loop
      vertex 62.58936626103973 52.96888714269684 -21.62465272259796
      vertex 62.08483386696718 53.54928526925748 -21.395298659599163
      vertex 62.8156443357562 52.70858399429622 -17.75
    endloop
  endfacet
  facet normal 0.7771459614570078 0.629320391049792 0
    outer loop
      vertex 63.05659439059453 52.41103545670939 -21.90778289008253
      vertex 63.044544677789084 52.42591561278991 -21.898239209699952
      vertex 63.05659439059453 52.41103545670939 -17.75
    endloop
  endfacet
  facet normal 0.7547095802227656 0.6560590289905148 -1.181386684503917e-15
    outer loop
      vertex 61.28284638656985 54.471866329693356 -25.7
      vertex 60.93787568914633 54.86870972142638 -17.75
      vertex 61.28284638656986 54.471866329693356 -21.160813831154513
    endloop
  endfacet
  facet normal 0.7313537016191689 0.6819983600625003 0
    outer loop
      vertex 58.9858636277694 56.96198637763777 -25.7
      vertex 58.9858636277694 56.96198637763777 -17.75
      vertex 60.93787568914633 54.86870972142638 -17.75
    endloop
  endfacet
  facet normal 0.7547095802227771 0.6560590289905016 -2.0191756841327663e-15
    outer loop
      vertex 61.53312160373429 54.183957626757014 -21.215065304363268
      vertex 62.8156443357562 52.70858399429622 -17.75
      vertex 62.08483386696718 53.54928526925748 -21.395298659599163
    endloop
  endfacet
  facet normal 0.754709580222778 0.6560590289905005 -2.8357029758458803e-15
    outer loop
      vertex 61.53312160373429 54.183957626757014 -21.215065304363268
      vertex 61.28284638656986 54.471866329693356 -21.160813831154513
      vertex 62.8156443357562 52.70858399429622 -17.75
    endloop
  endfacet
  facet normal 0.7771459614569721 0.629320391049836 0
    outer loop
      vertex 62.8156443357562 52.70858399429622 -21.7632705497135
      vertex 62.8156443357562 52.70858399429622 -17.75
      vertex 63.05659439059453 52.41103545670939 -17.75
    endloop
  endfacet
  facet normal 0.7547095802227743 0.6560590289905046 9.169464513010593e-16
    outer loop
      vertex 61.28284638656986 54.471866329693356 -21.160813831154513
      vertex 60.93787568914633 54.86870972142638 -17.75
      vertex 62.8156443357562 52.70858399429622 -17.75
    endloop
  endfacet
  facet normal 0.6293203910498383 0.7771459614569701 -5.225465828619023e-19
    outer loop
      vertex 50.48424097670398 64.6168817957512 -25.7
      vertex 52.70858399429622 62.8156443357562 -17.75
      vertex 52.70858399429622 62.8156443357562 -25.7
    endloop
  endfacet
  facet normal 0.60181502315205 0.7986355100472914 2.937958160094961e-18
    outer loop
      vertex 48.198390687982794 66.3393935387457 -25.7
      vertex 50.48424097670398 64.6168817957512 -17.75
      vertex 50.48424097670398 64.6168817957512 -25.7
    endloop
  endfacet
  facet normal 0.5735764363510472 0.819152044288991 3.7635866268066536e-18
    outer loop
      vertex 45.853818084601244 67.98108094951343 -25.7
      vertex 48.198390687982794 66.3393935387457 -17.75
      vertex 48.198390687982794 66.3393935387457 -25.7
    endloop
  endfacet
  facet normal 0.60181502315205 0.7986355100472914 0
    outer loop
      vertex 48.198390687982794 66.3393935387457 -25.7
      vertex 48.198390687982794 66.3393935387457 -17.75
      vertex 50.48424097670398 64.6168817957512 -17.75
    endloop
  endfacet
  facet normal 0.6293203910498383 0.7771459614569701 0
    outer loop
      vertex 50.48424097670398 64.6168817957512 -25.7
      vertex 50.48424097670398 64.6168817957512 -17.75
      vertex 52.70858399429622 62.8156443357562 -17.75
    endloop
  endfacet
  facet normal 0.5735764363510472 0.819152044288991 0
    outer loop
      vertex 45.853818084601244 67.98108094951343 -25.7
      vertex 45.853818084601244 67.98108094951343 -17.75
      vertex 48.198390687982794 66.3393935387457 -17.75
    endloop
  endfacet
  facet normal -0.9998476951563913 0.01745240643728407 -6.894907959421535e-20
    outer loop
      vertex -81.95004781556585 2.8617587296050795 -29.7
      vertex -81.99375514471691 0.35776751955787517 -29.7
      vertex -81.99375514471691 0.35776751955787517 -17.75
    endloop
  endfacet
  facet normal -0.9986295347545739 0.05233595624294424 2.817284344821482e-19
    outer loop
      vertex -81.95004781556585 2.8617587296050795 -29.7
      vertex -81.80025212130559 5.720030847018275 -17.75
      vertex -81.80025212130559 5.720030847018275 -29.7
    endloop
  endfacet
  facet normal -0.9961946980917454 0.08715574274765933 -3.2058158570309495e-19
    outer loop
      vertex -81.80025212130559 5.720030847018275 -29.7
      vertex -81.55079542019841 8.571333987947584 -17.75
      vertex -81.55079542019841 8.571333987947584 -29.7
    endloop
  endfacet
  facet normal -0.9925461516413221 0.12186934340514638 6.058782473570858e-19
    outer loop
      vertex -81.55079542019841 8.571333987947584 -29.7
      vertex -81.20198163680877 11.412194278725366 -17.75
      vertex -81.20198163680877 11.412194278725366 -29.7
    endloop
  endfacet
  facet normal -0.9876883405951377 0.15643446504023123 0
    outer loop
      vertex -81.20198163680877 11.412194278725366 -29.7
      vertex -81.20198163680877 11.412194278725366 -17.75
      vertex -80.75423574700106 14.239150568688288 -29.7
    endloop
  endfacet
  facet normal -0.9998476951563913 0.01745240643728407 0
    outer loop
      vertex -81.95004781556585 2.8617587296050795 -29.7
      vertex -81.99375514471691 0.35776751955787517 -17.75
      vertex -81.95004781556585 2.8617587296050795 -17.75
    endloop
  endfacet
  facet normal -0.9986295347545739 0.05233595624294424 0
    outer loop
      vertex -81.95004781556585 2.8617587296050795 -29.7
      vertex -81.95004781556585 2.8617587296050795 -17.75
      vertex -81.80025212130559 5.720030847018275 -17.75
    endloop
  endfacet
  facet normal -0.9961946980917454 0.08715574274765933 0
    outer loop
      vertex -81.80025212130559 5.720030847018275 -29.7
      vertex -81.80025212130559 5.720030847018275 -17.75
      vertex -81.55079542019841 8.571333987947584 -17.75
    endloop
  endfacet
  facet normal -0.9925461516413221 0.12186934340514638 0
    outer loop
      vertex -81.55079542019841 8.571333987947584 -29.7
      vertex -81.55079542019841 8.571333987947584 -17.75
      vertex -81.20198163680877 11.412194278725366 -17.75
    endloop
  endfacet
  facet normal -0.9876883405951374 0.15643446504023212 0
    outer loop
      vertex -80.89797486674689 13.33161748367498 -25.4
      vertex -81.20198163680877 11.412194278725366 -17.75
      vertex -80.89797486674689 13.33161748367498 -17.75
    endloop
  endfacet
  facet normal -0.9816271834476648 0.19080899537654072 -1.1724624362051514e-15
    outer loop
      vertex -80.75423574700106 14.239150568688288 -29.7
      vertex -80.60634159933542 15.000000000000098 -25.7
      vertex -80.60634159933544 15 -29.7
    endloop
  endfacet
  facet normal -0.987688340595138 0.15643446504022937 0
    outer loop
      vertex -80.75423574700106 14.239150568688288 -29.7
      vertex -80.89797486674689 13.33161748367498 -25.4
      vertex -80.75423574700106 14.239150568688288 -25.4
    endloop
  endfacet
  facet normal -0.9816271834476885 0.19080899537641893 0
    outer loop
      vertex -80.75423574700106 14.239150568688288 -29.7
      vertex -80.75423574700106 14.239150568688288 -25.4
      vertex -80.74352751345165 14.294239654598883 -25.5
    endloop
  endfacet
  facet normal -0.9816271834476642 0.19080899537654333 -1.6931533661804383e-15
    outer loop
      vertex -80.75423574700106 14.239150568688288 -29.7
      vertex -80.74352751345165 14.294239654598883 -25.5
      vertex -80.60634159933542 15.000000000000098 -25.7
    endloop
  endfacet
  facet normal -0.9816271834476444 0.1908089953766452 1.2932926696598053e-13
    outer loop
      vertex -80.74352751345165 14.294239654598883 -25.5
      vertex -80.75423574700106 14.239150568688288 -25.4
      vertex -80.74352751345164 14.294239654598888 -25.4
    endloop
  endfacet
  facet normal -0.9816271834476638 0.19080899537654594 7.736886651108754e-15
    outer loop
      vertex -80.74352751345165 14.294239654598883 -25.5
      vertex -80.20810326017207 17.048758647056268 -25.5
      vertex -80.60634159933542 15.000000000000098 -25.7
    endloop
  endfacet
  facet normal -0.9876883405951351 0.15643446504024675 3.7744480216557086e-15
    outer loop
      vertex -80.75423574700106 14.239150568688288 -29.7
      vertex -81.20198163680877 11.412194278725366 -17.75
      vertex -80.89797486674689 13.33161748367498 -25.4
    endloop
  endfacet
  facet normal -0.9816271834476636 0.1908089953765467 -5.019988683182475e-17
    outer loop
      vertex -80.60634159933542 15.000000000000098 -25.7
      vertex -80.20810326017207 17.048758647056268 -25.5
      vertex -80.20810326017207 17.048758647056268 -25.7
    endloop
  endfacet
  facet normal 0.9563047559630339 0.2923717047227418 0
    outer loop
      vertex 77.98663433620258 25.339393538745686 -29.7
      vertex 77.98663433620258 25.339393538745686 -17.75
      vertex 78.56669205941373 23.442110215908613 -29.7
    endloop
  endfacet
  facet normal 0.9563047559630339 0.2923717047227418 -4.5815800752549045e-18
    outer loop
      vertex 77.98663433620258 25.339393538745686 -17.75
      vertex 78.56669205941373 23.442110215908613 -17.75
      vertex 78.56669205941373 23.442110215908613 -29.7
    endloop
  endfacet
  facet normal 0.9455185755993183 0.3255681544571525 -3.517333530250325e-18
    outer loop
      vertex 77.05479490444449 28.045651752704835 -29.7
      vertex 77.98663433620258 25.339393538745686 -17.75
      vertex 77.98663433620258 25.339393538745686 -29.7
    endloop
  endfacet
  facet normal 0.9335804264972009 0.3583679495453029 0
    outer loop
      vertex 77.05479490444449 28.045651752704835 -29.7
      vertex 76.02907607447656 30.717740660104784 -29.7
      vertex 77.05479490444449 28.045651752704835 -17.75
    endloop
  endfacet
  facet normal 0.8910065241883672 0.45399049973954814 -9.983981908450798e-18
    outer loop
      vertex 73.70111179653169 35.94643403670435 -29.7
      vertex 73.11277746371047 37.10110517904864 -29.7
      vertex 73.11277746371047 37.10110517904864 -25.70000000000001
    endloop
  endfacet
  facet normal 0.9063077870366512 0.4226182617406969 4.501617413715738e-16
    outer loop
      vertex 73.70111179653169 35.94643403670435 -29.7
      vertex 73.86924964007034 35.58586126763617 -25.4
      vertex 74.91072752669326 33.35240473221562 -29.7
    endloop
  endfacet
  facet normal 0.8910065241883672 0.4539904997395481 0
    outer loop
      vertex 73.70111179653169 35.94643403670435 -29.7
      vertex 73.11277746371047 37.10110517904864 -25.70000000000001
      vertex 73.70111179653169 35.94643403670435 -25.4
    endloop
  endfacet
  facet normal 0.9063077870366532 0.42261826174069256 0
    outer loop
      vertex 73.70111179653169 35.94643403670435 -29.7
      vertex 73.70111179653169 35.94643403670435 -25.4
      vertex 73.86924964007034 35.58586126763617 -25.4
    endloop
  endfacet
  facet normal 0.9205048534524398 0.39073112848927494 0
    outer loop
      vertex 76.02907607447656 30.717740660104784 -29.7
      vertex 74.91072752669326 33.35240473221562 -29.7
      vertex 76.02907607447656 30.717740660104784 -17.75
    endloop
  endfacet
  facet normal 0.9063077870366508 0.42261826174069766 -5.57841413224973e-18
    outer loop
      vertex 73.86924964007034 35.58586126763617 -25.4
      vertex 74.91072752669326 33.35240473221562 -17.75
      vertex 74.91072752669326 33.35240473221562 -29.7
    endloop
  endfacet
  facet normal 0.8910065241883711 0.4539904997395402 -1.0751133623230242e-17
    outer loop
      vertex 73.70111179653169 35.94643403670435 -25.4
      vertex 73.40736390219658 36.52294674009647 -25.5
      vertex 73.40736390219658 36.52294674009647 -25.4
    endloop
  endfacet
  facet normal 0.8910065241883792 0.4539904997395246 -1.1377549217348992e-13
    outer loop
      vertex 73.70111179653169 35.94643403670435 -25.4
      vertex 73.11277746371047 37.10110517904864 -25.70000000000001
      vertex 73.40736390219658 36.52294674009647 -25.5
    endloop
  endfacet
  facet normal 0.8910065241883633 0.4539904997395559 -2.3932637010308428e-18
    outer loop
      vertex 73.40736390219658 36.52294674009647 -25.5
      vertex 73.11277746371047 37.10110517904864 -25.70000000000001
      vertex 73.11277746371047 37.10110517904864 -25.5
    endloop
  endfacet
  facet normal 0.9335804264972009 0.3583679495453029 0
    outer loop
      vertex 76.02907607447656 30.717740660104784 -29.7
      vertex 76.02907607447656 30.717740660104784 -17.75
      vertex 77.05479490444449 28.045651752704835 -17.75
    endloop
  endfacet
  facet normal 0.9455185755993183 0.3255681544571525 0
    outer loop
      vertex 77.05479490444449 28.045651752704835 -29.7
      vertex 77.05479490444449 28.045651752704835 -17.75
      vertex 77.98663433620258 25.339393538745686 -17.75
    endloop
  endfacet
  facet normal 0.9205048534524398 0.39073112848927494 0
    outer loop
      vertex 74.91072752669326 33.35240473221562 -29.7
      vertex 74.91072752669326 33.35240473221562 -17.75
      vertex 76.02907607447656 30.717740660104784 -17.75
    endloop
  endfacet
  facet normal 0.9063077870366508 0.4226182617406977 0
    outer loop
      vertex 73.86924964007034 35.58586126763617 -25.4
      vertex 73.86924964007034 35.58586126763617 -17.75
      vertex 74.91072752669326 33.35240473221562 -17.75
    endloop
  endfacet
  facet normal 0 0 -1
    outer loop
      vertex 73.86924964007034 35.58586126763617 -25.4
      vertex 73.70111179653169 35.94643403670435 -25.4
      vertex 73.96857110029724 35.64969129431938 -25.4
    endloop
  endfacet
  facet normal 0 0 -1
    outer loop
      vertex 73.70111179653169 35.94643403670435 -25.4
      vertex 73.40736390219658 36.52294674009647 -25.4
      vertex 73.96857110029724 35.64969129431938 -25.4
    endloop
  endfacet
  facet normal 0.5406408174556331 -0.8412535328311583 0
    outer loop
      vertex 73.86924964007034 35.58586126763617 -25.4
      vertex 73.96857110029724 35.64969129431938 -25.4
      vertex 73.86924964007034 35.58586126763617 -17.75
    endloop
  endfacet
  facet normal 0.5406408174555906 -0.8412535328311856 -7.813680871708759e-16
    outer loop
      vertex 73.96857110029724 35.64969129431938 -25.4
      vertex 73.96857110029724 35.649691294319375 -17.75
      vertex 73.86924964007034 35.58586126763617 -17.75
    endloop
  endfacet
  facet normal 0 0 -1
    outer loop
      vertex 63.17302637969202 52.26725392444318 -25.4
      vertex 63.155754751185285 52.474761950943005 -25.4
      vertex 63.73551209809519 51.572641910195536 -25.4
    endloop
  endfacet
  facet normal 0 0 -1
    outer loop
      vertex 63.17302637969202 52.26725392444318 -25.4
      vertex 63.11902711468657 52.45115853218166 -25.4
      vertex 63.155754751185285 52.474761950943005 -25.4
    endloop
  endfacet
  facet normal -0.5406408174555619 0.8412535328312042 0
    outer loop
      vertex 63.155754751185285 52.474761950943005 -25.4
      vertex 63.11902711468657 52.45115853218166 -25.4
      vertex 63.155754751185285 52.474761950943005 -25.345750941653318
    endloop
  endfacet
  facet normal -0.540640817455578 0.8412535328311938 0
    outer loop
      vertex 63.155754751185285 52.474761950943005 -22.05424905834668
      vertex 63.05659439059453 52.41103545670939 -21.90778289008253
      vertex 63.155754751185285 52.474761950943005 -17.75
    endloop
  endfacet
  facet normal -0.540640817455578 0.8412535328311938 0
    outer loop
      vertex 63.05659439059453 52.41103545670939 -21.90778289008253
      vertex 63.05659439059453 52.41103545670939 -17.75
      vertex 63.155754751185285 52.474761950943005 -17.75
    endloop
  endfacet
  facet normal 0 0 -1
    outer loop
      vertex 41.98132340621089 70.42444452100186 -25.4
      vertex 42.95264351319892 69.98085749137438 -25.4
      vertex 42.90245960283094 69.87097005569204 -25.4
    endloop
  endfacet
  facet normal 0.9096319953545215 -0.41541501300187944 0
    outer loop
      vertex 42.90245960283094 69.87097005569204 -25.4
      vertex 42.95264351319892 69.98085749137438 -25.4
      vertex 42.90245960283094 69.87097005569204 -17.75
    endloop
  endfacet
  facet normal 0.9096319953545215 -0.41541501300187944 0
    outer loop
      vertex 42.95264351319892 69.98085749137438 -25.4
      vertex 42.95264351319892 69.98085749137438 -17.75
      vertex 42.90245960283094 69.87097005569204 -17.75
    endloop
  endfacet
  facet normal 0 0 -1
    outer loop
      vertex 24.709757205599054 78.17913348140664 -25.4
      vertex 24.76000360610856 78.2891577514121 -25.4
      vertex 25.339393538745686 77.98663433620258 -25.4
    endloop
  endfacet
  facet normal 0 0 -1
    outer loop
      vertex 25.339393538745686 77.98663433620258 -25.4
      vertex 24.76000360610856 78.2891577514121 -25.4
      vertex 25.676932546500247 77.8704103352703 -25.4
    endloop
  endfacet
  facet normal -0.9096319953545137 0.41541501300189665 4.463809698241754e-19
    outer loop
      vertex 24.709757205599054 78.17913348140664 -25.4
      vertex 24.76000360610856 78.2891577514121 -17.75
      vertex 24.76000360610856 78.2891577514121 -25.4
    endloop
  endfacet
  facet normal -0.9096319953545137 0.41541501300189665 0
    outer loop
      vertex 24.709757205599054 78.17913348140664 -25.4
      vertex 24.709757205599054 78.17913348140664 -17.75
      vertex 24.76000360610856 78.2891577514121 -17.75
    endloop
  endfacet
  facet normal 0 0 -1
    outer loop
      vertex -21.47920101841464 79.12438266538342 -25.4
      vertex -21.496873738082076 79.24729913056316 -25.4
      vertex -20.468840134795162 79.39510804821326 -25.4
    endloop
  endfacet
  facet normal -0.9898214418809305 -0.1423148382733005 -7.519419330756652e-20
    outer loop
      vertex -21.47920101841464 79.12438266538342 -25.4
      vertex -21.496873738082076 79.24729913056316 -17.75
      vertex -21.496873738082076 79.24729913056316 -25.4
    endloop
  endfacet
  facet normal -0.9898214418809305 -0.1423148382733005 0
    outer loop
      vertex -21.47920101841464 79.12438266538342 -25.4
      vertex -21.47920101841464 79.12438266538342 -17.75
      vertex -21.496873738082076 79.24729913056316 -17.75
    endloop
  endfacet
  facet normal 0 0 -1
    outer loop
      vertex -2.6763324951999348 81.9532844425268 -25.4
      vertex -1.7004449004634183 82.09359589602886 -25.4
      vertex -1.682764675924702 81.97062723332283 -25.4
    endloop
  endfacet
  facet normal 0.9898214418809325 0.14231483827328745 0
    outer loop
      vertex -1.682764675924702 81.97062723332283 -25.4
      vertex -1.7004449004634183 82.09359589602886 -25.4
      vertex -1.682764675924702 81.97062723332283 -17.75
    endloop
  endfacet
  facet normal 0.989821441880932 0.14231483827329094 5.746000287811148e-17
    outer loop
      vertex -1.7004449004634183 82.09359589602886 -25.4
      vertex -1.7004449004634188 82.09359589602886 -17.75
      vertex -1.682764675924702 81.97062723332283 -17.75
    endloop
  endfacet
  facet normal 0 0 -1
    outer loop
      vertex -60.92864556008331 55.044982970419206 -25.4
      vertex -60.120464784273864 55.74527559904457 -25.4
      vertex -60.853918247674116 54.95874305463491 -25.4
    endloop
  endfacet
  facet normal -0.7557495743542461 -0.6548607339452992 0
    outer loop
      vertex -60.92864556008331 55.044982970419206 -25.4
      vertex -60.853918247674116 54.95874305463491 -25.4
      vertex -60.92864556008331 55.044982970419206 -17.75
    endloop
  endfacet
  facet normal -0.7557495743542461 -0.6548607339452992 0
    outer loop
      vertex -60.853918247674116 54.95874305463491 -25.4
      vertex -60.853918247674116 54.95874305463491 -17.75
      vertex -60.92864556008331 55.044982970419206 -17.75
    endloop
  endfacet
  facet normal 0 0 -1
    outer loop
      vertex -46.61338732591772 67.4492248409514 -25.4
      vertex -45.813654072998155 68.14219764932491 -25.4
      vertex -45.853818084601244 67.98108094951343 -25.4
    endloop
  endfacet
  facet normal 0 0 -1
    outer loop
      vertex -45.853818084601244 67.98108094951343 -25.4
      vertex -45.813654072998155 68.14219764932491 -25.4
      vertex -45.738779552178755 68.05578784597888 -25.4
    endloop
  endfacet
  facet normal 0.7557495743543062 0.6548607339452298 4.081950430326553e-20
    outer loop
      vertex -45.813654072998155 68.14219764932491 -25.4
      vertex -45.738779552178755 68.05578784597888 -17.75
      vertex -45.738779552178755 68.05578784597888 -25.4
    endloop
  endfacet
  facet normal 0.7557495743542529 0.6548607339452913 1.2164876795800116e-15
    outer loop
      vertex -45.813654072998155 68.14219764932491 -25.4
      vertex -45.813654072998155 68.1421976493249 -17.75
      vertex -45.738779552178755 68.05578784597888 -17.75
    endloop
  endfacet
  facet normal 0 0 -1
    outer loop
      vertex -80.89797486674689 13.33161748367498 -25.4
      vertex -81.01600291799583 13.366273646431557 -25.4
      vertex -80.75423574700106 14.239150568688288 -25.4
    endloop
  endfacet
  facet normal 0 0 -1
    outer loop
      vertex -81.01600291799583 13.366273646431557 -25.4
      vertex -80.74352751345164 14.294239654598888 -25.4
      vertex -80.75423574700106 14.239150568688288 -25.4
    endloop
  endfacet
  facet normal -0.28173255684142706 -0.9594929736144981 1.1517644509783284e-19
    outer loop
      vertex -80.89797486674689 13.33161748367498 -25.4
      vertex -81.01600291799583 13.366273646431557 -17.75
      vertex -81.01600291799583 13.366273646431557 -25.4
    endloop
  endfacet
  facet normal -0.28173255684142706 -0.9594929736144981 0
    outer loop
      vertex -80.89797486674689 13.33161748367498 -25.4
      vertex -80.89797486674689 13.33161748367498 -17.75
      vertex -81.01600291799583 13.366273646431557 -17.75
    endloop
  endfacet
  facet normal 0 0 -1
    outer loop
      vertex -75.6789696807423 31.542539636073673 -25.4
      vertex -75.38135178116723 32.5561331187215 -25.4
      vertex -75.33946202049141 32.342369560690976 -25.4
    endloop
  endfacet
  facet normal 0 0 -1
    outer loop
      vertex -75.33946202049141 32.342369560690976 -25.4
      vertex -75.38135178116723 32.5561331187215 -25.4
      vertex -75.33946202049142 32.543833175204234 -25.4
    endloop
  endfacet
  facet normal 0.2817325568414325 0.9594929736144966 0
    outer loop
      vertex -75.38135178116723 32.5561331187215 -25.4
      vertex -75.38135178116723 32.5561331187215 -25.345750941653332
      vertex -75.33946202049142 32.543833175204234 -25.4
    endloop
  endfacet
  facet normal 0.2817325568414175 0.9594929736145009 2.97328347306566e-19
    outer loop
      vertex -75.38135178116723 32.5561331187215 -22.054249058346674
      vertex -75.26342306141575 32.52150612232416 -17.75
      vertex -75.26342306141575 32.52150612232416 -21.9015262474417
    endloop
  endfacet
  facet normal 0.2817325568414395 0.9594929736144946 -6.537603080550265e-16
    outer loop
      vertex -75.38135178116723 32.5561331187215 -22.054249058346674
      vertex -75.38135178116724 32.556133118721505 -17.75
      vertex -75.26342306141575 32.52150612232416 -17.75
    endloop
  endfacet
  facet normal -0.9998476951563912 0.01745240643728723 -7.458123093005356e-19
    outer loop
      vertex -82.4497432290754 2.87920847795633 -10.15
      vertex -82.49371706633104 0.35994902882347196 -10.15
      vertex -82.49371706633104 0.35994902882347196 -9
    endloop
  endfacet
  facet normal -0.9998476951563912 0.01745240643728723 0
    outer loop
      vertex -82.4497432290754 2.87920847795633 -10.15
      vertex -82.49371706633104 0.35994902882347196 -9
      vertex -82.4497432290754 2.87920847795633 -9
    endloop
  endfacet
  facet normal -0.9986295347545739 0.05233595624294207 0
    outer loop
      vertex -82.4497432290754 2.87920847795633 -10.15
      vertex -82.4497432290754 2.87920847795633 -9
      vertex -82.2990341464355 5.754909083890338 -9
    endloop
  endfacet
  facet normal -0.9986295347545739 0.05233595624294207 -6.7972743540483674e-18
    outer loop
      vertex -82.4497432290754 2.87920847795633 -10.15
      vertex -82.2990341464355 5.754909083890338 -9
      vertex -82.2990341464355 5.754909083890338 -10.15
    endloop
  endfacet
  facet normal -0.9961946980917454 0.08715574274765839 0
    outer loop
      vertex -82.2990341464355 5.754909083890338 -10.15
      vertex -82.2990341464355 5.754909083890338 -9
      vertex -82.04805636788255 8.623598219581412 -9
    endloop
  endfacet
  facet normal -0.9961946980917454 0.08715574274765839 3.5808350169110255e-18
    outer loop
      vertex -82.2990341464355 5.754909083890338 -10.15
      vertex -82.04805636788255 8.623598219581412 -9
      vertex -82.04805636788255 8.623598219581412 -10.15
    endloop
  endfacet
  facet normal -0.9925461516413222 0.12186934340514546 0
    outer loop
      vertex -82.04805636788255 8.623598219581412 -10.15
      vertex -82.04805636788255 8.623598219581412 -9
      vertex -81.78894844014904 10.733862945277757 -9
    endloop
  endfacet
  facet normal -0.9925461516413222 0.12186934340514546 1.0135025612363239e-17
    outer loop
      vertex -82.04805636788255 8.623598219581412 -10.15
      vertex -81.78894844014904 10.733862945277757 -9
      vertex -81.78894844014904 10.733862945277757 -10.15
    endloop
  endfacet
  facet normal -0.9063077870366499 0.4226182617406995 -7.924862173190864e-18
    outer loop
      vertex -74.61228234020388 35.17534309963012 -10.15
      vertex -74.15050881968128 36.165619610098894 -9
      vertex -74.15050881968128 36.165619610098894 -10.15
    endloop
  endfacet
  facet normal -0.9063077870366499 0.4226182617406995 0
    outer loop
      vertex -74.61228234020388 35.17534309963012 -10.15
      vertex -74.61228234020388 35.17534309963012 -9
      vertex -74.15050881968128 36.165619610098894 -9
    endloop
  endfacet
  facet normal -0.8910065241883677 0.4539904997395472 0
    outer loop
      vertex -74.15050881968128 36.165619610098894 -10.15
      vertex -74.15050881968128 36.165619610098894 -9
      vertex -72.84317641086147 38.73140392983599 -9
    endloop
  endfacet
  facet normal -0.8910065241883677 0.4539904997395472 -3.649868104921141e-17
    outer loop
      vertex -74.15050881968128 36.165619610098894 -10.15
      vertex -72.84317641086147 38.73140392983599 -9
      vertex -72.84317641086147 38.73140392983599 -10.15
    endloop
  endfacet
  facet normal -0.8746197071393956 0.4848096202463373 0
    outer loop
      vertex -72.84317641086147 38.73140392983599 -10.15
      vertex -72.84317641086147 38.73140392983599 -9
      vertex -71.44709581221619 41.25 -9
    endloop
  endfacet
  facet normal -0.8746197071393956 0.4848096202463373 6.708848899230419e-18
    outer loop
      vertex -72.84317641086147 38.73140392983599 -10.15
      vertex -71.44709581221619 41.25 -9
      vertex -71.44709581221619 41.25 -10.15
    endloop
  endfacet
  facet normal -0.8571673007021103 0.5150380749100575 0
    outer loop
      vertex -71.44709581221619 41.25 -10.15
      vertex -71.44709581221619 41.25 -9
      vertex -69.96396793290513 43.7183392992394 -9
    endloop
  endfacet
  facet normal -0.8571673007021103 0.5150380749100575 -5.287718548364899e-17
    outer loop
      vertex -71.44709581221619 41.25 -10.15
      vertex -69.96396793290513 43.7183392992394 -9
      vertex -69.96396793290513 43.7183392992394 -10.15
    endloop
  endfacet
  facet normal -0.8386705679454259 0.5446390350150242 0
    outer loop
      vertex -69.96396793290513 43.7183392992394 -10.15
      vertex -69.96396793290513 43.7183392992394 -9
      vertex -68.39559973579094 46.133414536336616 -9
    endloop
  endfacet
  facet normal -0.8386705679454259 0.5446390350150242 8.986714008266154e-18
    outer loop
      vertex -69.96396793290513 43.7183392992394 -10.15
      vertex -68.39559973579094 46.133414536336616 -9
      vertex -68.39559973579094 46.133414536336616 -10.15
    endloop
  endfacet
  facet normal -0.8191520442889915 0.5735764363510467 0
    outer loop
      vertex -68.39559973579094 46.133414536336616 -10.15
      vertex -68.39559973579094 46.133414536336616 -9
      vertex -66.74390203593316 48.49228331412903 -9
    endloop
  endfacet
  facet normal -0.8191520442889915 0.5735764363510467 -4.789819157140342e-18
    outer loop
      vertex -68.39559973579094 46.133414536336616 -10.15
      vertex -66.74390203593316 48.49228331412903 -9
      vertex -66.74390203593316 48.49228331412903 -10.15
    endloop
  endfacet
  facet normal -0.7986355100472928 0.6018150231520483 0
    outer loop
      vertex -66.74390203593316 48.49228331412903 -10.15
      vertex -66.74390203593316 48.49228331412903 -9
      vertex -65.01088717255456 50.792071714366806 -9
    endloop
  endfacet
  facet normal -0.7986355100472928 0.6018150231520483 1.6360121684835932e-17
    outer loop
      vertex -66.74390203593316 48.49228331412903 -10.15
      vertex -65.01088717255456 50.792071714366806 -9
      vertex -65.01088717255456 50.792071714366806 -10.15
    endloop
  endfacet
  facet normal -0.9998476951563912 0.01745240643728723 -7.458123093005356e-19
    outer loop
      vertex -82.4497432290754 2.87920847795633 9
      vertex -82.49371706633104 0.35994902882347196 9
      vertex -82.49371706633104 0.35994902882347196 10.15
    endloop
  endfacet
  facet normal -0.9998476951563912 0.01745240643728723 0
    outer loop
      vertex -82.4497432290754 2.87920847795633 9
      vertex -82.49371706633104 0.35994902882347196 10.15
      vertex -82.4497432290754 2.87920847795633 10.15
    endloop
  endfacet
  facet normal -0.9986295347545739 0.05233595624294207 0
    outer loop
      vertex -82.4497432290754 2.87920847795633 9
      vertex -82.4497432290754 2.87920847795633 10.15
      vertex -82.2990341464355 5.754909083890338 10.15
    endloop
  endfacet
  facet normal -0.9986295347545739 0.05233595624294207 -6.7972743540483674e-18
    outer loop
      vertex -82.4497432290754 2.87920847795633 9
      vertex -82.2990341464355 5.754909083890338 10.15
      vertex -82.2990341464355 5.754909083890338 9
    endloop
  endfacet
  facet normal -0.9961946980917454 0.08715574274765839 0
    outer loop
      vertex -82.2990341464355 5.754909083890338 9
      vertex -82.2990341464355 5.754909083890338 10.15
      vertex -82.04805636788255 8.623598219581412 10.15
    endloop
  endfacet
  facet normal -0.9961946980917454 0.08715574274765839 3.5808350169110255e-18
    outer loop
      vertex -82.2990341464355 5.754909083890338 9
      vertex -82.04805636788255 8.623598219581412 10.15
      vertex -82.04805636788255 8.623598219581412 9
    endloop
  endfacet
  facet normal -0.9925461516413222 0.12186934340514619 0
    outer loop
      vertex -82.04805636788255 8.623598219581412 9
      vertex -82.04805636788255 8.623598219581412 10.15
      vertex -81.78894844014904 10.733862945277744 10.15
    endloop
  endfacet
  facet normal -0.9925461516413222 0.12186934340514619 9.222887020989733e-18
    outer loop
      vertex -82.04805636788255 8.623598219581412 9
      vertex -81.78894844014904 10.733862945277744 10.15
      vertex -81.78894844014904 10.733862945277744 9
    endloop
  endfacet
  facet normal -0.9063077870366476 0.4226182617407045 -1.7379796825552622e-17
    outer loop
      vertex -74.61228234020388 35.17534309963013 9
      vertex -74.15050881968128 36.165619610098894 10.15
      vertex -74.15050881968128 36.165619610098894 9
    endloop
  endfacet
  facet normal -0.9063077870366476 0.4226182617407045 0
    outer loop
      vertex -74.61228234020388 35.17534309963013 9
      vertex -74.61228234020388 35.17534309963013 10.15
      vertex -74.15050881968128 36.165619610098894 10.15
    endloop
  endfacet
  facet normal -0.8910065241883677 0.4539904997395472 0
    outer loop
      vertex -74.15050881968128 36.165619610098894 9
      vertex -74.15050881968128 36.165619610098894 10.15
      vertex -72.84317641086147 38.73140392983599 10.15
    endloop
  endfacet
  facet normal -0.8910065241883677 0.4539904997395472 -3.649868104921141e-17
    outer loop
      vertex -74.15050881968128 36.165619610098894 9
      vertex -72.84317641086147 38.73140392983599 10.15
      vertex -72.84317641086147 38.73140392983599 9
    endloop
  endfacet
  facet normal -0.8746197071393956 0.4848096202463373 0
    outer loop
      vertex -72.84317641086147 38.73140392983599 9
      vertex -72.84317641086147 38.73140392983599 10.15
      vertex -71.44709581221619 41.25 10.15
    endloop
  endfacet
  facet normal -0.8746197071393956 0.4848096202463373 6.708848899230419e-18
    outer loop
      vertex -72.84317641086147 38.73140392983599 9
      vertex -71.44709581221619 41.25 10.15
      vertex -71.44709581221619 41.25 9
    endloop
  endfacet
  facet normal -0.8571673007021103 0.5150380749100575 0
    outer loop
      vertex -71.44709581221619 41.25 9
      vertex -71.44709581221619 41.25 10.15
      vertex -69.96396793290513 43.7183392992394 10.15
    endloop
  endfacet
  facet normal -0.8571673007021103 0.5150380749100575 -5.287718548364899e-17
    outer loop
      vertex -71.44709581221619 41.25 9
      vertex -69.96396793290513 43.7183392992394 10.15
      vertex -69.96396793290513 43.7183392992394 9
    endloop
  endfacet
  facet normal -0.8386705679454259 0.5446390350150242 0
    outer loop
      vertex -69.96396793290513 43.7183392992394 9
      vertex -69.96396793290513 43.7183392992394 10.15
      vertex -68.39559973579094 46.133414536336616 10.15
    endloop
  endfacet
  facet normal -0.8386705679454259 0.5446390350150242 8.986714008266154e-18
    outer loop
      vertex -69.96396793290513 43.7183392992394 9
      vertex -68.39559973579094 46.133414536336616 10.15
      vertex -68.39559973579094 46.133414536336616 9
    endloop
  endfacet
  facet normal -0.8191520442889915 0.5735764363510467 0
    outer loop
      vertex -68.39559973579094 46.133414536336616 9
      vertex -68.39559973579094 46.133414536336616 10.15
      vertex -66.74390203593316 48.49228331412903 10.15
    endloop
  endfacet
  facet normal -0.8191520442889915 0.5735764363510467 -4.789819157140342e-18
    outer loop
      vertex -68.39559973579094 46.133414536336616 9
      vertex -66.74390203593316 48.49228331412903 10.15
      vertex -66.74390203593316 48.49228331412903 9
    endloop
  endfacet
  facet normal -0.7986355100472928 0.6018150231520483 0
    outer loop
      vertex -66.74390203593316 48.49228331412903 9
      vertex -66.74390203593316 48.49228331412903 10.15
      vertex -65.01088717255456 50.792071714366806 10.15
    endloop
  endfacet
  facet normal -0.7986355100472928 0.6018150231520483 1.6360121684835932e-17
    outer loop
      vertex -66.74390203593316 48.49228331412903 9
      vertex -65.01088717255456 50.792071714366806 10.15
      vertex -65.01088717255456 50.792071714366806 9
    endloop
  endfacet
  facet normal -0.7771459614569695 0.6293203910498392 0
    outer loop
      vertex -65.01088717255456 50.792071714366806 -10.15
      vertex -65.01088717255456 50.792071714366806 -9
      vertex -63.19866655731568 53.02997779913949 -9
    endloop
  endfacet
  facet normal -0.7771459614569695 0.6293203910498392 -8.062668214447132e-17
    outer loop
      vertex -65.01088717255456 50.792071714366806 -10.15
      vertex -63.19866655731568 53.02997779913949 -9
      vertex -63.19866655731568 53.02997779913949 -10.15
    endloop
  endfacet
  facet normal -0.7547095802227775 0.6560590289905012 9.002675221440208e-18
    outer loop
      vertex -63.19866655731568 53.02997779913949 -10.15
      vertex -63.02949797986478 53.22458398613353 -9
      vertex -63.02949797986478 53.22458398613353 -10.15
    endloop
  endfacet
  facet normal -0.7547095802227775 0.6560590289905012 0
    outer loop
      vertex -63.19866655731568 53.02997779913949 -10.15
      vertex -63.19866655731568 53.02997779913949 -9
      vertex -63.02949797986478 53.22458398613353 -9
    endloop
  endfacet
  facet normal -0.5150380749100586 0.8571673007021097 0
    outer loop
      vertex -43.69511389378549 69.97792316440334 -10.15
      vertex -43.69511389378549 69.97792316440334 -9
      vertex -41.25 71.44709581221619 -9
    endloop
  endfacet
  facet normal -0.5150380749100586 0.8571673007021097 -1.8768940119293254e-17
    outer loop
      vertex -43.69511389378549 69.97792316440334 -10.15
      vertex -41.25 71.44709581221619 -9
      vertex -41.25 71.44709581221619 -10.15
    endloop
  endfacet
  facet normal -0.4848096202463373 0.8746197071393956 0
    outer loop
      vertex -41.25 71.44709581221619 -10.15
      vertex -41.25 71.44709581221619 -9
      vertex -38.73140392983599 72.84317641086147 -9
    endloop
  endfacet
  facet normal -0.4848096202463373 0.8746197071393956 6.708848899230419e-18
    outer loop
      vertex -41.25 71.44709581221619 -10.15
      vertex -38.73140392983599 72.84317641086147 -9
      vertex -38.73140392983599 72.84317641086147 -10.15
    endloop
  endfacet
  facet normal -0.4539904997395472 0.8910065241883677 0
    outer loop
      vertex -38.73140392983599 72.84317641086147 -10.15
      vertex -38.73140392983599 72.84317641086147 -9
      vertex -36.165619610098894 74.15050881968128 -9
    endloop
  endfacet
  facet normal -0.4539904997395472 0.8910065241883677 -3.649868104921141e-17
    outer loop
      vertex -38.73140392983599 72.84317641086147 -10.15
      vertex -36.165619610098894 74.15050881968128 -9
      vertex -36.165619610098894 74.15050881968128 -10.15
    endloop
  endfacet
  facet normal -0.4226182617406978 0.9063077870366507 3.115034361896374e-17
    outer loop
      vertex -36.165619610098894 74.15050881968128 -10.15
      vertex -33.55577305375352 75.36750025551457 -9
      vertex -33.55577305375352 75.36750025551457 -10.15
    endloop
  endfacet
  facet normal -0.4226182617406978 0.9063077870366507 0
    outer loop
      vertex -36.165619610098894 74.15050881968128 -10.15
      vertex -36.165619610098894 74.15050881968128 -9
      vertex -33.55577305375352 75.36750025551457 -9
    endloop
  endfacet
  facet normal -0.3907311284892757 0.9205048534524395 0
    outer loop
      vertex -33.55577305375352 75.36750025551457 -10.15
      vertex -33.55577305375352 75.36750025551457 -9
      vertex -30.90504395681274 76.49266800175997 -9
    endloop
  endfacet
  facet normal -0.39073112848927616 0.9205048534524393 1.1510259204661297e-15
    outer loop
      vertex -33.55577305375352 75.36750025551457 -10.15
      vertex -30.90504395681274 76.49266800175997 -9
      vertex -30.905043956812744 76.49266800175997 -10.15
    endloop
  endfacet
  facet normal -0.35836794954529955 0.933580426497202 1.1071119272984983e-15
    outer loop
      vertex -30.905043956812744 76.49266800175997 -10.15
      vertex -30.90504395681274 76.49266800175997 -9
      vertex -28.21666182436767 77.52464121483744 -9
    endloop
  endfacet
  facet normal -0.35836794954529916 0.9335804264972022 -4.548663199560028e-17
    outer loop
      vertex -30.905043956812744 76.49266800175997 -10.15
      vertex -28.21666182436767 77.52464121483744 -9
      vertex -28.21666182436767 77.52464121483744 -10.15
    endloop
  endfacet
  facet normal -0.32556815445715304 0.9455185755993181 0
    outer loop
      vertex -28.21666182436767 77.52464121483744 -10.15
      vertex -28.21666182436767 77.52464121483744 -9
      vertex -25.49390203593316 78.46216259435016 -9
    endloop
  endfacet
  facet normal -0.32556815445715304 0.9455185755993181 -5.784304045820702e-17
    outer loop
      vertex -28.21666182436767 77.52464121483744 -10.15
      vertex -25.49390203593316 78.46216259435016 -9
      vertex -25.49390203593316 78.46216259435016 -10.15
    endloop
  endfacet
  facet normal -0.29237170472274393 0.9563047559630332 0
    outer loop
      vertex -25.49390203593316 78.46216259435016 -10.15
      vertex -25.49390203593316 78.46216259435016 -9
      vertex -24.194442177426787 78.8594473424195 -9
    endloop
  endfacet
  facet normal -0.29237170472274393 0.9563047559630332 1.483751751396166e-17
    outer loop
      vertex -25.49390203593316 78.46216259435016 -10.15
      vertex -24.194442177426787 78.8594473424195 -9
      vertex -24.194442177426787 78.8594473424195 -10.15
    endloop
  endfacet
  facet normal -0.7771459614569695 0.6293203910498392 0
    outer loop
      vertex -65.01088717255456 50.792071714366806 9
      vertex -65.01088717255456 50.792071714366806 10.15
      vertex -63.19866655731568 53.02997779913949 10.15
    endloop
  endfacet
  facet normal -0.7771459614569695 0.6293203910498392 -8.062668214447132e-17
    outer loop
      vertex -65.01088717255456 50.792071714366806 9
      vertex -63.19866655731568 53.02997779913949 10.15
      vertex -63.19866655731568 53.02997779913949 9
    endloop
  endfacet
  facet normal -0.7547095802227775 0.6560590289905012 9.002675221440208e-18
    outer loop
      vertex -63.19866655731568 53.02997779913949 9
      vertex -63.02949797986478 53.22458398613353 10.15
      vertex -63.02949797986478 53.22458398613353 9
    endloop
  endfacet
  facet normal -0.7547095802227775 0.6560590289905012 0
    outer loop
      vertex -63.19866655731568 53.02997779913949 9
      vertex -63.19866655731568 53.02997779913949 10.15
      vertex -63.02949797986478 53.22458398613353 10.15
    endloop
  endfacet
  facet normal -0.5150380749100586 0.8571673007021097 0
    outer loop
      vertex -43.69511389378549 69.97792316440334 9
      vertex -43.69511389378549 69.97792316440334 10.15
      vertex -41.25 71.44709581221619 10.15
    endloop
  endfacet
  facet normal -0.5150380749100586 0.8571673007021097 -1.8768940119293254e-17
    outer loop
      vertex -43.69511389378549 69.97792316440334 9
      vertex -41.25 71.44709581221619 10.15
      vertex -41.25 71.44709581221619 9
    endloop
  endfacet
  facet normal -0.4848096202463373 0.8746197071393956 0
    outer loop
      vertex -41.25 71.44709581221619 9
      vertex -41.25 71.44709581221619 10.15
      vertex -38.73140392983599 72.84317641086147 10.15
    endloop
  endfacet
  facet normal -0.4848096202463373 0.8746197071393956 6.708848899230419e-18
    outer loop
      vertex -41.25 71.44709581221619 9
      vertex -38.73140392983599 72.84317641086147 10.15
      vertex -38.73140392983599 72.84317641086147 9
    endloop
  endfacet
  facet normal -0.4539904997395472 0.8910065241883677 0
    outer loop
      vertex -38.73140392983599 72.84317641086147 9
      vertex -38.73140392983599 72.84317641086147 10.15
      vertex -36.165619610098894 74.15050881968128 10.15
    endloop
  endfacet
  facet normal -0.4539904997395472 0.8910065241883677 -3.649868104921141e-17
    outer loop
      vertex -38.73140392983599 72.84317641086147 9
      vertex -36.165619610098894 74.15050881968128 10.15
      vertex -36.165619610098894 74.15050881968128 9
    endloop
  endfacet
  facet normal -0.4226182617406978 0.9063077870366507 3.115034361896374e-17
    outer loop
      vertex -36.165619610098894 74.15050881968128 9
      vertex -33.55577305375352 75.36750025551457 10.15
      vertex -33.55577305375352 75.36750025551457 9
    endloop
  endfacet
  facet normal -0.4226182617406978 0.9063077870366507 0
    outer loop
      vertex -36.165619610098894 74.15050881968128 9
      vertex -36.165619610098894 74.15050881968128 10.15
      vertex -33.55577305375352 75.36750025551457 10.15
    endloop
  endfacet
  facet normal -0.3907311284892757 0.9205048534524395 0
    outer loop
      vertex -33.55577305375352 75.36750025551457 9
      vertex -33.55577305375352 75.36750025551457 10.15
      vertex -30.90504395681274 76.49266800175997 10.15
    endloop
  endfacet
  facet normal -0.3907311284892757 0.9205048534524395 -5.588614123027994e-17
    outer loop
      vertex -33.55577305375352 75.36750025551457 9
      vertex -30.90504395681274 76.49266800175997 10.15
      vertex -30.90504395681274 76.49266800175997 9
    endloop
  endfacet
  facet normal -0.35836794954529955 0.933580426497202 0
    outer loop
      vertex -30.90504395681274 76.49266800175997 9
      vertex -30.90504395681274 76.49266800175997 10.15
      vertex -28.21666182436767 77.52464121483744 10.15
    endloop
  endfacet
  facet normal -0.35836794954529955 0.933580426497202 5.431350240231412e-17
    outer loop
      vertex -30.90504395681274 76.49266800175997 9
      vertex -28.21666182436767 77.52464121483744 10.15
      vertex -28.21666182436767 77.52464121483744 9
    endloop
  endfacet
  facet normal -0.32556815445715304 0.9455185755993181 0
    outer loop
      vertex -28.21666182436767 77.52464121483744 9
      vertex -28.21666182436767 77.52464121483744 10.15
      vertex -25.49390203593316 78.46216259435016 10.15
    endloop
  endfacet
  facet normal -0.32556815445715304 0.9455185755993181 -5.784304045820702e-17
    outer loop
      vertex -28.21666182436767 77.52464121483744 9
      vertex -25.49390203593316 78.46216259435016 10.15
      vertex -25.49390203593316 78.46216259435016 9
    endloop
  endfacet
  facet normal -0.29237170472274393 0.9563047559630332 0
    outer loop
      vertex -25.49390203593316 78.46216259435016 9
      vertex -25.49390203593316 78.46216259435016 10.15
      vertex -24.194442177426787 78.8594473424195 10.15
    endloop
  endfacet
  facet normal -0.29237170472274393 0.9563047559630332 1.483751751396166e-17
    outer loop
      vertex -25.49390203593316 78.46216259435016 9
      vertex -24.194442177426787 78.8594473424195 10.15
      vertex -24.194442177426787 78.8594473424195 9
    endloop
  endfacet
  facet normal 0.9563047559630347 0.29237170472273927 -3.649034284434231e-17
    outer loop
      vertex 78.46216259435016 25.49390203593316 -9
      vertex 79.04575725489795 23.58504991234708 -9
      vertex 79.04575725489795 23.58504991234708 -10.15
    endloop
  endfacet
  facet normal 0.9563047559630347 0.29237170472273927 0
    outer loop
      vertex 78.46216259435016 25.49390203593316 -10.15
      vertex 78.46216259435016 25.49390203593316 -9
      vertex 79.04575725489795 23.58504991234708 -10.15
    endloop
  endfacet
  facet normal 0.9455185755993181 0.32556815445715304 0
    outer loop
      vertex 78.46216259435016 25.49390203593316 -10.15
      vertex 77.52464121483744 28.21666182436767 -10.15
      vertex 78.46216259435016 25.49390203593316 -9
    endloop
  endfacet
  facet normal 0.9455185755993181 0.32556815445715304 5.784304045820702e-17
    outer loop
      vertex 78.46216259435016 25.49390203593316 -9
      vertex 77.52464121483744 28.21666182436767 -10.15
      vertex 77.52464121483744 28.21666182436767 -9
    endloop
  endfacet
  facet normal 0.933580426497202 0.35836794954529955 -5.431350240231412e-17
    outer loop
      vertex 76.49266800175997 30.90504395681274 -10.15
      vertex 77.52464121483744 28.21666182436767 -9
      vertex 77.52464121483744 28.21666182436767 -10.15
    endloop
  endfacet
  facet normal 0.933580426497202 0.35836794954529955 0
    outer loop
      vertex 76.49266800175997 30.90504395681274 -10.15
      vertex 76.49266800175997 30.90504395681274 -9
      vertex 77.52464121483744 28.21666182436767 -9
    endloop
  endfacet
  facet normal 0.9205048534524404 0.39073112848927377 0
    outer loop
      vertex 76.49266800175997 30.90504395681274 -10.15
      vertex 75.4710958246963 33.311717187007886 -10.15
      vertex 76.49266800175997 30.90504395681274 -9
    endloop
  endfacet
  facet normal 0.9205048534524404 0.39073112848927377 1.8276088527124512e-17
    outer loop
      vertex 76.49266800175997 30.90504395681274 -9
      vertex 75.4710958246963 33.311717187007886 -10.15
      vertex 75.4710958246963 33.311717187007886 -9
    endloop
  endfacet
  facet normal 0.9563047559630347 0.29237170472273927 -3.649034284434231e-17
    outer loop
      vertex 78.46216259435016 25.49390203593316 10.15
      vertex 79.04575725489795 23.58504991234708 10.15
      vertex 79.04575725489795 23.58504991234708 9
    endloop
  endfacet
  facet normal 0.9563047559630347 0.29237170472273927 0
    outer loop
      vertex 78.46216259435016 25.49390203593316 9
      vertex 78.46216259435016 25.49390203593316 10.15
      vertex 79.04575725489795 23.58504991234708 9
    endloop
  endfacet
  facet normal 0.9455185755993181 0.32556815445715304 0
    outer loop
      vertex 78.46216259435016 25.49390203593316 9
      vertex 77.52464121483744 28.21666182436767 9
      vertex 78.46216259435016 25.49390203593316 10.15
    endloop
  endfacet
  facet normal 0.9455185755993181 0.32556815445715304 0
    outer loop
      vertex 77.52464121483744 28.21666182436767 9
      vertex 77.52464121483744 28.21666182436767 10.15
      vertex 78.46216259435016 25.49390203593316 10.15
    endloop
  endfacet
  facet normal 0.933580426497202 0.35836794954529955 -5.431350240231412e-17
    outer loop
      vertex 76.49266800175997 30.90504395681274 9
      vertex 77.52464121483744 28.21666182436767 10.15
      vertex 77.52464121483744 28.21666182436767 9
    endloop
  endfacet
  facet normal 0.933580426497202 0.35836794954529955 0
    outer loop
      vertex 76.49266800175997 30.90504395681274 9
      vertex 76.49266800175997 30.90504395681274 10.15
      vertex 77.52464121483744 28.21666182436767 10.15
    endloop
  endfacet
  facet normal 0.9205048534524407 0.3907311284892728 0
    outer loop
      vertex 76.49266800175997 30.90504395681274 9
      vertex 75.4710958246963 33.31171718700789 9
      vertex 76.49266800175997 30.90504395681274 10.15
    endloop
  endfacet
  facet normal 0.9205048534524407 0.3907311284892728 -3.2703379019413424e-17
    outer loop
      vertex 76.49266800175997 30.90504395681274 10.15
      vertex 75.4710958246963 33.31171718700789 9
      vertex 75.4710958246963 33.31171718700789 10.15
    endloop
  endfacet
  facet normal 0.5446390350150262 0.8386705679454246 -2.68737177403714e-17
    outer loop
      vertex 45.44512941287428 68.84257732125226 -10.15
      vertex 46.133414536336616 68.39559973579094 -9
      vertex 46.133414536336616 68.39559973579094 -10.15
    endloop
  endfacet
  facet normal 0.5446390350150262 0.8386705679454246 0
    outer loop
      vertex 45.44512941287428 68.84257732125226 -10.15
      vertex 45.44512941287428 68.84257732125226 -9
      vertex 46.133414536336616 68.39559973579094 -9
    endloop
  endfacet
  facet normal 0.01745240643728567 0.9998476951563912 -8.100196430207402e-19
    outer loop
      vertex 1.0042403025740838 82.48247092031504 -10.15
      vertex 2.87920847795633 82.4497432290754 -9
      vertex 2.87920847795633 82.4497432290754 -10.15
    endloop
  endfacet
  facet normal 0.01745240643728567 0.9998476951563912 0
    outer loop
      vertex 1.0042403025740838 82.48247092031504 -10.15
      vertex 1.0042403025740838 82.48247092031504 -9
      vertex 2.87920847795633 82.4497432290754 -9
    endloop
  endfacet
  facet normal 0.05233595624294207 0.9986295347545739 0
    outer loop
      vertex 2.87920847795633 82.4497432290754 -10.15
      vertex 2.87920847795633 82.4497432290754 -9
      vertex 5.754909083890338 82.2990341464355 -9
    endloop
  endfacet
  facet normal 0.05233595624294207 0.9986295347545739 6.7972743540483674e-18
    outer loop
      vertex 2.87920847795633 82.4497432290754 -10.15
      vertex 5.754909083890338 82.2990341464355 -9
      vertex 5.754909083890338 82.2990341464355 -10.15
    endloop
  endfacet
  facet normal 0.08715574274765839 0.9961946980917454 0
    outer loop
      vertex 5.754909083890338 82.2990341464355 -10.15
      vertex 5.754909083890338 82.2990341464355 -9
      vertex 8.623598219581412 82.04805636788255 -9
    endloop
  endfacet
  facet normal 0.08715574274765839 0.9961946980917454 -3.5808350169110255e-18
    outer loop
      vertex 5.754909083890338 82.2990341464355 -10.15
      vertex 8.623598219581412 82.04805636788255 -9
      vertex 8.623598219581412 82.04805636788255 -10.15
    endloop
  endfacet
  facet normal 0.12186934340514498 0.9925461516413223 0
    outer loop
      vertex 8.623598219581412 82.04805636788255 -10.15
      vertex 8.623598219581412 82.04805636788255 -9
      vertex 11.481780829205398 81.69711567117956 -9
    endloop
  endfacet
  facet normal 0.15643446504023417 0.9876883405951372 -1.951278558587721e-17
    outer loop
      vertex 11.481780829205398 81.69711567117956 -10.15
      vertex 14.325974657521753 81.24663962350716 -9
      vertex 14.325974657521753 81.24663962350716 -10.15
    endloop
  endfacet
  facet normal 0.19080899537654536 0.9816271834476639 0
    outer loop
      vertex 14.325974657521753 81.24663962350716 -10.15
      vertex 14.325974657521753 81.24663962350716 -9
      vertex 17.152714492465147 80.69717706053896 -9
    endloop
  endfacet
  facet normal 0.19080899537654558 0.9816271834476639 -5.876416443592084e-16
    outer loop
      vertex 14.325974657521753 81.24663962350716 -10.15
      vertex 17.152714492465147 80.69717706053896 -9
      vertex 17.152714492465144 80.69717706053896 -10.15
    endloop
  endfacet
  facet normal 0.22495105434386312 0.9743700647852357 1.2918481056509932e-18
    outer loop
      vertex 17.152714492465144 80.69717706053896 -10.15
      vertex 19.95855638697259 80.04939741776971 -9
      vertex 19.95855638697259 80.04939741776971 -10.15
    endloop
  endfacet
  facet normal 0.22495105434386334 0.9743700647852356 -6.949449459374242e-16
    outer loop
      vertex 17.152714492465144 80.69717706053896 -10.15
      vertex 17.152714492465147 80.69717706053896 -9
      vertex 19.95855638697259 80.04939741776971 -9
    endloop
  endfacet
  facet normal 0.2588190451025175 0.9659258262890691 1.595548367547225e-17
    outer loop
      vertex 19.95855638697259 80.04939741776971 -10.15
      vertex 22.250164451553474 79.43536288749662 -9
      vertex 22.250164451553474 79.43536288749662 -10.15
    endloop
  endfacet
  facet normal 0.2588190451025175 0.9659258262890691 0
    outer loop
      vertex 19.95855638697259 80.04939741776971 -10.15
      vertex 19.95855638697259 80.04939741776971 -9
      vertex 22.250164451553474 79.43536288749662 -9
    endloop
  endfacet
  facet normal 0.12186934340514498 0.9925461516413223 -2.6005231297300456e-17
    outer loop
      vertex 8.623598219581412 82.04805636788255 -10.15
      vertex 11.481780829205398 81.69711567117956 -9
      vertex 11.481780829205398 81.69711567117956 -10.15
    endloop
  endfacet
  facet normal 0.15643446504023417 0.9876883405951372 0
    outer loop
      vertex 11.481780829205398 81.69711567117956 -10.15
      vertex 11.481780829205398 81.69711567117956 -9
      vertex 14.325974657521753 81.24663962350716 -9
    endloop
  endfacet
  facet normal 0.7071067811865475 0.7071067811865475 0
    outer loop
      vertex 57.309315562867276 59.34553352793872 -10.15
      vertex 57.309315562867276 59.34553352793872 -9
      vertex 59.34553352793872 57.309315562867276 -9
    endloop
  endfacet
  facet normal 0.6560590289905052 0.7547095802227737 1.2139623100050255e-16
    outer loop
      vertex 55.2032750246058 61.309448101885025 -9
      vertex 53.02997779913949 63.19866655731568 -10.15
      vertex 53.02997779913949 63.19866655731568 -9
    endloop
  endfacet
  facet normal 0.6560590289905052 0.7547095802227737 0
    outer loop
      vertex 55.2032750246058 61.309448101885025 -10.15
      vertex 53.02997779913949 63.19866655731568 -10.15
      vertex 55.2032750246058 61.309448101885025 -9
    endloop
  endfacet
  facet normal 0.6819983600624981 0.7313537016191709 2.6195625624100727e-17
    outer loop
      vertex 55.2032750246058 61.309448101885025 -10.15
      vertex 57.309315562867276 59.34553352793872 -9
      vertex 57.309315562867276 59.34553352793872 -10.15
    endloop
  endfacet
  facet normal 0.6819983600624981 0.7313537016191709 0
    outer loop
      vertex 55.2032750246058 61.309448101885025 -10.15
      vertex 55.2032750246058 61.309448101885025 -9
      vertex 57.309315562867276 59.34553352793872 -9
    endloop
  endfacet
  facet normal 0.7547095802227767 0.656059028990502 0
    outer loop
      vertex 61.309448101885025 55.2032750246058 -10.15
      vertex 61.309448101885025 55.2032750246058 -9
      vertex 61.6654000092974 54.79379919582854 -9
    endloop
  endfacet
  facet normal 0.7313537016191709 0.6819983600624981 0
    outer loop
      vertex 61.309448101885025 55.2032750246058 -10.15
      vertex 59.34553352793872 57.309315562867276 -10.15
      vertex 61.309448101885025 55.2032750246058 -9
    endloop
  endfacet
  facet normal 0.7547095802227767 0.656059028990502 -7.166337933166901e-19
    outer loop
      vertex 61.309448101885025 55.2032750246058 -10.15
      vertex 61.6654000092974 54.79379919582854 -9
      vertex 61.6654000092974 54.79379919582854 -10.15
    endloop
  endfacet
  facet normal 0.7313537016191709 0.6819983600624981 2.6195625624100727e-17
    outer loop
      vertex 61.309448101885025 55.2032750246058 -9
      vertex 59.34553352793872 57.309315562867276 -10.15
      vertex 59.34553352793872 57.309315562867276 -9
    endloop
  endfacet
  facet normal 0.7071067811865475 0.7071067811865475 -1.0816953350036543e-17
    outer loop
      vertex 57.309315562867276 59.34553352793872 -10.15
      vertex 59.34553352793872 57.309315562867276 -9
      vertex 59.34553352793872 57.309315562867276 -10.15
    endloop
  endfacet
  facet normal 0.6293203910498392 0.7771459614569695 8.062668214447132e-17
    outer loop
      vertex 50.792071714366806 65.01088717255456 -10.15
      vertex 53.02997779913949 63.19866655731568 -9
      vertex 53.02997779913949 63.19866655731568 -10.15
    endloop
  endfacet
  facet normal 0.6018150231520483 0.7986355100472928 -1.6360121684835932e-17
    outer loop
      vertex 48.49228331412903 66.74390203593316 -10.15
      vertex 50.792071714366806 65.01088717255456 -9
      vertex 50.792071714366806 65.01088717255456 -10.15
    endloop
  endfacet
  facet normal 0.6293203910498392 0.7771459614569695 0
    outer loop
      vertex 50.792071714366806 65.01088717255456 -10.15
      vertex 50.792071714366806 65.01088717255456 -9
      vertex 53.02997779913949 63.19866655731568 -9
    endloop
  endfacet
  facet normal 0.5735764363510467 0.8191520442889915 4.789819157140342e-18
    outer loop
      vertex 46.133414536336616 68.39559973579094 -10.15
      vertex 48.49228331412903 66.74390203593316 -9
      vertex 48.49228331412903 66.74390203593316 -10.15
    endloop
  endfacet
  facet normal 0.6018150231520483 0.7986355100472928 0
    outer loop
      vertex 48.49228331412903 66.74390203593316 -10.15
      vertex 48.49228331412903 66.74390203593316 -9
      vertex 50.792071714366806 65.01088717255456 -9
    endloop
  endfacet
  facet normal 0.5735764363510467 0.8191520442889915 0
    outer loop
      vertex 46.133414536336616 68.39559973579094 -10.15
      vertex 46.133414536336616 68.39559973579094 -9
      vertex 48.49228331412903 66.74390203593316 -9
    endloop
  endfacet
  facet normal 0.5446390350150262 0.8386705679454246 -2.68737177403714e-17
    outer loop
      vertex 45.44512941287428 68.84257732125226 9
      vertex 46.133414536336616 68.39559973579094 10.15
      vertex 46.133414536336616 68.39559973579094 9
    endloop
  endfacet
  facet normal 0.5446390350150262 0.8386705679454246 0
    outer loop
      vertex 45.44512941287428 68.84257732125226 9
      vertex 45.44512941287428 68.84257732125226 10.15
      vertex 46.133414536336616 68.39559973579094 10.15
    endloop
  endfacet
  facet normal 0.01745240643728567 0.9998476951563912 -8.100196430207402e-19
    outer loop
      vertex 1.0042403025740838 82.48247092031504 9
      vertex 2.87920847795633 82.4497432290754 10.15
      vertex 2.87920847795633 82.4497432290754 9
    endloop
  endfacet
  facet normal 0.01745240643728567 0.9998476951563912 0
    outer loop
      vertex 1.0042403025740838 82.48247092031504 9
      vertex 1.0042403025740838 82.48247092031504 10.15
      vertex 2.87920847795633 82.4497432290754 10.15
    endloop
  endfacet
  facet normal 0.05233595624294207 0.9986295347545739 0
    outer loop
      vertex 2.87920847795633 82.4497432290754 9
      vertex 2.87920847795633 82.4497432290754 10.15
      vertex 5.754909083890338 82.2990341464355 10.15
    endloop
  endfacet
  facet normal 0.05233595624294207 0.9986295347545739 6.7972743540483674e-18
    outer loop
      vertex 2.87920847795633 82.4497432290754 9
      vertex 5.754909083890338 82.2990341464355 10.15
      vertex 5.754909083890338 82.2990341464355 9
    endloop
  endfacet
  facet normal 0.08715574274765839 0.9961946980917454 0
    outer loop
      vertex 5.754909083890338 82.2990341464355 9
      vertex 5.754909083890338 82.2990341464355 10.15
      vertex 8.623598219581412 82.04805636788255 10.15
    endloop
  endfacet
  facet normal 0.08715574274765839 0.9961946980917454 -3.5808350169110255e-18
    outer loop
      vertex 5.754909083890338 82.2990341464355 9
      vertex 8.623598219581412 82.04805636788255 10.15
      vertex 8.623598219581412 82.04805636788255 9
    endloop
  endfacet
  facet normal 0.1218693434051449 0.9925461516413223 0
    outer loop
      vertex 8.623598219581412 82.04805636788255 9
      vertex 8.623598219581412 82.04805636788255 10.15
      vertex 11.4817808292054 81.69711567117956 10.15
    endloop
  endfacet
  facet normal 0.15643446504023417 0.9876883405951372 -1.951278558587721e-17
    outer loop
      vertex 11.481780829205398 81.69711567117956 9
      vertex 14.325974657521753 81.24663962350716 10.15
      vertex 14.325974657521753 81.24663962350716 9
    endloop
  endfacet
  facet normal 0.19080899537654536 0.9816271834476639 0
    outer loop
      vertex 14.325974657521753 81.24663962350716 9
      vertex 14.325974657521753 81.24663962350716 10.15
      vertex 17.152714492465147 80.69717706053896 10.15
    endloop
  endfacet
  facet normal 0.19080899537654536 0.9816271834476639 1.581438648899753e-17
    outer loop
      vertex 14.325974657521753 81.24663962350716 9
      vertex 17.152714492465147 80.69717706053896 10.15
      vertex 17.152714492465147 80.69717706053896 9
    endloop
  endfacet
  facet normal 0.22495105434386334 0.9743700647852356 2.5730093100623923e-17
    outer loop
      vertex 17.152714492465147 80.69717706053896 9
      vertex 19.95855638697259 80.04939741776971 10.15
      vertex 19.95855638697259 80.04939741776971 9
    endloop
  endfacet
  facet normal 0.22495105434386334 0.9743700647852356 0
    outer loop
      vertex 17.152714492465147 80.69717706053896 9
      vertex 17.152714492465147 80.69717706053896 10.15
      vertex 19.95855638697259 80.04939741776971 10.15
    endloop
  endfacet
  facet normal 0.2588190451025175 0.9659258262890691 1.595548367547225e-17
    outer loop
      vertex 19.95855638697259 80.04939741776971 9
      vertex 22.250164451553474 79.43536288749662 10.15
      vertex 22.250164451553474 79.43536288749662 9
    endloop
  endfacet
  facet normal 0.2588190451025175 0.9659258262890691 0
    outer loop
      vertex 19.95855638697259 80.04939741776971 9
      vertex 19.95855638697259 80.04939741776971 10.15
      vertex 22.250164451553474 79.43536288749662 10.15
    endloop
  endfacet
  facet normal 0.12186934340514498 0.9925461516413223 -2.1425170231551526e-16
    outer loop
      vertex 8.623598219581412 82.04805636788255 9
      vertex 11.4817808292054 81.69711567117956 10.15
      vertex 11.481780829205398 81.69711567117956 9
    endloop
  endfacet
  facet normal 0.15643446504023426 0.9876883405951372 -2.4163776686272993e-16
    outer loop
      vertex 11.481780829205398 81.69711567117956 9
      vertex 11.4817808292054 81.69711567117956 10.15
      vertex 14.325974657521753 81.24663962350716 10.15
    endloop
  endfacet
  facet normal 0.7071067811865475 0.7071067811865475 0
    outer loop
      vertex 57.309315562867276 59.34553352793872 9
      vertex 57.309315562867276 59.34553352793872 10.15
      vertex 59.34553352793872 57.309315562867276 10.15
    endloop
  endfacet
  facet normal 0.6560590289905052 0.7547095802227737 1.2139623100050255e-16
    outer loop
      vertex 55.2032750246058 61.309448101885025 10.15
      vertex 53.02997779913949 63.19866655731568 9
      vertex 53.02997779913949 63.19866655731568 10.15
    endloop
  endfacet
  facet normal 0.6560590289905052 0.7547095802227737 0
    outer loop
      vertex 55.2032750246058 61.309448101885025 9
      vertex 53.02997779913949 63.19866655731568 9
      vertex 55.2032750246058 61.309448101885025 10.15
    endloop
  endfacet
  facet normal 0.6819983600624981 0.7313537016191709 2.6195625624100727e-17
    outer loop
      vertex 55.2032750246058 61.309448101885025 9
      vertex 57.309315562867276 59.34553352793872 10.15
      vertex 57.309315562867276 59.34553352793872 9
    endloop
  endfacet
  facet normal 0.6819983600624981 0.7313537016191709 0
    outer loop
      vertex 55.2032750246058 61.309448101885025 9
      vertex 55.2032750246058 61.309448101885025 10.15
      vertex 57.309315562867276 59.34553352793872 10.15
    endloop
  endfacet
  facet normal 0.7547095802227758 0.656059028990503 0
    outer loop
      vertex 61.309448101885025 55.2032750246058 9
      vertex 61.309448101885025 55.2032750246058 10.15
      vertex 61.66540000929741 54.793799195828534 10.15
    endloop
  endfacet
  facet normal 0.7313537016191709 0.6819983600624981 0
    outer loop
      vertex 61.309448101885025 55.2032750246058 9
      vertex 59.34553352793872 57.309315562867276 9
      vertex 61.309448101885025 55.2032750246058 10.15
    endloop
  endfacet
  facet normal 0.7547095802227758 0.656059028990503 1.529788360944746e-18
    outer loop
      vertex 61.309448101885025 55.2032750246058 9
      vertex 61.66540000929741 54.793799195828534 10.15
      vertex 61.66540000929741 54.793799195828534 9
    endloop
  endfacet
  facet normal 0.7313537016191709 0.6819983600624981 2.6195625624100727e-17
    outer loop
      vertex 61.309448101885025 55.2032750246058 10.15
      vertex 59.34553352793872 57.309315562867276 9
      vertex 59.34553352793872 57.309315562867276 10.15
    endloop
  endfacet
  facet normal 0.7071067811865475 0.7071067811865475 -1.0816953350036543e-17
    outer loop
      vertex 57.309315562867276 59.34553352793872 9
      vertex 59.34553352793872 57.309315562867276 10.15
      vertex 59.34553352793872 57.309315562867276 9
    endloop
  endfacet
  facet normal 0.6293203910498392 0.7771459614569695 8.062668214447132e-17
    outer loop
      vertex 50.792071714366806 65.01088717255456 9
      vertex 53.02997779913949 63.19866655731568 10.15
      vertex 53.02997779913949 63.19866655731568 9
    endloop
  endfacet
  facet normal 0.6018150231520483 0.7986355100472928 -1.6360121684835932e-17
    outer loop
      vertex 48.49228331412903 66.74390203593316 9
      vertex 50.792071714366806 65.01088717255456 10.15
      vertex 50.792071714366806 65.01088717255456 9
    endloop
  endfacet
  facet normal 0.6293203910498392 0.7771459614569695 0
    outer loop
      vertex 50.792071714366806 65.01088717255456 9
      vertex 50.792071714366806 65.01088717255456 10.15
      vertex 53.02997779913949 63.19866655731568 10.15
    endloop
  endfacet
  facet normal 0.5735764363510467 0.8191520442889915 4.789819157140342e-18
    outer loop
      vertex 46.133414536336616 68.39559973579094 9
      vertex 48.49228331412903 66.74390203593316 10.15
      vertex 48.49228331412903 66.74390203593316 9
    endloop
  endfacet
  facet normal 0.6018150231520483 0.7986355100472928 0
    outer loop
      vertex 48.49228331412903 66.74390203593316 9
      vertex 48.49228331412903 66.74390203593316 10.15
      vertex 50.792071714366806 65.01088717255456 10.15
    endloop
  endfacet
  facet normal 0.5735764363510467 0.8191520442889915 0
    outer loop
      vertex 46.133414536336616 68.39559973579094 9
      vertex 46.133414536336616 68.39559973579094 10.15
      vertex 48.49228331412903 66.74390203593316 10.15
    endloop
  endfacet
  facet normal 0 0 -1
    outer loop
      vertex -98.98192857040446 3.4565251114557327 -9
      vertex -98.8010004671922 6.908838979500034 -9
      vertex -99.03471970167713 0.4321232263998998 -9
    endloop
  endfacet
  facet normal 0 0 -1
    outer loop
      vertex -98.8010004671922 6.908838979500034 -9
      vertex -98.49969856403811 10.352735491472876 -9
      vertex -99.03471970167713 0.4321232263998998 -9
    endloop
  endfacet
  facet normal 0 0 -1
    outer loop
      vertex -98.15173243076234 13.186692226073626 -9
      vertex -82.4497432290754 2.87920847795633 -9
      vertex -99.03471970167713 0.4321232263998998 -9
    endloop
  endfacet
  facet normal 0 0 -1
    outer loop
      vertex -82.4497432290754 2.87920847795633 -9
      vertex -82.49371706633104 0.35994902882347196 -9
      vertex -99.03471970167713 0.4321232263998998 -9
    endloop
  endfacet
  facet normal 0 0 -1
    outer loop
      vertex -98.49969856403811 10.352735491472876 -9
      vertex -98.15173243076234 13.186692226073626 -9
      vertex -99.03471970167713 0.4321232263998998 -9
    endloop
  endfacet
  facet normal 0 0 -1
    outer loop
      vertex -98.15173243076234 13.186692226073626 -9
      vertex -82.2990341464355 5.754909083890338 -9
      vertex -82.4497432290754 2.87920847795633 -9
    endloop
  endfacet
  facet normal 0 0 -1
    outer loop
      vertex -98.15173243076234 13.186692226073626 -9
      vertex -82.42466570220297 8.56880877835907 -9
      vertex -82.2990341464355 5.754909083890338 -9
    endloop
  endfacet
  facet normal 0 0 -1
    outer loop
      vertex -82.2990341464355 5.754909083890338 -9
      vertex -82.42466570220297 8.56880877835907 -9
      vertex -82.04805636788255 8.623598219581412 -9
    endloop
  endfacet
  facet normal 0 0 -1
    outer loop
      vertex -82.42466570220297 8.56880877835907 -9
      vertex -81.78894844014904 10.733862945277757 -9
      vertex -82.04805636788255 8.623598219581412 -9
    endloop
  endfacet
  facet normal -0.9998476951563913 0.01745240643728248 2.3831319993667815e-19
    outer loop
      vertex -98.98192857040446 3.4565251114557327 -9
      vertex -99.03471970167713 0.4321232263998998 -9
      vertex -99.03471970167713 0.4321232263998998 9
    endloop
  endfacet
  facet normal -0.9986295347545735 0.052335956242949296 -7.741331783954771e-19
    outer loop
      vertex -98.98192857040446 3.4565251114557327 -9
      vertex -98.8010004671922 6.908838979500034 9
      vertex -98.8010004671922 6.908838979500034 -9
    endloop
  endfacet
  facet normal -0.9961946980917459 0.08715574274765482 9.69256986167237e-19
    outer loop
      vertex -98.8010004671922 6.908838979500034 -9
      vertex -98.49969856403811 10.352735491472876 9
      vertex -98.49969856403811 10.352735491472876 -9
    endloop
  endfacet
  facet normal -0.9925461516413222 0.12186934340514514 -6.518864094481201e-19
    outer loop
      vertex -98.49969856403811 10.352735491472876 -9
      vertex -98.15173243076234 13.186692226073626 9
      vertex -98.15173243076234 13.186692226073626 -9
    endloop
  endfacet
  facet normal 0 0 -1
    outer loop
      vertex -89.69361848434285 41.96967937790555 -9
      vertex -89.01859581365666 43.41727016669292 -9
      vertex -73.97268899696009 37.35359798679399 -9
    endloop
  endfacet
  facet normal 0 0 -1
    outer loop
      vertex -89.01859581365666 43.41727016669292 -9
      vertex -87.44912721327485 46.49752572986273 -9
      vertex -73.97268899696009 37.35359798679399 -9
    endloop
  endfacet
  facet normal 0 0 -1
    outer loop
      vertex -87.44912721327485 46.49752572986273 -9
      vertex -85.77311532188907 49.521131220325465 -9
      vertex -73.97268899696009 37.35359798679399 -9
    endloop
  endfacet
  facet normal 0 0 -1
    outer loop
      vertex -85.77311532188907 49.521131220325465 -9
      vertex -83.99260210181912 52.484402840541726 -9
      vertex -73.97268899696009 37.35359798679399 -9
    endloop
  endfacet
  facet normal 0 0 -1
    outer loop
      vertex -73.97268899696009 37.35359798679399 -9
      vertex -83.99260210181912 52.484402840541726 -9
      vertex -82.10975683415663 55.383730300499295 -9
    endloop
  endfacet
  facet normal -0.9063077870366494 0.4226182617407006 3.86909661504229e-19
    outer loop
      vertex -89.69361848434285 41.96967937790555 -9
      vertex -89.01859581365666 43.41727016669292 9
      vertex -89.01859581365666 43.41727016669292 -9
    endloop
  endfacet
  facet normal -0.8910065241883679 0.4539904997395467 -3.038353082004376e-18
    outer loop
      vertex -89.01859581365666 43.41727016669292 -9
      vertex -87.44912721327485 46.49752572986273 9
      vertex -87.44912721327485 46.49752572986273 -9
    endloop
  endfacet
  facet normal -0.8746197071393957 0.4848096202463372 -9.450168595288567e-19
    outer loop
      vertex -87.44912721327485 46.49752572986273 -9
      vertex -85.77311532188907 49.521131220325465 9
      vertex -85.77311532188907 49.521131220325465 -9
    endloop
  endfacet
  facet normal 0 0 -1
    outer loop
      vertex -74.61228234020388 35.17534309963012 -9
      vertex -73.97268899696009 37.35359798679399 -9
      vertex -74.15050881968128 36.165619610098894 -9
    endloop
  endfacet
  facet normal 0 0 -1
    outer loop
      vertex -74.15050881968128 36.165619610098894 -9
      vertex -73.97268899696009 37.35359798679399 -9
      vertex -72.84317641086147 38.73140392983599 -9
    endloop
  endfacet
  facet normal 0 0 -1
    outer loop
      vertex -73.97268899696009 37.35359798679399 -9
      vertex -75.44083372888011 64.15772973042831 -9
      vertex -72.84317641086147 38.73140392983599 -9
    endloop
  endfacet
  facet normal 0 0 -1
    outer loop
      vertex -72.84317641086147 38.73140392983599 -9
      vertex -75.44083372888011 64.15772973042831 -9
      vertex -71.44709581221619 41.25 -9
    endloop
  endfacet
  facet normal 0 0 -1
    outer loop
      vertex -71.44709581221619 41.25 -9
      vertex -75.44083372888011 64.15772973042831 -9
      vertex -69.96396793290513 43.7183392992394 -9
    endloop
  endfacet
  facet normal -0.9998476951563913 0.01745240643728248 0
    outer loop
      vertex -98.98192857040446 3.4565251114557327 -9
      vertex -99.03471970167713 0.4321232263998998 9
      vertex -98.98192857040446 3.4565251114557327 9
    endloop
  endfacet
  facet normal -0.9986295347545735 0.052335956242949296 0
    outer loop
      vertex -98.98192857040446 3.4565251114557327 -9
      vertex -98.98192857040446 3.4565251114557327 9
      vertex -98.8010004671922 6.908838979500034 9
    endloop
  endfacet
  facet normal -0.9961946980917459 0.08715574274765482 0
    outer loop
      vertex -98.8010004671922 6.908838979500034 -9
      vertex -98.8010004671922 6.908838979500034 9
      vertex -98.49969856403811 10.352735491472876 9
    endloop
  endfacet
  facet normal -0.9925461516413222 0.12186934340514514 0
    outer loop
      vertex -98.49969856403811 10.352735491472876 -9
      vertex -98.49969856403811 10.352735491472876 9
      vertex -98.15173243076234 13.186692226073626 9
    endloop
  endfacet
  facet normal 0 0 1
    outer loop
      vertex -98.98192857040446 3.4565251114557327 9
      vertex -99.03471970167713 0.4321232263998998 9
      vertex -82.49371706633104 0.35994902882347196 9
    endloop
  endfacet
  facet normal 0 0 1
    outer loop
      vertex -98.98192857040446 3.4565251114557327 9
      vertex -82.49371706633104 0.35994902882347196 9
      vertex -98.8010004671922 6.908838979500034 9
    endloop
  endfacet
  facet normal 0 0 1
    outer loop
      vertex -98.8010004671922 6.908838979500034 9
      vertex -82.49371706633104 0.35994902882347196 9
      vertex -98.49969856403811 10.352735491472876 9
    endloop
  endfacet
  facet normal 0 0 1
    outer loop
      vertex -98.49969856403811 10.352735491472876 9
      vertex -82.49371706633104 0.35994902882347196 9
      vertex -82.42466570220297 8.56880877835907 9
    endloop
  endfacet
  facet normal 0 0 1
    outer loop
      vertex -98.49969856403811 10.352735491472876 9
      vertex -82.42466570220297 8.56880877835907 9
      vertex -98.15173243076234 13.186692226073626 9
    endloop
  endfacet
  facet normal 0 0 1
    outer loop
      vertex -82.4497432290754 2.87920847795633 9
      vertex -82.42466570220297 8.56880877835907 9
      vertex -82.49371706633104 0.35994902882347196 9
    endloop
  endfacet
  facet normal 0 0 1
    outer loop
      vertex -82.4497432290754 2.87920847795633 9
      vertex -82.2990341464355 5.754909083890338 9
      vertex -82.42466570220297 8.56880877835907 9
    endloop
  endfacet
  facet normal 0 0 1
    outer loop
      vertex -82.2990341464355 5.754909083890338 9
      vertex -82.04805636788255 8.623598219581412 9
      vertex -82.42466570220297 8.56880877835907 9
    endloop
  endfacet
  facet normal 0 0 1
    outer loop
      vertex -82.42466570220297 8.56880877835907 9
      vertex -82.04805636788255 8.623598219581412 9
      vertex -81.78894844014904 10.733862945277744 9
    endloop
  endfacet
  facet normal -0.9063077870366494 0.4226182617407006 0
    outer loop
      vertex -89.69361848434285 41.96967937790555 -9
      vertex -89.69361848434285 41.96967937790555 9
      vertex -89.01859581365666 43.41727016669292 9
    endloop
  endfacet
  facet normal -0.8910065241883679 0.4539904997395467 0
    outer loop
      vertex -89.01859581365666 43.41727016669292 -9
      vertex -89.01859581365666 43.41727016669292 9
      vertex -87.44912721327485 46.49752572986273 9
    endloop
  endfacet
  facet normal -0.8746197071393957 0.4848096202463372 0
    outer loop
      vertex -87.44912721327485 46.49752572986273 -9
      vertex -87.44912721327485 46.49752572986273 9
      vertex -85.77311532188907 49.521131220325465 9
    endloop
  endfacet
  facet normal 0 0 1
    outer loop
      vertex -89.69361848434285 41.96967937790555 9
      vertex -87.44912721327485 46.49752572986273 9
      vertex -89.01859581365666 43.41727016669292 9
    endloop
  endfacet
  facet normal 0 0 1
    outer loop
      vertex -89.69361848434285 41.96967937790555 9
      vertex -85.77311532188907 49.521131220325465 9
      vertex -87.44912721327485 46.49752572986273 9
    endloop
  endfacet
  facet normal 0 0 1
    outer loop
      vertex -89.69361848434285 41.96967937790555 9
      vertex -83.99260210181912 52.484402840541726 9
      vertex -85.77311532188907 49.521131220325465 9
    endloop
  endfacet
  facet normal 0 0 1
    outer loop
      vertex -89.69361848434285 41.96967937790555 9
      vertex -82.10975683415663 55.383730300499295 9
      vertex -83.99260210181912 52.484402840541726 9
    endloop
  endfacet
  facet normal 0 0 1
    outer loop
      vertex -89.69361848434285 41.96967937790555 9
      vertex -73.97268899696009 37.35359798679399 9
      vertex -75.44083372888011 64.15772973042831 9
    endloop
  endfacet
  facet normal 0 0 1
    outer loop
      vertex -74.61228234020388 35.17534309963013 9
      vertex -74.15050881968128 36.165619610098894 9
      vertex -73.97268899696009 37.35359798679399 9
    endloop
  endfacet
  facet normal 0 0 1
    outer loop
      vertex -74.15050881968128 36.165619610098894 9
      vertex -72.84317641086147 38.73140392983599 9
      vertex -73.97268899696009 37.35359798679399 9
    endloop
  endfacet
  facet normal 0 0 1
    outer loop
      vertex -73.97268899696009 37.35359798679399 9
      vertex -72.84317641086147 38.73140392983599 9
      vertex -75.44083372888011 64.15772973042831 9
    endloop
  endfacet
  facet normal 0 0 1
    outer loop
      vertex -72.84317641086147 38.73140392983599 9
      vertex -71.44709581221619 41.25 9
      vertex -75.44083372888011 64.15772973042831 9
    endloop
  endfacet
  facet normal 0 0 1
    outer loop
      vertex -71.44709581221619 41.25 9
      vertex -69.96396793290513 43.7183392992394 9
      vertex -75.44083372888011 64.15772973042831 9
    endloop
  endfacet
  facet normal 0 0 -1
    outer loop
      vertex -73.97268899696009 37.35359798679399 -9
      vertex -82.10975683415663 55.383730300499295 -9
      vertex -80.12687347583017 58.21558121629534 -9
    endloop
  endfacet
  facet normal 0 0 -1
    outer loop
      vertex -73.97268899696009 37.35359798679399 -9
      vertex -80.12687347583017 58.21558121629534 -9
      vertex -78.04636786477207 60.97650541380219 -9
    endloop
  endfacet
  facet normal 0 0 -1
    outer loop
      vertex -73.97268899696009 37.35359798679399 -9
      vertex -78.04636786477207 60.97650541380219 -9
      vertex -75.87077477659211 63.663139132172915 -9
    endloop
  endfacet
  facet normal 0 0 -1
    outer loop
      vertex -73.97268899696009 37.35359798679399 -9
      vertex -75.87077477659211 63.663139132172915 -9
      vertex -75.44083372888011 64.15772973042831 -9
    endloop
  endfacet
  facet normal -0.8571673007021118 0.5150380749100552 -2.598594353050002e-18
    outer loop
      vertex -85.77311532188907 49.521131220325465 -9
      vertex -83.99260210181912 52.484402840541726 9
      vertex -83.99260210181912 52.484402840541726 -9
    endloop
  endfacet
  facet normal -0.838670567945425 0.5446390350150256 -1.4857987185741902e-18
    outer loop
      vertex -83.99260210181912 52.484402840541726 -9
      vertex -82.10975683415663 55.383730300499295 9
      vertex -82.10975683415663 55.383730300499295 -9
    endloop
  endfacet
  facet normal -0.8191520442889919 0.573576436351046 -6.306815772661926e-18
    outer loop
      vertex -82.10975683415663 55.383730300499295 -9
      vertex -80.12687347583017 58.21558121629534 9
      vertex -80.12687347583017 58.21558121629534 -9
    endloop
  endfacet
  facet normal -0.7986355100472914 0.6018150231520502 -1.0322482862467252e-18
    outer loop
      vertex -80.12687347583017 58.21558121629534 -9
      vertex -78.04636786477207 60.97650541380219 9
      vertex -78.04636786477207 60.97650541380219 -9
    endloop
  endfacet
  facet normal -0.7771459614569703 0.6293203910498382 -5.372868127445598e-18
    outer loop
      vertex -78.04636786477207 60.97650541380219 -9
      vertex -75.87077477659211 63.663139132172915 9
      vertex -75.87077477659211 63.663139132172915 -9
    endloop
  endfacet
  facet normal -0.7547095802227765 0.6560590289905022 6.785507529231333e-19
    outer loop
      vertex -75.87077477659211 63.663139132172915 -9
      vertex -75.44083372888011 64.15772973042831 9
      vertex -75.44083372888011 64.15772973042831 -9
    endloop
  endfacet
  facet normal 0 0 -1
    outer loop
      vertex -69.96396793290513 43.7183392992394 -9
      vertex -75.44083372888011 64.15772973042831 -9
      vertex -68.39559973579094 46.133414536336616 -9
    endloop
  endfacet
  facet normal 0 0 -1
    outer loop
      vertex -68.39559973579094 46.133414536336616 -9
      vertex -75.44083372888011 64.15772973042831 -9
      vertex -66.74390203593316 48.49228331412903 -9
    endloop
  endfacet
  facet normal 0 0 -1
    outer loop
      vertex -66.74390203593316 48.49228331412903 -9
      vertex -75.44083372888011 64.15772973042831 -9
      vertex -65.01088717255456 50.792071714366806 -9
    endloop
  endfacet
  facet normal 0 0 -1
    outer loop
      vertex -65.01088717255456 50.792071714366806 -9
      vertex -64.7073934318546 51.77067930069278 -9
      vertex -63.19866655731568 53.02997779913949 -9
    endloop
  endfacet
  facet normal 0 0 -1
    outer loop
      vertex -64.7073934318546 51.77067930069278 -9
      vertex -63.02949797986478 53.22458398613353 -9
      vertex -63.19866655731568 53.02997779913949 -9
    endloop
  endfacet
  facet normal 0 0 -1
    outer loop
      vertex -75.44083372888011 64.15772973042831 -9
      vertex -64.7073934318546 51.77067930069278 -9
      vertex -65.01088717255456 50.792071714366806 -9
    endloop
  endfacet
  facet normal -0.5446390350150254 0.838670567945425 4.0715411751865223e-19
    outer loop
      vertex -52.770927737730894 83.80653065794434 -9
      vertex -52.484402840541726 83.99260210181912 9
      vertex -52.484402840541726 83.99260210181912 -9
    endloop
  endfacet
  facet normal -0.5150380749100552 0.8571673007021118 0
    outer loop
      vertex -52.484402840541726 83.99260210181912 -9
      vertex -52.484402840541726 83.99260210181912 9
      vertex -49.521131220325465 85.77311532188907 -9
    endloop
  endfacet
  facet normal 0 0 -1
    outer loop
      vertex -43.69511389378549 69.97792316440334 -9
      vertex -42.03490620122685 71.41650131905133 -9
      vertex -41.25 71.44709581221619 -9
    endloop
  endfacet
  facet normal 0 0 -1
    outer loop
      vertex -52.770927737730894 83.80653065794434 -9
      vertex -52.484402840541726 83.99260210181912 -9
      vertex -42.03490620122685 71.41650131905133 -9
    endloop
  endfacet
  facet normal 0 0 -1
    outer loop
      vertex -52.484402840541726 83.99260210181912 -9
      vertex -49.521131220325465 85.77311532188907 -9
      vertex -42.03490620122685 71.41650131905133 -9
    endloop
  endfacet
  facet normal 0 0 -1
    outer loop
      vertex -42.03490620122685 71.41650131905133 -9
      vertex -43.41727016669292 89.01859581365666 -9
      vertex -41.25 71.44709581221619 -9
    endloop
  endfacet
  facet normal 0 0 -1
    outer loop
      vertex -41.25 71.44709581221619 -9
      vertex -43.41727016669292 89.01859581365666 -9
      vertex -38.73140392983599 72.84317641086147 -9
    endloop
  endfacet
  facet normal 0 0 -1
    outer loop
      vertex -42.03490620122685 71.41650131905133 -9
      vertex -49.521131220325465 85.77311532188907 -9
      vertex -46.49752572986273 87.44912721327485 -9
    endloop
  endfacet
  facet normal 0 0 -1
    outer loop
      vertex -42.03490620122685 71.41650131905133 -9
      vertex -46.49752572986273 87.44912721327485 -9
      vertex -43.41727016669292 89.01859581365666 -9
    endloop
  endfacet
  facet normal 0 0 -1
    outer loop
      vertex -38.73140392983599 72.84317641086147 -9
      vertex -43.41727016669292 89.01859581365666 -9
      vertex -40.28411734774277 90.47960896730304 -9
    endloop
  endfacet
  facet normal 0 0 -1
    outer loop
      vertex -38.73140392983599 72.84317641086147 -9
      vertex -40.28411734774277 90.47960896730304 -9
      vertex -36.165619610098894 74.15050881968128 -9
    endloop
  endfacet
  facet normal 0 0 -1
    outer loop
      vertex -36.165619610098894 74.15050881968128 -9
      vertex -37.10188453709698 91.83038665473808 -9
      vertex -33.55577305375352 75.36750025551457 -9
    endloop
  endfacet
  facet normal 0 0 -1
    outer loop
      vertex -28.21666182436767 77.52464121483744 -9
      vertex -26.44598094748674 78.53572493919674 -9
      vertex -25.49390203593316 78.46216259435016 -9
    endloop
  endfacet
  facet normal 0 0 -1
    outer loop
      vertex -33.55577305375352 75.36750025551457 -9
      vertex -33.874448795249926 93.06928316142101 -9
      vertex -30.90504395681274 76.49266800175997 -9
    endloop
  endfacet
  facet normal 0 0 -1
    outer loop
      vertex -36.165619610098894 74.15050881968128 -9
      vertex -40.28411734774277 90.47960896730304 -9
      vertex -37.10188453709698 91.83038665473808 -9
    endloop
  endfacet
  facet normal 0 0 -1
    outer loop
      vertex -33.55577305375352 75.36750025551457 -9
      vertex -37.10188453709698 91.83038665473808 -9
      vertex -33.874448795249926 93.06928316142101 -9
    endloop
  endfacet
  facet normal 0 0 -1
    outer loop
      vertex -30.90504395681274 76.49266800175997 -9
      vertex -30.60574225550469 94.19478908279581 -9
      vertex -28.21666182436767 77.52464121483744 -9
    endloop
  endfacet
  facet normal 0 0 -1
    outer loop
      vertex -28.21666182436767 77.52464121483744 -9
      vertex -28.77776755610778 94.75365703333162 -9
      vertex -26.44598094748674 78.53572493919674 -9
    endloop
  endfacet
  facet normal -0.4848096202463372 0.8746197071393957 0
    outer loop
      vertex -49.521131220325465 85.77311532188907 -9
      vertex -49.521131220325465 85.77311532188907 9
      vertex -46.49752572986273 87.44912721327485 -9
    endloop
  endfacet
  facet normal 0 0 -1
    outer loop
      vertex -30.90504395681274 76.49266800175997 -9
      vertex -33.874448795249926 93.06928316142101 -9
      vertex -30.60574225550469 94.19478908279581 -9
    endloop
  endfacet
  facet normal 0 0 -1
    outer loop
      vertex -28.21666182436767 77.52464121483744 -9
      vertex -30.60574225550469 94.19478908279581 -9
      vertex -28.77776755610778 94.75365703333162 -9
    endloop
  endfacet
  facet normal -0.4539904997395467 0.8910065241883679 0
    outer loop
      vertex -46.49752572986273 87.44912721327485 -9
      vertex -46.49752572986273 87.44912721327485 9
      vertex -43.41727016669292 89.01859581365666 -9
    endloop
  endfacet
  facet normal -0.4226182617406993 0.9063077870366499 0
    outer loop
      vertex -43.41727016669292 89.01859581365666 -9
      vertex -43.41727016669292 89.01859581365666 9
      vertex -40.28411734774277 90.47960896730304 -9
    endloop
  endfacet
  facet normal -0.39073112848927233 0.9205048534524409 0
    outer loop
      vertex -40.28411734774277 90.47960896730304 -9
      vertex -40.28411734774277 90.47960896730304 9
      vertex -37.10188453709698 91.83038665473808 -9
    endloop
  endfacet
  facet normal -0.35836794954530127 0.9335804264972014 0
    outer loop
      vertex -37.10188453709698 91.83038665473808 -9
      vertex -37.10188453709698 91.83038665473808 9
      vertex -33.874448795249926 93.06928316142101 -9
    endloop
  endfacet
  facet normal -0.32556815445715626 0.945518575599317 0
    outer loop
      vertex -33.874448795249926 93.06928316142101 -9
      vertex -33.874448795249926 93.06928316142101 9
      vertex -30.60574225550469 94.19478908279581 -9
    endloop
  endfacet
  facet normal -0.2923717047227393 0.9563047559630347 -5.742415244007933e-19
    outer loop
      vertex -30.60574225550469 94.19478908279581 -9
      vertex -28.77776755610778 94.75365703333162 9
      vertex -28.77776755610778 94.75365703333162 -9
    endloop
  endfacet
  facet normal 0 0 -1
    outer loop
      vertex -26.44598094748674 78.53572493919674 -9
      vertex -24.194442177426787 78.8594473424195 -9
      vertex -25.49390203593316 78.46216259435016 -9
    endloop
  endfacet
  facet normal -0.8571673007021118 0.5150380749100552 0
    outer loop
      vertex -85.77311532188907 49.521131220325465 -9
      vertex -85.77311532188907 49.521131220325465 9
      vertex -83.99260210181912 52.484402840541726 9
    endloop
  endfacet
  facet normal -0.838670567945425 0.5446390350150256 0
    outer loop
      vertex -83.99260210181912 52.484402840541726 -9
      vertex -83.99260210181912 52.484402840541726 9
      vertex -82.10975683415663 55.383730300499295 9
    endloop
  endfacet
  facet normal -0.8191520442889919 0.573576436351046 0
    outer loop
      vertex -82.10975683415663 55.383730300499295 -9
      vertex -82.10975683415663 55.383730300499295 9
      vertex -80.12687347583017 58.21558121629534 9
    endloop
  endfacet
  facet normal -0.7986355100472914 0.6018150231520502 0
    outer loop
      vertex -80.12687347583017 58.21558121629534 -9
      vertex -80.12687347583017 58.21558121629534 9
      vertex -78.04636786477207 60.97650541380219 9
    endloop
  endfacet
  facet normal -0.7771459614569703 0.6293203910498382 0
    outer loop
      vertex -78.04636786477207 60.97650541380219 -9
      vertex -78.04636786477207 60.97650541380219 9
      vertex -75.87077477659211 63.663139132172915 9
    endloop
  endfacet
  facet normal 0 0 1
    outer loop
      vertex -89.69361848434285 41.96967937790555 9
      vertex -80.12687347583017 58.21558121629534 9
      vertex -82.10975683415663 55.383730300499295 9
    endloop
  endfacet
  facet normal 0 0 1
    outer loop
      vertex -89.69361848434285 41.96967937790555 9
      vertex -78.04636786477207 60.97650541380219 9
      vertex -80.12687347583017 58.21558121629534 9
    endloop
  endfacet
  facet normal 0 0 1
    outer loop
      vertex -89.69361848434285 41.96967937790555 9
      vertex -75.87077477659211 63.663139132172915 9
      vertex -78.04636786477207 60.97650541380219 9
    endloop
  endfacet
  facet normal 0 0 1
    outer loop
      vertex -89.69361848434285 41.96967937790555 9
      vertex -75.44083372888011 64.15772973042831 9
      vertex -75.87077477659211 63.663139132172915 9
    endloop
  endfacet
  facet normal -0.7547095802227765 0.6560590289905022 0
    outer loop
      vertex -75.87077477659211 63.663139132172915 -9
      vertex -75.87077477659211 63.663139132172915 9
      vertex -75.44083372888011 64.15772973042831 9
    endloop
  endfacet
  facet normal 0 0 1
    outer loop
      vertex -69.96396793290513 43.7183392992394 9
      vertex -68.39559973579094 46.133414536336616 9
      vertex -75.44083372888011 64.15772973042831 9
    endloop
  endfacet
  facet normal 0 0 1
    outer loop
      vertex -68.39559973579094 46.133414536336616 9
      vertex -66.74390203593316 48.49228331412903 9
      vertex -75.44083372888011 64.15772973042831 9
    endloop
  endfacet
  facet normal 0 0 1
    outer loop
      vertex -66.74390203593316 48.49228331412903 9
      vertex -64.7073934318546 51.77067930069278 9
      vertex -75.44083372888011 64.15772973042831 9
    endloop
  endfacet
  facet normal 0 0 1
    outer loop
      vertex -66.74390203593316 48.49228331412903 9
      vertex -65.01088717255456 50.792071714366806 9
      vertex -64.7073934318546 51.77067930069278 9
    endloop
  endfacet
  facet normal 0 0 1
    outer loop
      vertex -65.01088717255456 50.792071714366806 9
      vertex -63.19866655731568 53.02997779913949 9
      vertex -64.7073934318546 51.77067930069278 9
    endloop
  endfacet
  facet normal 0 0 1
    outer loop
      vertex -64.7073934318546 51.77067930069278 9
      vertex -63.19866655731568 53.02997779913949 9
      vertex -63.02949797986478 53.22458398613353 9
    endloop
  endfacet
  facet normal -0.5446390350150254 0.838670567945425 0
    outer loop
      vertex -52.770927737730894 83.80653065794434 -9
      vertex -52.770927737730894 83.80653065794434 9
      vertex -52.484402840541726 83.99260210181912 9
    endloop
  endfacet
  facet normal 0 0 1
    outer loop
      vertex -52.770927737730894 83.80653065794434 9
      vertex -49.521131220325465 85.77311532188907 9
      vertex -52.484402840541726 83.99260210181912 9
    endloop
  endfacet
  facet normal 0 0 1
    outer loop
      vertex -43.69511389378549 69.97792316440334 9
      vertex -41.25 71.44709581221619 9
      vertex -42.03490620122685 71.41650131905133 9
    endloop
  endfacet
  facet normal -0.5150380749100552 0.8571673007021118 0
    outer loop
      vertex -49.521131220325465 85.77311532188907 -9
      vertex -52.484402840541726 83.99260210181912 9
      vertex -49.521131220325465 85.77311532188907 9
    endloop
  endfacet
  facet normal -0.4848096202463372 0.8746197071393957 0
    outer loop
      vertex -46.49752572986273 87.44912721327485 -9
      vertex -49.521131220325465 85.77311532188907 9
      vertex -46.49752572986273 87.44912721327485 9
    endloop
  endfacet
  facet normal 0 0 1
    outer loop
      vertex -52.770927737730894 83.80653065794434 9
      vertex -42.03490620122685 71.41650131905133 9
      vertex -43.41727016669292 89.01859581365666 9
    endloop
  endfacet
  facet normal 0 0 1
    outer loop
      vertex -42.03490620122685 71.41650131905133 9
      vertex -41.25 71.44709581221619 9
      vertex -43.41727016669292 89.01859581365666 9
    endloop
  endfacet
  facet normal 0 0 1
    outer loop
      vertex -41.25 71.44709581221619 9
      vertex -38.73140392983599 72.84317641086147 9
      vertex -40.28411734774277 90.47960896730304 9
    endloop
  endfacet
  facet normal 0 0 1
    outer loop
      vertex -52.770927737730894 83.80653065794434 9
      vertex -46.49752572986273 87.44912721327485 9
      vertex -49.521131220325465 85.77311532188907 9
    endloop
  endfacet
  facet normal 0 0 1
    outer loop
      vertex -52.770927737730894 83.80653065794434 9
      vertex -43.41727016669292 89.01859581365666 9
      vertex -46.49752572986273 87.44912721327485 9
    endloop
  endfacet
  facet normal 0 0 1
    outer loop
      vertex -41.25 71.44709581221619 9
      vertex -40.28411734774277 90.47960896730304 9
      vertex -43.41727016669292 89.01859581365666 9
    endloop
  endfacet
  facet normal 0 0 1
    outer loop
      vertex -38.73140392983599 72.84317641086147 9
      vertex -37.10188453709698 91.83038665473808 9
      vertex -40.28411734774277 90.47960896730304 9
    endloop
  endfacet
  facet normal 0 0 1
    outer loop
      vertex -38.73140392983599 72.84317641086147 9
      vertex -36.165619610098894 74.15050881968128 9
      vertex -37.10188453709698 91.83038665473808 9
    endloop
  endfacet
  facet normal 0 0 1
    outer loop
      vertex -36.165619610098894 74.15050881968128 9
      vertex -33.55577305375352 75.36750025551457 9
      vertex -33.874448795249926 93.06928316142101 9
    endloop
  endfacet
  facet normal 0 0 1
    outer loop
      vertex -30.90504395681274 76.49266800175997 9
      vertex -28.21666182436767 77.52464121483744 9
      vertex -26.44598094748674 78.53572493919674 9
    endloop
  endfacet
  facet normal 0 0 1
    outer loop
      vertex -28.21666182436767 77.52464121483744 9
      vertex -25.49390203593316 78.46216259435016 9
      vertex -26.44598094748674 78.53572493919674 9
    endloop
  endfacet
  facet normal 0 0 1
    outer loop
      vertex -33.55577305375352 75.36750025551457 9
      vertex -30.90504395681274 76.49266800175997 9
      vertex -33.874448795249926 93.06928316142101 9
    endloop
  endfacet
  facet normal 0 0 1
    outer loop
      vertex -36.165619610098894 74.15050881968128 9
      vertex -33.874448795249926 93.06928316142101 9
      vertex -37.10188453709698 91.83038665473808 9
    endloop
  endfacet
  facet normal 0 0 1
    outer loop
      vertex -30.90504395681274 76.49266800175997 9
      vertex -26.44598094748674 78.53572493919674 9
      vertex -30.60574225550469 94.19478908279581 9
    endloop
  endfacet
  facet normal -0.4539904997395467 0.8910065241883679 0
    outer loop
      vertex -43.41727016669292 89.01859581365666 -9
      vertex -46.49752572986273 87.44912721327485 9
      vertex -43.41727016669292 89.01859581365666 9
    endloop
  endfacet
  facet normal -0.4226182617406993 0.9063077870366499 0
    outer loop
      vertex -40.28411734774277 90.47960896730304 -9
      vertex -43.41727016669292 89.01859581365666 9
      vertex -40.28411734774277 90.47960896730304 9
    endloop
  endfacet
  facet normal -0.39073112848927233 0.9205048534524409 0
    outer loop
      vertex -37.10188453709698 91.83038665473808 -9
      vertex -40.28411734774277 90.47960896730304 9
      vertex -37.10188453709698 91.83038665473808 9
    endloop
  endfacet
  facet normal -0.35836794954530127 0.9335804264972014 0
    outer loop
      vertex -33.874448795249926 93.06928316142101 -9
      vertex -37.10188453709698 91.83038665473808 9
      vertex -33.874448795249926 93.06928316142101 9
    endloop
  endfacet
  facet normal -0.32556815445715626 0.945518575599317 0
    outer loop
      vertex -30.60574225550469 94.19478908279581 -9
      vertex -33.874448795249926 93.06928316142101 9
      vertex -30.60574225550469 94.19478908279581 9
    endloop
  endfacet
  facet normal -0.2923717047227393 0.9563047559630347 0
    outer loop
      vertex -30.60574225550469 94.19478908279581 -9
      vertex -30.60574225550469 94.19478908279581 9
      vertex -28.77776755610778 94.75365703333162 9
    endloop
  endfacet
  facet normal 0 0 1
    outer loop
      vertex -30.90504395681274 76.49266800175997 9
      vertex -30.60574225550469 94.19478908279581 9
      vertex -33.874448795249926 93.06928316142101 9
    endloop
  endfacet
  facet normal 0 0 1
    outer loop
      vertex -26.44598094748674 78.53572493919674 9
      vertex -28.77776755610778 94.75365703333162 9
      vertex -30.60574225550469 94.19478908279581 9
    endloop
  endfacet
  facet normal 0 0 1
    outer loop
      vertex -26.44598094748674 78.53572493919674 9
      vertex -25.49390203593316 78.46216259435016 9
      vertex -24.194442177426787 78.8594473424195 9
    endloop
  endfacet
  facet normal 0 0 -1
    outer loop
      vertex 78.46216259435016 25.49390203593316 -9
      vertex 77.52464121483744 28.21666182436767 -9
      vertex 76.67177518757522 31.443423630163483 -9
    endloop
  endfacet
  facet normal 0 0 -1
    outer loop
      vertex 76.49266800175997 30.90504395681274 -9
      vertex 76.67177518757522 31.443423630163483 -9
      vertex 77.52464121483744 28.21666182436767 -9
    endloop
  endfacet
  facet normal 0 0 -1
    outer loop
      vertex 78.46216259435016 25.49390203593316 -9
      vertex 90.46774666367001 40.30955613997698 -9
      vertex 79.04575725489795 23.58504991234708 -9
    endloop
  endfacet
  facet normal 0 0 -1
    outer loop
      vertex 76.49266800175997 30.90504395681274 -9
      vertex 75.4710958246963 33.311717187007886 -9
      vertex 76.67177518757522 31.443423630163483 -9
    endloop
  endfacet
  facet normal 0 0 -1
    outer loop
      vertex 78.46216259435016 25.49390203593316 -9
      vertex 76.67177518757522 31.443423630163483 -9
      vertex 90.46774666367001 40.30955613997698 -9
    endloop
  endfacet
  facet normal 0 0 -1
    outer loop
      vertex 94.19478908279581 30.60574225550469 -9
      vertex 79.04575725489795 23.58504991234708 -9
      vertex 93.06928316142101 33.874448795249926 -9
    endloop
  endfacet
  facet normal 0 0 -1
    outer loop
      vertex 94.19478908279581 30.60574225550469 -9
      vertex 94.8954016346617 28.314141855691283 -9
      vertex 79.04575725489795 23.58504991234708 -9
    endloop
  endfacet
  facet normal 0 0 -1
    outer loop
      vertex 91.83038665473808 37.10188453709698 -9
      vertex 93.06928316142101 33.874448795249926 -9
      vertex 79.04575725489795 23.58504991234708 -9
    endloop
  endfacet
  facet normal 0 0 -1
    outer loop
      vertex 91.83038665473808 37.10188453709698 -9
      vertex 79.04575725489795 23.58504991234708 -9
      vertex 90.47960896730304 40.28411734774277 -9
    endloop
  endfacet
  facet normal 0 0 -1
    outer loop
      vertex 90.47960896730304 40.28411734774277 -9
      vertex 79.04575725489795 23.58504991234708 -9
      vertex 90.46774666367001 40.30955613997698 -9
    endloop
  endfacet
  facet normal 0.9563047559630359 0.29237170472273516 0
    outer loop
      vertex 94.19478908279581 30.60574225550469 -9
      vertex 94.19478908279581 30.60574225550469 9
      vertex 94.8954016346617 28.314141855691283 -9
    endloop
  endfacet
  facet normal 0.945518575599317 0.32556815445715626 0
    outer loop
      vertex 94.19478908279581 30.60574225550469 -9
      vertex 93.06928316142101 33.874448795249926 -9
      vertex 94.19478908279581 30.60574225550469 9
    endloop
  endfacet
  facet normal 0.9335804264972014 0.35836794954530127 2.5816478413143722e-18
    outer loop
      vertex 91.83038665473808 37.10188453709698 -9
      vertex 93.06928316142101 33.874448795249926 9
      vertex 93.06928316142101 33.874448795249926 -9
    endloop
  endfacet
  facet normal 0.9205048534524409 0.39073112848927233 0
    outer loop
      vertex 91.83038665473808 37.10188453709698 -9
      vertex 90.47960896730304 40.28411734774277 -9
      vertex 91.83038665473808 37.10188453709698 9
    endloop
  endfacet
  facet normal 0.9063077870366972 0.42261826174059797 0
    outer loop
      vertex 90.47960896730304 40.28411734774277 -9
      vertex 90.46774666367001 40.30955613997698 -9
      vertex 90.47960896730304 40.28411734774277 9
    endloop
  endfacet
  facet normal 0.9563047559630359 0.29237170472273516 -2.037176419613173e-18
    outer loop
      vertex 94.19478908279581 30.60574225550469 9
      vertex 94.8954016346617 28.314141855691283 9
      vertex 94.8954016346617 28.314141855691283 -9
    endloop
  endfacet
  facet normal 0.945518575599317 0.32556815445715626 0
    outer loop
      vertex 93.06928316142101 33.874448795249926 -9
      vertex 93.06928316142101 33.874448795249926 9
      vertex 94.19478908279581 30.60574225550469 9
    endloop
  endfacet
  facet normal 0.9335804264972014 0.35836794954530127 0
    outer loop
      vertex 91.83038665473808 37.10188453709698 -9
      vertex 91.83038665473808 37.10188453709698 9
      vertex 93.06928316142101 33.874448795249926 9
    endloop
  endfacet
  facet normal 0 0 1
    outer loop
      vertex 76.49266800175997 30.90504395681274 9
      vertex 77.52464121483744 28.21666182436767 9
      vertex 76.67177518757522 31.443423630163483 9
    endloop
  endfacet
  facet normal 0 0 1
    outer loop
      vertex 78.46216259435016 25.49390203593316 9
      vertex 90.46774666367001 40.30955613997698 9
      vertex 77.52464121483744 28.21666182436767 9
    endloop
  endfacet
  facet normal 0 0 1
    outer loop
      vertex 76.49266800175997 30.90504395681274 9
      vertex 76.67177518757522 31.443423630163483 9
      vertex 75.4710958246963 33.31171718700789 9
    endloop
  endfacet
  facet normal 0 0 1
    outer loop
      vertex 77.52464121483744 28.21666182436767 9
      vertex 90.46774666367001 40.30955613997698 9
      vertex 76.67177518757522 31.443423630163483 9
    endloop
  endfacet
  facet normal 0 0 1
    outer loop
      vertex 78.46216259435016 25.49390203593316 9
      vertex 79.04575725489795 23.58504991234708 9
      vertex 94.8954016346617 28.314141855691283 9
    endloop
  endfacet
  facet normal 0 0 1
    outer loop
      vertex 78.46216259435016 25.49390203593316 9
      vertex 94.8954016346617 28.314141855691283 9
      vertex 90.46774666367001 40.30955613997698 9
    endloop
  endfacet
  facet normal 0 0 1
    outer loop
      vertex 94.19478908279581 30.60574225550469 9
      vertex 93.06928316142101 33.874448795249926 9
      vertex 94.8954016346617 28.314141855691283 9
    endloop
  endfacet
  facet normal 0 0 1
    outer loop
      vertex 91.83038665473808 37.10188453709698 9
      vertex 94.8954016346617 28.314141855691283 9
      vertex 93.06928316142101 33.874448795249926 9
    endloop
  endfacet
  facet normal 0 0 1
    outer loop
      vertex 91.83038665473808 37.10188453709698 9
      vertex 90.47960896730304 40.28411734774277 9
      vertex 94.8954016346617 28.314141855691283 9
    endloop
  endfacet
  facet normal 0 0 1
    outer loop
      vertex 90.47960896730304 40.28411734774277 9
      vertex 90.46774666367001 40.30955613997698 9
      vertex 94.8954016346617 28.314141855691283 9
    endloop
  endfacet
  facet normal 0.9205048534524409 0.39073112848927233 0
    outer loop
      vertex 90.47960896730304 40.28411734774277 -9
      vertex 90.47960896730304 40.28411734774277 9
      vertex 91.83038665473808 37.10188453709698 9
    endloop
  endfacet
  facet normal 0.9063077870366972 0.42261826174059797 0
    outer loop
      vertex 90.46774666367001 40.30955613997698 -9
      vertex 90.46774666367001 40.30955613997698 9
      vertex 90.47960896730304 40.28411734774277 9
    endloop
  endfacet
  facet normal 0 0 -1
    outer loop
      vertex 1.0042403025740838 82.48247092031504 -9
      vertex 3.2486623089412436 82.80517008739528 -9
      vertex 2.87920847795633 82.4497432290754 -9
    endloop
  endfacet
  facet normal 0 0 -1
    outer loop
      vertex 2.87920847795633 82.4497432290754 -9
      vertex 3.2486623089412436 82.80517008739528 -9
      vertex 5.754909083890338 82.2990341464355 -9
    endloop
  endfacet
  facet normal 0 0 -1
    outer loop
      vertex 19.95855638697259 80.04939741776971 -9
      vertex 20.21184362933597 80.36623281642154 -9
      vertex 22.250164451553474 79.43536288749662 -9
    endloop
  endfacet
  facet normal 0 0 -1
    outer loop
      vertex 8.623598219581412 82.04805636788255 -9
      vertex 10.352735491472876 98.49969856403811 -9
      vertex 11.481780829205398 81.69711567117956 -9
    endloop
  endfacet
  facet normal 0 0 -1
    outer loop
      vertex 11.481780829205398 81.69711567117956 -9
      vertex 13.784018789966009 98.07838995089917 -9
      vertex 14.325974657521753 81.24663962350716 -9
    endloop
  endfacet
  facet normal 0 0 -1
    outer loop
      vertex 17.152714492465147 80.69717706053896 -9
      vertex 17.198508384828894 97.53758792742285 -9
      vertex 19.95855638697259 80.04939741776971 -9
    endloop
  endfacet
  facet normal 0 0 -1
    outer loop
      vertex 14.325974657521753 81.24663962350716 -9
      vertex 17.198508384828894 97.53758792742285 -9
      vertex 17.152714492465147 80.69717706053896 -9
    endloop
  endfacet
  facet normal 0 0 -1
    outer loop
      vertex 19.95855638697259 80.04939741776971 -9
      vertex 20.592044246451994 96.87795137757062 -9
      vertex 20.21184362933597 80.36623281642154 -9
    endloop
  endfacet
  facet normal 0 0 -1
    outer loop
      vertex 3.2486623089412436 82.80517008739528 -9
      vertex 0.9164207750158831 99.02626625652147 -9
      vertex 3.4565251114557327 98.98192857040446 -9
    endloop
  endfacet
  facet normal 0 0 -1
    outer loop
      vertex 3.2486623089412436 82.80517008739528 -9
      vertex 3.4565251114557327 98.98192857040446 -9
      vertex 5.754909083890338 82.2990341464355 -9
    endloop
  endfacet
  facet normal 0 0 -1
    outer loop
      vertex 5.754909083890338 82.2990341464355 -9
      vertex 6.908838979500034 98.8010004671922 -9
      vertex 8.623598219581412 82.04805636788255 -9
    endloop
  endfacet
  facet normal 0 0 -1
    outer loop
      vertex 5.754909083890338 82.2990341464355 -9
      vertex 3.4565251114557327 98.98192857040446 -9
      vertex 6.908838979500034 98.8010004671922 -9
    endloop
  endfacet
  facet normal 0 0 -1
    outer loop
      vertex 8.623598219581412 82.04805636788255 -9
      vertex 6.908838979500034 98.8010004671922 -9
      vertex 10.352735491472876 98.49969856403811 -9
    endloop
  endfacet
  facet normal 0 0 -1
    outer loop
      vertex 11.481780829205398 81.69711567117956 -9
      vertex 10.352735491472876 98.49969856403811 -9
      vertex 13.784018789966009 98.07838995089917 -9
    endloop
  endfacet
  facet normal 0 0 -1
    outer loop
      vertex 14.325974657521753 81.24663962350716 -9
      vertex 13.784018789966009 98.07838995089917 -9
      vertex 17.198508384828894 97.53758792742285 -9
    endloop
  endfacet
  facet normal 0 0 -1
    outer loop
      vertex 19.95855638697259 80.04939741776971 -9
      vertex 17.198508384828894 97.53758792742285 -9
      vertex 20.592044246451994 96.87795137757062 -9
    endloop
  endfacet
  facet normal 0.01745240643728316 0.9998476951563914 -3.1444407000602555e-20
    outer loop
      vertex 0.9164207750158831 99.02626625652147 -9
      vertex 3.4565251114557327 98.98192857040446 9
      vertex 3.4565251114557327 98.98192857040446 -9
    endloop
  endfacet
  facet normal 0.052335956242949296 0.9986295347545735 0
    outer loop
      vertex 3.4565251114557327 98.98192857040446 -9
      vertex 3.4565251114557327 98.98192857040446 9
      vertex 6.908838979500034 98.8010004671922 -9
    endloop
  endfacet
  facet normal 0.08715574274765482 0.9961946980917459 0
    outer loop
      vertex 6.908838979500034 98.8010004671922 -9
      vertex 6.908838979500034 98.8010004671922 9
      vertex 10.352735491472876 98.49969856403811 -9
    endloop
  endfacet
  facet normal 0.1218693434051469 0.9925461516413221 0
    outer loop
      vertex 10.352735491472876 98.49969856403811 -9
      vertex 10.352735491472876 98.49969856403811 9
      vertex 13.784018789966009 98.07838995089917 -9
    endloop
  endfacet
  facet normal 0.15643446504023265 0.9876883405951374 0
    outer loop
      vertex 13.784018789966009 98.07838995089917 -9
      vertex 13.784018789966009 98.07838995089917 9
      vertex 17.198508384828894 97.53758792742285 -9
    endloop
  endfacet
  facet normal 0.22495105434386617 0.9743700647852349 0
    outer loop
      vertex 20.592044246451994 96.87795137757062 -9
      vertex 20.592044246451994 96.87795137757062 9
      vertex 23.960491874122045 96.10028396686924 -9
    endloop
  endfacet
  facet normal 0.19080899537654236 0.9816271834476644 0
    outer loop
      vertex 17.198508384828894 97.53758792742285 -9
      vertex 17.198508384828894 97.53758792742285 9
      vertex 20.592044246451994 96.87795137757062 -9
    endloop
  endfacet
  facet normal 0 0 -1
    outer loop
      vertex 20.21184362933597 80.36623281642154 -9
      vertex 20.592044246451994 96.87795137757062 -9
      vertex 27.022634812324355 95.27978523946926 -9
    endloop
  endfacet
  facet normal 0 0 -1
    outer loop
      vertex 20.592044246451994 96.87795137757062 -9
      vertex 23.960491874122045 96.10028396686924 -9
      vertex 27.022634812324355 95.27978523946926 -9
    endloop
  endfacet
  facet normal 0.2588190451025222 0.965925826289068 -1.1586997773751478e-18
    outer loop
      vertex 23.960491874122045 96.10028396686924 -9
      vertex 27.022634812324355 95.27978523946926 9
      vertex 27.022634812324355 95.27978523946926 -9
    endloop
  endfacet
  facet normal 0 0 -1
    outer loop
      vertex 61.309448101885025 55.2032750246058 -9
      vertex 60.4525506639073 56.68102961509892 -9
      vertex 61.6654000092974 54.79379919582854 -9
    endloop
  endfacet
  facet normal 0 0 -1
    outer loop
      vertex 61.309448101885025 55.2032750246058 -9
      vertex 59.34553352793872 57.309315562867276 -9
      vertex 60.4525506639073 56.68102961509892 -9
    endloop
  endfacet
  facet normal 0 0 -1
    outer loop
      vertex 47.50080348997152 67.90378242636494 -9
      vertex 53.02997779913949 63.19866655731568 -9
      vertex 50.792071714366806 65.01088717255456 -9
    endloop
  endfacet
  facet normal 0 0 -1
    outer loop
      vertex 47.50080348997152 67.90378242636494 -9
      vertex 50.792071714366806 65.01088717255456 -9
      vertex 48.49228331412903 66.74390203593316 -9
    endloop
  endfacet
  facet normal 0 0 -1
    outer loop
      vertex 46.133414536336616 68.39559973579094 -9
      vertex 47.50080348997152 67.90378242636494 -9
      vertex 48.49228331412903 66.74390203593316 -9
    endloop
  endfacet
  facet normal 0 0 -1
    outer loop
      vertex 45.44512941287428 68.84257732125226 -9
      vertex 47.50080348997152 67.90378242636494 -9
      vertex 46.133414536336616 68.39559973579094 -9
    endloop
  endfacet
  facet normal 0 0 -1
    outer loop
      vertex 57.309315562867276 59.34553352793872 -9
      vertex 58.21558121629534 80.12687347583017 -9
      vertex 59.34553352793872 57.309315562867276 -9
    endloop
  endfacet
  facet normal 0 0 -1
    outer loop
      vertex 55.2032750246058 61.309448101885025 -9
      vertex 55.383730300499295 82.10975683415663 -9
      vertex 57.309315562867276 59.34553352793872 -9
    endloop
  endfacet
  facet normal 0 0 -1
    outer loop
      vertex 47.50080348997152 67.90378242636494 -9
      vertex 54.30760573660913 82.80860029717326 -9
      vertex 53.02997779913949 63.19866655731568 -9
    endloop
  endfacet
  facet normal 0 0 -1
    outer loop
      vertex 55.2032750246058 61.309448101885025 -9
      vertex 53.02997779913949 63.19866655731568 -9
      vertex 54.30760573660913 82.80860029717326 -9
    endloop
  endfacet
  facet normal 0 0 -1
    outer loop
      vertex 57.309315562867276 59.34553352793872 -9
      vertex 55.383730300499295 82.10975683415663 -9
      vertex 58.21558121629534 80.12687347583017 -9
    endloop
  endfacet
  facet normal 0 0 -1
    outer loop
      vertex 59.34553352793872 57.309315562867276 -9
      vertex 60.97650541380219 78.04636786477207 -9
      vertex 60.4525506639073 56.68102961509892 -9
    endloop
  endfacet
  facet normal 0 0 -1
    outer loop
      vertex 60.4525506639073 56.68102961509892 -9
      vertex 60.97650541380219 78.04636786477207 -9
      vertex 74.23857539220721 65.54076973825491 -9
    endloop
  endfacet
  facet normal 0 0 -1
    outer loop
      vertex 59.34553352793872 57.309315562867276 -9
      vertex 58.21558121629534 80.12687347583017 -9
      vertex 60.97650541380219 78.04636786477207 -9
    endloop
  endfacet
  facet normal 0 0 -1
    outer loop
      vertex 66.27220912206593 73.60274483634382 -9
      vertex 68.80053663359492 71.24504128914613 -9
      vertex 74.23857539220721 65.54076973825491 -9
    endloop
  endfacet
  facet normal 0 0 -1
    outer loop
      vertex 66.27220912206593 73.60274483634382 -9
      vertex 74.23857539220721 65.54076973825491 -9
      vertex 63.663139132172915 75.87077477659211 -9
    endloop
  endfacet
  facet normal 0 0 -1
    outer loop
      vertex 74.23857539220721 65.54076973825491 -9
      vertex 60.97650541380219 78.04636786477207 -9
      vertex 63.663139132172915 75.87077477659211 -9
    endloop
  endfacet
  facet normal 0.6560590289905044 0.7547095802227746 -5.4506195916775655e-18
    outer loop
      vertex 66.27220912206593 73.60274483634382 -9
      vertex 63.663139132172915 75.87077477659211 -9
      vertex 63.663139132172915 75.87077477659211 9
    endloop
  endfacet
  facet normal 0.7071067811865476 0.7071067811865476 0
    outer loop
      vertex 71.24504128914613 68.80053663359492 -9
      vertex 68.80053663359492 71.24504128914613 -9
      vertex 71.24504128914613 68.80053663359492 9
    endloop
  endfacet
  facet normal 0.6819983600625009 0.7313537016191682 0
    outer loop
      vertex 66.27220912206593 73.60274483634382 -9
      vertex 66.27220912206593 73.60274483634382 9
      vertex 68.80053663359492 71.24504128914613 -9
    endloop
  endfacet
  facet normal 0 0 -1
    outer loop
      vertex 74.23857539220721 65.54076973825491 -9
      vertex 71.24504128914613 68.80053663359492 -9
      vertex 73.60274483634382 66.27220912206593 -9
    endloop
  endfacet
  facet normal 0 0 -1
    outer loop
      vertex 74.23857539220721 65.54076973825491 -9
      vertex 68.80053663359492 71.24504128914613 -9
      vertex 71.24504128914613 68.80053663359492 -9
    endloop
  endfacet
  facet normal 0.7547095802227727 0.6560590289905065 0
    outer loop
      vertex 74.23857539220721 65.54076973825491 -9
      vertex 73.60274483634382 66.27220912206593 -9
      vertex 74.23857539220721 65.54076973825491 9
    endloop
  endfacet
  facet normal 0.7313537016191682 0.6819983600625009 -3.784169602168555e-18
    outer loop
      vertex 71.24504128914613 68.80053663359492 -9
      vertex 73.60274483634382 66.27220912206593 9
      vertex 73.60274483634382 66.27220912206593 -9
    endloop
  endfacet
  facet normal 0 0 -1
    outer loop
      vertex 55.2032750246058 61.309448101885025 -9
      vertex 54.30760573660913 82.80860029717326 -9
      vertex 55.383730300499295 82.10975683415663 -9
    endloop
  endfacet
  facet normal 0.5446390350150266 0.8386705679454243 1.231867147994436e-18
    outer loop
      vertex 54.30760573660913 82.80860029717326 -9
      vertex 55.383730300499295 82.10975683415663 9
      vertex 55.383730300499295 82.10975683415663 -9
    endloop
  endfacet
  facet normal 0.573576436351046 0.8191520442889919 0
    outer loop
      vertex 55.383730300499295 82.10975683415663 -9
      vertex 55.383730300499295 82.10975683415663 9
      vertex 58.21558121629534 80.12687347583017 -9
    endloop
  endfacet
  facet normal 0.6293203910498382 0.7771459614569703 0
    outer loop
      vertex 60.97650541380219 78.04636786477207 -9
      vertex 60.97650541380219 78.04636786477207 9
      vertex 63.663139132172915 75.87077477659211 -9
    endloop
  endfacet
  facet normal 0.6018150231520502 0.7986355100472914 0
    outer loop
      vertex 58.21558121629534 80.12687347583017 -9
      vertex 58.21558121629534 80.12687347583017 9
      vertex 60.97650541380219 78.04636786477207 -9
    endloop
  endfacet
  facet normal 0 0 1
    outer loop
      vertex 1.0042403025740838 82.48247092031504 9
      vertex 2.87920847795633 82.4497432290754 9
      vertex 3.2486623089412436 82.80517008739528 9
    endloop
  endfacet
  facet normal 0 0 1
    outer loop
      vertex 2.87920847795633 82.4497432290754 9
      vertex 5.754909083890338 82.2990341464355 9
      vertex 3.2486623089412436 82.80517008739528 9
    endloop
  endfacet
  facet normal 0 0 1
    outer loop
      vertex 5.754909083890338 82.2990341464355 9
      vertex 8.623598219581412 82.04805636788255 9
      vertex 10.352735491472876 98.49969856403811 9
    endloop
  endfacet
  facet normal 0 0 1
    outer loop
      vertex 19.95855638697259 80.04939741776971 9
      vertex 22.250164451553474 79.43536288749662 9
      vertex 20.21184362933597 80.36623281642154 9
    endloop
  endfacet
  facet normal 0 0 1
    outer loop
      vertex 8.623598219581412 82.04805636788255 9
      vertex 11.481780829205398 81.69711567117956 9
      vertex 13.784018789966009 98.07838995089917 9
    endloop
  endfacet
  facet normal 0 0 1
    outer loop
      vertex 11.481780829205398 81.69711567117956 9
      vertex 14.325974657521753 81.24663962350716 9
      vertex 17.198508384828894 97.53758792742285 9
    endloop
  endfacet
  facet normal 0 0 1
    outer loop
      vertex 14.325974657521753 81.24663962350716 9
      vertex 17.152714492465147 80.69717706053896 9
      vertex 17.198508384828894 97.53758792742285 9
    endloop
  endfacet
  facet normal 0 0 1
    outer loop
      vertex 17.152714492465147 80.69717706053896 9
      vertex 19.95855638697259 80.04939741776971 9
      vertex 20.592044246451994 96.87795137757062 9
    endloop
  endfacet
  facet normal 0 0 1
    outer loop
      vertex 19.95855638697259 80.04939741776971 9
      vertex 20.21184362933597 80.36623281642154 9
      vertex 20.592044246451994 96.87795137757062 9
    endloop
  endfacet
  facet normal 0.01745240643728316 0.9998476951563914 0
    outer loop
      vertex 0.9164207750158831 99.02626625652147 -9
      vertex 0.9164207750158831 99.02626625652147 9
      vertex 3.4565251114557327 98.98192857040446 9
    endloop
  endfacet
  facet normal 0.052335956242949296 0.9986295347545735 0
    outer loop
      vertex 6.908838979500034 98.8010004671922 -9
      vertex 3.4565251114557327 98.98192857040446 9
      vertex 6.908838979500034 98.8010004671922 9
    endloop
  endfacet
  facet normal 0.08715574274765482 0.9961946980917459 0
    outer loop
      vertex 10.352735491472876 98.49969856403811 -9
      vertex 6.908838979500034 98.8010004671922 9
      vertex 10.352735491472876 98.49969856403811 9
    endloop
  endfacet
  facet normal 0.1218693434051469 0.9925461516413221 0
    outer loop
      vertex 13.784018789966009 98.07838995089917 -9
      vertex 10.352735491472876 98.49969856403811 9
      vertex 13.784018789966009 98.07838995089917 9
    endloop
  endfacet
  facet normal 0.15643446504023265 0.9876883405951374 0
    outer loop
      vertex 17.198508384828894 97.53758792742285 -9
      vertex 13.784018789966009 98.07838995089917 9
      vertex 17.198508384828894 97.53758792742285 9
    endloop
  endfacet
  facet normal 0.19080899537654236 0.9816271834476644 0
    outer loop
      vertex 20.592044246451994 96.87795137757062 -9
      vertex 17.198508384828894 97.53758792742285 9
      vertex 20.592044246451994 96.87795137757062 9
    endloop
  endfacet
  facet normal 0 0 1
    outer loop
      vertex 3.2486623089412436 82.80517008739528 9
      vertex 3.4565251114557327 98.98192857040446 9
      vertex 0.9164207750158831 99.02626625652147 9
    endloop
  endfacet
  facet normal 0 0 1
    outer loop
      vertex 3.2486623089412436 82.80517008739528 9
      vertex 5.754909083890338 82.2990341464355 9
      vertex 3.4565251114557327 98.98192857040446 9
    endloop
  endfacet
  facet normal 0 0 1
    outer loop
      vertex 5.754909083890338 82.2990341464355 9
      vertex 6.908838979500034 98.8010004671922 9
      vertex 3.4565251114557327 98.98192857040446 9
    endloop
  endfacet
  facet normal 0 0 1
    outer loop
      vertex 5.754909083890338 82.2990341464355 9
      vertex 10.352735491472876 98.49969856403811 9
      vertex 6.908838979500034 98.8010004671922 9
    endloop
  endfacet
  facet normal 0 0 1
    outer loop
      vertex 8.623598219581412 82.04805636788255 9
      vertex 13.784018789966009 98.07838995089917 9
      vertex 10.352735491472876 98.49969856403811 9
    endloop
  endfacet
  facet normal 0 0 1
    outer loop
      vertex 11.481780829205398 81.69711567117956 9
      vertex 17.198508384828894 97.53758792742285 9
      vertex 13.784018789966009 98.07838995089917 9
    endloop
  endfacet
  facet normal 0 0 1
    outer loop
      vertex 17.152714492465147 80.69717706053896 9
      vertex 20.592044246451994 96.87795137757062 9
      vertex 17.198508384828894 97.53758792742285 9
    endloop
  endfacet
  facet normal 0 0 1
    outer loop
      vertex 20.21184362933597 80.36623281642154 9
      vertex 23.960491874122045 96.10028396686924 9
      vertex 20.592044246451994 96.87795137757062 9
    endloop
  endfacet
  facet normal 0.22495105434386617 0.9743700647852349 0
    outer loop
      vertex 23.960491874122045 96.10028396686924 -9
      vertex 20.592044246451994 96.87795137757062 9
      vertex 23.960491874122045 96.10028396686924 9
    endloop
  endfacet
  facet normal 0.2588190451025222 0.965925826289068 0
    outer loop
      vertex 23.960491874122045 96.10028396686924 -9
      vertex 23.960491874122045 96.10028396686924 9
      vertex 27.022634812324355 95.27978523946926 9
    endloop
  endfacet
  facet normal 0 0 1
    outer loop
      vertex 20.21184362933597 80.36623281642154 9
      vertex 27.022634812324355 95.27978523946926 9
      vertex 23.960491874122045 96.10028396686924 9
    endloop
  endfacet
  facet normal 0 0 1
    outer loop
      vertex 61.309448101885025 55.2032750246058 9
      vertex 61.66540000929741 54.793799195828534 9
      vertex 60.4525506639073 56.68102961509892 9
    endloop
  endfacet
  facet normal 0 0 1
    outer loop
      vertex 61.309448101885025 55.2032750246058 9
      vertex 60.4525506639073 56.68102961509892 9
      vertex 59.34553352793872 57.309315562867276 9
    endloop
  endfacet
  facet normal 0 0 1
    outer loop
      vertex 57.309315562867276 59.34553352793872 9
      vertex 59.34553352793872 57.309315562867276 9
      vertex 60.4525506639073 56.68102961509892 9
    endloop
  endfacet
  facet normal 0.7071067811865476 0.7071067811865476 0
    outer loop
      vertex 68.80053663359492 71.24504128914613 -9
      vertex 68.80053663359492 71.24504128914613 9
      vertex 71.24504128914613 68.80053663359492 9
    endloop
  endfacet
  facet normal 0.6819983600625009 0.7313537016191682 0
    outer loop
      vertex 68.80053663359492 71.24504128914613 -9
      vertex 66.27220912206593 73.60274483634382 9
      vertex 68.80053663359492 71.24504128914613 9
    endloop
  endfacet
  facet normal 0.6560590289905044 0.7547095802227746 0
    outer loop
      vertex 66.27220912206593 73.60274483634382 -9
      vertex 63.663139132172915 75.87077477659211 9
      vertex 66.27220912206593 73.60274483634382 9
    endloop
  endfacet
  facet normal 0 0 1
    outer loop
      vertex 46.133414536336616 68.39559973579094 9
      vertex 48.49228331412903 66.74390203593316 9
      vertex 47.50080348997152 67.90378242636494 9
    endloop
  endfacet
  facet normal 0 0 1
    outer loop
      vertex 45.44512941287428 68.84257732125226 9
      vertex 46.133414536336616 68.39559973579094 9
      vertex 47.50080348997152 67.90378242636494 9
    endloop
  endfacet
  facet normal 0 0 1
    outer loop
      vertex 55.2032750246058 61.309448101885025 9
      vertex 57.309315562867276 59.34553352793872 9
      vertex 58.21558121629534 80.12687347583017 9
    endloop
  endfacet
  facet normal 0 0 1
    outer loop
      vertex 48.49228331412903 66.74390203593316 9
      vertex 50.792071714366806 65.01088717255456 9
      vertex 54.30760573660913 82.80860029717326 9
    endloop
  endfacet
  facet normal 0 0 1
    outer loop
      vertex 47.50080348997152 67.90378242636494 9
      vertex 48.49228331412903 66.74390203593316 9
      vertex 54.30760573660913 82.80860029717326 9
    endloop
  endfacet
  facet normal 0 0 1
    outer loop
      vertex 50.792071714366806 65.01088717255456 9
      vertex 53.02997779913949 63.19866655731568 9
      vertex 54.30760573660913 82.80860029717326 9
    endloop
  endfacet
  facet normal 0 0 1
    outer loop
      vertex 55.2032750246058 61.309448101885025 9
      vertex 54.30760573660913 82.80860029717326 9
      vertex 53.02997779913949 63.19866655731568 9
    endloop
  endfacet
  facet normal 0 0 1
    outer loop
      vertex 55.2032750246058 61.309448101885025 9
      vertex 58.21558121629534 80.12687347583017 9
      vertex 55.383730300499295 82.10975683415663 9
    endloop
  endfacet
  facet normal 0 0 1
    outer loop
      vertex 57.309315562867276 59.34553352793872 9
      vertex 60.4525506639073 56.68102961509892 9
      vertex 60.97650541380219 78.04636786477207 9
    endloop
  endfacet
  facet normal 0 0 1
    outer loop
      vertex 60.4525506639073 56.68102961509892 9
      vertex 66.27220912206593 73.60274483634382 9
      vertex 63.663139132172915 75.87077477659211 9
    endloop
  endfacet
  facet normal 0 0 1
    outer loop
      vertex 60.4525506639073 56.68102961509892 9
      vertex 71.24504128914613 68.80053663359492 9
      vertex 68.80053663359492 71.24504128914613 9
    endloop
  endfacet
  facet normal 0 0 1
    outer loop
      vertex 60.4525506639073 56.68102961509892 9
      vertex 73.60274483634382 66.27220912206593 9
      vertex 71.24504128914613 68.80053663359492 9
    endloop
  endfacet
  facet normal 0 0 1
    outer loop
      vertex 60.4525506639073 56.68102961509892 9
      vertex 74.23857539220721 65.54076973825491 9
      vertex 73.60274483634382 66.27220912206593 9
    endloop
  endfacet
  facet normal 0 0 1
    outer loop
      vertex 60.4525506639073 56.68102961509892 9
      vertex 68.80053663359492 71.24504128914613 9
      vertex 66.27220912206593 73.60274483634382 9
    endloop
  endfacet
  facet normal 0 0 1
    outer loop
      vertex 60.4525506639073 56.68102961509892 9
      vertex 63.663139132172915 75.87077477659211 9
      vertex 60.97650541380219 78.04636786477207 9
    endloop
  endfacet
  facet normal 0 0 1
    outer loop
      vertex 57.309315562867276 59.34553352793872 9
      vertex 60.97650541380219 78.04636786477207 9
      vertex 58.21558121629534 80.12687347583017 9
    endloop
  endfacet
  facet normal 0.7313537016191682 0.6819983600625009 0
    outer loop
      vertex 71.24504128914613 68.80053663359492 -9
      vertex 71.24504128914613 68.80053663359492 9
      vertex 73.60274483634382 66.27220912206593 9
    endloop
  endfacet
  facet normal 0.7547095802227727 0.6560590289905065 0
    outer loop
      vertex 73.60274483634382 66.27220912206593 -9
      vertex 73.60274483634382 66.27220912206593 9
      vertex 74.23857539220721 65.54076973825491 9
    endloop
  endfacet
  facet normal 0.573576436351046 0.8191520442889919 0
    outer loop
      vertex 58.21558121629534 80.12687347583017 -9
      vertex 55.383730300499295 82.10975683415663 9
      vertex 58.21558121629534 80.12687347583017 9
    endloop
  endfacet
  facet normal 0.5446390350150266 0.8386705679454243 0
    outer loop
      vertex 54.30760573660913 82.80860029717326 -9
      vertex 54.30760573660913 82.80860029717326 9
      vertex 55.383730300499295 82.10975683415663 9
    endloop
  endfacet
  facet normal 0.6293203910498382 0.7771459614569703 0
    outer loop
      vertex 63.663139132172915 75.87077477659211 -9
      vertex 60.97650541380219 78.04636786477207 9
      vertex 63.663139132172915 75.87077477659211 9
    endloop
  endfacet
  facet normal 0.6018150231520502 0.7986355100472914 0
    outer loop
      vertex 60.97650541380219 78.04636786477207 -9
      vertex 58.21558121629534 80.12687347583017 9
      vertex 60.97650541380219 78.04636786477207 9
    endloop
  endfacet
  facet normal 0 0 1
    outer loop
      vertex 55.2032750246058 61.309448101885025 9
      vertex 55.383730300499295 82.10975683415663 9
      vertex 54.30760573660913 82.80860029717326 9
    endloop
  endfacet
  facet normal 0 0 1
    outer loop
      vertex -82.4497432290754 2.87920847795633 10.15
      vertex -82.49371706633104 0.35994902882347196 10.15
      vertex -74.69431108915064 0.3259174842801619 10.15
    endloop
  endfacet
  facet normal 0 0 1
    outer loop
      vertex -82.4497432290754 2.87920847795633 10.15
      vertex -74.69431108915064 0.3259174842801619 10.15
      vertex -82.2990341464355 5.754909083890338 10.15
    endloop
  endfacet
  facet normal 0 0 1
    outer loop
      vertex -82.2990341464355 5.754909083890338 10.15
      vertex -74.69431108915064 0.3259174842801619 10.15
      vertex -82.04805636788255 8.623598219581412 10.15
    endloop
  endfacet
  facet normal 0 0 1
    outer loop
      vertex -82.41353262599286 8.928736686072353 10.15
      vertex -82.32648617481884 8.903177541891395 10.15
      vertex -82.09322289867619 11.537450069589426 10.15
    endloop
  endfacet
  facet normal 0 0 1
    outer loop
      vertex -82.32648617481884 8.903177541891395 10.15
      vertex -81.78894844014904 10.733862945277744 10.15
      vertex -82.09322289867619 11.537450069589426 10.15
    endloop
  endfacet
  facet normal 0 0 1
    outer loop
      vertex -81.78894844014904 10.733862945277744 10.15
      vertex -81.64056272471205 14.395433928588526 10.15
      vertex -82.09322289867619 11.537450069589426 10.15
    endloop
  endfacet
  facet normal 0 0 1
    outer loop
      vertex -82.04805636788255 8.623598219581412 10.15
      vertex -74.69431108915064 0.3259174842801619 10.15
      vertex -81.78894844014904 10.733862945277744 10.15
    endloop
  endfacet
  facet normal 0 0 1
    outer loop
      vertex -81.78894844014904 10.733862945277744 10.15
      vertex -74.69431108915064 0.3259174842801619 10.15
      vertex -81.64056272471205 14.395433928588526 10.15
    endloop
  endfacet
  facet normal 0 0 1
    outer loop
      vertex -81.64056272471205 14.395433928588526 10.15
      vertex -74.69431108915064 0.3259174842801619 10.15
      vertex -81.0884361008325 17.235879168792252 10.15
    endloop
  endfacet
  facet normal 0 0 1
    outer loop
      vertex -81.0884361008325 17.235879168792252 10.15
      vertex -74.69431108915064 0.3259174842801619 10.15
      vertex -80.43751570828012 20.055325145212457 10.15
    endloop
  endfacet
  facet normal 0 0 1
    outer loop
      vertex -80.43751570828012 20.055325145212457 10.15
      vertex -74.69431108915064 0.3259174842801619 10.15
      vertex -79.68859459328664 22.850336797229232 10.15
    endloop
  endfacet
  facet normal 0 0 1
    outer loop
      vertex -79.68859459328664 22.850336797229232 10.15
      vertex -74.69431108915064 0.3259174842801619 10.15
      vertex -78.84258520086823 25.61750883368314 10.15
    endloop
  endfacet
  facet normal 0 0 1
    outer loop
      vertex -78.84258520086823 25.61750883368314 10.15
      vertex -74.69431108915064 0.3259174842801619 10.15
      vertex -77.90051826315181 28.353469881697936 10.15
    endloop
  endfacet
  facet normal 0 0 1
    outer loop
      vertex -77.90051826315181 28.353469881697936 10.15
      vertex -74.69431108915064 0.3259174842801619 10.15
      vertex -76.86354154358668 31.05488659417911 10.15
    endloop
  endfacet
  facet normal 0 0 1
    outer loop
      vertex -76.86354154358668 31.05488659417911 10.15
      vertex -74.69431108915064 0.3259174842801619 10.15
      vertex -75.73291843857162 33.71846771098384 10.15
    endloop
  endfacet
  facet normal 0 0 1
    outer loop
      vertex -75.73291843857162 33.71846771098384 10.15
      vertex -74.69431108915064 0.3259174842801619 10.15
      vertex -74.61228234020388 35.17534309963013 10.15
    endloop
  endfacet
  facet normal 0 0 1
    outer loop
      vertex -74.65449477832645 2.6069924036768226 10.15
      vertex -74.15050881968128 36.165619610098894 10.15
      vertex -74.69431108915064 0.3259174842801619 10.15
    endloop
  endfacet
  facet normal 0 0 1
    outer loop
      vertex -74.65449477832645 2.6069924036768226 10.15
      vertex -74.51803455440887 5.21080858868616 10.15
      vertex -74.15050881968128 36.165619610098894 10.15
    endloop
  endfacet
  facet normal 0 0 1
    outer loop
      vertex -74.51803455440887 5.21080858868616 10.15
      vertex -74.29078558401002 7.808276206093715 10.15
      vertex -74.15050881968128 36.165619610098894 10.15
    endloop
  endfacet
  facet normal 0 0 1
    outer loop
      vertex -74.29078558401002 7.808276206093715 10.15
      vertex -73.9730247349953 10.396230641716889 10.15
      vertex -74.15050881968128 36.165619610098894 10.15
    endloop
  endfacet
  facet normal 0 0 1
    outer loop
      vertex -73.9730247349953 10.396230641716889 10.15
      vertex -73.56513915001194 12.971518871719697 10.15
      vertex -72.84317641086147 38.73140392983599 10.15
    endloop
  endfacet
  facet normal 0 0 1
    outer loop
      vertex -73.56513915001194 12.971518871719697 10.15
      vertex -73.06762577481528 15.531003304086623 10.15
      vertex -72.84317641086147 38.73140392983599 10.15
    endloop
  endfacet
  facet normal 0 0 1
    outer loop
      vertex -74.61228234020388 35.17534309963013 10.15
      vertex -74.69431108915064 0.3259174842801619 10.15
      vertex -74.15050881968128 36.165619610098894 10.15
    endloop
  endfacet
  facet normal 0 0 1
    outer loop
      vertex -73.06762577481528 15.531003304086623 10.15
      vertex -72.48109075281694 18.07156560129518 10.15
      vertex -72.84317641086147 38.73140392983599 10.15
    endloop
  endfacet
  facet normal 0.9925461516413223 -0.12186934340514556 4.505836327469499e-16
    outer loop
      vertex -82.41353262599286 8.928736686072353 10.15
      vertex -82.09322289867619 11.537450069589426 10.15
      vertex -82.12907359495505 11.24546957941034 17.75
    endloop
  endfacet
  facet normal 0.9925461516413209 -0.12186934340515714 0
    outer loop
      vertex -82.09322289867619 11.537450069589426 10.15
      vertex -82.09322289867619 11.537450069589426 17.75
      vertex -82.12907359495505 11.24546957941034 17.75
    endloop
  endfacet
  facet normal 0.9876883405951375 -0.15643446504023176 0
    outer loop
      vertex -82.09322289867619 11.537450069589426 10.15
      vertex -81.64056272471205 14.395433928588526 17.75
      vertex -82.09322289867619 11.537450069589426 17.75
    endloop
  endfacet
  facet normal 0 0 -1
    outer loop
      vertex -82.12907359495505 11.24546957941034 17.75
      vertex -82.09322289867619 11.537450069589426 17.75
      vertex -81.67764755906282 11.112918935670239 17.75
    endloop
  endfacet
  facet normal 0.9876883405951375 -0.15643446504023176 4.849626574771415e-18
    outer loop
      vertex -82.09322289867619 11.537450069589426 10.15
      vertex -81.64056272471205 14.395433928588526 10.15
      vertex -81.64056272471205 14.395433928588526 17.75
    endloop
  endfacet
  facet normal 0.9816271834476642 -0.19080899537654405 1.4648556462281723e-18
    outer loop
      vertex -81.64056272471205 14.395433928588526 10.15
      vertex -81.0884361008325 17.235879168792252 10.15
      vertex -81.0884361008325 17.235879168792252 17.75
    endloop
  endfacet
  facet normal 0.9816271834476642 -0.19080899537654405 0
    outer loop
      vertex -81.64056272471205 14.395433928588526 10.15
      vertex -81.0884361008325 17.235879168792252 17.75
      vertex -81.64056272471205 14.395433928588526 17.75
    endloop
  endfacet
  facet normal 0.9743700647852354 -0.2249510543438648 0
    outer loop
      vertex -81.0884361008325 17.235879168792252 10.15
      vertex -80.43751570828012 20.055325145212457 17.75
      vertex -81.0884361008325 17.235879168792252 17.75
    endloop
  endfacet
  facet normal 0.9743700647852354 -0.2249510543438648 3.647835009909217e-18
    outer loop
      vertex -81.0884361008325 17.235879168792252 10.15
      vertex -80.43751570828012 20.055325145212457 10.15
      vertex -80.43751570828012 20.055325145212457 17.75
    endloop
  endfacet
  facet normal 0.9659258262890678 -0.2588190451025226 5.859141138967711e-19
    outer loop
      vertex -80.43751570828012 20.055325145212457 10.15
      vertex -79.68859459328664 22.850336797229232 10.15
      vertex -79.68859459328664 22.850336797229232 17.75
    endloop
  endfacet
  facet normal 0.9563047559630349 -0.2923717047227391 6.178162064902979e-18
    outer loop
      vertex -79.68859459328664 22.850336797229232 10.15
      vertex -78.84258520086823 25.61750883368314 10.15
      vertex -78.84258520086823 25.61750883368314 17.75
    endloop
  endfacet
  facet normal 0.9659258262890678 -0.2588190451025226 0
    outer loop
      vertex -80.43751570828012 20.055325145212457 10.15
      vertex -79.68859459328664 22.850336797229232 17.75
      vertex -80.43751570828012 20.055325145212457 17.75
    endloop
  endfacet
  facet normal 0 0 -1
    outer loop
      vertex -82.09322289867619 11.537450069589426 17.75
      vertex -74.71970714010024 34.809487829482826 17.75
      vertex -81.67764755906282 11.112918935670239 17.75
    endloop
  endfacet
  facet normal 0 0 -1
    outer loop
      vertex -82.09322289867619 11.537450069589426 17.75
      vertex -81.64056272471205 14.395433928588526 17.75
      vertex -74.71970714010024 34.809487829482826 17.75
    endloop
  endfacet
  facet normal 0.9563047559630349 -0.2923717047227391 0
    outer loop
      vertex -79.68859459328664 22.850336797229232 10.15
      vertex -78.84258520086823 25.61750883368314 17.75
      vertex -79.68859459328664 22.850336797229232 17.75
    endloop
  endfacet
  facet normal 0 0 -1
    outer loop
      vertex -81.64056272471205 14.395433928588526 17.75
      vertex -81.0884361008325 17.235879168792252 17.75
      vertex -74.71970714010024 34.809487829482826 17.75
    endloop
  endfacet
  facet normal 0 0 -1
    outer loop
      vertex -81.0884361008325 17.235879168792252 17.75
      vertex -80.43751570828012 20.055325145212457 17.75
      vertex -74.71970714010024 34.809487829482826 17.75
    endloop
  endfacet
  facet normal 0 0 1
    outer loop
      vertex -72.48109075281694 18.07156560129518 10.15
      vertex -71.80624868659243 20.590110479529837 10.15
      vertex -71.44709581221619 41.25 10.15
    endloop
  endfacet
  facet normal 0 0 1
    outer loop
      vertex -71.80624868659243 20.590110479529837 10.15
      vertex -71.04392176724797 23.08356947980857 10.15
      vertex -71.44709581221619 41.25 10.15
    endloop
  endfacet
  facet normal 0 0 1
    outer loop
      vertex -73.9730247349953 10.396230641716889 10.15
      vertex -72.84317641086147 38.73140392983599 10.15
      vertex -74.15050881968128 36.165619610098894 10.15
    endloop
  endfacet
  facet normal 0 0 1
    outer loop
      vertex -71.04392176724797 23.08356947980857 10.15
      vertex -70.19503877270736 25.548904706427454 10.15
      vertex -69.96396793290513 43.7183392992394 10.15
    endloop
  endfacet
  facet normal 0 0 1
    outer loop
      vertex -72.48109075281694 18.07156560129518 10.15
      vertex -71.44709581221619 41.25 10.15
      vertex -72.84317641086147 38.73140392983599 10.15
    endloop
  endfacet
  facet normal 0 0 1
    outer loop
      vertex -70.19503877270736 25.548904706427454 10.15
      vertex -69.26063393613903 27.98311252816863 10.15
      vertex -69.96396793290513 43.7183392992394 10.15
    endloop
  endfacet
  facet normal 0 0 1
    outer loop
      vertex -75.73291843857162 33.71846771098384 10.15
      vertex -74.61228234020388 35.17534309963013 10.15
      vertex -74.51002643820095 36.340968068814526 10.15
    endloop
  endfacet
  facet normal 0.9063077870366514 -0.4226182617406964 -2.377257110552954e-17
    outer loop
      vertex -75.73291843857162 33.71846771098384 10.15
      vertex -74.51002643820095 36.340968068814526 10.15
      vertex -74.51002643820095 36.340968068814526 12.705889249855803
    endloop
  endfacet
  facet normal 0 0 1
    outer loop
      vertex -74.61228234020388 35.17534309963013 10.15
      vertex -74.07086852434422 37.01922922326167 10.15
      vertex -74.51002643820095 36.340968068814526 10.15
    endloop
  endfacet
  facet normal 0 0 1
    outer loop
      vertex -74.51002643820095 36.340968068814526 10.15
      vertex -74.07086852434422 37.01922922326167 10.15
      vertex -74.1522583699103 37.043127438176036 10.15
    endloop
  endfacet
  facet normal 0.8910065241883652 -0.45399049973955186 0
    outer loop
      vertex -74.51002643820095 36.340968068814526 10.15
      vertex -74.1522583699103 37.043127438176036 10.15
      vertex -74.51002643820095 36.340968068814526 12.705889249855803
    endloop
  endfacet
  facet normal 0 0 1
    outer loop
      vertex -71.04392176724797 23.08356947980857 10.15
      vertex -69.96396793290513 43.7183392992394 10.15
      vertex -71.44709581221619 41.25 10.15
    endloop
  endfacet
  facet normal 0 0 1
    outer loop
      vertex -69.26063393613903 27.98311252816863 10.15
      vertex -68.24184568590229 30.383227237762277 10.15
      vertex -68.39559973579094 46.133414536336616 10.15
    endloop
  endfacet
  facet normal 0 0 1
    outer loop
      vertex -68.24184568590229 30.383227237762277 10.15
      vertex -67.13991525854777 32.74632466514409 10.15
      vertex -66.74390203593316 48.49228331412903 10.15
    endloop
  endfacet
  facet normal 0 0 1
    outer loop
      vertex -69.26063393613903 27.98311252816863 10.15
      vertex -68.39559973579094 46.133414536336616 10.15
      vertex -69.96396793290513 43.7183392992394 10.15
    endloop
  endfacet
  facet normal 0 0 1
    outer loop
      vertex -67.13991525854777 32.74632466514409 10.15
      vertex -65.95618518656185 35.069525740106045 10.15
      vertex -66.74390203593316 48.49228331412903 10.15
    endloop
  endfacet
  facet normal 0 0 1
    outer loop
      vertex -68.24184568590229 30.383227237762277 10.15
      vertex -66.74390203593316 48.49228331412903 10.15
      vertex -68.39559973579094 46.133414536336616 10.15
    endloop
  endfacet
  facet normal 0 0 1
    outer loop
      vertex -65.95618518656185 35.069525740106045 10.15
      vertex -64.69209766269756 37.35 10.15
      vertex -65.01088717255456 50.792071714366806 10.15
    endloop
  endfacet
  facet normal 0 0 1
    outer loop
      vertex -64.69209766269756 37.35 10.15
      vertex -63.34919278288502 39.58496903822041 10.15
      vertex -63.19866655731568 53.02997779913949 10.15
    endloop
  endfacet
  facet normal 0 0 1
    outer loop
      vertex -65.95618518656185 35.069525740106045 10.15
      vertex -65.01088717255456 50.792071714366806 10.15
      vertex -66.74390203593316 48.49228331412903 10.15
    endloop
  endfacet
  facet normal 0 0 1
    outer loop
      vertex -64.69209766269756 37.35 10.15
      vertex -63.19866655731568 53.02997779913949 10.15
      vertex -65.01088717255456 50.792071714366806 10.15
    endloop
  endfacet
  facet normal 0 0 1
    outer loop
      vertex -63.34919278288502 39.58496903822041 10.15
      vertex -63.02949797986478 53.22458398613353 10.15
      vertex -63.19866655731568 53.02997779913949 10.15
    endloop
  endfacet
  facet normal 0 0 1
    outer loop
      vertex -63.34919278288502 39.58496903822041 10.15
      vertex -61.92910666986162 41.7717098892648 10.15
      vertex -61.606706032075984 55.47092726714935 10.15
    endloop
  endfacet
  facet normal 0 0 1
    outer loop
      vertex -61.92910666986162 41.7717098892648 10.15
      vertex -60.433569479808575 43.90755834624775 10.15
      vertex -61.606706032075984 55.47092726714935 10.15
    endloop
  endfacet
  facet normal 0 0 1
    outer loop
      vertex -63.34919278288502 39.58496903822041 10.15
      vertex -61.606706032075984 55.47092726714935 10.15
      vertex -63.02949797986478 53.22458398613353 10.15
    endloop
  endfacet
  facet normal 0 0 1
    outer loop
      vertex -60.433569479808575 43.90755834624775 10.15
      vertex -58.864403294422125 45.98991220682667 10.15
      vertex -59.63326944807419 57.58717891105088 10.15
    endloop
  endfacet
  facet normal 0.9455185755993175 -0.3255681544571543 -3.793669103404918e-18
    outer loop
      vertex -78.84258520086823 25.61750883368314 10.15
      vertex -77.90051826315181 28.353469881697936 10.15
      vertex -77.90051826315181 28.353469881697936 17.75
    endloop
  endfacet
  facet normal 0.9335804264972016 -0.3583679495453007 -1.398504634971009e-18
    outer loop
      vertex -77.90051826315181 28.353469881697936 10.15
      vertex -76.86354154358668 31.05488659417911 10.15
      vertex -76.86354154358668 31.05488659417911 17.75
    endloop
  endfacet
  facet normal 0.9455185755993175 -0.3255681544571543 0
    outer loop
      vertex -78.84258520086823 25.61750883368314 10.15
      vertex -77.90051826315181 28.353469881697936 17.75
      vertex -78.84258520086823 25.61750883368314 17.75
    endloop
  endfacet
  facet normal 0 0 -1
    outer loop
      vertex -80.43751570828012 20.055325145212457 17.75
      vertex -79.68859459328664 22.850336797229232 17.75
      vertex -74.71970714010024 34.809487829482826 17.75
    endloop
  endfacet
  facet normal 0 0 -1
    outer loop
      vertex -79.68859459328664 22.850336797229232 17.75
      vertex -78.84258520086823 25.61750883368314 17.75
      vertex -74.71970714010024 34.809487829482826 17.75
    endloop
  endfacet
  facet normal 0.9335804264972016 -0.3583679495453007 0
    outer loop
      vertex -77.90051826315181 28.353469881697936 10.15
      vertex -76.86354154358668 31.05488659417911 17.75
      vertex -77.90051826315181 28.353469881697936 17.75
    endloop
  endfacet
  facet normal 0 0 -1
    outer loop
      vertex -78.84258520086823 25.61750883368314 17.75
      vertex -77.90051826315181 28.353469881697936 17.75
      vertex -74.71970714010024 34.809487829482826 17.75
    endloop
  endfacet
  facet normal 0 0 -1
    outer loop
      vertex -77.90051826315181 28.353469881697936 17.75
      vertex -76.86354154358668 31.05488659417911 17.75
      vertex -74.71970714010024 34.809487829482826 17.75
    endloop
  endfacet
  facet normal 0.9205048534524403 -0.390731128489274 -3.2179061927633208e-18
    outer loop
      vertex -76.86354154358668 31.05488659417911 10.15
      vertex -75.73291843857162 33.71846771098384 10.15
      vertex -75.73291843857162 33.71846771098384 17.75
    endloop
  endfacet
  facet normal 0.9063077870366514 -0.4226182617406964 0
    outer loop
      vertex -75.73291843857162 33.71846771098384 10.15
      vertex -74.51002643820095 36.340968068814526 12.705889249855803
      vertex -75.73291843857162 33.71846771098384 17.75
    endloop
  endfacet
  facet normal 0.9205048534524403 -0.390731128489274 0
    outer loop
      vertex -76.86354154358668 31.05488659417911 10.15
      vertex -75.73291843857162 33.71846771098384 17.75
      vertex -76.86354154358668 31.05488659417911 17.75
    endloop
  endfacet
  facet normal 0 0 -1
    outer loop
      vertex -76.86354154358668 31.05488659417911 17.75
      vertex -75.73291843857162 33.71846771098384 17.75
      vertex -74.71970714010024 34.809487829482826 17.75
    endloop
  endfacet
  facet normal 0 0 -1
    outer loop
      vertex -75.73291843857162 33.71846771098384 17.75
      vertex -75.16341482116658 34.93977215976415 17.75
      vertex -74.71970714010024 34.809487829482826 17.75
    endloop
  endfacet
  facet normal 0.9063077870366493 -0.4226182617407009 -2.8594708514338195e-15
    outer loop
      vertex -74.51002643820095 36.340968068814526 12.705889249855803
      vertex -75.16341482116658 34.93977215976415 17.75
      vertex -75.73291843857162 33.71846771098384 17.75
    endloop
  endfacet
  facet normal 0 0 1
    outer loop
      vertex -64.44402615594326 51.99888834434038 10.15
      vertex -63.50508433456328 53.28709284301411 10.15
      vertex -64.49790231317245 52.06106474427276 10.15
    endloop
  endfacet
  facet normal 0 0 1
    outer loop
      vertex -64.44402615594326 51.99888834434038 10.15
      vertex -61.606706032075984 55.47092726714935 10.15
      vertex -63.50508433456328 53.28709284301411 10.15
    endloop
  endfacet
  facet normal 0 0 1
    outer loop
      vertex -64.44402615594326 51.99888834434038 10.15
      vertex -63.02949797986478 53.22458398613353 10.15
      vertex -61.606706032075984 55.47092726714935 10.15
    endloop
  endfacet
  facet normal 0 0 1
    outer loop
      vertex -60.433569479808575 43.90755834624775 10.15
      vertex -59.63326944807419 57.58717891105088 10.15
      vertex -61.606706032075984 55.47092726714935 10.15
    endloop
  endfacet
  facet normal 0 0 1
    outer loop
      vertex -58.864403294422125 45.98991220682667 10.15
      vertex -57.22351990098766 48.01623444358449 10.15
      vertex -57.58717891105088 59.63326944807419 10.15
    endloop
  endfacet
  facet normal 0 0 1
    outer loop
      vertex -58.864403294422125 45.98991220682667 10.15
      vertex -57.58717891105088 59.63326944807419 10.15
      vertex -59.63326944807419 57.58717891105088 10.15
    endloop
  endfacet
  facet normal 0 0 1
    outer loop
      vertex -57.22351990098766 48.01623444358449 10.15
      vertex -55.512918463161355 49.98405629500671 10.15
      vertex -55.47092726714935 61.606706032075984 10.15
    endloop
  endfacet
  facet normal 0 0 1
    outer loop
      vertex -57.22351990098766 48.01623444358449 10.15
      vertex -55.47092726714935 61.606706032075984 10.15
      vertex -57.58717891105088 59.63326944807419 10.15
    endloop
  endfacet
  facet normal 0 0 1
    outer loop
      vertex -55.512918463161355 49.98405629500671 10.15
      vertex -53.73468308529725 51.8909802732871 10.15
      vertex -53.28709284301411 63.50508433456328 10.15
    endloop
  endfacet
  facet normal 0 0 1
    outer loop
      vertex -53.73468308529725 51.8909802732871 10.15
      vertex -51.8909802732871 53.73468308529725 10.15
      vertex -53.28709284301411 63.50508433456328 10.15
    endloop
  endfacet
  facet normal 0 0 1
    outer loop
      vertex -55.512918463161355 49.98405629500671 10.15
      vertex -53.28709284301411 63.50508433456328 10.15
      vertex -55.47092726714935 61.606706032075984 10.15
    endloop
  endfacet
  facet normal 0 0 1
    outer loop
      vertex -51.8909802732871 53.73468308529725 10.15
      vertex -49.98405629500671 55.512918463161355 10.15
      vertex -51.03833630449708 65.32609147399725 10.15
    endloop
  endfacet
  facet normal 0 0 1
    outer loop
      vertex -51.8909802732871 53.73468308529725 10.15
      vertex -51.03833630449708 65.32609147399725 10.15
      vertex -53.28709284301411 63.50508433456328 10.15
    endloop
  endfacet
  facet normal 0.7771459614569726 -0.6293203910498354 -9.554951136101105e-18
    outer loop
      vertex -64.49790231317245 52.06106474427276 10.15
      vertex -63.50508433456328 53.28709284301411 10.15
      vertex -63.50508433456328 53.28709284301411 15.27555810357063
    endloop
  endfacet
  facet normal 0.7547095802227733 -0.6560590289905059 0
    outer loop
      vertex -63.50508433456328 53.28709284301411 10.15
      vertex -61.606706032075984 55.47092726714935 17.75
      vertex -63.50508433456328 53.28709284301411 15.27555810357063
    endloop
  endfacet
  facet normal 0.7547095802227731 -0.6560590289905058 1.5780484806323748e-17
    outer loop
      vertex -63.50508433456328 53.28709284301411 10.15
      vertex -61.606706032075984 55.47092726714935 10.15
      vertex -61.606706032075984 55.47092726714935 17.75
    endloop
  endfacet
  facet normal 0.7313537016191713 -0.6819983600624974 0
    outer loop
      vertex -61.606706032075984 55.47092726714935 10.15
      vertex -59.63326944807419 57.58717891105088 17.75
      vertex -61.606706032075984 55.47092726714935 17.75
    endloop
  endfacet
  facet normal 0.7547095802227722 -0.656059028990507 1.7548387084874442e-15
    outer loop
      vertex -63.50508433456328 53.28709284301411 15.27555810357063
      vertex -61.606706032075984 55.47092726714935 17.75
      vertex -63.008205081706286 53.85868703770438 17.75
    endloop
  endfacet
  facet normal 0.7313537016191713 -0.6819983600624974 -8.796100565752684e-18
    outer loop
      vertex -61.606706032075984 55.47092726714935 10.15
      vertex -59.63326944807419 57.58717891105088 10.15
      vertex -59.63326944807419 57.58717891105088 17.75
    endloop
  endfacet
  facet normal 0.7071067811865475 -0.7071067811865475 1.5712448061724e-17
    outer loop
      vertex -59.63326944807419 57.58717891105088 10.15
      vertex -57.58717891105088 59.63326944807419 10.15
      vertex -57.58717891105088 59.63326944807419 17.75
    endloop
  endfacet
  facet normal 0.6819983600624974 -0.7313537016191713 0
    outer loop
      vertex -57.58717891105088 59.63326944807419 10.15
      vertex -55.47092726714935 61.606706032075984 10.15
      vertex -57.58717891105088 59.63326944807419 17.75
    endloop
  endfacet
  facet normal 0.6560590289905058 -0.7547095802227731 0
    outer loop
      vertex -55.47092726714935 61.606706032075984 10.15
      vertex -53.28709284301411 63.50508433456328 10.15
      vertex -55.47092726714935 61.606706032075984 17.75
    endloop
  endfacet
  facet normal 0.7071067811865475 -0.7071067811865475 0
    outer loop
      vertex -59.63326944807419 57.58717891105088 10.15
      vertex -57.58717891105088 59.63326944807419 17.75
      vertex -59.63326944807419 57.58717891105088 17.75
    endloop
  endfacet
  facet normal 0 0 -1
    outer loop
      vertex -63.008205081706286 53.85868703770438 17.75
      vertex -44.038787648378296 69.68012816086309 17.75
      vertex -62.703511984703155 53.507052458881034 17.75
    endloop
  endfacet
  facet normal 0.6819983600624974 -0.7313537016191713 0
    outer loop
      vertex -55.47092726714935 61.606706032075984 10.15
      vertex -55.47092726714935 61.606706032075984 17.75
      vertex -57.58717891105088 59.63326944807419 17.75
    endloop
  endfacet
  facet normal 0 0 -1
    outer loop
      vertex -63.008205081706286 53.85868703770438 17.75
      vertex -61.606706032075984 55.47092726714935 17.75
      vertex -44.038787648378296 69.68012816086309 17.75
    endloop
  endfacet
  facet normal 0 0 -1
    outer loop
      vertex -61.606706032075984 55.47092726714935 17.75
      vertex -59.63326944807419 57.58717891105088 17.75
      vertex -44.038787648378296 69.68012816086309 17.75
    endloop
  endfacet
  facet normal 0 0 -1
    outer loop
      vertex -59.63326944807419 57.58717891105088 17.75
      vertex -57.58717891105088 59.63326944807419 17.75
      vertex -44.038787648378296 69.68012816086309 17.75
    endloop
  endfacet
  facet normal 0.6293203910498396 -0.7771459614569689 0
    outer loop
      vertex -53.28709284301411 63.50508433456328 10.15
      vertex -51.03833630449708 65.32609147399725 10.15
      vertex -53.28709284301411 63.50508433456328 17.75
    endloop
  endfacet
  facet normal 0.6560590289905058 -0.7547095802227731 0
    outer loop
      vertex -53.28709284301411 63.50508433456328 10.15
      vertex -53.28709284301411 63.50508433456328 17.75
      vertex -55.47092726714935 61.606706032075984 17.75
    endloop
  endfacet
  facet normal 0.6293203910498396 -0.7771459614569689 0
    outer loop
      vertex -51.03833630449708 65.32609147399725 10.15
      vertex -51.03833630449708 65.32609147399725 17.75
      vertex -53.28709284301411 63.50508433456328 17.75
    endloop
  endfacet
  facet normal 0 0 -1
    outer loop
      vertex -57.58717891105088 59.63326944807419 17.75
      vertex -55.47092726714935 61.606706032075984 17.75
      vertex -44.038787648378296 69.68012816086309 17.75
    endloop
  endfacet
  facet normal 0 0 -1
    outer loop
      vertex -55.47092726714935 61.606706032075984 17.75
      vertex -53.28709284301411 63.50508433456328 17.75
      vertex -44.038787648378296 69.68012816086309 17.75
    endloop
  endfacet
  facet normal 0 0 1
    outer loop
      vertex -49.98405629500671 55.512918463161355 10.15
      vertex -48.01623444358449 57.22351990098766 10.15
      vertex -48.72739741504603 67.06750883368315 10.15
    endloop
  endfacet
  facet normal 0 0 1
    outer loop
      vertex -49.98405629500671 55.512918463161355 10.15
      vertex -48.72739741504603 67.06750883368315 10.15
      vertex -51.03833630449708 65.32609147399725 10.15
    endloop
  endfacet
  facet normal 0 0 1
    outer loop
      vertex -48.01623444358449 57.22351990098766 10.15
      vertex -45.98991220682667 58.864403294422125 10.15
      vertex -46.35709169772492 68.72721476481297 10.15
    endloop
  endfacet
  facet normal 0 0 1
    outer loop
      vertex -48.01623444358449 57.22351990098766 10.15
      vertex -46.35709169772492 68.72721476481297 10.15
      vertex -48.72739741504603 67.06750883368315 10.15
    endloop
  endfacet
  facet normal 0 0 1
    outer loop
      vertex -45.98991220682667 58.864403294422125 10.15
      vertex -43.930307004932686 70.30318717136771 10.15
      vertex -46.35709169772492 68.72721476481297 10.15
    endloop
  endfacet
  facet normal 0 0 1
    outer loop
      vertex -45.98991220682667 58.864403294422125 10.15
      vertex -43.90755834624775 60.433569479808575 10.15
      vertex -43.930307004932686 70.30318717136771 10.15
    endloop
  endfacet
  facet normal 0 0 1
    outer loop
      vertex -43.90755834624775 60.433569479808575 10.15
      vertex -41.7717098892648 61.92910666986162 10.15
      vertex -41.25 71.44709581221619 10.15
    endloop
  endfacet
  facet normal 0 0 1
    outer loop
      vertex -41.7717098892648 61.92910666986162 10.15
      vertex -39.58496903822041 63.34919278288502 10.15
      vertex -41.25 71.44709581221619 10.15
    endloop
  endfacet
  facet normal 0 0 1
    outer loop
      vertex -43.90755834624775 60.433569479808575 10.15
      vertex -43.69511389378549 69.97792316440334 10.15
      vertex -43.930307004932686 70.30318717136771 10.15
    endloop
  endfacet
  facet normal 0 0 1
    outer loop
      vertex -43.90755834624775 60.433569479808575 10.15
      vertex -41.25 71.44709581221619 10.15
      vertex -43.69511389378549 69.97792316440334 10.15
    endloop
  endfacet
  facet normal 0 0 1
    outer loop
      vertex -43.930307004932686 70.30318717136771 10.15
      vertex -43.69511389378549 69.97792316440334 10.15
      vertex -42.352702998308985 71.25110729136799 10.15
    endloop
  endfacet
  facet normal 0 0 1
    outer loop
      vertex -43.69511389378549 69.97792316440334 10.15
      vertex -42.29827347713819 71.18829227540374 10.15
      vertex -42.352702998308985 71.25110729136799 10.15
    endloop
  endfacet
  facet normal 0 0 1
    outer loop
      vertex -39.58496903822041 63.34919278288502 10.15
      vertex -38.73140392983599 72.84317641086147 10.15
      vertex -41.25 71.44709581221619 10.15
    endloop
  endfacet
  facet normal 0 0 1
    outer loop
      vertex -39.58496903822041 63.34919278288502 10.15
      vertex -37.35 64.69209766269756 10.15
      vertex -38.73140392983599 72.84317641086147 10.15
    endloop
  endfacet
  facet normal 0 0 1
    outer loop
      vertex -37.35 64.69209766269756 10.15
      vertex -35.069525740106045 65.95618518656185 10.15
      vertex -36.165619610098894 74.15050881968128 10.15
    endloop
  endfacet
  facet normal 0 0 1
    outer loop
      vertex -37.35 64.69209766269756 10.15
      vertex -36.165619610098894 74.15050881968128 10.15
      vertex -38.73140392983599 72.84317641086147 10.15
    endloop
  endfacet
  facet normal 0 0 1
    outer loop
      vertex -35.069525740106045 65.95618518656185 10.15
      vertex -32.74632466514409 67.13991525854777 10.15
      vertex -33.55577305375352 75.36750025551457 10.15
    endloop
  endfacet
  facet normal 0 0 1
    outer loop
      vertex -35.069525740106045 65.95618518656185 10.15
      vertex -33.55577305375352 75.36750025551457 10.15
      vertex -36.165619610098894 74.15050881968128 10.15
    endloop
  endfacet
  facet normal 0 0 1
    outer loop
      vertex -32.74632466514409 67.13991525854777 10.15
      vertex -30.383227237762277 68.24184568590229 10.15
      vertex -30.90504395681274 76.49266800175997 10.15
    endloop
  endfacet
  facet normal 0 0 1
    outer loop
      vertex -30.383227237762277 68.24184568590229 10.15
      vertex -27.98311252816863 69.26063393613903 10.15
      vertex -28.21666182436767 77.52464121483744 10.15
    endloop
  endfacet
  facet normal 0 0 1
    outer loop
      vertex -32.74632466514409 67.13991525854777 10.15
      vertex -30.90504395681274 76.49266800175997 10.15
      vertex -33.55577305375352 75.36750025551457 10.15
    endloop
  endfacet
  facet normal 0 0 1
    outer loop
      vertex -30.383227237762277 68.24184568590229 10.15
      vertex -28.21666182436767 77.52464121483744 10.15
      vertex -30.90504395681274 76.49266800175997 10.15
    endloop
  endfacet
  facet normal 0 0 1
    outer loop
      vertex -27.98311252816863 69.26063393613903 10.15
      vertex -25.49390203593316 78.46216259435016 10.15
      vertex -28.21666182436767 77.52464121483744 10.15
    endloop
  endfacet
  facet normal 0 0 1
    outer loop
      vertex -27.98311252816863 69.26063393613903 10.15
      vertex -25.548904706427454 70.19503877270736 10.15
      vertex -25.49390203593316 78.46216259435016 10.15
    endloop
  endfacet
  facet normal 0 0 1
    outer loop
      vertex -25.548904706427454 70.19503877270736 10.15
      vertex -23.08356947980857 71.04392176724797 10.15
      vertex -22.850336797229232 79.68859459328664 10.15
    endloop
  endfacet
  facet normal 0 0 1
    outer loop
      vertex -23.08356947980857 71.04392176724797 10.15
      vertex -20.590110479529837 71.80624868659243 10.15
      vertex -20.055325145212457 80.43751570828012 10.15
    endloop
  endfacet
  facet normal 0 0 1
    outer loop
      vertex -20.590110479529837 71.80624868659243 10.15
      vertex -18.07156560129518 72.48109075281694 10.15
      vertex -20.055325145212457 80.43751570828012 10.15
    endloop
  endfacet
  facet normal 0.6018150231520492 -0.7986355100472922 0
    outer loop
      vertex -51.03833630449708 65.32609147399725 10.15
      vertex -48.72739741504603 67.06750883368315 10.15
      vertex -51.03833630449708 65.32609147399725 17.75
    endloop
  endfacet
  facet normal 0.5735764363510477 -0.8191520442889907 0
    outer loop
      vertex -48.72739741504603 67.06750883368315 10.15
      vertex -46.35709169772492 68.72721476481297 10.15
      vertex -48.72739741504603 67.06750883368315 17.75
    endloop
  endfacet
  facet normal 0.6018150231520492 -0.7986355100472922 -6.79972686808847e-18
    outer loop
      vertex -51.03833630449708 65.32609147399725 17.75
      vertex -48.72739741504603 67.06750883368315 10.15
      vertex -48.72739741504603 67.06750883368315 17.75
    endloop
  endfacet
  facet normal 0.5735764363510477 -0.8191520442889907 0
    outer loop
      vertex -46.35709169772492 68.72721476481297 10.15
      vertex -46.35709169772492 68.72721476481297 17.75
      vertex -48.72739741504603 67.06750883368315 17.75
    endloop
  endfacet
  facet normal 0 0 -1
    outer loop
      vertex -53.28709284301411 63.50508433456328 17.75
      vertex -51.03833630449708 65.32609147399725 17.75
      vertex -44.038787648378296 69.68012816086309 17.75
    endloop
  endfacet
  facet normal 0 0 -1
    outer loop
      vertex -51.03833630449708 65.32609147399725 17.75
      vertex -48.72739741504603 67.06750883368315 17.75
      vertex -44.038787648378296 69.68012816086309 17.75
    endloop
  endfacet
  facet normal 0 0 -1
    outer loop
      vertex -48.72739741504603 67.06750883368315 17.75
      vertex -46.35709169772492 68.72721476481297 17.75
      vertex -44.038787648378296 69.68012816086309 17.75
    endloop
  endfacet
  facet normal 0.5446390350150214 -0.8386705679454277 0
    outer loop
      vertex -46.35709169772492 68.72721476481297 10.15
      vertex -43.930307004932686 70.30318717136771 10.15
      vertex -46.35709169772492 68.72721476481297 17.75
    endloop
  endfacet
  facet normal 0.5446390350150215 -0.8386705679454277 0
    outer loop
      vertex -43.930307004932686 70.30318717136771 10.15
      vertex -43.930307004932686 70.30318717136771 16.13299643263406
      vertex -46.35709169772492 68.72721476481297 17.75
    endloop
  endfacet
  facet normal 0.5150380749100539 -0.8571673007021123 0
    outer loop
      vertex -43.930307004932686 70.30318717136771 10.15
      vertex -42.352702998308985 71.25110729136799 10.15
      vertex -43.930307004932686 70.30318717136771 16.13299643263406
    endloop
  endfacet
  facet normal 0.5446390350150233 -0.8386705679454265 4.004661740199153e-15
    outer loop
      vertex -46.35709169772492 68.72721476481297 17.75
      vertex -43.930307004932686 70.30318717136771 16.13299643263406
      vertex -44.34520312992376 70.0337504774103 17.75
    endloop
  endfacet
  facet normal 0 0 -1
    outer loop
      vertex -46.35709169772492 68.72721476481297 17.75
      vertex -44.34520312992376 70.0337504774103 17.75
      vertex -44.038787648378296 69.68012816086309 17.75
    endloop
  endfacet
  facet normal 0 0 1
    outer loop
      vertex -25.548904706427454 70.19503877270736 10.15
      vertex -24.194442177426787 78.8594473424195 10.15
      vertex -25.49390203593316 78.46216259435016 10.15
    endloop
  endfacet
  facet normal 0 0 1
    outer loop
      vertex -25.548904706427454 70.19503877270736 10.15
      vertex -22.850336797229232 79.68859459328664 10.15
      vertex -24.194442177426787 78.8594473424195 10.15
    endloop
  endfacet
  facet normal 0 0 1
    outer loop
      vertex -23.08356947980857 71.04392176724797 10.15
      vertex -20.055325145212457 80.43751570828012 10.15
      vertex -22.850336797229232 79.68859459328664 10.15
    endloop
  endfacet
  facet normal 0 0 1
    outer loop
      vertex -26.10104317228581 78.58531950404955 10.15
      vertex -25.61750883368314 78.84258520086823 10.15
      vertex -26.113478505662382 78.67180914745157 10.15
    endloop
  endfacet
  facet normal 0.3255681544571376 -0.9455185755993233 4.167572595590517e-18
    outer loop
      vertex -26.113478505662382 78.67180914745157 10.15
      vertex -25.61750883368314 78.84258520086823 10.15
      vertex -25.61750883368314 78.84258520086823 11.850243761493145
    endloop
  endfacet
  facet normal 0 0 1
    outer loop
      vertex -26.10104317228581 78.58531950404955 10.15
      vertex -22.850336797229232 79.68859459328664 10.15
      vertex -25.61750883368314 78.84258520086823 10.15
    endloop
  endfacet
  facet normal 0 0 1
    outer loop
      vertex -26.10104317228581 78.58531950404955 10.15
      vertex -24.194442177426787 78.8594473424195 10.15
      vertex -22.850336797229232 79.68859459328664 10.15
    endloop
  endfacet
  facet normal 0.29237170472273905 -0.9563047559630347 0
    outer loop
      vertex -25.61750883368314 78.84258520086823 10.15
      vertex -22.850336797229232 79.68859459328664 10.15
      vertex -25.61750883368314 78.84258520086823 11.850243761493145
    endloop
  endfacet
  facet normal 0 0 1
    outer loop
      vertex -18.07156560129518 72.48109075281694 10.15
      vertex -17.235879168792252 81.0884361008325 10.15
      vertex -20.055325145212457 80.43751570828012 10.15
    endloop
  endfacet
  facet normal 0 0 1
    outer loop
      vertex -18.07156560129518 72.48109075281694 10.15
      vertex -15.531003304086623 73.06762577481528 10.15
      vertex -17.235879168792252 81.0884361008325 10.15
    endloop
  endfacet
  facet normal 0 0 1
    outer loop
      vertex -15.531003304086623 73.06762577481528 10.15
      vertex -14.395433928588526 81.64056272471205 10.15
      vertex -17.235879168792252 81.0884361008325 10.15
    endloop
  endfacet
  facet normal 0 0 1
    outer loop
      vertex -15.531003304086623 73.06762577481528 10.15
      vertex -12.971518871719697 73.56513915001194 10.15
      vertex -14.395433928588526 81.64056272471205 10.15
    endloop
  endfacet
  facet normal 0 0 1
    outer loop
      vertex -12.971518871719697 73.56513915001194 10.15
      vertex -10.396230641716889 73.9730247349953 10.15
      vertex -11.537450069589426 82.09322289867619 10.15
    endloop
  endfacet
  facet normal 0 0 1
    outer loop
      vertex -10.396230641716889 73.9730247349953 10.15
      vertex -7.8082762060937165 74.29078558401002 10.15
      vertex -8.665409604888474 82.44586512602986 10.15
    endloop
  endfacet
  facet normal 0 0 1
    outer loop
      vertex -12.971518871719697 73.56513915001194 10.15
      vertex -11.537450069589426 82.09322289867619 10.15
      vertex -14.395433928588526 81.64056272471205 10.15
    endloop
  endfacet
  facet normal 0 0 1
    outer loop
      vertex -10.396230641716889 73.9730247349953 10.15
      vertex -8.665409604888474 82.44586512602986 10.15
      vertex -11.537450069589426 82.09322289867619 10.15
    endloop
  endfacet
  facet normal 0 0 1
    outer loop
      vertex -7.8082762060937165 74.29078558401002 10.15
      vertex -5.21080858868616 74.51803455440887 10.15
      vertex -5.782811673387988 82.69805976653943 10.15
    endloop
  endfacet
  facet normal 0 0 1
    outer loop
      vertex -5.21080858868616 74.51803455440887 10.15
      vertex -2.6069924036768226 74.65449477832645 10.15
      vertex -2.8931682766373306 82.84949955988304 10.15
    endloop
  endfacet
  facet normal 0 0 1
    outer loop
      vertex -7.8082762060937165 74.29078558401002 10.15
      vertex -5.782811673387988 82.69805976653943 10.15
      vertex -8.665409604888474 82.44586512602986 10.15
    endloop
  endfacet
  facet normal 0 0 1
    outer loop
      vertex -5.21080858868616 74.51803455440887 10.15
      vertex -2.8931682766373306 82.84949955988304 10.15
      vertex -5.782811673387988 82.69805976653943 10.15
    endloop
  endfacet
  facet normal 0.29237170472273893 -0.9563047559630348 -1.9358316040471745e-16
    outer loop
      vertex -22.850336797229232 79.68859459328664 10.15
      vertex -23.887371893398797 79.37154114663817 17.75
      vertex -25.61750883368314 78.84258520086823 11.850243761493145
    endloop
  endfacet
  facet normal 0.2588190451025226 -0.9659258262890678 0
    outer loop
      vertex -22.850336797229232 79.68859459328664 10.15
      vertex -20.055325145212457 80.43751570828012 10.15
      vertex -22.850336797229232 79.68859459328664 17.75
    endloop
  endfacet
  facet normal 0.2249510543438648 -0.9743700647852354 0
    outer loop
      vertex -20.055325145212457 80.43751570828012 10.15
      vertex -17.235879168792252 81.0884361008325 10.15
      vertex -20.055325145212457 80.43751570828012 17.75
    endloop
  endfacet
  facet normal 0.19080899537654405 -0.9816271834476642 0
    outer loop
      vertex -17.235879168792252 81.0884361008325 10.15
      vertex -14.395433928588526 81.64056272471205 10.15
      vertex -17.235879168792252 81.0884361008325 17.75
    endloop
  endfacet
  facet normal 0.29237170472274027 -0.9563047559630343 0
    outer loop
      vertex -22.850336797229232 79.68859459328664 10.15
      vertex -22.850336797229232 79.68859459328664 17.75
      vertex -23.887371893398797 79.37154114663817 17.75
    endloop
  endfacet
  facet normal 0.2588190451025226 -0.9659258262890678 0
    outer loop
      vertex -20.055325145212457 80.43751570828012 10.15
      vertex -20.055325145212457 80.43751570828012 17.75
      vertex -22.850336797229232 79.68859459328664 17.75
    endloop
  endfacet
  facet normal 0.2249510543438648 -0.9743700647852354 0
    outer loop
      vertex -17.235879168792252 81.0884361008325 10.15
      vertex -17.235879168792252 81.0884361008325 17.75
      vertex -20.055325145212457 80.43751570828012 17.75
    endloop
  endfacet
  facet normal 0 0 -1
    outer loop
      vertex -23.82145439704487 78.91307488916378 17.75
      vertex -23.887371893398797 79.37154114663817 17.75
      vertex 0.6241357584993766 82.42782013742823 17.75
    endloop
  endfacet
  facet normal 0 0 -1
    outer loop
      vertex -23.887371893398797 79.37154114663817 17.75
      vertex -22.850336797229232 79.68859459328664 17.75
      vertex 0.6241357584993766 82.42782013742823 17.75
    endloop
  endfacet
  facet normal 0.19080899537654405 -0.9816271834476642 0
    outer loop
      vertex -14.395433928588526 81.64056272471205 10.15
      vertex -14.395433928588526 81.64056272471205 17.75
      vertex -17.235879168792252 81.0884361008325 17.75
    endloop
  endfacet
  facet normal 0 0 -1
    outer loop
      vertex -22.850336797229232 79.68859459328664 17.75
      vertex -20.055325145212457 80.43751570828012 17.75
      vertex 0.6241357584993766 82.42782013742823 17.75
    endloop
  endfacet
  facet normal 0 0 -1
    outer loop
      vertex -20.055325145212457 80.43751570828012 17.75
      vertex -17.235879168792252 81.0884361008325 17.75
      vertex 0.6241357584993766 82.42782013742823 17.75
    endloop
  endfacet
  facet normal 0.15643446504023176 -0.9876883405951375 0
    outer loop
      vertex -14.395433928588526 81.64056272471205 10.15
      vertex -11.537450069589426 82.09322289867619 10.15
      vertex -14.395433928588526 81.64056272471205 17.75
    endloop
  endfacet
  facet normal 0.12186934340514378 -0.9925461516413224 0
    outer loop
      vertex -11.537450069589426 82.09322289867619 10.15
      vertex -8.665409604888474 82.44586512602986 10.15
      vertex -11.537450069589426 82.09322289867619 17.75
    endloop
  endfacet
  facet normal 0.08715574274765861 -0.9961946980917454 0
    outer loop
      vertex -8.665409604888474 82.44586512602986 10.15
      vertex -5.782811673387988 82.69805976653943 10.15
      vertex -8.665409604888474 82.44586512602986 17.75
    endloop
  endfacet
  facet normal 0.05233595624294624 -0.9986295347545737 0
    outer loop
      vertex -5.782811673387988 82.69805976653943 10.15
      vertex -2.8931682766373306 82.84949955988304 10.15
      vertex -5.782811673387988 82.69805976653943 17.75
    endloop
  endfacet
  facet normal 0.15643446504023176 -0.9876883405951375 0
    outer loop
      vertex -11.537450069589426 82.09322289867619 10.15
      vertex -11.537450069589426 82.09322289867619 17.75
      vertex -14.395433928588526 81.64056272471205 17.75
    endloop
  endfacet
  facet normal 0.12186934340514378 -0.9925461516413224 0
    outer loop
      vertex -8.665409604888474 82.44586512602986 10.15
      vertex -8.665409604888474 82.44586512602986 17.75
      vertex -11.537450069589426 82.09322289867619 17.75
    endloop
  endfacet
  facet normal 0 0 -1
    outer loop
      vertex -17.235879168792252 81.0884361008325 17.75
      vertex -14.395433928588526 81.64056272471205 17.75
      vertex 0.6241357584993766 82.42782013742823 17.75
    endloop
  endfacet
  facet normal 0 0 -1
    outer loop
      vertex -14.395433928588526 81.64056272471205 17.75
      vertex -11.537450069589426 82.09322289867619 17.75
      vertex 0.6241357584993766 82.42782013742823 17.75
    endloop
  endfacet
  facet normal 0.08715574274765861 -0.9961946980917454 0
    outer loop
      vertex -5.782811673387988 82.69805976653943 10.15
      vertex -5.782811673387988 82.69805976653943 17.75
      vertex -8.665409604888474 82.44586512602986 17.75
    endloop
  endfacet
  facet normal 0.05233595624294624 -0.9986295347545737 0
    outer loop
      vertex -2.8931682766373306 82.84949955988304 10.15
      vertex -2.8931682766373306 82.84949955988304 17.75
      vertex -5.782811673387988 82.69805976653943 17.75
    endloop
  endfacet
  facet normal 0 0 -1
    outer loop
      vertex -11.537450069589426 82.09322289867619 17.75
      vertex -8.665409604888474 82.44586512602986 17.75
      vertex 0.6241357584993766 82.42782013742823 17.75
    endloop
  endfacet
  facet normal 0 0 -1
    outer loop
      vertex -8.665409604888474 82.44586512602986 17.75
      vertex -5.782811673387988 82.69805976653943 17.75
      vertex 0.6241357584993766 82.42782013742823 17.75
    endloop
  endfacet
  facet normal 0 0 -1
    outer loop
      vertex -5.782811673387988 82.69805976653943 17.75
      vertex -2.8931682766373306 82.84949955988304 17.75
      vertex 0.6241357584993766 82.42782013742823 17.75
    endloop
  endfacet
  facet normal 0 0 1
    outer loop
      vertex 69.26063393613903 27.98311252816863 10.15
      vertex 70.19503877270736 25.548904706427454 10.15
      vertex 70.30318717136771 43.930307004932686 10.15
    endloop
  endfacet
  facet normal 0 0 1
    outer loop
      vertex 69.26063393613903 27.98311252816863 10.15
      vertex 70.30318717136771 43.930307004932686 10.15
      vertex 68.24184568590229 30.383227237762277 10.15
    endloop
  endfacet
  facet normal 0 0 1
    outer loop
      vertex 67.13991525854777 32.74632466514409 10.15
      vertex 68.24184568590229 30.383227237762277 10.15
      vertex 68.72721476481297 46.35709169772492 10.15
    endloop
  endfacet
  facet normal 0 0 1
    outer loop
      vertex 64.69209766269756 37.35 10.15
      vertex 65.32609147399725 51.03833630449708 10.15
      vertex 63.34919278288502 39.58496903822041 10.15
    endloop
  endfacet
  facet normal 0 0 1
    outer loop
      vertex 67.13991525854777 32.74632466514409 10.15
      vertex 68.72721476481297 46.35709169772492 10.15
      vertex 65.95618518656185 35.069525740106045 10.15
    endloop
  endfacet
  facet normal 0 0 1
    outer loop
      vertex 64.69209766269756 37.35 10.15
      vertex 65.95618518656185 35.069525740106045 10.15
      vertex 67.06750883368315 48.72739741504603 10.15
    endloop
  endfacet
  facet normal 0 0 1
    outer loop
      vertex 68.24184568590229 30.383227237762277 10.15
      vertex 70.30318717136771 43.930307004932686 10.15
      vertex 68.72721476481297 46.35709169772492 10.15
    endloop
  endfacet
  facet normal 0 0 1
    outer loop
      vertex 65.95618518656185 35.069525740106045 10.15
      vertex 68.72721476481297 46.35709169772492 10.15
      vertex 67.06750883368315 48.72739741504603 10.15
    endloop
  endfacet
  facet normal 0 0 1
    outer loop
      vertex 61.92910666986162 41.7717098892648 10.15
      vertex 63.34919278288502 39.58496903822041 10.15
      vertex 63.50508433456328 53.28709284301411 10.15
    endloop
  endfacet
  facet normal 0 0 1
    outer loop
      vertex 61.92910666986162 41.7717098892648 10.15
      vertex 63.50508433456328 53.28709284301411 10.15
      vertex 60.433569479808575 43.90755834624775 10.15
    endloop
  endfacet
  facet normal 0 0 1
    outer loop
      vertex 58.864403294422125 45.98991220682667 10.15
      vertex 60.433569479808575 43.90755834624775 10.15
      vertex 61.66540000929741 54.793799195828534 10.15
    endloop
  endfacet
  facet normal 0 0 1
    outer loop
      vertex 57.22351990098766 48.01623444358449 10.15
      vertex 58.864403294422125 45.98991220682667 10.15
      vertex 61.309448101885025 55.2032750246058 10.15
    endloop
  endfacet
  facet normal 0 0 1
    outer loop
      vertex 63.34919278288502 39.58496903822041 10.15
      vertex 65.32609147399725 51.03833630449708 10.15
      vertex 63.50508433456328 53.28709284301411 10.15
    endloop
  endfacet
  facet normal 0 0 1
    outer loop
      vertex 64.69209766269756 37.35 10.15
      vertex 67.06750883368315 48.72739741504603 10.15
      vertex 65.32609147399725 51.03833630449708 10.15
    endloop
  endfacet
  facet normal 0 0 1
    outer loop
      vertex 71.04392176724797 23.08356947980857 10.15
      vertex 71.57234020534396 21.355190647906994 10.15
      vertex 73.19635544800505 38.91919255495035 10.15
    endloop
  endfacet
  facet normal 0 0 1
    outer loop
      vertex 75.4710958246963 33.31171718700789 10.15
      vertex 71.57234020534396 21.355190647906994 10.15
      vertex 79.04575725489795 23.58504991234708 10.15
    endloop
  endfacet
  facet normal 0 0 1
    outer loop
      vertex 71.04392176724797 23.08356947980857 10.15
      vertex 71.79350597372996 41.45 10.15
      vertex 70.19503877270736 25.548904706427454 10.15
    endloop
  endfacet
  facet normal 0 0 1
    outer loop
      vertex 75.4710958246963 33.31171718700789 10.15
      vertex 74.51002643820095 36.340968068814526 10.15
      vertex 71.57234020534396 21.355190647906994 10.15
    endloop
  endfacet
  facet normal 0 0 1
    outer loop
      vertex 78.46216259435016 25.49390203593316 10.15
      vertex 77.52464121483744 28.21666182436767 10.15
      vertex 79.04575725489795 23.58504991234708 10.15
    endloop
  endfacet
  facet normal 0 0 1
    outer loop
      vertex 76.49266800175997 30.90504395681274 10.15
      vertex 79.04575725489795 23.58504991234708 10.15
      vertex 77.52464121483744 28.21666182436767 10.15
    endloop
  endfacet
  facet normal 0 0 1
    outer loop
      vertex 76.49266800175997 30.90504395681274 10.15
      vertex 75.4710958246963 33.31171718700789 10.15
      vertex 79.04575725489795 23.58504991234708 10.15
    endloop
  endfacet
  facet normal 0 0 1
    outer loop
      vertex 73.19635544800505 38.91919255495035 10.15
      vertex 71.57234020534396 21.355190647906994 10.15
      vertex 74.51002643820095 36.340968068814526 10.15
    endloop
  endfacet
  facet normal 0 0 1
    outer loop
      vertex 71.04392176724797 23.08356947980857 10.15
      vertex 73.19635544800505 38.91919255495035 10.15
      vertex 71.79350597372996 41.45 10.15
    endloop
  endfacet
  facet normal 0 0 1
    outer loop
      vertex 75.4710958246963 33.31171718700789 10.15
      vertex 76.55471432795234 31.782437920762025 10.15
      vertex 75.73291843857162 33.71846771098384 10.15
    endloop
  endfacet
  facet normal 0 0 1
    outer loop
      vertex 75.4710958246963 33.31171718700789 10.15
      vertex 76.48337005421948 31.7365877400895 10.15
      vertex 76.55471432795234 31.782437920762025 10.15
    endloop
  endfacet
  facet normal 0 0 1
    outer loop
      vertex 75.4710958246963 33.31171718700789 10.15
      vertex 75.73291843857162 33.71846771098384 10.15
      vertex 74.51002643820095 36.340968068814526 10.15
    endloop
  endfacet
  facet normal 0 0 1
    outer loop
      vertex 70.19503877270736 25.548904706427454 10.15
      vertex 71.79350597372996 41.45 10.15
      vertex 70.30318717136771 43.930307004932686 10.15
    endloop
  endfacet
  facet normal 0 0 -1
    outer loop
      vertex 67.06750883368315 48.72739741504603 17.75
      vertex 68.72721476481297 46.35709169772492 17.75
      vertex 75.23825786856418 33.67402011873101 17.75
    endloop
  endfacet
  facet normal -0.8386705679454277 -0.5446390350150214 1.0478246200991927e-19
    outer loop
      vertex 68.72721476481297 46.35709169772492 10.15
      vertex 70.30318717136771 43.930307004932686 10.15
      vertex 70.30318717136771 43.930307004932686 17.75
    endloop
  endfacet
  facet normal -0.7986355100472922 -0.6018150231520492 0
    outer loop
      vertex 67.06750883368315 48.72739741504603 10.15
      vertex 67.06750883368315 48.72739741504603 17.75
      vertex 65.32609147399725 51.03833630449708 10.15
    endloop
  endfacet
  facet normal -0.8191520442889907 -0.5735764363510477 -9.991420791116263e-18
    outer loop
      vertex 67.06750883368315 48.72739741504603 10.15
      vertex 68.72721476481297 46.35709169772492 10.15
      vertex 68.72721476481297 46.35709169772492 17.75
    endloop
  endfacet
  facet normal -0.8386705679454277 -0.5446390350150214 0
    outer loop
      vertex 68.72721476481297 46.35709169772492 10.15
      vertex 70.30318717136771 43.930307004932686 17.75
      vertex 68.72721476481297 46.35709169772492 17.75
    endloop
  endfacet
  facet normal 0 0 -1
    outer loop
      vertex 67.06750883368315 48.72739741504603 17.75
      vertex 75.23825786856418 33.67402011873101 17.75
      vertex 65.32609147399725 51.03833630449708 17.75
    endloop
  endfacet
  facet normal 0 0 -1
    outer loop
      vertex 75.23825786856418 33.67402011873101 17.75
      vertex 63.50508433456328 53.28709284301411 17.75
      vertex 65.32609147399725 51.03833630449708 17.75
    endloop
  endfacet
  facet normal -0.8191520442889907 -0.5735764363510477 0
    outer loop
      vertex 67.06750883368315 48.72739741504603 10.15
      vertex 68.72721476481297 46.35709169772492 17.75
      vertex 67.06750883368315 48.72739741504603 17.75
    endloop
  endfacet
  facet normal 0 0 -1
    outer loop
      vertex 75.23825786856418 33.67402011873101 17.75
      vertex 61.88606798291835 54.450433126531394 17.75
      vertex 63.50508433456328 53.28709284301411 17.75
    endloop
  endfacet
  facet normal -0.9205048534524403 -0.3907311284892737 0
    outer loop
      vertex 75.73291843857162 33.71846771098384 10.15
      vertex 76.55471432795234 31.782437920762025 10.15
      vertex 75.73291843857162 33.71846771098384 16.99086139695295
    endloop
  endfacet
  facet normal -0.9063077870366514 -0.4226182617406964 0
    outer loop
      vertex 75.73291843857162 33.71846771098384 10.15
      vertex 75.73291843857162 33.71846771098384 16.99086139695295
      vertex 74.51002643820095 36.340968068814526 10.15
    endloop
  endfacet
  facet normal -0.8910065241883673 -0.4539904997395479 -3.859422289059926e-18
    outer loop
      vertex 73.19635544800505 38.91919255495035 10.15
      vertex 74.51002643820095 36.340968068814526 10.15
      vertex 74.51002643820095 36.340968068814526 17.75
    endloop
  endfacet
  facet normal -0.9063077870366514 -0.4226182617406964 0
    outer loop
      vertex 74.51002643820095 36.340968068814526 10.15
      vertex 75.73291843857162 33.71846771098384 16.99086139695295
      vertex 74.51002643820095 36.340968068814526 17.75
    endloop
  endfacet
  facet normal -0.9063077870366507 -0.422618261740698 6.631905692068117e-15
    outer loop
      vertex 75.73291843857162 33.71846771098384 16.99086139695295
      vertex 75.63480757368163 33.92886713971761 17.75
      vertex 74.51002643820095 36.340968068814526 17.75
    endloop
  endfacet
  facet normal 0 0 -1
    outer loop
      vertex 75.23825786856418 33.67402011873101 17.75
      vertex 74.51002643820095 36.340968068814526 17.75
      vertex 75.63480757368163 33.92886713971761 17.75
    endloop
  endfacet
  facet normal 0 0 -1
    outer loop
      vertex 73.19635544800505 38.91919255495035 17.75
      vertex 74.51002643820095 36.340968068814526 17.75
      vertex 75.23825786856418 33.67402011873101 17.75
    endloop
  endfacet
  facet normal -0.8746197071393946 -0.48480962024633906 0
    outer loop
      vertex 73.19635544800505 38.91919255495035 10.15
      vertex 73.19635544800505 38.91919255495035 17.75
      vertex 71.79350597372996 41.45 10.15
    endloop
  endfacet
  facet normal -0.8571673007021113 -0.5150380749100559 0
    outer loop
      vertex 71.79350597372996 41.45 10.15
      vertex 71.79350597372996 41.45 17.75
      vertex 70.30318717136771 43.930307004932686 10.15
    endloop
  endfacet
  facet normal -0.8910065241883673 -0.4539904997395479 0
    outer loop
      vertex 73.19635544800505 38.91919255495035 10.15
      vertex 74.51002643820095 36.340968068814526 17.75
      vertex 73.19635544800505 38.91919255495035 17.75
    endloop
  endfacet
  facet normal -0.8746197071393946 -0.48480962024633906 0
    outer loop
      vertex 71.79350597372996 41.45 10.15
      vertex 73.19635544800505 38.91919255495035 17.75
      vertex 71.79350597372996 41.45 17.75
    endloop
  endfacet
  facet normal 0 0 -1
    outer loop
      vertex 73.19635544800505 38.91919255495035 17.75
      vertex 75.23825786856418 33.67402011873101 17.75
      vertex 71.79350597372996 41.45 17.75
    endloop
  endfacet
  facet normal 0 0 -1
    outer loop
      vertex 71.79350597372996 41.45 17.75
      vertex 75.23825786856418 33.67402011873101 17.75
      vertex 70.30318717136771 43.930307004932686 17.75
    endloop
  endfacet
  facet normal -0.8571673007021113 -0.5150380749100559 0
    outer loop
      vertex 70.30318717136771 43.930307004932686 10.15
      vertex 71.79350597372996 41.45 17.75
      vertex 70.30318717136771 43.930307004932686 17.75
    endloop
  endfacet
  facet normal 0 0 -1
    outer loop
      vertex 68.72721476481297 46.35709169772492 17.75
      vertex 70.30318717136771 43.930307004932686 17.75
      vertex 75.23825786856418 33.67402011873101 17.75
    endloop
  endfacet
  facet normal 0 0 1
    outer loop
      vertex 18.07156560129518 72.48109075281694 10.15
      vertex 20.590110479529837 71.80624868659243 10.15
      vertex 22.850336797229232 79.68859459328664 10.15
    endloop
  endfacet
  facet normal 0 0 1
    outer loop
      vertex 20.590110479529837 71.80624868659243 10.15
      vertex 23.08356947980857 71.04392176724797 10.15
      vertex 25.61750883368314 78.84258520086823 10.15
    endloop
  endfacet
  facet normal 0 0 1
    outer loop
      vertex 23.08356947980857 71.04392176724797 10.15
      vertex 25.548904706427454 70.19503877270736 10.15
      vertex 28.353469881697936 77.90051826315181 10.15
    endloop
  endfacet
  facet normal 0 0 1
    outer loop
      vertex 25.548904706427454 70.19503877270736 10.15
      vertex 27.98311252816863 69.26063393613903 10.15
      vertex 28.353469881697936 77.90051826315181 10.15
    endloop
  endfacet
  facet normal 0 0 1
    outer loop
      vertex 30.383227237762277 68.24184568590229 10.15
      vertex 31.05488659417911 76.86354154358668 10.15
      vertex 27.98311252816863 69.26063393613903 10.15
    endloop
  endfacet
  facet normal 0 0 1
    outer loop
      vertex 30.383227237762277 68.24184568590229 10.15
      vertex 32.74632466514409 67.13991525854777 10.15
      vertex 33.71846771098384 75.73291843857162 10.15
    endloop
  endfacet
  facet normal 0 0 1
    outer loop
      vertex 27.98311252816863 69.26063393613903 10.15
      vertex 31.05488659417911 76.86354154358668 10.15
      vertex 28.353469881697936 77.90051826315181 10.15
    endloop
  endfacet
  facet normal 0 0 1
    outer loop
      vertex 30.383227237762277 68.24184568590229 10.15
      vertex 33.71846771098384 75.73291843857162 10.15
      vertex 31.05488659417911 76.86354154358668 10.15
    endloop
  endfacet
  facet normal 0 0 1
    outer loop
      vertex 35.069525740106045 65.95618518656185 10.15
      vertex 37.35 64.69209766269756 10.15
      vertex 38.91919255495035 73.19635544800505 10.15
    endloop
  endfacet
  facet normal 0 0 1
    outer loop
      vertex 37.35 64.69209766269756 10.15
      vertex 39.58496903822041 63.34919278288502 10.15
      vertex 41.45 71.79350597372996 10.15
    endloop
  endfacet
  facet normal 0 0 1
    outer loop
      vertex 41.7717098892648 61.92910666986162 10.15
      vertex 43.930307004932686 70.30318717136771 10.15
      vertex 39.58496903822041 63.34919278288502 10.15
    endloop
  endfacet
  facet normal 0 0 1
    outer loop
      vertex 41.7717098892648 61.92910666986162 10.15
      vertex 43.90755834624775 60.433569479808575 10.15
      vertex 48.49228331412903 66.74390203593316 10.15
    endloop
  endfacet
  facet normal 0 0 1
    outer loop
      vertex 41.7717098892648 61.92910666986162 10.15
      vertex 48.49228331412903 66.74390203593316 10.15
      vertex 46.133414536336616 68.39559973579094 10.15
    endloop
  endfacet
  facet normal 0 0 1
    outer loop
      vertex 39.58496903822041 63.34919278288502 10.15
      vertex 43.930307004932686 70.30318717136771 10.15
      vertex 41.45 71.79350597372996 10.15
    endloop
  endfacet
  facet normal 0 0 1
    outer loop
      vertex 41.7717098892648 61.92910666986162 10.15
      vertex 46.133414536336616 68.39559973579094 10.15
      vertex 45.44512941287428 68.84257732125226 10.15
    endloop
  endfacet
  facet normal 0 0 1
    outer loop
      vertex 41.7717098892648 61.92910666986162 10.15
      vertex 45.44512941287428 68.84257732125226 10.15
      vertex 43.930307004932686 70.30318717136771 10.15
    endloop
  endfacet
  facet normal 0 0 1
    outer loop
      vertex 45.44512941287428 68.84257732125226 10.15
      vertex 47.218341708219654 68.12416101518136 10.15
      vertex 46.35709169772492 68.72721476481297 10.15
    endloop
  endfacet
  facet normal 0 0 1
    outer loop
      vertex 32.74632466514409 67.13991525854777 10.15
      vertex 35.069525740106045 65.95618518656185 10.15
      vertex 36.340968068814526 74.51002643820095 10.15
    endloop
  endfacet
  facet normal 0 0 1
    outer loop
      vertex 35.069525740106045 65.95618518656185 10.15
      vertex 38.91919255495035 73.19635544800505 10.15
      vertex 36.340968068814526 74.51002643820095 10.15
    endloop
  endfacet
  facet normal 0 0 1
    outer loop
      vertex 37.35 64.69209766269756 10.15
      vertex 41.45 71.79350597372996 10.15
      vertex 38.91919255495035 73.19635544800505 10.15
    endloop
  endfacet
  facet normal 0 0 1
    outer loop
      vertex 32.74632466514409 67.13991525854777 10.15
      vertex 36.340968068814526 74.51002643820095 10.15
      vertex 33.71846771098384 75.73291843857162 10.15
    endloop
  endfacet
  facet normal 0 0 1
    outer loop
      vertex 45.44512941287428 68.84257732125226 10.15
      vertex 46.35709169772492 68.72721476481297 10.15
      vertex 43.930307004932686 70.30318717136771 10.15
    endloop
  endfacet
  facet normal -0.4539904997395479 -0.8910065241883673 0
    outer loop
      vertex 36.340968068814526 74.51002643820095 10.15
      vertex 38.91919255495035 73.19635544800505 10.15
      vertex 36.340968068814526 74.51002643820095 17.75
    endloop
  endfacet
  facet normal -0.48480962024633906 -0.8746197071393946 0
    outer loop
      vertex 38.91919255495035 73.19635544800505 10.15
      vertex 41.45 71.79350597372996 10.15
      vertex 38.91919255495035 73.19635544800505 17.75
    endloop
  endfacet
  facet normal -0.5150380749100559 -0.8571673007021113 0
    outer loop
      vertex 41.45 71.79350597372996 10.15
      vertex 43.930307004932686 70.30318717136771 10.15
      vertex 41.45 71.79350597372996 17.75
    endloop
  endfacet
  facet normal -0.5446390350150214 -0.8386705679454277 1.0478246200991927e-19
    outer loop
      vertex 46.35709169772492 68.72721476481297 10.15
      vertex 43.930307004932686 70.30318717136771 17.75
      vertex 43.930307004932686 70.30318717136771 10.15
    endloop
  endfacet
  facet normal -0.5446390350150214 -0.8386705679454276 0
    outer loop
      vertex 46.35709169772492 68.72721476481297 10.15
      vertex 46.35709169772492 68.72721476481297 13.561995884405288
      vertex 43.930307004932686 70.30318717136771 17.75
    endloop
  endfacet
  facet normal -0.4226182617406964 -0.9063077870366514 0
    outer loop
      vertex 36.340968068814526 74.51002643820095 10.15
      vertex 36.340968068814526 74.51002643820095 17.75
      vertex 33.71846771098384 75.73291843857162 17.75
    endloop
  endfacet
  facet normal -0.4539904997395479 -0.8910065241883673 0
    outer loop
      vertex 38.91919255495035 73.19635544800505 10.15
      vertex 38.91919255495035 73.19635544800505 17.75
      vertex 36.340968068814526 74.51002643820095 17.75
    endloop
  endfacet
  facet normal 0 0 -1
    outer loop
      vertex 45.08890047198605 69.00526162750631 17.75
      vertex 28.353469881697936 77.90051826315181 17.75
      vertex 31.05488659417911 76.86354154358668 17.75
    endloop
  endfacet
  facet normal 0 0 -1
    outer loop
      vertex 45.08890047198605 69.00526162750631 17.75
      vertex 31.05488659417911 76.86354154358668 17.75
      vertex 33.71846771098384 75.73291843857162 17.75
    endloop
  endfacet
  facet normal 0 0 -1
    outer loop
      vertex 36.340968068814526 74.51002643820095 17.75
      vertex 45.08890047198605 69.00526162750631 17.75
      vertex 33.71846771098384 75.73291843857162 17.75
    endloop
  endfacet
  facet normal 0 0 -1
    outer loop
      vertex 36.340968068814526 74.51002643820095 17.75
      vertex 38.91919255495035 73.19635544800505 17.75
      vertex 45.08890047198605 69.00526162750631 17.75
    endloop
  endfacet
  facet normal -0.5150380749100559 -0.8571673007021113 0
    outer loop
      vertex 43.930307004932686 70.30318717136771 10.15
      vertex 43.930307004932686 70.30318717136771 17.75
      vertex 41.45 71.79350597372996 17.75
    endloop
  endfacet
  facet normal -0.5446390350150209 -0.838670567945428 4.466249932532964e-16
    outer loop
      vertex 46.35709169772492 68.72721476481297 13.561995884405288
      vertex 45.28104789004887 69.42600578413095 17.75
      vertex 43.930307004932686 70.30318717136771 17.75
    endloop
  endfacet
  facet normal 0 0 -1
    outer loop
      vertex 38.91919255495035 73.19635544800505 17.75
      vertex 41.45 71.79350597372996 17.75
      vertex 45.08890047198605 69.00526162750631 17.75
    endloop
  endfacet
  facet normal 0 0 -1
    outer loop
      vertex 43.930307004932686 70.30318717136771 17.75
      vertex 45.28104789004887 69.42600578413095 17.75
      vertex 45.08890047198605 69.00526162750631 17.75
    endloop
  endfacet
  facet normal 0 0 -1
    outer loop
      vertex 41.45 71.79350597372996 17.75
      vertex 43.930307004932686 70.30318717136771 17.75
      vertex 45.08890047198605 69.00526162750631 17.75
    endloop
  endfacet
  facet normal -0.48480962024633906 -0.8746197071393946 0
    outer loop
      vertex 41.45 71.79350597372996 10.15
      vertex 41.45 71.79350597372996 17.75
      vertex 38.91919255495035 73.19635544800505 17.75
    endloop
  endfacet
  facet normal 0 0 1
    outer loop
      vertex -2.6069924036768226 74.65449477832645 10.15
      vertex 0 74.7 10.15
      vertex 0 82.9 10.15
    endloop
  endfacet
  facet normal 0 0 1
    outer loop
      vertex 0 74.7 10.15
      vertex 2.606992403676822 74.65449477832645 10.15
      vertex 2.87920847795633 82.4497432290754 10.15
    endloop
  endfacet
  facet normal 0 0 1
    outer loop
      vertex -2.6069924036768226 74.65449477832645 10.15
      vertex 0 82.9 10.15
      vertex -2.8931682766373306 82.84949955988304 10.15
    endloop
  endfacet
  facet normal 0 0 1
    outer loop
      vertex 0 74.7 10.15
      vertex 1.0042403025740838 82.48247092031504 10.15
      vertex 0 82.9 10.15
    endloop
  endfacet
  facet normal 0 0 1
    outer loop
      vertex 0 74.7 10.15
      vertex 2.87920847795633 82.4497432290754 10.15
      vertex 1.0042403025740838 82.48247092031504 10.15
    endloop
  endfacet
  facet normal 0 0 1
    outer loop
      vertex 2.606992403676822 74.65449477832645 10.15
      vertex 5.754909083890338 82.2990341464355 10.15
      vertex 2.87920847795633 82.4497432290754 10.15
    endloop
  endfacet
  facet normal 0 0 1
    outer loop
      vertex 2.606992403676822 74.65449477832645 10.15
      vertex 5.21080858868616 74.51803455440887 10.15
      vertex 5.754909083890338 82.2990341464355 10.15
    endloop
  endfacet
  facet normal 0 0 1
    outer loop
      vertex 7.808276206093715 74.29078558401002 10.15
      vertex 10.396230641716889 73.9730247349953 10.15
      vertex 11.4817808292054 81.69711567117956 10.15
    endloop
  endfacet
  facet normal 0 0 1
    outer loop
      vertex 5.21080858868616 74.51803455440887 10.15
      vertex 7.808276206093715 74.29078558401002 10.15
      vertex 8.623598219581412 82.04805636788255 10.15
    endloop
  endfacet
  facet normal 0 0 1
    outer loop
      vertex 5.21080858868616 74.51803455440887 10.15
      vertex 8.623598219581412 82.04805636788255 10.15
      vertex 5.754909083890338 82.2990341464355 10.15
    endloop
  endfacet
  facet normal 0 0 1
    outer loop
      vertex 7.808276206093715 74.29078558401002 10.15
      vertex 11.4817808292054 81.69711567117956 10.15
      vertex 8.623598219581412 82.04805636788255 10.15
    endloop
  endfacet
  facet normal 0 0 1
    outer loop
      vertex 0 82.9 10.15
      vertex 1.0042403025740838 82.48247092031504 10.15
      vertex 2.8902128788443444 82.8495511465434 10.15
    endloop
  endfacet
  facet normal 0 0 1
    outer loop
      vertex 1.0042403025740838 82.48247092031504 10.15
      vertex 2.9037245337403124 82.75557552254247 10.15
      vertex 2.8902128788443444 82.8495511465434 10.15
    endloop
  endfacet
  facet normal 0 0 1
    outer loop
      vertex 10.396230641716889 73.9730247349953 10.15
      vertex 12.971518871719697 73.56513915001194 10.15
      vertex 14.325974657521753 81.24663962350716 10.15
    endloop
  endfacet
  facet normal 0 0 1
    outer loop
      vertex 12.971518871719697 73.56513915001194 10.15
      vertex 15.531003304086623 73.06762577481528 10.15
      vertex 17.152714492465147 80.69717706053896 10.15
    endloop
  endfacet
  facet normal 0 0 1
    outer loop
      vertex 10.396230641716889 73.9730247349953 10.15
      vertex 14.325974657521753 81.24663962350716 10.15
      vertex 11.4817808292054 81.69711567117956 10.15
    endloop
  endfacet
  facet normal 0 0 1
    outer loop
      vertex 12.971518871719697 73.56513915001194 10.15
      vertex 17.152714492465147 80.69717706053896 10.15
      vertex 14.325974657521753 81.24663962350716 10.15
    endloop
  endfacet
  facet normal 0 0 1
    outer loop
      vertex 15.531003304086623 73.06762577481528 10.15
      vertex 18.07156560129518 72.48109075281694 10.15
      vertex 19.95855638697259 80.04939741776971 10.15
    endloop
  endfacet
  facet normal 0 0 1
    outer loop
      vertex 15.531003304086623 73.06762577481528 10.15
      vertex 19.95855638697259 80.04939741776971 10.15
      vertex 17.152714492465147 80.69717706053896 10.15
    endloop
  endfacet
  facet normal 0 0 1
    outer loop
      vertex 18.07156560129518 72.48109075281694 10.15
      vertex 22.250164451553474 79.43536288749662 10.15
      vertex 19.95855638697259 80.04939741776971 10.15
    endloop
  endfacet
  facet normal 0 0 1
    outer loop
      vertex 18.07156560129518 72.48109075281694 10.15
      vertex 22.850336797229232 79.68859459328664 10.15
      vertex 22.250164451553474 79.43536288749662 10.15
    endloop
  endfacet
  facet normal 0 0 1
    outer loop
      vertex 20.52883659741406 80.22146697855725 10.15
      vertex 22.250164451553474 79.43536288749662 10.15
      vertex 22.850336797229232 79.68859459328664 10.15
    endloop
  endfacet
  facet normal 0 0 1
    outer loop
      vertex 20.52883659741406 80.22146697855725 10.15
      vertex 22.850336797229232 79.68859459328664 10.15
      vertex 20.565120016563753 80.300916584196 10.15
    endloop
  endfacet
  facet normal 0 0 1
    outer loop
      vertex 20.590110479529837 71.80624868659243 10.15
      vertex 25.61750883368314 78.84258520086823 10.15
      vertex 22.850336797229232 79.68859459328664 10.15
    endloop
  endfacet
  facet normal 0 0 1
    outer loop
      vertex 23.08356947980857 71.04392176724797 10.15
      vertex 28.353469881697936 77.90051826315181 10.15
      vertex 25.61750883368314 78.84258520086823 10.15
    endloop
  endfacet
  facet normal 0.017452406437283127 -0.9998476951563913 0
    outer loop
      vertex -2.8931682766373306 82.84949955988304 10.15
      vertex 0 82.9 10.15
      vertex -2.8931682766373306 82.84949955988304 17.75
    endloop
  endfacet
  facet normal -0.01745240643728423 -0.9998476951563913 0
    outer loop
      vertex 0 82.9 10.15
      vertex 2.8902128788443444 82.8495511465434 10.15
      vertex 0 82.9 17.75
    endloop
  endfacet
  facet normal 0.017452406437283127 -0.9998476951563913 -2.9983506680680776e-20
    outer loop
      vertex -2.8931682766373306 82.84949955988304 17.75
      vertex 0 82.9 10.15
      vertex 0 82.9 17.75
    endloop
  endfacet
  facet normal -0.017452406437289555 -0.9998476951563912 -2.02621192521071e-15
    outer loop
      vertex 2.8902128788443444 82.8495511465434 10.15
      vertex 0.5576460450706692 82.89026625207633 17.75
      vertex 0 82.9 17.75
    endloop
  endfacet
  facet normal 0 0 -1
    outer loop
      vertex -2.8931682766373306 82.84949955988304 17.75
      vertex 0 82.9 17.75
      vertex 0.6241357584993766 82.42782013742823 17.75
    endloop
  endfacet
  facet normal 0 0 -1
    outer loop
      vertex 0 82.9 17.75
      vertex 0.5576460450706692 82.89026625207633 17.75
      vertex 0.6241357584993766 82.42782013742823 17.75
    endloop
  endfacet
  facet normal -0.2588190451025207 -0.9659258262890684 -4.791133095283567e-16
    outer loop
      vertex 20.565120016563753 80.300916584196 10.15
      vertex 22.850336797229232 79.68859459328664 10.15
      vertex 22.82090932584973 79.69647966047806 17.75
    endloop
  endfacet
  facet normal -0.2923717047227391 -0.9563047559630349 0
    outer loop
      vertex 22.850336797229232 79.68859459328664 10.15
      vertex 25.61750883368314 78.84258520086823 10.15
      vertex 22.850336797229232 79.68859459328664 17.75
    endloop
  endfacet
  facet normal -0.3255681544571543 -0.9455185755993175 0
    outer loop
      vertex 25.61750883368314 78.84258520086823 10.15
      vertex 28.353469881697936 77.90051826315181 10.15
      vertex 25.61750883368314 78.84258520086823 17.75
    endloop
  endfacet
  facet normal -0.3583679495453007 -0.9335804264972016 0
    outer loop
      vertex 28.353469881697936 77.90051826315181 10.15
      vertex 31.05488659417911 76.86354154358668 10.15
      vertex 28.353469881697936 77.90051826315181 17.75
    endloop
  endfacet
  facet normal -0.390731128489274 -0.9205048534524403 0
    outer loop
      vertex 31.05488659417911 76.86354154358668 10.15
      vertex 33.71846771098384 75.73291843857162 10.15
      vertex 31.05488659417911 76.86354154358668 17.75
    endloop
  endfacet
  facet normal -0.3255681544571543 -0.9455185755993175 0
    outer loop
      vertex 28.353469881697936 77.90051826315181 10.15
      vertex 28.353469881697936 77.90051826315181 17.75
      vertex 25.61750883368314 78.84258520086823 17.75
    endloop
  endfacet
  facet normal -0.25881904510240417 -0.9659258262890995 0
    outer loop
      vertex 22.850336797229232 79.68859459328664 10.15
      vertex 22.850336797229232 79.68859459328664 17.75
      vertex 22.82090932584973 79.69647966047806 17.75
    endloop
  endfacet
  facet normal -0.2923717047227391 -0.9563047559630349 0
    outer loop
      vertex 25.61750883368314 78.84258520086823 10.15
      vertex 25.61750883368314 78.84258520086823 17.75
      vertex 22.850336797229232 79.68859459328664 17.75
    endloop
  endfacet
  facet normal 0 0 -1
    outer loop
      vertex 22.623746647321436 79.26475361528018 17.75
      vertex 22.82090932584973 79.69647966047806 17.75
      vertex 22.850336797229232 79.68859459328664 17.75
    endloop
  endfacet
  facet normal -0.3583679495453007 -0.9335804264972016 0
    outer loop
      vertex 31.05488659417911 76.86354154358668 10.15
      vertex 31.05488659417911 76.86354154358668 17.75
      vertex 28.353469881697936 77.90051826315181 17.75
    endloop
  endfacet
  facet normal -0.390731128489274 -0.9205048534524403 0
    outer loop
      vertex 33.71846771098384 75.73291843857162 10.15
      vertex 33.71846771098384 75.73291843857162 17.75
      vertex 31.05488659417911 76.86354154358668 17.75
    endloop
  endfacet
  facet normal 0 0 -1
    outer loop
      vertex 22.850336797229232 79.68859459328664 17.75
      vertex 25.61750883368314 78.84258520086823 17.75
      vertex 45.08890047198605 69.00526162750631 17.75
    endloop
  endfacet
  facet normal 0 0 -1
    outer loop
      vertex 22.623746647321436 79.26475361528018 17.75
      vertex 22.850336797229232 79.68859459328664 17.75
      vertex 45.08890047198605 69.00526162750631 17.75
    endloop
  endfacet
  facet normal 0 0 -1
    outer loop
      vertex 45.08890047198605 69.00526162750631 17.75
      vertex 25.61750883368314 78.84258520086823 17.75
      vertex 28.353469881697936 77.90051826315181 17.75
    endloop
  endfacet
  facet normal -0.4226182617406964 -0.9063077870366514 7.99474459605995e-18
    outer loop
      vertex 36.340968068814526 74.51002643820095 10.15
      vertex 33.71846771098384 75.73291843857162 17.75
      vertex 33.71846771098384 75.73291843857162 10.15
    endloop
  endfacet
  facet normal 0 0 1
    outer loop
      vertex 55.512918463161355 49.98405629500671 10.15
      vertex 57.22351990098766 48.01623444358449 10.15
      vertex 59.34553352793872 57.309315562867276 10.15
    endloop
  endfacet
  facet normal 0 0 1
    outer loop
      vertex 55.512918463161355 49.98405629500671 10.15
      vertex 59.34553352793872 57.309315562867276 10.15
      vertex 53.73468308529725 51.8909802732871 10.15
    endloop
  endfacet
  facet normal 0 0 1
    outer loop
      vertex 51.8909802732871 53.73468308529725 10.15
      vertex 53.73468308529725 51.8909802732871 10.15
      vertex 57.309315562867276 59.34553352793872 10.15
    endloop
  endfacet
  facet normal 0 0 1
    outer loop
      vertex 53.73468308529725 51.8909802732871 10.15
      vertex 59.34553352793872 57.309315562867276 10.15
      vertex 57.309315562867276 59.34553352793872 10.15
    endloop
  endfacet
  facet normal 0 0 1
    outer loop
      vertex 49.98405629500671 55.512918463161355 10.15
      vertex 51.8909802732871 53.73468308529725 10.15
      vertex 55.2032750246058 61.309448101885025 10.15
    endloop
  endfacet
  facet normal 0 0 1
    outer loop
      vertex 48.01623444358449 57.22351990098766 10.15
      vertex 49.98405629500671 55.512918463161355 10.15
      vertex 53.02997779913949 63.19866655731568 10.15
    endloop
  endfacet
  facet normal 0 0 1
    outer loop
      vertex 45.98991220682667 58.864403294422125 10.15
      vertex 48.01623444358449 57.22351990098766 10.15
      vertex 50.792071714366806 65.01088717255456 10.15
    endloop
  endfacet
  facet normal 0 0 1
    outer loop
      vertex 45.98991220682667 58.864403294422125 10.15
      vertex 50.792071714366806 65.01088717255456 10.15
      vertex 43.90755834624775 60.433569479808575 10.15
    endloop
  endfacet
  facet normal 0 0 1
    outer loop
      vertex 48.01623444358449 57.22351990098766 10.15
      vertex 53.02997779913949 63.19866655731568 10.15
      vertex 50.792071714366806 65.01088717255456 10.15
    endloop
  endfacet
  facet normal 0 0 1
    outer loop
      vertex 51.8909802732871 53.73468308529725 10.15
      vertex 57.309315562867276 59.34553352793872 10.15
      vertex 55.2032750246058 61.309448101885025 10.15
    endloop
  endfacet
  facet normal 0 0 1
    outer loop
      vertex 49.98405629500671 55.512918463161355 10.15
      vertex 55.2032750246058 61.309448101885025 10.15
      vertex 53.02997779913949 63.19866655731568 10.15
    endloop
  endfacet
  facet normal 0 0 1
    outer loop
      vertex 58.864403294422125 45.98991220682667 10.15
      vertex 61.66540000929741 54.793799195828534 10.15
      vertex 61.309448101885025 55.2032750246058 10.15
    endloop
  endfacet
  facet normal 0 0 1
    outer loop
      vertex 60.433569479808575 43.90755834624775 10.15
      vertex 63.50508433456328 53.28709284301411 10.15
      vertex 61.66540000929741 54.793799195828534 10.15
    endloop
  endfacet
  facet normal 0 0 1
    outer loop
      vertex 57.22351990098766 48.01623444358449 10.15
      vertex 61.309448101885025 55.2032750246058 10.15
      vertex 59.34553352793872 57.309315562867276 10.15
    endloop
  endfacet
  facet normal 0 0 1
    outer loop
      vertex 61.606706032075984 55.47092726714935 10.15
      vertex 60.710168649014385 56.432345904112026 10.15
      vertex 60.64095579726304 56.387865505172904 10.15
    endloop
  endfacet
  facet normal -0.7313537016191722 -0.6819983600624966 0
    outer loop
      vertex 61.606706032075984 55.47092726714935 10.15
      vertex 61.606706032075984 55.47092726714935 14.418555044157312
      vertex 60.710168649014385 56.432345904112026 10.15
    endloop
  endfacet
  facet normal 0 0 1
    outer loop
      vertex 61.66540000929741 54.793799195828534 10.15
      vertex 63.50508433456328 53.28709284301411 10.15
      vertex 60.64095579726304 56.387865505172904 10.15
    endloop
  endfacet
  facet normal 0 0 1
    outer loop
      vertex 61.606706032075984 55.47092726714935 10.15
      vertex 60.64095579726304 56.387865505172904 10.15
      vertex 63.50508433456328 53.28709284301411 10.15
    endloop
  endfacet
  facet normal 0 0 1
    outer loop
      vertex 43.90755834624775 60.433569479808575 10.15
      vertex 50.792071714366806 65.01088717255456 10.15
      vertex 48.49228331412903 66.74390203593316 10.15
    endloop
  endfacet
  facet normal 0 0 1
    outer loop
      vertex 45.44512941287428 68.84257732125226 10.15
      vertex 47.18381052189343 68.04854826422924 10.15
      vertex 47.218341708219654 68.12416101518136 10.15
    endloop
  endfacet
  facet normal -0.5735764363510507 -0.8191520442889886 0
    outer loop
      vertex 46.35709169772492 68.72721476481297 10.15
      vertex 47.218341708219654 68.12416101518136 10.15
      vertex 46.35709169772492 68.72721476481297 13.561995884405288
    endloop
  endfacet
  facet normal -0.7547095802227731 -0.6560590289905058 -1.5780484806323748e-17
    outer loop
      vertex 61.606706032075984 55.47092726714935 10.15
      vertex 63.50508433456328 53.28709284301411 10.15
      vertex 63.50508433456328 53.28709284301411 17.75
    endloop
  endfacet
  facet normal -0.7547095802227732 -0.6560590289905059 0
    outer loop
      vertex 61.606706032075984 55.47092726714935 10.15
      vertex 63.50508433456328 53.28709284301411 17.75
      vertex 61.606706032075984 55.47092726714935 14.418555044157312
    endloop
  endfacet
  facet normal -0.7771459614569689 -0.6293203910498396 8.63699262597836e-18
    outer loop
      vertex 63.50508433456328 53.28709284301411 10.15
      vertex 65.32609147399725 51.03833630449708 10.15
      vertex 65.32609147399725 51.03833630449708 17.75
    endloop
  endfacet
  facet normal -0.7771459614569689 -0.6293203910498396 0
    outer loop
      vertex 63.50508433456328 53.28709284301411 10.15
      vertex 65.32609147399725 51.03833630449708 17.75
      vertex 63.50508433456328 53.28709284301411 17.75
    endloop
  endfacet
  facet normal -0.7547095802227721 -0.6560590289905073 -1.6928063032562745e-15
    outer loop
      vertex 61.606706032075984 55.47092726714935 14.418555044157312
      vertex 63.50508433456328 53.28709284301411 17.75
      vertex 62.275980710660605 54.7010148211526 17.75
    endloop
  endfacet
  facet normal 0 0 -1
    outer loop
      vertex 61.88606798291835 54.450433126531394 17.75
      vertex 62.275980710660605 54.7010148211526 17.75
      vertex 63.50508433456328 53.28709284301411 17.75
    endloop
  endfacet
  facet normal -0.7986355100472922 -0.6018150231520492 6.79972686808847e-18
    outer loop
      vertex 67.06750883368315 48.72739741504603 17.75
      vertex 65.32609147399725 51.03833630449708 17.75
      vertex 65.32609147399725 51.03833630449708 10.15
    endloop
  endfacet
  facet normal 0 0 1
    outer loop
      vertex -81.95004781556585 2.8617587296050795 -17.75
      vertex -81.99375514471691 0.35776751955787517 -17.75
      vertex -75.73291843857162 0.3304492925202051 -17.75
    endloop
  endfacet
  facet normal 0 0 1
    outer loop
      vertex -81.95004781556585 2.8617587296050795 -17.75
      vertex -75.73291843857162 0.3304492925202051 -17.75
      vertex -81.80025212130559 5.720030847018275 -17.75
    endloop
  endfacet
  facet normal 0 0 1
    outer loop
      vertex -81.80025212130559 5.720030847018275 -17.75
      vertex -75.73291843857162 0.3304492925202051 -17.75
      vertex -81.55079542019841 8.571333987947584 -17.75
    endloop
  endfacet
  facet normal 0 0 1
    outer loop
      vertex -82.12907359495505 11.24546957941034 -17.75
      vertex -81.67764755906282 11.112918935670239 -17.75
      vertex -81.64056272471205 14.395433928588526 -17.75
    endloop
  endfacet
  facet normal 0 0 1
    outer loop
      vertex -82.12907359495505 11.24546957941034 -17.75
      vertex -81.64056272471205 14.395433928588526 -17.75
      vertex -82.09322289867619 11.537450069589426 -17.75
    endloop
  endfacet
  facet normal 0 0 1
    outer loop
      vertex -81.55079542019841 8.571333987947584 -17.75
      vertex -75.73291843857162 0.3304492925202051 -17.75
      vertex -81.20198163680877 11.412194278725366 -17.75
    endloop
  endfacet
  facet normal 0 0 1
    outer loop
      vertex -81.20198163680877 11.412194278725366 -17.75
      vertex -75.73291843857162 0.3304492925202051 -17.75
      vertex -80.89797486674689 13.33161748367498 -17.75
    endloop
  endfacet
  facet normal 0 0 1
    outer loop
      vertex -80.89797486674689 13.33161748367498 -17.75
      vertex -75.73291843857162 0.3304492925202051 -17.75
      vertex -80.43751570828012 20.055325145212457 -17.75
    endloop
  endfacet
  facet normal 0 0 1
    outer loop
      vertex -81.67764755906282 11.112918935670239 -17.75
      vertex -81.01600291799583 13.366273646431557 -17.75
      vertex -81.0884361008325 17.235879168792252 -17.75
    endloop
  endfacet
  facet normal 0 0 1
    outer loop
      vertex -81.67764755906282 11.112918935670239 -17.75
      vertex -81.0884361008325 17.235879168792252 -17.75
      vertex -81.64056272471205 14.395433928588526 -17.75
    endloop
  endfacet
  facet normal 0 0 1
    outer loop
      vertex -80.89797486674689 13.33161748367498 -17.75
      vertex -81.0884361008325 17.235879168792252 -17.75
      vertex -81.01600291799583 13.366273646431557 -17.75
    endloop
  endfacet
  facet normal 0 0 1
    outer loop
      vertex -80.43751570828012 20.055325145212457 -17.75
      vertex -75.73291843857162 0.3304492925202051 -17.75
      vertex -79.68859459328664 22.850336797229232 -17.75
    endloop
  endfacet
  facet normal 0 0 1
    outer loop
      vertex -80.89797486674689 13.33161748367498 -17.75
      vertex -80.43751570828012 20.055325145212457 -17.75
      vertex -81.0884361008325 17.235879168792252 -17.75
    endloop
  endfacet
  facet normal 0 0 1
    outer loop
      vertex -79.68859459328664 22.850336797229232 -17.75
      vertex -75.73291843857162 0.3304492925202051 -17.75
      vertex -78.84258520086823 25.61750883368314 -17.75
    endloop
  endfacet
  facet normal 0 0 1
    outer loop
      vertex -78.84258520086823 25.61750883368314 -17.75
      vertex -75.73291843857162 0.3304492925202051 -17.75
      vertex -77.90051826315181 28.353469881697936 -17.75
    endloop
  endfacet
  facet normal 0 0 1
    outer loop
      vertex -77.90051826315181 28.353469881697936 -17.75
      vertex -75.73291843857162 0.3304492925202051 -17.75
      vertex -76.86354154358668 31.05488659417911 -17.75
    endloop
  endfacet
  facet normal 0 0 1
    outer loop
      vertex -76.86354154358668 31.05488659417911 -17.75
      vertex -75.73291843857162 0.3304492925202051 -17.75
      vertex -75.73291843857162 33.71846771098384 -17.75
    endloop
  endfacet
  facet normal 0 0 1
    outer loop
      vertex -75.38135178116724 32.556133118721505 -17.75
      vertex -75.73291843857162 33.71846771098384 -17.75
      vertex -75.73291843857162 0.3304492925202051 -17.75
    endloop
  endfacet
  facet normal 0 0 1
    outer loop
      vertex -75.38135178116724 32.556133118721505 -17.75
      vertex -75.73291843857162 0.3304492925202051 -17.75
      vertex -68.77622414726052 0.30009479471080497 -17.75
    endloop
  endfacet
  facet normal 0 0 1
    outer loop
      vertex -67.98108094951343 45.853818084601244 -17.75
      vertex -68.77622414726052 0.30009479471080497 -17.75
      vertex -64.49508788822244 0.28141469526198715 -17.75
    endloop
  endfacet
  facet normal 0 0 1
    outer loop
      vertex -64.46070834273168 2.2510175373113124 -17.75
      vertex -64.6168817957512 50.48424097670398 -17.75
      vertex -64.49508788822244 0.28141469526198715 -17.75
    endloop
  endfacet
  facet normal 0 0 1
    outer loop
      vertex -75.38135178116724 32.556133118721505 -17.75
      vertex -68.77622414726052 0.30009479471080497 -17.75
      vertex -75.26342306141575 32.52150612232416 -17.75
    endloop
  endfacet
  facet normal 0 0 1
    outer loop
      vertex -75.26342306141575 32.52150612232416 -17.75
      vertex -68.77622414726052 0.30009479471080497 -17.75
      vertex -74.91072752669326 33.35240473221562 -17.75
    endloop
  endfacet
  facet normal 0 0 1
    outer loop
      vertex -74.91072752669326 33.35240473221562 -17.75
      vertex -68.77622414726052 0.30009479471080497 -17.75
      vertex -73.70111179653169 35.94643403670435 -17.75
    endloop
  endfacet
  facet normal 0 0 1
    outer loop
      vertex -73.70111179653169 35.94643403670435 -17.75
      vertex -68.77622414726052 0.30009479471080497 -17.75
      vertex -72.40170261443201 38.49666814844305 -17.75
    endloop
  endfacet
  facet normal 0 0 1
    outer loop
      vertex -64.46070834273168 2.2510175373113124 -17.75
      vertex -64.34288124175866 4.499292556496082 -17.75
      vertex -62.8156443357562 52.70858399429622 -17.75
    endloop
  endfacet
  facet normal 0 0 1
    outer loop
      vertex -64.34288124175866 4.499292556496082 -17.75
      vertex -64.14666225125363 6.742085880763649 -17.75
      vertex -62.8156443357562 52.70858399429622 -17.75
    endloop
  endfacet
  facet normal 0 0 1
    outer loop
      vertex -64.14666225125363 6.742085880763649 -17.75
      vertex -63.87229043383129 8.97666501192422 -17.75
      vertex -62.8156443357562 52.70858399429622 -17.75
    endloop
  endfacet
  facet normal 0 0 1
    outer loop
      vertex -63.87229043383129 8.97666501192422 -17.75
      vertex -63.520100069287416 11.200307459517006 -17.75
      vertex -62.8156443357562 52.70858399429622 -17.75
    endloop
  endfacet
  facet normal 0 0 -1
    outer loop
      vertex -82.4497432290754 2.87920847795633 -10.15
      vertex -82.2990341464355 5.754909083890338 -10.15
      vertex -82.49371706633104 0.35994902882347196 -10.15
    endloop
  endfacet
  facet normal 0 0 -1
    outer loop
      vertex -82.2990341464355 5.754909083890338 -10.15
      vertex -82.04805636788255 8.623598219581412 -10.15
      vertex -82.49371706633104 0.35994902882347196 -10.15
    endloop
  endfacet
  facet normal 0 0 -1
    outer loop
      vertex -81.78894844014904 10.733862945277757 -10.15
      vertex -74.69431108915064 0.3259174842801619 -10.15
      vertex -82.49371706633104 0.35994902882347196 -10.15
    endloop
  endfacet
  facet normal 0.9925461516413209 -0.12186934340515714 -4.061688191933179e-15
    outer loop
      vertex -82.12907359495505 11.24546957941034 -17.75
      vertex -82.09322289867619 11.537450069589426 -17.75
      vertex -82.41353262599286 8.928736686072352 -10.15
    endloop
  endfacet
  facet normal 0.9925461516413223 -0.12186934340514548 0
    outer loop
      vertex -82.09322289867619 11.537450069589426 -17.75
      vertex -82.09322289867619 11.537450069589426 -10.15
      vertex -82.41353262599286 8.928736686072352 -10.15
    endloop
  endfacet
  facet normal 0.9876883405951375 -0.15643446504023176 0
    outer loop
      vertex -82.09322289867619 11.537450069589426 -17.75
      vertex -81.64056272471205 14.395433928588526 -10.15
      vertex -82.09322289867619 11.537450069589426 -10.15
    endloop
  endfacet
  facet normal 0 0 -1
    outer loop
      vertex -82.04805636788255 8.623598219581412 -10.15
      vertex -81.78894844014904 10.733862945277757 -10.15
      vertex -82.49371706633104 0.35994902882347196 -10.15
    endloop
  endfacet
  facet normal 0 0 -1
    outer loop
      vertex -82.41353262599286 8.928736686072352 -10.15
      vertex -81.78894844014904 10.733862945277757 -10.15
      vertex -82.32648617481884 8.903177541891395 -10.15
    endloop
  endfacet
  facet normal 0 0 -1
    outer loop
      vertex -82.41353262599286 8.928736686072352 -10.15
      vertex -82.09322289867619 11.537450069589426 -10.15
      vertex -81.78894844014904 10.733862945277757 -10.15
    endloop
  endfacet
  facet normal 0 0 -1
    outer loop
      vertex -81.78894844014904 10.733862945277757 -10.15
      vertex -82.09322289867619 11.537450069589426 -10.15
      vertex -81.64056272471205 14.395433928588526 -10.15
    endloop
  endfacet
  facet normal 0 0 -1
    outer loop
      vertex -81.78894844014904 10.733862945277757 -10.15
      vertex -81.64056272471205 14.395433928588526 -10.15
      vertex -74.69431108915064 0.3259174842801619 -10.15
    endloop
  endfacet
  facet normal 0 0 -1
    outer loop
      vertex -81.64056272471205 14.395433928588526 -10.15
      vertex -81.0884361008325 17.235879168792252 -10.15
      vertex -74.69431108915064 0.3259174842801619 -10.15
    endloop
  endfacet
  facet normal 0 0 -1
    outer loop
      vertex -81.0884361008325 17.235879168792252 -10.15
      vertex -80.43751570828012 20.055325145212457 -10.15
      vertex -74.69431108915064 0.3259174842801619 -10.15
    endloop
  endfacet
  facet normal 0 0 -1
    outer loop
      vertex -74.65449477832645 2.6069924036768226 -10.15
      vertex -74.69431108915064 0.3259174842801619 -10.15
      vertex -75.73291843857162 33.71846771098384 -10.15
    endloop
  endfacet
  facet normal 0.9876883405951375 -0.15643446504023176 4.849626574771415e-18
    outer loop
      vertex -82.09322289867619 11.537450069589426 -17.75
      vertex -81.64056272471205 14.395433928588526 -17.75
      vertex -81.64056272471205 14.395433928588526 -10.15
    endloop
  endfacet
  facet normal 0.9816271834476642 -0.19080899537654405 0
    outer loop
      vertex -81.64056272471205 14.395433928588526 -17.75
      vertex -81.0884361008325 17.235879168792252 -10.15
      vertex -81.64056272471205 14.395433928588526 -10.15
    endloop
  endfacet
  facet normal 0.9816271834476642 -0.19080899537654405 1.4648556462281723e-18
    outer loop
      vertex -81.64056272471205 14.395433928588526 -17.75
      vertex -81.0884361008325 17.235879168792252 -17.75
      vertex -81.0884361008325 17.235879168792252 -10.15
    endloop
  endfacet
  facet normal 0.9743700647852354 -0.2249510543438648 0
    outer loop
      vertex -81.0884361008325 17.235879168792252 -17.75
      vertex -80.43751570828012 20.055325145212457 -10.15
      vertex -81.0884361008325 17.235879168792252 -10.15
    endloop
  endfacet
  facet normal 0 0 -1
    outer loop
      vertex -80.43751570828012 20.055325145212457 -10.15
      vertex -79.68859459328664 22.850336797229232 -10.15
      vertex -74.69431108915064 0.3259174842801619 -10.15
    endloop
  endfacet
  facet normal 0 0 -1
    outer loop
      vertex -79.68859459328664 22.850336797229232 -10.15
      vertex -78.84258520086823 25.61750883368314 -10.15
      vertex -74.69431108915064 0.3259174842801619 -10.15
    endloop
  endfacet
  facet normal 0 0 -1
    outer loop
      vertex -78.84258520086823 25.61750883368314 -10.15
      vertex -77.90051826315181 28.353469881697936 -10.15
      vertex -74.69431108915064 0.3259174842801619 -10.15
    endloop
  endfacet
  facet normal 0.9743700647852354 -0.2249510543438648 3.647835009909217e-18
    outer loop
      vertex -81.0884361008325 17.235879168792252 -17.75
      vertex -80.43751570828012 20.055325145212457 -17.75
      vertex -80.43751570828012 20.055325145212457 -10.15
    endloop
  endfacet
  facet normal 0.9659258262890678 -0.2588190451025226 5.859141138967711e-19
    outer loop
      vertex -80.43751570828012 20.055325145212457 -17.75
      vertex -79.68859459328664 22.850336797229232 -17.75
      vertex -79.68859459328664 22.850336797229232 -10.15
    endloop
  endfacet
  facet normal 0.9659258262890678 -0.2588190451025226 0
    outer loop
      vertex -80.43751570828012 20.055325145212457 -17.75
      vertex -79.68859459328664 22.850336797229232 -10.15
      vertex -80.43751570828012 20.055325145212457 -10.15
    endloop
  endfacet
  facet normal 0.9563047559630349 -0.2923717047227391 6.178162064902979e-18
    outer loop
      vertex -79.68859459328664 22.850336797229232 -17.75
      vertex -78.84258520086823 25.61750883368314 -17.75
      vertex -78.84258520086823 25.61750883368314 -10.15
    endloop
  endfacet
  facet normal 0.9563047559630349 -0.2923717047227391 0
    outer loop
      vertex -79.68859459328664 22.850336797229232 -17.75
      vertex -78.84258520086823 25.61750883368314 -10.15
      vertex -79.68859459328664 22.850336797229232 -10.15
    endloop
  endfacet
  facet normal 0 0 -1
    outer loop
      vertex -77.90051826315181 28.353469881697936 -10.15
      vertex -76.86354154358668 31.05488659417911 -10.15
      vertex -74.69431108915064 0.3259174842801619 -10.15
    endloop
  endfacet
  facet normal 0 0 -1
    outer loop
      vertex -76.86354154358668 31.05488659417911 -10.15
      vertex -75.73291843857162 33.71846771098384 -10.15
      vertex -74.69431108915064 0.3259174842801619 -10.15
    endloop
  endfacet
  facet normal 0 0 -1
    outer loop
      vertex -74.65449477832645 2.6069924036768226 -10.15
      vertex -75.73291843857162 33.71846771098384 -10.15
      vertex -74.51803455440887 5.21080858868616 -10.15
    endloop
  endfacet
  facet normal 0 0 -1
    outer loop
      vertex -74.51803455440887 5.21080858868616 -10.15
      vertex -75.73291843857162 33.71846771098384 -10.15
      vertex -74.29078558401002 7.808276206093715 -10.15
    endloop
  endfacet
  facet normal 0 0 -1
    outer loop
      vertex -74.61228234020388 35.17534309963012 -10.15
      vertex -73.9730247349953 10.396230641716889 -10.15
      vertex -74.29078558401002 7.808276206093715 -10.15
    endloop
  endfacet
  facet normal 0 0 -1
    outer loop
      vertex -74.61228234020388 35.17534309963012 -10.15
      vertex -73.56513915001194 12.971518871719697 -10.15
      vertex -73.9730247349953 10.396230641716889 -10.15
    endloop
  endfacet
  facet normal 0 0 -1
    outer loop
      vertex -74.61228234020388 35.17534309963012 -10.15
      vertex -73.06762577481528 15.531003304086623 -10.15
      vertex -73.56513915001194 12.971518871719697 -10.15
    endloop
  endfacet
  facet normal 0 0 -1
    outer loop
      vertex -73.06762577481528 15.531003304086623 -10.15
      vertex -74.15050881968128 36.165619610098894 -10.15
      vertex -72.48109075281694 18.07156560129518 -10.15
    endloop
  endfacet
  facet normal 0 0 -1
    outer loop
      vertex -72.48109075281694 18.07156560129518 -10.15
      vertex -74.15050881968128 36.165619610098894 -10.15
      vertex -71.80624868659243 20.590110479529837 -10.15
    endloop
  endfacet
  facet normal 0 0 1
    outer loop
      vertex -75.38135178116724 32.556133118721505 -17.75
      vertex -75.16341482116658 34.93977215976415 -17.75
      vertex -75.73291843857162 33.71846771098384 -17.75
    endloop
  endfacet
  facet normal 0 0 1
    outer loop
      vertex -75.38135178116724 32.556133118721505 -17.75
      vertex -74.71970714010024 34.80948782948283 -17.75
      vertex -75.16341482116658 34.93977215976415 -17.75
    endloop
  endfacet
  facet normal 0.9063077870366493 -0.42261826174070083 2.833605094629138e-15
    outer loop
      vertex -75.73291843857162 33.71846771098384 -17.75
      vertex -75.16341482116658 34.93977215976415 -17.75
      vertex -74.51002643820095 36.340968068814526 -12.705889249855804
    endloop
  endfacet
  facet normal 0 0 1
    outer loop
      vertex -72.40170261443201 38.49666814844305 -17.75
      vertex -68.77622414726052 0.30009479471080497 -17.75
      vertex -71.01408311032397 41 -17.75
    endloop
  endfacet
  facet normal 0 0 1
    outer loop
      vertex -71.01408311032397 41 -17.75
      vertex -68.77622414726052 0.30009479471080497 -17.75
      vertex -69.53994388482693 43.4533796671228 -17.75
    endloop
  endfacet
  facet normal 0 0 1
    outer loop
      vertex -63.520100069287416 11.200307459517006 -17.75
      vertex -63.09052024733047 13.410304057745478 -17.75
      vertex -62.8156443357562 52.70858399429622 -17.75
    endloop
  endfacet
  facet normal 0 0 1
    outer loop
      vertex -69.53994388482693 43.4533796671228 -17.75
      vertex -68.77622414726052 0.30009479471080497 -17.75
      vertex -67.98108094951343 45.853818084601244 -17.75
    endloop
  endfacet
  facet normal 0 0 1
    outer loop
      vertex -67.98108094951343 45.853818084601244 -17.75
      vertex -64.49508788822244 0.28141469526198715 -17.75
      vertex -66.3393935387457 48.198390687982794 -17.75
    endloop
  endfacet
  facet normal 0 0 1
    outer loop
      vertex -66.3393935387457 48.198390687982794 -17.75
      vertex -64.49508788822244 0.28141469526198715 -17.75
      vertex -64.6168817957512 50.48424097670398 -17.75
    endloop
  endfacet
  facet normal 0 0 1
    outer loop
      vertex -64.46070834273168 2.2510175373113124 -17.75
      vertex -62.8156443357562 52.70858399429622 -17.75
      vertex -64.6168817957512 50.48424097670398 -17.75
    endloop
  endfacet
  facet normal 0 0 1
    outer loop
      vertex -63.09052024733047 13.410304057745478 -17.75
      vertex -62.58407434480177 15.603962266178568 -17.75
      vertex -62.8156443357562 52.70858399429622 -17.75
    endloop
  endfacet
  facet normal 0 0 1
    outer loop
      vertex -62.58407434480177 15.603962266178568 -17.75
      vertex -62.00137938802157 17.778609450196445 -17.75
      vertex -60.93787568914633 54.86870972142638 -17.75
    endloop
  endfacet
  facet normal 0 0 1
    outer loop
      vertex -62.00137938802157 17.778609450196445 -17.75
      vertex -61.3431453010374 19.93159613718411 -17.75
      vertex -60.93787568914633 54.86870972142638 -17.75
    endloop
  endfacet
  facet normal 0 0 1
    outer loop
      vertex -61.3431453010374 19.93159613718411 -17.75
      vertex -60.61017404069109 22.060299244505632 -17.75
      vertex -60.93787568914633 54.86870972142638 -17.75
    endloop
  endfacet
  facet normal 0 0 1
    outer loop
      vertex -60.61017404069109 22.060299244505632 -17.75
      vertex -59.80335861955779 24.162125275326325 -17.75
      vertex -59.63326944807419 57.58717891105088 -17.75
    endloop
  endfacet
  facet normal 0 0 1
    outer loop
      vertex -59.80335861955779 24.162125275326325 -17.75
      vertex -58.923682017947755 26.234513478389115 -17.75
      vertex -59.63326944807419 57.58717891105088 -17.75
    endloop
  endfacet
  facet normal 0 0 1
    outer loop
      vertex -58.923682017947755 26.234513478389115 -17.75
      vertex -57.97221598629628 28.274938967895498 -17.75
      vertex -57.58717891105088 59.63326944807419 -17.75
    endloop
  endfacet
  facet normal 0 0 1
    outer loop
      vertex -57.97221598629628 28.274938967895498 -17.75
      vertex -56.95011973940079 30.280915799689957 -17.75
      vertex -57.58717891105088 59.63326944807419 -17.75
    endloop
  endfacet
  facet normal 0 0 1
    outer loop
      vertex -62.58407434480177 15.603962266178568 -17.75
      vertex -60.93787568914633 54.86870972142638 -17.75
      vertex -62.8156443357562 52.70858399429622 -17.75
    endloop
  endfacet
  facet normal 0 0 1
    outer loop
      vertex -60.61017404069109 22.060299244505632 -17.75
      vertex -60.853918247674116 54.95874305463491 -17.75
      vertex -60.93787568914633 54.86870972142638 -17.75
    endloop
  endfacet
  facet normal 0 0 1
    outer loop
      vertex -56.95011973940079 30.280915799689957 -17.75
      vertex -55.85863854409629 32.25 -17.75
      vertex -55.47092726714935 61.606706032075984 -17.75
    endloop
  endfacet
  facet normal 0 0 1
    outer loop
      vertex -55.85863854409629 32.25 -17.75
      vertex -54.69910220208948 34.179792543041714 -17.75
      vertex -55.47092726714935 61.606706032075984 -17.75
    endloop
  endfacet
  facet normal 0 0 1
    outer loop
      vertex -60.61017404069109 22.060299244505632 -17.75
      vertex -59.63326944807419 57.58717891105088 -17.75
      vertex -60.853918247674116 54.95874305463491 -17.75
    endloop
  endfacet
  facet normal 0 0 1
    outer loop
      vertex -58.923682017947755 26.234513478389115 -17.75
      vertex -57.58717891105088 59.63326944807419 -17.75
      vertex -59.63326944807419 57.58717891105088 -17.75
    endloop
  endfacet
  facet normal 0 0 1
    outer loop
      vertex -54.69910220208948 34.179792543041714 -17.75
      vertex -53.47292342980019 36.067942273863174 -17.75
      vertex -53.28709284301411 63.50508433456328 -17.75
    endloop
  endfacet
  facet normal 0 0 1
    outer loop
      vertex -53.47292342980019 36.067942273863174 -17.75
      vertex -52.18159613718411 37.91214877286452 -17.75
      vertex -53.28709284301411 63.50508433456328 -17.75
    endloop
  endfacet
  facet normal 0 0 1
    outer loop
      vertex -52.18159613718411 37.91214877286452 -17.75
      vertex -50.826693607633565 39.71016515850496 -17.75
      vertex -51.03833630449708 65.32609147399725 -17.75
    endloop
  endfacet
  facet normal 0.9455185755993175 -0.3255681544571543 -3.793669103404918e-18
    outer loop
      vertex -78.84258520086823 25.61750883368314 -17.75
      vertex -77.90051826315181 28.353469881697936 -17.75
      vertex -77.90051826315181 28.353469881697936 -10.15
    endloop
  endfacet
  facet normal 0.9455185755993175 -0.3255681544571543 0
    outer loop
      vertex -78.84258520086823 25.61750883368314 -17.75
      vertex -77.90051826315181 28.353469881697936 -10.15
      vertex -78.84258520086823 25.61750883368314 -10.15
    endloop
  endfacet
  facet normal 0.9335804264972016 -0.3583679495453007 -1.398504634971009e-18
    outer loop
      vertex -77.90051826315181 28.353469881697936 -17.75
      vertex -76.86354154358668 31.05488659417911 -17.75
      vertex -76.86354154358668 31.05488659417911 -10.15
    endloop
  endfacet
  facet normal 0.9335804264972016 -0.3583679495453007 0
    outer loop
      vertex -77.90051826315181 28.353469881697936 -17.75
      vertex -76.86354154358668 31.05488659417911 -10.15
      vertex -77.90051826315181 28.353469881697936 -10.15
    endloop
  endfacet
  facet normal 0.9205048534524403 -0.390731128489274 -3.2179061927633208e-18
    outer loop
      vertex -76.86354154358668 31.05488659417911 -17.75
      vertex -75.73291843857162 33.71846771098384 -17.75
      vertex -75.73291843857162 33.71846771098384 -10.15
    endloop
  endfacet
  facet normal 0.9205048534524403 -0.390731128489274 0
    outer loop
      vertex -76.86354154358668 31.05488659417911 -17.75
      vertex -75.73291843857162 33.71846771098384 -10.15
      vertex -76.86354154358668 31.05488659417911 -10.15
    endloop
  endfacet
  facet normal 0.9063077870366514 -0.4226182617406964 0
    outer loop
      vertex -75.73291843857162 33.71846771098384 -17.75
      vertex -74.51002643820095 36.340968068814526 -10.15
      vertex -75.73291843857162 33.71846771098384 -10.15
    endloop
  endfacet
  facet normal 0 0 -1
    outer loop
      vertex -75.73291843857162 33.71846771098384 -10.15
      vertex -74.61228234020388 35.17534309963012 -10.15
      vertex -74.29078558401002 7.808276206093715 -10.15
    endloop
  endfacet
  facet normal 0 0 -1
    outer loop
      vertex -71.80624868659243 20.590110479529837 -10.15
      vertex -74.15050881968128 36.165619610098894 -10.15
      vertex -71.04392176724797 23.08356947980857 -10.15
    endloop
  endfacet
  facet normal 0 0 -1
    outer loop
      vertex -74.61228234020388 35.17534309963012 -10.15
      vertex -74.15050881968128 36.165619610098894 -10.15
      vertex -73.06762577481528 15.531003304086623 -10.15
    endloop
  endfacet
  facet normal 0 0 -1
    outer loop
      vertex -71.04392176724797 23.08356947980857 -10.15
      vertex -72.84317641086147 38.73140392983599 -10.15
      vertex -70.19503877270736 25.548904706427454 -10.15
    endloop
  endfacet
  facet normal 0.9063077870366513 -0.4226182617406965 -2.3772571105529528e-17
    outer loop
      vertex -75.73291843857162 33.71846771098384 -17.75
      vertex -74.51002643820095 36.340968068814526 -12.705889249855804
      vertex -74.51002643820095 36.340968068814526 -10.15
    endloop
  endfacet
  facet normal 0 0 -1
    outer loop
      vertex -71.04392176724797 23.08356947980857 -10.15
      vertex -74.15050881968128 36.165619610098894 -10.15
      vertex -72.84317641086147 38.73140392983599 -10.15
    endloop
  endfacet
  facet normal 0 0 -1
    outer loop
      vertex -70.19503877270736 25.548904706427454 -10.15
      vertex -71.44709581221619 41.25 -10.15
      vertex -69.26063393613903 27.98311252816863 -10.15
    endloop
  endfacet
  facet normal 0 0 -1
    outer loop
      vertex -69.26063393613903 27.98311252816863 -10.15
      vertex -71.44709581221619 41.25 -10.15
      vertex -68.24184568590229 30.383227237762277 -10.15
    endloop
  endfacet
  facet normal 0.8910065241883726 -0.45399049973953753 0
    outer loop
      vertex -74.51002643820095 36.340968068814526 -12.705889249855804
      vertex -74.15225836991031 37.043127438176036 -10.15
      vertex -74.51002643820095 36.340968068814526 -10.15
    endloop
  endfacet
  facet normal 0 0 -1
    outer loop
      vertex -75.73291843857162 33.71846771098384 -10.15
      vertex -74.07086852434422 37.01922922326167 -10.15
      vertex -74.61228234020388 35.17534309963012 -10.15
    endloop
  endfacet
  facet normal 0 0 -1
    outer loop
      vertex -75.73291843857162 33.71846771098384 -10.15
      vertex -74.51002643820095 36.340968068814526 -10.15
      vertex -74.07086852434422 37.01922922326167 -10.15
    endloop
  endfacet
  facet normal 0 0 -1
    outer loop
      vertex -74.51002643820095 36.340968068814526 -10.15
      vertex -74.15225836991031 37.043127438176036 -10.15
      vertex -74.07086852434422 37.01922922326167 -10.15
    endloop
  endfacet
  facet normal 0 0 -1
    outer loop
      vertex -70.19503877270736 25.548904706427454 -10.15
      vertex -72.84317641086147 38.73140392983599 -10.15
      vertex -71.44709581221619 41.25 -10.15
    endloop
  endfacet
  facet normal 0 0 -1
    outer loop
      vertex -68.24184568590229 30.383227237762277 -10.15
      vertex -69.96396793290513 43.7183392992394 -10.15
      vertex -67.13991525854777 32.74632466514409 -10.15
    endloop
  endfacet
  facet normal 0 0 -1
    outer loop
      vertex -67.13991525854777 32.74632466514409 -10.15
      vertex -69.96396793290513 43.7183392992394 -10.15
      vertex -65.95618518656185 35.069525740106045 -10.15
    endloop
  endfacet
  facet normal 0 0 -1
    outer loop
      vertex -68.24184568590229 30.383227237762277 -10.15
      vertex -71.44709581221619 41.25 -10.15
      vertex -69.96396793290513 43.7183392992394 -10.15
    endloop
  endfacet
  facet normal 0 0 -1
    outer loop
      vertex -65.95618518656185 35.069525740106045 -10.15
      vertex -68.39559973579094 46.133414536336616 -10.15
      vertex -64.69209766269756 37.35 -10.15
    endloop
  endfacet
  facet normal 0 0 -1
    outer loop
      vertex -65.95618518656185 35.069525740106045 -10.15
      vertex -69.96396793290513 43.7183392992394 -10.15
      vertex -68.39559973579094 46.133414536336616 -10.15
    endloop
  endfacet
  facet normal 0 0 -1
    outer loop
      vertex -64.69209766269756 37.35 -10.15
      vertex -66.74390203593316 48.49228331412903 -10.15
      vertex -63.34919278288502 39.58496903822041 -10.15
    endloop
  endfacet
  facet normal 0 0 -1
    outer loop
      vertex -64.69209766269756 37.35 -10.15
      vertex -68.39559973579094 46.133414536336616 -10.15
      vertex -66.74390203593316 48.49228331412903 -10.15
    endloop
  endfacet
  facet normal 0 0 -1
    outer loop
      vertex -63.34919278288502 39.58496903822041 -10.15
      vertex -65.01088717255456 50.792071714366806 -10.15
      vertex -61.92910666986162 41.7717098892648 -10.15
    endloop
  endfacet
  facet normal 0 0 -1
    outer loop
      vertex -63.34919278288502 39.58496903822041 -10.15
      vertex -66.74390203593316 48.49228331412903 -10.15
      vertex -65.01088717255456 50.792071714366806 -10.15
    endloop
  endfacet
  facet normal 0 0 -1
    outer loop
      vertex -60.433569479808575 43.90755834624775 -10.15
      vertex -65.01088717255456 50.792071714366806 -10.15
      vertex -63.19866655731568 53.02997779913949 -10.15
    endloop
  endfacet
  facet normal 0 0 -1
    outer loop
      vertex -61.92910666986162 41.7717098892648 -10.15
      vertex -65.01088717255456 50.792071714366806 -10.15
      vertex -60.433569479808575 43.90755834624775 -10.15
    endloop
  endfacet
  facet normal 0 0 -1
    outer loop
      vertex -60.433569479808575 43.90755834624775 -10.15
      vertex -61.606706032075984 55.47092726714935 -10.15
      vertex -58.864403294422125 45.98991220682667 -10.15
    endloop
  endfacet
  facet normal 0 0 -1
    outer loop
      vertex -60.433569479808575 43.90755834624775 -10.15
      vertex -63.19866655731568 53.02997779913949 -10.15
      vertex -63.02949797986478 53.22458398613353 -10.15
    endloop
  endfacet
  facet normal 0 0 1
    outer loop
      vertex -50.826693607633565 39.71016515850496 -17.75
      vertex -49.40986658117408 41.45980082478178 -17.75
      vertex -51.03833630449708 65.32609147399725 -17.75
    endloop
  endfacet
  facet normal 0 0 1
    outer loop
      vertex -63.008205081706286 53.85868703770438 -17.75
      vertex -62.703511984703155 53.507052458881034 -17.75
      vertex -61.606706032075984 55.47092726714935 -17.75
    endloop
  endfacet
  facet normal 0 0 1
    outer loop
      vertex -62.703511984703155 53.507052458881034 -17.75
      vertex -60.92864556008331 55.044982970419206 -17.75
      vertex -61.606706032075984 55.47092726714935 -17.75
    endloop
  endfacet
  facet normal 0 0 1
    outer loop
      vertex -61.606706032075984 55.47092726714935 -17.75
      vertex -60.92864556008331 55.044982970419206 -17.75
      vertex -59.63326944807419 57.58717891105088 -17.75
    endloop
  endfacet
  facet normal 0 0 1
    outer loop
      vertex -60.92864556008331 55.044982970419206 -17.75
      vertex -60.853918247674116 54.95874305463491 -17.75
      vertex -59.63326944807419 57.58717891105088 -17.75
    endloop
  endfacet
  facet normal 0.7547095802227722 -0.6560590289905069 -1.7488068766349514e-15
    outer loop
      vertex -63.008205081706286 53.85868703770438 -17.75
      vertex -61.606706032075984 55.47092726714935 -17.75
      vertex -63.50508433456328 53.28709284301411 -15.275558103570633
    endloop
  endfacet
  facet normal 0 0 1
    outer loop
      vertex -56.95011973940079 30.280915799689957 -17.75
      vertex -55.47092726714935 61.606706032075984 -17.75
      vertex -57.58717891105088 59.63326944807419 -17.75
    endloop
  endfacet
  facet normal 0 0 1
    outer loop
      vertex -54.69910220208948 34.179792543041714 -17.75
      vertex -53.28709284301411 63.50508433456328 -17.75
      vertex -55.47092726714935 61.606706032075984 -17.75
    endloop
  endfacet
  facet normal 0 0 1
    outer loop
      vertex -52.18159613718411 37.91214877286452 -17.75
      vertex -51.03833630449708 65.32609147399725 -17.75
      vertex -53.28709284301411 63.50508433456328 -17.75
    endloop
  endfacet
  facet normal 0.7771459614569707 -0.6293203910498374 0
    outer loop
      vertex -63.50508433456328 53.28709284301411 -15.275558103570633
      vertex -63.50508433456328 53.28709284301411 -10.15
      vertex -64.49790231317245 52.06106474427277 -10.15
    endloop
  endfacet
  facet normal 0 0 -1
    outer loop
      vertex -64.44402615594326 51.99888834434038 -10.15
      vertex -64.49790231317245 52.06106474427277 -10.15
      vertex -63.02949797986478 53.22458398613353 -10.15
    endloop
  endfacet
  facet normal 0 0 -1
    outer loop
      vertex -64.49790231317245 52.06106474427277 -10.15
      vertex -63.50508433456328 53.28709284301411 -10.15
      vertex -63.02949797986478 53.22458398613353 -10.15
    endloop
  endfacet
  facet normal 0.7547095802227732 -0.6560590289905058 0
    outer loop
      vertex -63.50508433456328 53.28709284301411 -15.275558103570633
      vertex -61.606706032075984 55.47092726714935 -10.15
      vertex -63.50508433456328 53.28709284301411 -10.15
    endloop
  endfacet
  facet normal 0.7547095802227731 -0.6560590289905058 0
    outer loop
      vertex -61.606706032075984 55.47092726714935 -17.75
      vertex -61.606706032075984 55.47092726714935 -10.15
      vertex -63.50508433456328 53.28709284301411 -15.275558103570633
    endloop
  endfacet
  facet normal 0.7313537016191713 -0.6819983600624974 0
    outer loop
      vertex -61.606706032075984 55.47092726714935 -17.75
      vertex -59.63326944807419 57.58717891105088 -10.15
      vertex -61.606706032075984 55.47092726714935 -10.15
    endloop
  endfacet
  facet normal 0 0 -1
    outer loop
      vertex -60.433569479808575 43.90755834624775 -10.15
      vertex -63.02949797986478 53.22458398613353 -10.15
      vertex -61.606706032075984 55.47092726714935 -10.15
    endloop
  endfacet
  facet normal 0 0 -1
    outer loop
      vertex -58.864403294422125 45.98991220682667 -10.15
      vertex -61.606706032075984 55.47092726714935 -10.15
      vertex -59.63326944807419 57.58717891105088 -10.15
    endloop
  endfacet
  facet normal 0 0 -1
    outer loop
      vertex -58.864403294422125 45.98991220682667 -10.15
      vertex -59.63326944807419 57.58717891105088 -10.15
      vertex -57.22351990098766 48.01623444358449 -10.15
    endloop
  endfacet
  facet normal 0 0 -1
    outer loop
      vertex -63.50508433456328 53.28709284301411 -10.15
      vertex -61.606706032075984 55.47092726714935 -10.15
      vertex -63.02949797986478 53.22458398613353 -10.15
    endloop
  endfacet
  facet normal 0 0 -1
    outer loop
      vertex -57.22351990098766 48.01623444358449 -10.15
      vertex -59.63326944807419 57.58717891105088 -10.15
      vertex -57.58717891105088 59.63326944807419 -10.15
    endloop
  endfacet
  facet normal 0 0 -1
    outer loop
      vertex -57.22351990098766 48.01623444358449 -10.15
      vertex -57.58717891105088 59.63326944807419 -10.15
      vertex -55.512918463161355 49.98405629500671 -10.15
    endloop
  endfacet
  facet normal 0 0 -1
    outer loop
      vertex -55.512918463161355 49.98405629500671 -10.15
      vertex -57.58717891105088 59.63326944807419 -10.15
      vertex -53.73468308529725 51.8909802732871 -10.15
    endloop
  endfacet
  facet normal 0 0 -1
    outer loop
      vertex -53.73468308529725 51.8909802732871 -10.15
      vertex -55.47092726714935 61.606706032075984 -10.15
      vertex -51.8909802732871 53.73468308529725 -10.15
    endloop
  endfacet
  facet normal 0.7313537016191713 -0.6819983600624974 -8.796100565752684e-18
    outer loop
      vertex -61.606706032075984 55.47092726714935 -17.75
      vertex -59.63326944807419 57.58717891105088 -17.75
      vertex -59.63326944807419 57.58717891105088 -10.15
    endloop
  endfacet
  facet normal 0.7071067811865475 -0.7071067811865475 1.5712448061724e-17
    outer loop
      vertex -59.63326944807419 57.58717891105088 -17.75
      vertex -57.58717891105088 59.63326944807419 -17.75
      vertex -57.58717891105088 59.63326944807419 -10.15
    endloop
  endfacet
  facet normal 0.7071067811865475 -0.7071067811865475 0
    outer loop
      vertex -59.63326944807419 57.58717891105088 -17.75
      vertex -57.58717891105088 59.63326944807419 -10.15
      vertex -59.63326944807419 57.58717891105088 -10.15
    endloop
  endfacet
  facet normal 0.6819983600624974 -0.7313537016191713 0
    outer loop
      vertex -57.58717891105088 59.63326944807419 -17.75
      vertex -55.47092726714935 61.606706032075984 -17.75
      vertex -57.58717891105088 59.63326944807419 -10.15
    endloop
  endfacet
  facet normal 0.6560590289905058 -0.7547095802227731 0
    outer loop
      vertex -55.47092726714935 61.606706032075984 -17.75
      vertex -53.28709284301411 63.50508433456328 -17.75
      vertex -55.47092726714935 61.606706032075984 -10.15
    endloop
  endfacet
  facet normal 0.6819983600624974 -0.7313537016191713 0
    outer loop
      vertex -55.47092726714935 61.606706032075984 -17.75
      vertex -55.47092726714935 61.606706032075984 -10.15
      vertex -57.58717891105088 59.63326944807419 -10.15
    endloop
  endfacet
  facet normal 0 0 -1
    outer loop
      vertex -57.58717891105088 59.63326944807419 -10.15
      vertex -55.47092726714935 61.606706032075984 -10.15
      vertex -53.73468308529725 51.8909802732871 -10.15
    endloop
  endfacet
  facet normal 0 0 -1
    outer loop
      vertex -51.8909802732871 53.73468308529725 -10.15
      vertex -53.28709284301411 63.50508433456328 -10.15
      vertex -49.98405629500671 55.512918463161355 -10.15
    endloop
  endfacet
  facet normal 0 0 -1
    outer loop
      vertex -51.8909802732871 53.73468308529725 -10.15
      vertex -55.47092726714935 61.606706032075984 -10.15
      vertex -53.28709284301411 63.50508433456328 -10.15
    endloop
  endfacet
  facet normal 0 0 -1
    outer loop
      vertex -49.98405629500671 55.512918463161355 -10.15
      vertex -53.28709284301411 63.50508433456328 -10.15
      vertex -51.03833630449708 65.32609147399725 -10.15
    endloop
  endfacet
  facet normal 0.6293203910498396 -0.7771459614569689 0
    outer loop
      vertex -53.28709284301411 63.50508433456328 -17.75
      vertex -51.03833630449708 65.32609147399725 -17.75
      vertex -53.28709284301411 63.50508433456328 -10.15
    endloop
  endfacet
  facet normal 0.6560590289905058 -0.7547095802227731 0
    outer loop
      vertex -53.28709284301411 63.50508433456328 -17.75
      vertex -53.28709284301411 63.50508433456328 -10.15
      vertex -55.47092726714935 61.606706032075984 -10.15
    endloop
  endfacet
  facet normal 0.6293203910498396 -0.7771459614569689 0
    outer loop
      vertex -51.03833630449708 65.32609147399725 -17.75
      vertex -51.03833630449708 65.32609147399725 -10.15
      vertex -53.28709284301411 63.50508433456328 -10.15
    endloop
  endfacet
  facet normal 0 0 1
    outer loop
      vertex -49.40986658117408 41.45980082478178 -17.75
      vertex -47.93284124329193 43.15892411014636 -17.75
      vertex -48.72739741504603 67.06750883368315 -17.75
    endloop
  endfacet
  facet normal 0 0 1
    outer loop
      vertex -47.93284124329193 43.15892411014636 -17.75
      vertex -46.397417121843 44.80546489460532 -17.75
      vertex -46.35709169772492 68.72721476481297 -17.75
    endloop
  endfacet
  facet normal 0 0 1
    outer loop
      vertex -46.397417121843 44.80546489460532 -17.75
      vertex -44.80546489460532 46.397417121843 -17.75
      vertex -46.35709169772492 68.72721476481297 -17.75
    endloop
  endfacet
  facet normal 0 0 1
    outer loop
      vertex -44.80546489460532 46.397417121843 -17.75
      vertex -43.15892411014636 47.93284124329193 -17.75
      vertex -43.4533796671228 69.53994388482693 -17.75
    endloop
  endfacet
  facet normal 0 0 1
    outer loop
      vertex -43.15892411014636 47.93284124329193 -17.75
      vertex -41.45980082478178 49.40986658117408 -17.75
      vertex -41 71.01408311032397 -17.75
    endloop
  endfacet
  facet normal 0 0 1
    outer loop
      vertex -51.03833630449708 65.32609147399725 -17.75
      vertex -49.40986658117408 41.45980082478178 -17.75
      vertex -48.72739741504603 67.06750883368315 -17.75
    endloop
  endfacet
  facet normal 0 0 1
    outer loop
      vertex -47.93284124329193 43.15892411014636 -17.75
      vertex -46.35709169772492 68.72721476481297 -17.75
      vertex -48.72739741504603 67.06750883368315 -17.75
    endloop
  endfacet
  facet normal 0 0 1
    outer loop
      vertex -44.80546489460532 46.397417121843 -17.75
      vertex -45.738779552178755 68.05578784597888 -17.75
      vertex -45.813654072998155 68.1421976493249 -17.75
    endloop
  endfacet
  facet normal 0 0 1
    outer loop
      vertex -44.80546489460532 46.397417121843 -17.75
      vertex -45.813654072998155 68.1421976493249 -17.75
      vertex -46.35709169772492 68.72721476481297 -17.75
    endloop
  endfacet
  facet normal 0 0 1
    outer loop
      vertex -44.80546489460532 46.397417121843 -17.75
      vertex -43.4533796671228 69.53994388482693 -17.75
      vertex -45.738779552178755 68.05578784597888 -17.75
    endloop
  endfacet
  facet normal 0 0 1
    outer loop
      vertex -41.45980082478178 49.40986658117408 -17.75
      vertex -39.71016515850496 50.826693607633565 -17.75
      vertex -41 71.01408311032397 -17.75
    endloop
  endfacet
  facet normal 0 0 1
    outer loop
      vertex -39.71016515850496 50.826693607633565 -17.75
      vertex -37.91214877286452 52.18159613718411 -17.75
      vertex -38.49666814844305 72.40170261443201 -17.75
    endloop
  endfacet
  facet normal 0 0 1
    outer loop
      vertex -37.91214877286452 52.18159613718411 -17.75
      vertex -36.067942273863174 53.47292342980019 -17.75
      vertex -35.94643403670435 73.70111179653169 -17.75
    endloop
  endfacet
  facet normal 0 0 1
    outer loop
      vertex -36.067942273863174 53.47292342980019 -17.75
      vertex -34.179792543041714 54.69910220208948 -17.75
      vertex -35.94643403670435 73.70111179653169 -17.75
    endloop
  endfacet
  facet normal 0 0 1
    outer loop
      vertex -34.179792543041714 54.69910220208948 -17.75
      vertex -32.25 55.85863854409629 -17.75
      vertex -33.35240473221562 74.91072752669326 -17.75
    endloop
  endfacet
  facet normal 0 0 1
    outer loop
      vertex -43.15892411014636 47.93284124329193 -17.75
      vertex -41 71.01408311032397 -17.75
      vertex -43.4533796671228 69.53994388482693 -17.75
    endloop
  endfacet
  facet normal 0 0 1
    outer loop
      vertex -39.71016515850496 50.826693607633565 -17.75
      vertex -38.49666814844305 72.40170261443201 -17.75
      vertex -41 71.01408311032397 -17.75
    endloop
  endfacet
  facet normal 0 0 1
    outer loop
      vertex -46.35709169772492 68.72721476481297 -17.75
      vertex -45.813654072998155 68.1421976493249 -17.75
      vertex -44.34520312992375 70.0337504774103 -17.75
    endloop
  endfacet
  facet normal 0 0 1
    outer loop
      vertex -45.813654072998155 68.1421976493249 -17.75
      vertex -44.038787648378296 69.68012816086309 -17.75
      vertex -44.34520312992375 70.0337504774103 -17.75
    endloop
  endfacet
  facet normal 0 0 1
    outer loop
      vertex -37.91214877286452 52.18159613718411 -17.75
      vertex -35.94643403670435 73.70111179653169 -17.75
      vertex -38.49666814844305 72.40170261443201 -17.75
    endloop
  endfacet
  facet normal 0 0 1
    outer loop
      vertex -34.179792543041714 54.69910220208948 -17.75
      vertex -33.35240473221562 74.91072752669326 -17.75
      vertex -35.94643403670435 73.70111179653169 -17.75
    endloop
  endfacet
  facet normal 0 0 1
    outer loop
      vertex -32.25 55.85863854409629 -17.75
      vertex -30.280915799689957 56.95011973940079 -17.75
      vertex -30.717740660104784 76.02907607447656 -17.75
    endloop
  endfacet
  facet normal 0 0 1
    outer loop
      vertex -30.280915799689957 56.95011973940079 -17.75
      vertex -28.274938967895498 57.97221598629628 -17.75
      vertex -28.045651752704835 77.05479490444449 -17.75
    endloop
  endfacet
  facet normal 0 0 1
    outer loop
      vertex -28.274938967895498 57.97221598629628 -17.75
      vertex -26.234513478389115 58.923682017947755 -17.75
      vertex -28.045651752704835 77.05479490444449 -17.75
    endloop
  endfacet
  facet normal 0 0 1
    outer loop
      vertex -32.25 55.85863854409629 -17.75
      vertex -30.717740660104784 76.02907607447656 -17.75
      vertex -33.35240473221562 74.91072752669326 -17.75
    endloop
  endfacet
  facet normal 0 0 1
    outer loop
      vertex -30.280915799689957 56.95011973940079 -17.75
      vertex -28.045651752704835 77.05479490444449 -17.75
      vertex -30.717740660104784 76.02907607447656 -17.75
    endloop
  endfacet
  facet normal 0 0 1
    outer loop
      vertex -26.234513478389115 58.923682017947755 -17.75
      vertex -25.339393538745686 77.98663433620258 -17.75
      vertex -28.045651752704835 77.05479490444449 -17.75
    endloop
  endfacet
  facet normal 0 0 1
    outer loop
      vertex -26.234513478389115 58.923682017947755 -17.75
      vertex -24.162125275326325 59.80335861955779 -17.75
      vertex -25.339393538745686 77.98663433620258 -17.75
    endloop
  endfacet
  facet normal 0 0 1
    outer loop
      vertex -24.162125275326325 59.80335861955779 -17.75
      vertex -22.060299244505632 60.61017404069109 -17.75
      vertex -22.602263176993933 78.82345906694215 -17.75
    endloop
  endfacet
  facet normal 0 0 1
    outer loop
      vertex -22.060299244505632 60.61017404069109 -17.75
      vertex -19.93159613718411 61.3431453010374 -17.75
      vertex -20.055325145212457 80.43751570828012 -17.75
    endloop
  endfacet
  facet normal 0 0 1
    outer loop
      vertex -19.93159613718411 61.3431453010374 -17.75
      vertex -17.778609450196445 62.00137938802157 -17.75
      vertex -20.055325145212457 80.43751570828012 -17.75
    endloop
  endfacet
  facet normal 0 0 1
    outer loop
      vertex -17.778609450196445 62.00137938802157 -17.75
      vertex -15.603962266178568 62.58407434480177 -17.75
      vertex -17.235879168792252 81.0884361008325 -17.75
    endloop
  endfacet
  facet normal 0 0 1
    outer loop
      vertex -25.339393538745686 77.98663433620258 -17.75
      vertex -24.162125275326325 59.80335861955779 -17.75
      vertex -22.602263176993933 78.82345906694215 -17.75
    endloop
  endfacet
  facet normal 0 0 1
    outer loop
      vertex -22.060299244505632 60.61017404069109 -17.75
      vertex -21.47920101841464 79.12438266538342 -17.75
      vertex -22.602263176993933 78.82345906694215 -17.75
    endloop
  endfacet
  facet normal 0 0 1
    outer loop
      vertex -22.060299244505632 60.61017404069109 -17.75
      vertex -20.055325145212457 80.43751570828012 -17.75
      vertex -21.47920101841464 79.12438266538342 -17.75
    endloop
  endfacet
  facet normal 0 0 1
    outer loop
      vertex -15.603962266178568 62.58407434480177 -17.75
      vertex -13.410304057745478 63.09052024733047 -17.75
      vertex -14.395433928588526 81.64056272471205 -17.75
    endloop
  endfacet
  facet normal 0 0 1
    outer loop
      vertex -17.778609450196445 62.00137938802157 -17.75
      vertex -17.235879168792252 81.0884361008325 -17.75
      vertex -20.055325145212457 80.43751570828012 -17.75
    endloop
  endfacet
  facet normal 0 0 1
    outer loop
      vertex -15.603962266178568 62.58407434480177 -17.75
      vertex -14.395433928588526 81.64056272471205 -17.75
      vertex -17.235879168792252 81.0884361008325 -17.75
    endloop
  endfacet
  facet normal 0 0 1
    outer loop
      vertex -13.410304057745478 63.09052024733047 -17.75
      vertex -11.200307459517006 63.520100069287416 -17.75
      vertex -11.537450069589426 82.09322289867619 -17.75
    endloop
  endfacet
  facet normal 0 0 1
    outer loop
      vertex -11.200307459517006 63.520100069287416 -17.75
      vertex -8.97666501192422 63.87229043383129 -17.75
      vertex -8.665409604888474 82.44586512602986 -17.75
    endloop
  endfacet
  facet normal 0 0 1
    outer loop
      vertex -8.97666501192422 63.87229043383129 -17.75
      vertex -6.742085880763649 64.14666225125363 -17.75
      vertex -8.665409604888474 82.44586512602986 -17.75
    endloop
  endfacet
  facet normal 0 0 1
    outer loop
      vertex -6.742085880763649 64.14666225125363 -17.75
      vertex -4.499292556496082 64.34288124175866 -17.75
      vertex -5.782811673387988 82.69805976653943 -17.75
    endloop
  endfacet
  facet normal 0 0 1
    outer loop
      vertex -4.499292556496082 64.34288124175866 -17.75
      vertex -2.2510175373113124 64.46070834273168 -17.75
      vertex -2.8931682766373306 82.84949955988304 -17.75
    endloop
  endfacet
  facet normal 0 0 -1
    outer loop
      vertex -49.98405629500671 55.512918463161355 -10.15
      vertex -51.03833630449708 65.32609147399725 -10.15
      vertex -48.01623444358449 57.22351990098766 -10.15
    endloop
  endfacet
  facet normal 0 0 -1
    outer loop
      vertex -48.01623444358449 57.22351990098766 -10.15
      vertex -48.72739741504603 67.06750883368315 -10.15
      vertex -45.98991220682667 58.864403294422125 -10.15
    endloop
  endfacet
  facet normal 0 0 -1
    outer loop
      vertex -45.98991220682667 58.864403294422125 -10.15
      vertex -48.72739741504603 67.06750883368315 -10.15
      vertex -43.90755834624775 60.433569479808575 -10.15
    endloop
  endfacet
  facet normal 0.6018150231520492 -0.7986355100472922 0
    outer loop
      vertex -51.03833630449708 65.32609147399725 -17.75
      vertex -48.72739741504603 67.06750883368315 -17.75
      vertex -51.03833630449708 65.32609147399725 -10.15
    endloop
  endfacet
  facet normal 0.5735764363510477 -0.8191520442889907 0
    outer loop
      vertex -48.72739741504603 67.06750883368315 -17.75
      vertex -46.35709169772492 68.72721476481297 -17.75
      vertex -48.72739741504603 67.06750883368315 -10.15
    endloop
  endfacet
  facet normal 0.6018150231520492 -0.7986355100472922 -6.79972686808847e-18
    outer loop
      vertex -51.03833630449708 65.32609147399725 -10.15
      vertex -48.72739741504603 67.06750883368315 -17.75
      vertex -48.72739741504603 67.06750883368315 -10.15
    endloop
  endfacet
  facet normal 0.5735764363510477 -0.8191520442889907 0
    outer loop
      vertex -46.35709169772492 68.72721476481297 -17.75
      vertex -46.35709169772492 68.72721476481297 -10.15
      vertex -48.72739741504603 67.06750883368315 -10.15
    endloop
  endfacet
  facet normal 0 0 -1
    outer loop
      vertex -51.03833630449708 65.32609147399725 -10.15
      vertex -48.72739741504603 67.06750883368315 -10.15
      vertex -48.01623444358449 57.22351990098766 -10.15
    endloop
  endfacet
  facet normal 0 0 -1
    outer loop
      vertex -43.90755834624775 60.433569479808575 -10.15
      vertex -48.72739741504603 67.06750883368315 -10.15
      vertex -46.35709169772492 68.72721476481297 -10.15
    endloop
  endfacet
  facet normal 0 0 -1
    outer loop
      vertex -43.90755834624775 60.433569479808575 -10.15
      vertex -46.35709169772492 68.72721476481297 -10.15
      vertex -41.7717098892648 61.92910666986162 -10.15
    endloop
  endfacet
  facet normal 0 0 -1
    outer loop
      vertex -41.7717098892648 61.92910666986162 -10.15
      vertex -43.930307004932686 70.30318717136771 -10.15
      vertex -39.58496903822041 63.34919278288502 -10.15
    endloop
  endfacet
  facet normal 0 0 -1
    outer loop
      vertex -41.7717098892648 61.92910666986162 -10.15
      vertex -46.35709169772492 68.72721476481297 -10.15
      vertex -43.930307004932686 70.30318717136771 -10.15
    endloop
  endfacet
  facet normal 0 0 -1
    outer loop
      vertex -43.930307004932686 70.30318717136771 -10.15
      vertex -43.69511389378549 69.97792316440334 -10.15
      vertex -39.58496903822041 63.34919278288502 -10.15
    endloop
  endfacet
  facet normal 0 0 -1
    outer loop
      vertex -43.69511389378549 69.97792316440334 -10.15
      vertex -37.35 64.69209766269756 -10.15
      vertex -39.58496903822041 63.34919278288502 -10.15
    endloop
  endfacet
  facet normal 0 0 -1
    outer loop
      vertex -43.69511389378549 69.97792316440334 -10.15
      vertex -41.25 71.44709581221619 -10.15
      vertex -37.35 64.69209766269756 -10.15
    endloop
  endfacet
  facet normal 0.5446390350150219 -0.8386705679454273 0
    outer loop
      vertex -46.35709169772492 68.72721476481297 -17.75
      vertex -44.34520312992375 70.0337504774103 -17.75
      vertex -46.35709169772492 68.72721476481297 -10.15
    endloop
  endfacet
  facet normal 0.5446390350150205 -0.8386705679454284 -5.433211988025208e-16
    outer loop
      vertex -44.34520312992375 70.0337504774103 -17.75
      vertex -43.930307004932686 70.30318717136771 -16.13299643263407
      vertex -46.35709169772492 68.72721476481297 -10.15
    endloop
  endfacet
  facet normal 0.5446390350150214 -0.8386705679454277 0
    outer loop
      vertex -43.930307004932686 70.30318717136771 -16.13299643263407
      vertex -43.930307004932686 70.30318717136771 -10.15
      vertex -46.35709169772492 68.72721476481297 -10.15
    endloop
  endfacet
  facet normal 0.5150380749100539 -0.8571673007021124 0
    outer loop
      vertex -43.930307004932686 70.30318717136771 -16.13299643263407
      vertex -42.352702998308985 71.25110729136799 -10.15
      vertex -43.930307004932686 70.30318717136771 -10.15
    endloop
  endfacet
  facet normal 0 0 -1
    outer loop
      vertex -43.930307004932686 70.30318717136771 -10.15
      vertex -42.29827347713819 71.18829227540374 -10.15
      vertex -43.69511389378549 69.97792316440334 -10.15
    endloop
  endfacet
  facet normal 0 0 -1
    outer loop
      vertex -43.930307004932686 70.30318717136771 -10.15
      vertex -42.352702998308985 71.25110729136799 -10.15
      vertex -42.29827347713819 71.18829227540374 -10.15
    endloop
  endfacet
  facet normal 0 0 -1
    outer loop
      vertex -37.35 64.69209766269756 -10.15
      vertex -41.25 71.44709581221619 -10.15
      vertex -35.069525740106045 65.95618518656185 -10.15
    endloop
  endfacet
  facet normal 0 0 -1
    outer loop
      vertex -38.73140392983599 72.84317641086147 -10.15
      vertex -32.74632466514409 67.13991525854777 -10.15
      vertex -35.069525740106045 65.95618518656185 -10.15
    endloop
  endfacet
  facet normal 0 0 -1
    outer loop
      vertex -41.25 71.44709581221619 -10.15
      vertex -38.73140392983599 72.84317641086147 -10.15
      vertex -35.069525740106045 65.95618518656185 -10.15
    endloop
  endfacet
  facet normal 0 0 -1
    outer loop
      vertex -38.73140392983599 72.84317641086147 -10.15
      vertex -36.165619610098894 74.15050881968128 -10.15
      vertex -32.74632466514409 67.13991525854777 -10.15
    endloop
  endfacet
  facet normal 0 0 -1
    outer loop
      vertex -32.74632466514409 67.13991525854777 -10.15
      vertex -36.165619610098894 74.15050881968128 -10.15
      vertex -30.383227237762277 68.24184568590229 -10.15
    endloop
  endfacet
  facet normal 0 0 -1
    outer loop
      vertex -36.165619610098894 74.15050881968128 -10.15
      vertex -33.55577305375352 75.36750025551457 -10.15
      vertex -30.383227237762277 68.24184568590229 -10.15
    endloop
  endfacet
  facet normal 0 0 -1
    outer loop
      vertex -30.383227237762277 68.24184568590229 -10.15
      vertex -33.55577305375352 75.36750025551457 -10.15
      vertex -27.98311252816863 69.26063393613903 -10.15
    endloop
  endfacet
  facet normal 0 0 -1
    outer loop
      vertex -27.98311252816863 69.26063393613903 -10.15
      vertex -30.905043956812744 76.49266800175997 -10.15
      vertex -25.548904706427454 70.19503877270736 -10.15
    endloop
  endfacet
  facet normal 0 0 -1
    outer loop
      vertex -27.98311252816863 69.26063393613903 -10.15
      vertex -33.55577305375352 75.36750025551457 -10.15
      vertex -30.905043956812744 76.49266800175997 -10.15
    endloop
  endfacet
  facet normal 0 0 -1
    outer loop
      vertex -25.548904706427454 70.19503877270736 -10.15
      vertex -30.905043956812744 76.49266800175997 -10.15
      vertex -28.21666182436767 77.52464121483744 -10.15
    endloop
  endfacet
  facet normal 0 0 -1
    outer loop
      vertex -25.548904706427454 70.19503877270736 -10.15
      vertex -28.21666182436767 77.52464121483744 -10.15
      vertex -23.08356947980857 71.04392176724797 -10.15
    endloop
  endfacet
  facet normal 0 0 -1
    outer loop
      vertex -25.49390203593316 78.46216259435016 -10.15
      vertex -20.590110479529837 71.80624868659243 -10.15
      vertex -23.08356947980857 71.04392176724797 -10.15
    endloop
  endfacet
  facet normal 0 0 -1
    outer loop
      vertex -20.590110479529837 71.80624868659243 -10.15
      vertex -22.850336797229232 79.68859459328664 -10.15
      vertex -18.07156560129518 72.48109075281694 -10.15
    endloop
  endfacet
  facet normal 0 0 1
    outer loop
      vertex -23.82145439704487 78.91307488916378 -17.75
      vertex -22.850336797229232 79.68859459328664 -17.75
      vertex -23.887371893398797 79.37154114663817 -17.75
    endloop
  endfacet
  facet normal 0 0 1
    outer loop
      vertex -23.82145439704487 78.91307488916378 -17.75
      vertex -21.496873738082076 79.24729913056316 -17.75
      vertex -22.850336797229232 79.68859459328664 -17.75
    endloop
  endfacet
  facet normal 0 0 1
    outer loop
      vertex -22.850336797229232 79.68859459328664 -17.75
      vertex -21.496873738082076 79.24729913056316 -17.75
      vertex -20.055325145212457 80.43751570828012 -17.75
    endloop
  endfacet
  facet normal 0 0 1
    outer loop
      vertex -21.47920101841464 79.12438266538342 -17.75
      vertex -20.055325145212457 80.43751570828012 -17.75
      vertex -21.496873738082076 79.24729913056316 -17.75
    endloop
  endfacet
  facet normal 0 0 1
    outer loop
      vertex -13.410304057745478 63.09052024733047 -17.75
      vertex -11.537450069589426 82.09322289867619 -17.75
      vertex -14.395433928588526 81.64056272471205 -17.75
    endloop
  endfacet
  facet normal 0 0 1
    outer loop
      vertex -11.200307459517006 63.520100069287416 -17.75
      vertex -8.665409604888474 82.44586512602986 -17.75
      vertex -11.537450069589426 82.09322289867619 -17.75
    endloop
  endfacet
  facet normal 0 0 1
    outer loop
      vertex -6.742085880763649 64.14666225125363 -17.75
      vertex -5.782811673387988 82.69805976653943 -17.75
      vertex -8.665409604888474 82.44586512602986 -17.75
    endloop
  endfacet
  facet normal 0 0 1
    outer loop
      vertex -4.499292556496082 64.34288124175866 -17.75
      vertex -2.8931682766373306 82.84949955988304 -17.75
      vertex -5.782811673387988 82.69805976653943 -17.75
    endloop
  endfacet
  facet normal 0 0 1
    outer loop
      vertex -2.2510175373113124 64.46070834273168 -17.75
      vertex -1.682764675924702 81.97062723332283 -17.75
      vertex -2.8931682766373306 82.84949955988304 -17.75
    endloop
  endfacet
  facet normal 0.29237170472274027 -0.9563047559630343 6.189019069071623e-16
    outer loop
      vertex -23.887371893398797 79.37154114663817 -17.75
      vertex -22.850336797229232 79.68859459328664 -17.75
      vertex -25.61750883368314 78.84258520086823 -11.850243761493143
    endloop
  endfacet
  facet normal 0.2588190451025226 -0.9659258262890678 0
    outer loop
      vertex -22.850336797229232 79.68859459328664 -17.75
      vertex -20.055325145212457 80.43751570828012 -17.75
      vertex -22.850336797229232 79.68859459328664 -10.15
    endloop
  endfacet
  facet normal 0.2923717047227392 -0.9563047559630348 2.7616058800902717e-17
    outer loop
      vertex -22.850336797229232 79.68859459328664 -17.75
      vertex -25.61750883368314 78.84258520086823 -10.15
      vertex -25.61750883368314 78.84258520086823 -11.850243761493143
    endloop
  endfacet
  facet normal 0.2923717047227391 -0.9563047559630349 0
    outer loop
      vertex -22.850336797229232 79.68859459328664 -17.75
      vertex -22.850336797229232 79.68859459328664 -10.15
      vertex -25.61750883368314 78.84258520086823 -10.15
    endloop
  endfacet
  facet normal 0.2588190451025226 -0.9659258262890678 0
    outer loop
      vertex -20.055325145212457 80.43751570828012 -17.75
      vertex -20.055325145212457 80.43751570828012 -10.15
      vertex -22.850336797229232 79.68859459328664 -10.15
    endloop
  endfacet
  facet normal 0.2249510543438648 -0.9743700647852354 0
    outer loop
      vertex -20.055325145212457 80.43751570828012 -17.75
      vertex -17.235879168792252 81.0884361008325 -17.75
      vertex -20.055325145212457 80.43751570828012 -10.15
    endloop
  endfacet
  facet normal 0.19080899537654405 -0.9816271834476642 0
    outer loop
      vertex -17.235879168792252 81.0884361008325 -17.75
      vertex -14.395433928588526 81.64056272471205 -17.75
      vertex -17.235879168792252 81.0884361008325 -10.15
    endloop
  endfacet
  facet normal 0.2249510543438648 -0.9743700647852354 0
    outer loop
      vertex -17.235879168792252 81.0884361008325 -17.75
      vertex -17.235879168792252 81.0884361008325 -10.15
      vertex -20.055325145212457 80.43751570828012 -10.15
    endloop
  endfacet
  facet normal 0 0 -1
    outer loop
      vertex -28.21666182436767 77.52464121483744 -10.15
      vertex -25.49390203593316 78.46216259435016 -10.15
      vertex -23.08356947980857 71.04392176724797 -10.15
    endloop
  endfacet
  facet normal 0 0 -1
    outer loop
      vertex -25.49390203593316 78.46216259435016 -10.15
      vertex -24.194442177426787 78.8594473424195 -10.15
      vertex -20.590110479529837 71.80624868659243 -10.15
    endloop
  endfacet
  facet normal 0 0 -1
    outer loop
      vertex -20.590110479529837 71.80624868659243 -10.15
      vertex -24.194442177426787 78.8594473424195 -10.15
      vertex -22.850336797229232 79.68859459328664 -10.15
    endloop
  endfacet
  facet normal 0.3255681544571376 -0.9455185755993233 0
    outer loop
      vertex -25.61750883368314 78.84258520086823 -11.850243761493143
      vertex -25.61750883368314 78.84258520086823 -10.15
      vertex -26.113478505662382 78.67180914745157 -10.15
    endloop
  endfacet
  facet normal 0 0 -1
    outer loop
      vertex -26.101043172285806 78.58531950404955 -10.15
      vertex -26.113478505662382 78.67180914745157 -10.15
      vertex -24.194442177426787 78.8594473424195 -10.15
    endloop
  endfacet
  facet normal 0 0 -1
    outer loop
      vertex -26.113478505662382 78.67180914745157 -10.15
      vertex -25.61750883368314 78.84258520086823 -10.15
      vertex -24.194442177426787 78.8594473424195 -10.15
    endloop
  endfacet
  facet normal 0 0 -1
    outer loop
      vertex -25.61750883368314 78.84258520086823 -10.15
      vertex -22.850336797229232 79.68859459328664 -10.15
      vertex -24.194442177426787 78.8594473424195 -10.15
    endloop
  endfacet
  facet normal 0 0 -1
    outer loop
      vertex -18.07156560129518 72.48109075281694 -10.15
      vertex -20.055325145212457 80.43751570828012 -10.15
      vertex -15.531003304086623 73.06762577481528 -10.15
    endloop
  endfacet
  facet normal 0 0 -1
    outer loop
      vertex -18.07156560129518 72.48109075281694 -10.15
      vertex -22.850336797229232 79.68859459328664 -10.15
      vertex -20.055325145212457 80.43751570828012 -10.15
    endloop
  endfacet
  facet normal 0 0 -1
    outer loop
      vertex -15.531003304086623 73.06762577481528 -10.15
      vertex -20.055325145212457 80.43751570828012 -10.15
      vertex -17.235879168792252 81.0884361008325 -10.15
    endloop
  endfacet
  facet normal 0 0 -1
    outer loop
      vertex -15.531003304086623 73.06762577481528 -10.15
      vertex -17.235879168792252 81.0884361008325 -10.15
      vertex -12.971518871719697 73.56513915001194 -10.15
    endloop
  endfacet
  facet normal 0 0 -1
    outer loop
      vertex -12.971518871719697 73.56513915001194 -10.15
      vertex -17.235879168792252 81.0884361008325 -10.15
      vertex -14.395433928588526 81.64056272471205 -10.15
    endloop
  endfacet
  facet normal 0.19080899537654405 -0.9816271834476642 0
    outer loop
      vertex -14.395433928588526 81.64056272471205 -17.75
      vertex -14.395433928588526 81.64056272471205 -10.15
      vertex -17.235879168792252 81.0884361008325 -10.15
    endloop
  endfacet
  facet normal 0 0 -1
    outer loop
      vertex -12.971518871719697 73.56513915001194 -10.15
      vertex -14.395433928588526 81.64056272471205 -10.15
      vertex -10.396230641716889 73.9730247349953 -10.15
    endloop
  endfacet
  facet normal 0 0 -1
    outer loop
      vertex -10.396230641716889 73.9730247349953 -10.15
      vertex -11.537450069589426 82.09322289867619 -10.15
      vertex -7.808276206093715 74.29078558401002 -10.15
    endloop
  endfacet
  facet normal 0 0 -1
    outer loop
      vertex -10.396230641716889 73.9730247349953 -10.15
      vertex -14.395433928588526 81.64056272471205 -10.15
      vertex -11.537450069589426 82.09322289867619 -10.15
    endloop
  endfacet
  facet normal 0 0 -1
    outer loop
      vertex -7.808276206093715 74.29078558401002 -10.15
      vertex -11.537450069589426 82.09322289867619 -10.15
      vertex -8.665409604888474 82.44586512602986 -10.15
    endloop
  endfacet
  facet normal 0 0 -1
    outer loop
      vertex -7.808276206093715 74.29078558401002 -10.15
      vertex -8.665409604888474 82.44586512602986 -10.15
      vertex -5.21080858868616 74.51803455440887 -10.15
    endloop
  endfacet
  facet normal 0 0 -1
    outer loop
      vertex -5.21080858868616 74.51803455440887 -10.15
      vertex -5.782811673387988 82.69805976653943 -10.15
      vertex -2.606992403676822 74.65449477832645 -10.15
    endloop
  endfacet
  facet normal 0 0 -1
    outer loop
      vertex -5.21080858868616 74.51803455440887 -10.15
      vertex -8.665409604888474 82.44586512602986 -10.15
      vertex -5.782811673387988 82.69805976653943 -10.15
    endloop
  endfacet
  facet normal 0 0 -1
    outer loop
      vertex -2.606992403676822 74.65449477832645 -10.15
      vertex -5.782811673387988 82.69805976653943 -10.15
      vertex -2.8931682766373306 82.84949955988304 -10.15
    endloop
  endfacet
  facet normal 0.15643446504023176 -0.9876883405951375 0
    outer loop
      vertex -14.395433928588526 81.64056272471205 -17.75
      vertex -11.537450069589426 82.09322289867619 -17.75
      vertex -14.395433928588526 81.64056272471205 -10.15
    endloop
  endfacet
  facet normal 0.12186934340514378 -0.9925461516413224 0
    outer loop
      vertex -11.537450069589426 82.09322289867619 -17.75
      vertex -8.665409604888474 82.44586512602986 -17.75
      vertex -11.537450069589426 82.09322289867619 -10.15
    endloop
  endfacet
  facet normal 0.15643446504023176 -0.9876883405951375 0
    outer loop
      vertex -11.537450069589426 82.09322289867619 -17.75
      vertex -11.537450069589426 82.09322289867619 -10.15
      vertex -14.395433928588526 81.64056272471205 -10.15
    endloop
  endfacet
  facet normal 0.12186934340514378 -0.9925461516413224 0
    outer loop
      vertex -8.665409604888474 82.44586512602986 -17.75
      vertex -8.665409604888474 82.44586512602986 -10.15
      vertex -11.537450069589426 82.09322289867619 -10.15
    endloop
  endfacet
  facet normal 0.08715574274765861 -0.9961946980917454 0
    outer loop
      vertex -8.665409604888474 82.44586512602986 -17.75
      vertex -5.782811673387988 82.69805976653943 -17.75
      vertex -8.665409604888474 82.44586512602986 -10.15
    endloop
  endfacet
  facet normal 0.05233595624294624 -0.9986295347545737 0
    outer loop
      vertex -5.782811673387988 82.69805976653943 -17.75
      vertex -2.8931682766373306 82.84949955988304 -17.75
      vertex -5.782811673387988 82.69805976653943 -10.15
    endloop
  endfacet
  facet normal 0.08715574274765861 -0.9961946980917454 0
    outer loop
      vertex -5.782811673387988 82.69805976653943 -17.75
      vertex -5.782811673387988 82.69805976653943 -10.15
      vertex -8.665409604888474 82.44586512602986 -10.15
    endloop
  endfacet
  facet normal 0.05233595624294624 -0.9986295347545737 0
    outer loop
      vertex -2.8931682766373306 82.84949955988304 -17.75
      vertex -2.8931682766373306 82.84949955988304 -10.15
      vertex -5.782811673387988 82.69805976653943 -10.15
    endloop
  endfacet
  facet normal 0 0 1
    outer loop
      vertex 61.3431453010374 19.93159613718411 -17.75
      vertex 61.79941021746567 18.439220840562264 -17.75
      vertex 71.79350597372996 21.421180346373234 -17.75
    endloop
  endfacet
  facet normal 0 0 1
    outer loop
      vertex 76.02907607447656 30.717740660104784 -17.75
      vertex 71.79350597372996 21.421180346373234 -17.75
      vertex 78.56669205941373 23.442110215908613 -17.75
    endloop
  endfacet
  facet normal 0 0 -1
    outer loop
      vertex 78.46216259435016 25.49390203593316 -10.15
      vertex 79.04575725489795 23.58504991234708 -10.15
      vertex 71.57234020534396 21.355190647906994 -10.15
    endloop
  endfacet
  facet normal 0 0 -1
    outer loop
      vertex 78.46216259435016 25.49390203593316 -10.15
      vertex 71.57234020534396 21.355190647906994 -10.15
      vertex 77.52464121483744 28.21666182436767 -10.15
    endloop
  endfacet
  facet normal 0 0 1
    outer loop
      vertex 59.80335861955779 24.162125275326325 -17.75
      vertex 60.61017404069109 22.060299244505632 -17.75
      vertex 62.8156443357562 52.70858399429622 -17.75
    endloop
  endfacet
  facet normal 0 0 1
    outer loop
      vertex 59.80335861955779 24.162125275326325 -17.75
      vertex 62.8156443357562 52.70858399429622 -17.75
      vertex 58.923682017947755 26.234513478389115 -17.75
    endloop
  endfacet
  facet normal 0 0 1
    outer loop
      vertex 61.3431453010374 19.93159613718411 -17.75
      vertex 62.8156443357562 52.70858399429622 -17.75
      vertex 60.61017404069109 22.060299244505632 -17.75
    endloop
  endfacet
  facet normal 0 0 1
    outer loop
      vertex 57.97221598629628 28.274938967895498 -17.75
      vertex 58.923682017947755 26.234513478389115 -17.75
      vertex 60.93787568914633 54.86870972142638 -17.75
    endloop
  endfacet
  facet normal 0 0 1
    outer loop
      vertex 61.3431453010374 19.93159613718411 -17.75
      vertex 71.79350597372996 21.421180346373234 -17.75
      vertex 63.50508433456328 53.28709284301411 -17.75
    endloop
  endfacet
  facet normal 0 0 1
    outer loop
      vertex 68.72721476481297 46.35709169772492 -17.75
      vertex 71.79350597372996 21.421180346373234 -17.75
      vertex 70.30318717136771 43.930307004932686 -17.75
    endloop
  endfacet
  facet normal 0 0 1
    outer loop
      vertex 56.95011973940079 30.280915799689957 -17.75
      vertex 58.9858636277694 56.96198637763777 -17.75
      vertex 55.85863854409629 32.25 -17.75
    endloop
  endfacet
  facet normal 0 0 1
    outer loop
      vertex 54.69910220208948 34.179792543041714 -17.75
      vertex 56.96198637763777 58.9858636277694 -17.75
      vertex 53.47292342980019 36.067942273863174 -17.75
    endloop
  endfacet
  facet normal 0 0 1
    outer loop
      vertex 54.69910220208948 34.179792543041714 -17.75
      vertex 55.85863854409629 32.25 -17.75
      vertex 58.9858636277694 56.96198637763777 -17.75
    endloop
  endfacet
  facet normal 0 0 1
    outer loop
      vertex 49.40986658117408 41.45980082478178 -17.75
      vertex 50.826693607633565 39.71016515850496 -17.75
      vertex 52.70858399429622 62.8156443357562 -17.75
    endloop
  endfacet
  facet normal 0 0 1
    outer loop
      vertex 47.93284124329193 43.15892411014636 -17.75
      vertex 49.40986658117408 41.45980082478178 -17.75
      vertex 52.70858399429622 62.8156443357562 -17.75
    endloop
  endfacet
  facet normal 0 0 1
    outer loop
      vertex 53.47292342980019 36.067942273863174 -17.75
      vertex 56.96198637763777 58.9858636277694 -17.75
      vertex 52.18159613718411 37.91214877286452 -17.75
    endloop
  endfacet
  facet normal 0 0 1
    outer loop
      vertex 50.826693607633565 39.71016515850496 -17.75
      vertex 52.18159613718411 37.91214877286452 -17.75
      vertex 54.86870972142638 60.93787568914633 -17.75
    endloop
  endfacet
  facet normal 0 0 1
    outer loop
      vertex 54.69910220208948 34.179792543041714 -17.75
      vertex 58.9858636277694 56.96198637763777 -17.75
      vertex 56.96198637763777 58.9858636277694 -17.75
    endloop
  endfacet
  facet normal 0 0 1
    outer loop
      vertex 56.95011973940079 30.280915799689957 -17.75
      vertex 57.97221598629628 28.274938967895498 -17.75
      vertex 60.93787568914633 54.86870972142638 -17.75
    endloop
  endfacet
  facet normal 0 0 1
    outer loop
      vertex 61.3431453010374 19.93159613718411 -17.75
      vertex 63.155754751185285 52.474761950943005 -17.75
      vertex 63.05659439059453 52.41103545670939 -17.75
    endloop
  endfacet
  facet normal 0 0 1
    outer loop
      vertex 61.3431453010374 19.93159613718411 -17.75
      vertex 63.05659439059453 52.41103545670939 -17.75
      vertex 62.8156443357562 52.70858399429622 -17.75
    endloop
  endfacet
  facet normal 0 0 1
    outer loop
      vertex 61.3431453010374 19.93159613718411 -17.75
      vertex 63.50508433456328 53.28709284301411 -17.75
      vertex 63.155754751185285 52.474761950943005 -17.75
    endloop
  endfacet
  facet normal 0 0 1
    outer loop
      vertex 67.06750883368315 48.72739741504603 -17.75
      vertex 71.79350597372996 21.421180346373234 -17.75
      vertex 68.72721476481297 46.35709169772492 -17.75
    endloop
  endfacet
  facet normal 0 0 1
    outer loop
      vertex 67.06750883368315 48.72739741504603 -17.75
      vertex 65.32609147399725 51.03833630449708 -17.75
      vertex 71.79350597372996 21.421180346373234 -17.75
    endloop
  endfacet
  facet normal 0 0 1
    outer loop
      vertex 63.50508433456328 53.28709284301411 -17.75
      vertex 71.79350597372996 21.421180346373234 -17.75
      vertex 65.32609147399725 51.03833630449708 -17.75
    endloop
  endfacet
  facet normal 0 0 1
    outer loop
      vertex 58.923682017947755 26.234513478389115 -17.75
      vertex 62.8156443357562 52.70858399429622 -17.75
      vertex 60.93787568914633 54.86870972142638 -17.75
    endloop
  endfacet
  facet normal 0 0 1
    outer loop
      vertex 56.95011973940079 30.280915799689957 -17.75
      vertex 60.93787568914633 54.86870972142638 -17.75
      vertex 58.9858636277694 56.96198637763777 -17.75
    endloop
  endfacet
  facet normal 0 0 1
    outer loop
      vertex 73.86924964007034 35.58586126763617 -17.75
      vertex 71.79350597372996 21.421180346373234 -17.75
      vertex 74.91072752669326 33.35240473221562 -17.75
    endloop
  endfacet
  facet normal 0 0 1
    outer loop
      vertex 76.02907607447656 30.717740660104784 -17.75
      vertex 74.91072752669326 33.35240473221562 -17.75
      vertex 71.79350597372996 21.421180346373234 -17.75
    endloop
  endfacet
  facet normal 0 0 1
    outer loop
      vertex 77.05479490444449 28.045651752704835 -17.75
      vertex 78.56669205941373 23.442110215908613 -17.75
      vertex 77.98663433620258 25.339393538745686 -17.75
    endloop
  endfacet
  facet normal 0 0 1
    outer loop
      vertex 77.05479490444449 28.045651752704835 -17.75
      vertex 76.02907607447656 30.717740660104784 -17.75
      vertex 78.56669205941373 23.442110215908613 -17.75
    endloop
  endfacet
  facet normal 0 0 1
    outer loop
      vertex 73.86924964007034 35.58586126763617 -17.75
      vertex 73.19635544800505 38.91919255495035 -17.75
      vertex 71.79350597372996 21.421180346373234 -17.75
    endloop
  endfacet
  facet normal 0 0 1
    outer loop
      vertex 73.19635544800505 38.91919255495035 -17.75
      vertex 71.79350597372996 41.45 -17.75
      vertex 71.79350597372996 21.421180346373234 -17.75
    endloop
  endfacet
  facet normal 0 0 1
    outer loop
      vertex 73.96857110029724 35.649691294319375 -17.75
      vertex 75.23825786856418 33.67402011873101 -17.75
      vertex 75.63480757368163 33.92886713971761 -17.75
    endloop
  endfacet
  facet normal 0 0 1
    outer loop
      vertex 71.79350597372996 41.45 -17.75
      vertex 70.30318717136771 43.930307004932686 -17.75
      vertex 71.79350597372996 21.421180346373234 -17.75
    endloop
  endfacet
  facet normal 0 0 1
    outer loop
      vertex 73.96857110029724 35.649691294319375 -17.75
      vertex 75.63480757368163 33.92886713971761 -17.75
      vertex 74.51002643820095 36.340968068814526 -17.75
    endloop
  endfacet
  facet normal 0 0 1
    outer loop
      vertex 73.86924964007034 35.58586126763617 -17.75
      vertex 73.96857110029724 35.649691294319375 -17.75
      vertex 73.19635544800505 38.91919255495035 -17.75
    endloop
  endfacet
  facet normal 0 0 1
    outer loop
      vertex 73.96857110029724 35.649691294319375 -17.75
      vertex 74.51002643820095 36.340968068814526 -17.75
      vertex 73.19635544800505 38.91919255495035 -17.75
    endloop
  endfacet
  facet normal -0.9063077870366507 -0.422618261740698 -6.633187105091209e-15
    outer loop
      vertex 75.63480757368163 33.92886713971761 -17.75
      vertex 75.73291843857162 33.71846771098384 -16.99086139695295
      vertex 74.51002643820095 36.340968068814526 -17.75
    endloop
  endfacet
  facet normal 0 0 -1
    outer loop
      vertex 71.04392176724797 23.08356947980857 -10.15
      vertex 70.19503877270736 25.548904706427454 -10.15
      vertex 70.30318717136771 43.930307004932686 -10.15
    endloop
  endfacet
  facet normal 0 0 -1
    outer loop
      vertex 69.26063393613903 27.98311252816863 -10.15
      vertex 70.30318717136771 43.930307004932686 -10.15
      vertex 70.19503877270736 25.548904706427454 -10.15
    endloop
  endfacet
  facet normal 0 0 -1
    outer loop
      vertex 67.13991525854777 32.74632466514409 -10.15
      vertex 67.06750883368315 48.72739741504603 -10.15
      vertex 68.24184568590229 30.383227237762277 -10.15
    endloop
  endfacet
  facet normal 0 0 -1
    outer loop
      vertex 69.26063393613903 27.98311252816863 -10.15
      vertex 68.24184568590229 30.383227237762277 -10.15
      vertex 68.72721476481297 46.35709169772492 -10.15
    endloop
  endfacet
  facet normal 0 0 -1
    outer loop
      vertex 64.69209766269756 37.35 -10.15
      vertex 63.34919278288502 39.58496903822041 -10.15
      vertex 63.50508433456328 53.28709284301411 -10.15
    endloop
  endfacet
  facet normal 0 0 -1
    outer loop
      vertex 67.13991525854777 32.74632466514409 -10.15
      vertex 65.95618518656185 35.069525740106045 -10.15
      vertex 67.06750883368315 48.72739741504603 -10.15
    endloop
  endfacet
  facet normal 0 0 -1
    outer loop
      vertex 69.26063393613903 27.98311252816863 -10.15
      vertex 68.72721476481297 46.35709169772492 -10.15
      vertex 70.30318717136771 43.930307004932686 -10.15
    endloop
  endfacet
  facet normal 0 0 -1
    outer loop
      vertex 64.69209766269756 37.35 -10.15
      vertex 65.32609147399725 51.03833630449708 -10.15
      vertex 65.95618518656185 35.069525740106045 -10.15
    endloop
  endfacet
  facet normal 0 0 -1
    outer loop
      vertex 68.24184568590229 30.383227237762277 -10.15
      vertex 67.06750883368315 48.72739741504603 -10.15
      vertex 68.72721476481297 46.35709169772492 -10.15
    endloop
  endfacet
  facet normal -0.8386705679454277 -0.5446390350150214 1.0478246200991927e-19
    outer loop
      vertex 68.72721476481297 46.35709169772492 -17.75
      vertex 70.30318717136771 43.930307004932686 -17.75
      vertex 70.30318717136771 43.930307004932686 -10.15
    endloop
  endfacet
  facet normal -0.8386705679454277 -0.5446390350150214 0
    outer loop
      vertex 68.72721476481297 46.35709169772492 -17.75
      vertex 70.30318717136771 43.930307004932686 -10.15
      vertex 68.72721476481297 46.35709169772492 -10.15
    endloop
  endfacet
  facet normal -0.7986355100472922 -0.6018150231520492 0
    outer loop
      vertex 67.06750883368315 48.72739741504603 -17.75
      vertex 67.06750883368315 48.72739741504603 -10.15
      vertex 65.32609147399725 51.03833630449708 -17.75
    endloop
  endfacet
  facet normal -0.8191520442889907 -0.5735764363510477 -9.991420791116263e-18
    outer loop
      vertex 67.06750883368315 48.72739741504603 -17.75
      vertex 68.72721476481297 46.35709169772492 -17.75
      vertex 68.72721476481297 46.35709169772492 -10.15
    endloop
  endfacet
  facet normal -0.8191520442889907 -0.5735764363510477 0
    outer loop
      vertex 67.06750883368315 48.72739741504603 -17.75
      vertex 68.72721476481297 46.35709169772492 -10.15
      vertex 67.06750883368315 48.72739741504603 -10.15
    endloop
  endfacet
  facet normal 0 0 -1
    outer loop
      vertex 61.92910666986162 41.7717098892648 -10.15
      vertex 60.433569479808575 43.90755834624775 -10.15
      vertex 61.309448101885025 55.2032750246058 -10.15
    endloop
  endfacet
  facet normal 0 0 -1
    outer loop
      vertex 61.92910666986162 41.7717098892648 -10.15
      vertex 61.6654000092974 54.79379919582854 -10.15
      vertex 63.34919278288502 39.58496903822041 -10.15
    endloop
  endfacet
  facet normal 0 0 -1
    outer loop
      vertex 58.864403294422125 45.98991220682667 -10.15
      vertex 59.34553352793872 57.309315562867276 -10.15
      vertex 60.433569479808575 43.90755834624775 -10.15
    endloop
  endfacet
  facet normal 0 0 -1
    outer loop
      vertex 64.69209766269756 37.35 -10.15
      vertex 63.50508433456328 53.28709284301411 -10.15
      vertex 65.32609147399725 51.03833630449708 -10.15
    endloop
  endfacet
  facet normal 0 0 -1
    outer loop
      vertex 63.34919278288502 39.58496903822041 -10.15
      vertex 61.6654000092974 54.79379919582854 -10.15
      vertex 61.606706032075984 55.47092726714935 -10.15
    endloop
  endfacet
  facet normal 0 0 -1
    outer loop
      vertex 63.34919278288502 39.58496903822041 -10.15
      vertex 61.606706032075984 55.47092726714935 -10.15
      vertex 63.50508433456328 53.28709284301411 -10.15
    endloop
  endfacet
  facet normal 0 0 -1
    outer loop
      vertex 65.95618518656185 35.069525740106045 -10.15
      vertex 65.32609147399725 51.03833630449708 -10.15
      vertex 67.06750883368315 48.72739741504603 -10.15
    endloop
  endfacet
  facet normal 0 0 -1
    outer loop
      vertex 76.49266800175997 30.90504395681274 -10.15
      vertex 77.52464121483744 28.21666182436767 -10.15
      vertex 71.57234020534396 21.355190647906994 -10.15
    endloop
  endfacet
  facet normal 0 0 -1
    outer loop
      vertex 71.04392176724797 23.08356947980857 -10.15
      vertex 71.79350597372996 41.45 -10.15
      vertex 71.57234020534396 21.355190647906994 -10.15
    endloop
  endfacet
  facet normal 0 0 -1
    outer loop
      vertex 76.49266800175997 30.90504395681274 -10.15
      vertex 71.57234020534396 21.355190647906994 -10.15
      vertex 75.4710958246963 33.311717187007886 -10.15
    endloop
  endfacet
  facet normal 0 0 -1
    outer loop
      vertex 75.4710958246963 33.311717187007886 -10.15
      vertex 71.57234020534396 21.355190647906994 -10.15
      vertex 74.51002643820095 36.340968068814526 -10.15
    endloop
  endfacet
  facet normal -0.9063077870366514 -0.4226182617406964 8.881931003180287e-18
    outer loop
      vertex 74.51002643820095 36.340968068814526 -17.75
      vertex 75.73291843857162 33.71846771098384 -16.99086139695295
      vertex 75.73291843857162 33.71846771098384 -10.15
    endloop
  endfacet
  facet normal -0.8910065241883673 -0.4539904997395479 -3.859422289059926e-18
    outer loop
      vertex 73.19635544800505 38.91919255495035 -17.75
      vertex 74.51002643820095 36.340968068814526 -17.75
      vertex 74.51002643820095 36.340968068814526 -10.15
    endloop
  endfacet
  facet normal -0.9063077870366514 -0.4226182617406964 0
    outer loop
      vertex 74.51002643820095 36.340968068814526 -17.75
      vertex 75.73291843857162 33.71846771098384 -10.15
      vertex 74.51002643820095 36.340968068814526 -10.15
    endloop
  endfacet
  facet normal -0.9205048534524403 -0.3907311284892737 0
    outer loop
      vertex 75.73291843857162 33.71846771098384 -16.99086139695295
      vertex 76.55471432795234 31.782437920762025 -10.15
      vertex 75.73291843857162 33.71846771098384 -10.15
    endloop
  endfacet
  facet normal 0 0 -1
    outer loop
      vertex 73.19635544800505 38.91919255495035 -10.15
      vertex 74.51002643820095 36.340968068814526 -10.15
      vertex 71.57234020534396 21.355190647906994 -10.15
    endloop
  endfacet
  facet normal 0 0 -1
    outer loop
      vertex 73.19635544800505 38.91919255495035 -10.15
      vertex 71.57234020534396 21.355190647906994 -10.15
      vertex 71.79350597372996 41.45 -10.15
    endloop
  endfacet
  facet normal 0 0 -1
    outer loop
      vertex 75.4710958246963 33.311717187007886 -10.15
      vertex 75.73291843857162 33.71846771098384 -10.15
      vertex 76.48337005421948 31.7365877400895 -10.15
    endloop
  endfacet
  facet normal 0 0 -1
    outer loop
      vertex 75.73291843857162 33.71846771098384 -10.15
      vertex 76.55471432795234 31.782437920762025 -10.15
      vertex 76.48337005421948 31.7365877400895 -10.15
    endloop
  endfacet
  facet normal 0 0 -1
    outer loop
      vertex 75.4710958246963 33.311717187007886 -10.15
      vertex 74.51002643820095 36.340968068814526 -10.15
      vertex 75.73291843857162 33.71846771098384 -10.15
    endloop
  endfacet
  facet normal 0 0 -1
    outer loop
      vertex 71.04392176724797 23.08356947980857 -10.15
      vertex 70.30318717136771 43.930307004932686 -10.15
      vertex 71.79350597372996 41.45 -10.15
    endloop
  endfacet
  facet normal -0.8746197071393946 -0.48480962024633906 0
    outer loop
      vertex 73.19635544800505 38.91919255495035 -17.75
      vertex 73.19635544800505 38.91919255495035 -10.15
      vertex 71.79350597372996 41.45 -17.75
    endloop
  endfacet
  facet normal -0.8910065241883673 -0.4539904997395479 0
    outer loop
      vertex 73.19635544800505 38.91919255495035 -17.75
      vertex 74.51002643820095 36.340968068814526 -10.15
      vertex 73.19635544800505 38.91919255495035 -10.15
    endloop
  endfacet
  facet normal -0.8746197071393946 -0.48480962024633906 0
    outer loop
      vertex 71.79350597372996 41.45 -17.75
      vertex 73.19635544800505 38.91919255495035 -10.15
      vertex 71.79350597372996 41.45 -10.15
    endloop
  endfacet
  facet normal -0.8571673007021113 -0.5150380749100559 0
    outer loop
      vertex 71.79350597372996 41.45 -17.75
      vertex 71.79350597372996 41.45 -10.15
      vertex 70.30318717136771 43.930307004932686 -17.75
    endloop
  endfacet
  facet normal -0.8571673007021113 -0.5150380749100559 0
    outer loop
      vertex 70.30318717136771 43.930307004932686 -17.75
      vertex 71.79350597372996 41.45 -10.15
      vertex 70.30318717136771 43.930307004932686 -10.15
    endloop
  endfacet
  facet normal 0 0 1
    outer loop
      vertex -2.2510175373113124 64.46070834273168 -17.75
      vertex 0 64.5 -17.75
      vertex 0 82 -17.75
    endloop
  endfacet
  facet normal 0 0 1
    outer loop
      vertex 0 64.5 -17.75
      vertex 2.2510175373113124 64.46070834273168 -17.75
      vertex 2.8617587296050795 81.95004781556585 -17.75
    endloop
  endfacet
  facet normal 0 0 1
    outer loop
      vertex 2.2510175373113124 64.46070834273168 -17.75
      vertex 4.499292556496082 64.34288124175866 -17.75
      vertex 5.7200308470182755 81.80025212130559 -17.75
    endloop
  endfacet
  facet normal 0 0 1
    outer loop
      vertex 4.499292556496082 64.34288124175866 -17.75
      vertex 6.742085880763649 64.14666225125363 -17.75
      vertex 8.571333987947586 81.55079542019841 -17.75
    endloop
  endfacet
  facet normal 0 0 1
    outer loop
      vertex 6.742085880763649 64.14666225125363 -17.75
      vertex 8.97666501192422 63.87229043383129 -17.75
      vertex 11.412194278725366 81.20198163680877 -17.75
    endloop
  endfacet
  facet normal 0 0 1
    outer loop
      vertex 11.200307459517006 63.520100069287416 -17.75
      vertex 13.410304057745478 63.09052024733047 -17.75
      vertex 17.048758647056268 80.20810326017207 -17.75
    endloop
  endfacet
  facet normal 0 0 1
    outer loop
      vertex 15.603962266178568 62.58407434480177 -17.75
      vertex 19.837595439172755 79.56424955463172 -17.75
      vertex 13.410304057745478 63.09052024733047 -17.75
    endloop
  endfacet
  facet normal 0 0 1
    outer loop
      vertex 15.603962266178568 62.58407434480177 -17.75
      vertex 17.778609450196445 62.00137938802157 -17.75
      vertex 22.602263176993933 78.82345906694215 -17.75
    endloop
  endfacet
  facet normal 0 0 1
    outer loop
      vertex 17.778609450196445 62.00137938802157 -17.75
      vertex 19.93159613718411 61.3431453010374 -17.75
      vertex 22.602263176993933 78.82345906694215 -17.75
    endloop
  endfacet
  facet normal 0 0 1
    outer loop
      vertex 8.97666501192422 63.87229043383129 -17.75
      vertex 11.200307459517006 63.520100069287416 -17.75
      vertex 14.239150568688288 80.75423574700106 -17.75
    endloop
  endfacet
  facet normal 0 0 1
    outer loop
      vertex 11.200307459517006 63.520100069287416 -17.75
      vertex 17.048758647056268 80.20810326017207 -17.75
      vertex 14.239150568688288 80.75423574700106 -17.75
    endloop
  endfacet
  facet normal 0 0 1
    outer loop
      vertex 13.410304057745478 63.09052024733047 -17.75
      vertex 19.837595439172755 79.56424955463172 -17.75
      vertex 17.048758647056268 80.20810326017207 -17.75
    endloop
  endfacet
  facet normal 0 0 1
    outer loop
      vertex 15.603962266178568 62.58407434480177 -17.75
      vertex 22.602263176993933 78.82345906694215 -17.75
      vertex 19.837595439172755 79.56424955463172 -17.75
    endloop
  endfacet
  facet normal 0 0 1
    outer loop
      vertex 41.45980082478178 49.40986658117408 -17.75
      vertex 45.853818084601244 67.98108094951343 -17.75
      vertex 39.71016515850496 50.826693607633565 -17.75
    endloop
  endfacet
  facet normal 0 0 1
    outer loop
      vertex 43.15892411014636 47.93284124329193 -17.75
      vertex 44.80546489460532 46.397417121843 -17.75
      vertex 48.198390687982794 66.3393935387457 -17.75
    endloop
  endfacet
  facet normal 0 0 1
    outer loop
      vertex 41.45980082478178 49.40986658117408 -17.75
      vertex 43.15892411014636 47.93284124329193 -17.75
      vertex 45.853818084601244 67.98108094951343 -17.75
    endloop
  endfacet
  facet normal 0 0 1
    outer loop
      vertex 37.91214877286452 52.18159613718411 -17.75
      vertex 39.71016515850496 50.826693607633565 -17.75
      vertex 41.45 71.79350597372996 -17.75
    endloop
  endfacet
  facet normal 0 0 1
    outer loop
      vertex 34.179792543041714 54.69910220208948 -17.75
      vertex 36.067942273863174 53.47292342980019 -17.75
      vertex 36.340968068814526 74.51002643820095 -17.75
    endloop
  endfacet
  facet normal 0 0 1
    outer loop
      vertex 32.25 55.85863854409629 -17.75
      vertex 34.179792543041714 54.69910220208948 -17.75
      vertex 36.340968068814526 74.51002643820095 -17.75
    endloop
  endfacet
  facet normal 0 0 1
    outer loop
      vertex 36.067942273863174 53.47292342980019 -17.75
      vertex 37.91214877286452 52.18159613718411 -17.75
      vertex 38.91919255495035 73.19635544800505 -17.75
    endloop
  endfacet
  facet normal 0 0 1
    outer loop
      vertex 43.15892411014636 47.93284124329193 -17.75
      vertex 48.198390687982794 66.3393935387457 -17.75
      vertex 45.853818084601244 67.98108094951343 -17.75
    endloop
  endfacet
  facet normal 0 0 1
    outer loop
      vertex 24.162125275326325 59.80335861955779 -17.75
      vertex 26.234513478389115 58.923682017947755 -17.75
      vertex 28.353469881697936 77.90051826315181 -17.75
    endloop
  endfacet
  facet normal 0 0 1
    outer loop
      vertex 26.234513478389115 58.923682017947755 -17.75
      vertex 28.274938967895498 57.97221598629628 -17.75
      vertex 28.353469881697936 77.90051826315181 -17.75
    endloop
  endfacet
  facet normal 0 0 1
    outer loop
      vertex 19.93159613718411 61.3431453010374 -17.75
      vertex 22.060299244505632 60.61017404069109 -17.75
      vertex 24.709757205599054 78.17913348140664 -17.75
    endloop
  endfacet
  facet normal 0 0 1
    outer loop
      vertex 22.060299244505632 60.61017404069109 -17.75
      vertex 24.162125275326325 59.80335861955779 -17.75
      vertex 25.61750883368314 78.84258520086823 -17.75
    endloop
  endfacet
  facet normal 0 0 1
    outer loop
      vertex 28.274938967895498 57.97221598629628 -17.75
      vertex 30.280915799689957 56.95011973940079 -17.75
      vertex 31.05488659417911 76.86354154358668 -17.75
    endloop
  endfacet
  facet normal 0 0 1
    outer loop
      vertex 30.280915799689957 56.95011973940079 -17.75
      vertex 32.25 55.85863854409629 -17.75
      vertex 33.71846771098384 75.73291843857162 -17.75
    endloop
  endfacet
  facet normal 0 0 1
    outer loop
      vertex 32.25 55.85863854409629 -17.75
      vertex 36.340968068814526 74.51002643820095 -17.75
      vertex 33.71846771098384 75.73291843857162 -17.75
    endloop
  endfacet
  facet normal 0 0 1
    outer loop
      vertex 19.93159613718411 61.3431453010374 -17.75
      vertex 24.709757205599054 78.17913348140664 -17.75
      vertex 22.602263176993933 78.82345906694215 -17.75
    endloop
  endfacet
  facet normal 0 0 1
    outer loop
      vertex 22.060299244505632 60.61017404069109 -17.75
      vertex 25.61750883368314 78.84258520086823 -17.75
      vertex 24.709757205599054 78.17913348140664 -17.75
    endloop
  endfacet
  facet normal 0 0 1
    outer loop
      vertex 24.162125275326325 59.80335861955779 -17.75
      vertex 28.353469881697936 77.90051826315181 -17.75
      vertex 25.61750883368314 78.84258520086823 -17.75
    endloop
  endfacet
  facet normal 0 0 1
    outer loop
      vertex 28.274938967895498 57.97221598629628 -17.75
      vertex 31.05488659417911 76.86354154358668 -17.75
      vertex 28.353469881697936 77.90051826315181 -17.75
    endloop
  endfacet
  facet normal 0 0 1
    outer loop
      vertex 30.280915799689957 56.95011973940079 -17.75
      vertex 33.71846771098384 75.73291843857162 -17.75
      vertex 31.05488659417911 76.86354154358668 -17.75
    endloop
  endfacet
  facet normal 0 0 1
    outer loop
      vertex 37.91214877286452 52.18159613718411 -17.75
      vertex 41.45 71.79350597372996 -17.75
      vertex 38.91919255495035 73.19635544800505 -17.75
    endloop
  endfacet
  facet normal 0 0 1
    outer loop
      vertex 36.067942273863174 53.47292342980019 -17.75
      vertex 38.91919255495035 73.19635544800505 -17.75
      vertex 36.340968068814526 74.51002643820095 -17.75
    endloop
  endfacet
  facet normal 0 0 1
    outer loop
      vertex 39.71016515850496 50.826693607633565 -17.75
      vertex 42.90245960283094 69.87097005569204 -17.75
      vertex 41.45 71.79350597372996 -17.75
    endloop
  endfacet
  facet normal 0 0 1
    outer loop
      vertex 39.71016515850496 50.826693607633565 -17.75
      vertex 43.4533796671228 69.53994388482693 -17.75
      vertex 42.90245960283094 69.87097005569204 -17.75
    endloop
  endfacet
  facet normal 0 0 1
    outer loop
      vertex 39.71016515850496 50.826693607633565 -17.75
      vertex 45.853818084601244 67.98108094951343 -17.75
      vertex 43.4533796671228 69.53994388482693 -17.75
    endloop
  endfacet
  facet normal 0 0 1
    outer loop
      vertex 41.45 71.79350597372996 -17.75
      vertex 42.90245960283094 69.87097005569204 -17.75
      vertex 42.95264351319892 69.98085749137438 -17.75
    endloop
  endfacet
  facet normal 0 0 1
    outer loop
      vertex 41.45 71.79350597372996 -17.75
      vertex 42.95264351319892 69.98085749137438 -17.75
      vertex 43.930307004932686 70.30318717136771 -17.75
    endloop
  endfacet
  facet normal 0 0 1
    outer loop
      vertex 42.95264351319892 69.98085749137438 -17.75
      vertex 45.08890047198606 69.0052616275063 -17.75
      vertex 45.28104789004887 69.42600578413095 -17.75
    endloop
  endfacet
  facet normal 0 0 1
    outer loop
      vertex 42.95264351319892 69.98085749137438 -17.75
      vertex 45.28104789004887 69.42600578413095 -17.75
      vertex 43.930307004932686 70.30318717136771 -17.75
    endloop
  endfacet
  facet normal 0 0 -1
    outer loop
      vertex 18.07156560129518 72.48109075281694 -10.15
      vertex 19.95855638697259 80.04939741776971 -10.15
      vertex 20.590110479529837 71.80624868659243 -10.15
    endloop
  endfacet
  facet normal 0 0 -1
    outer loop
      vertex 20.590110479529837 71.80624868659243 -10.15
      vertex 19.95855638697259 80.04939741776971 -10.15
      vertex 23.08356947980857 71.04392176724797 -10.15
    endloop
  endfacet
  facet normal 0 0 -1
    outer loop
      vertex 23.08356947980857 71.04392176724797 -10.15
      vertex 22.850336797229232 79.68859459328664 -10.15
      vertex 25.548904706427454 70.19503877270736 -10.15
    endloop
  endfacet
  facet normal 0 0 -1
    outer loop
      vertex 25.548904706427454 70.19503877270736 -10.15
      vertex 25.61750883368314 78.84258520086823 -10.15
      vertex 27.98311252816863 69.26063393613903 -10.15
    endloop
  endfacet
  facet normal 0 0 -1
    outer loop
      vertex 30.383227237762277 68.24184568590229 -10.15
      vertex 27.98311252816863 69.26063393613903 -10.15
      vertex 28.353469881697936 77.90051826315181 -10.15
    endloop
  endfacet
  facet normal 0 0 -1
    outer loop
      vertex 32.74632466514409 67.13991525854777 -10.15
      vertex 33.71846771098384 75.73291843857162 -10.15
      vertex 35.069525740106045 65.95618518656185 -10.15
    endloop
  endfacet
  facet normal 0 0 -1
    outer loop
      vertex 30.383227237762277 68.24184568590229 -10.15
      vertex 31.05488659417911 76.86354154358668 -10.15
      vertex 32.74632466514409 67.13991525854777 -10.15
    endloop
  endfacet
  facet normal 0 0 -1
    outer loop
      vertex 30.383227237762277 68.24184568590229 -10.15
      vertex 28.353469881697936 77.90051826315181 -10.15
      vertex 31.05488659417911 76.86354154358668 -10.15
    endloop
  endfacet
  facet normal 0 0 -1
    outer loop
      vertex 32.74632466514409 67.13991525854777 -10.15
      vertex 31.05488659417911 76.86354154358668 -10.15
      vertex 33.71846771098384 75.73291843857162 -10.15
    endloop
  endfacet
  facet normal 0 0 -1
    outer loop
      vertex 35.069525740106045 65.95618518656185 -10.15
      vertex 36.340968068814526 74.51002643820095 -10.15
      vertex 37.35 64.69209766269756 -10.15
    endloop
  endfacet
  facet normal 0 0 -1
    outer loop
      vertex 37.35 64.69209766269756 -10.15
      vertex 38.91919255495035 73.19635544800505 -10.15
      vertex 39.58496903822041 63.34919278288502 -10.15
    endloop
  endfacet
  facet normal 0 0 -1
    outer loop
      vertex 41.7717098892648 61.92910666986162 -10.15
      vertex 39.58496903822041 63.34919278288502 -10.15
      vertex 41.45 71.79350597372996 -10.15
    endloop
  endfacet
  facet normal 0 0 -1
    outer loop
      vertex 41.7717098892648 61.92910666986162 -10.15
      vertex 41.45 71.79350597372996 -10.15
      vertex 43.90755834624775 60.433569479808575 -10.15
    endloop
  endfacet
  facet normal 0 0 -1
    outer loop
      vertex 45.98991220682667 58.864403294422125 -10.15
      vertex 43.90755834624775 60.433569479808575 -10.15
      vertex 43.930307004932686 70.30318717136771 -10.15
    endloop
  endfacet
  facet normal 0 0 -1
    outer loop
      vertex 45.98991220682667 58.864403294422125 -10.15
      vertex 45.44512941287428 68.84257732125226 -10.15
      vertex 46.133414536336616 68.39559973579094 -10.15
    endloop
  endfacet
  facet normal 0 0 -1
    outer loop
      vertex 43.90755834624775 60.433569479808575 -10.15
      vertex 41.45 71.79350597372996 -10.15
      vertex 43.930307004932686 70.30318717136771 -10.15
    endloop
  endfacet
  facet normal 0 0 -1
    outer loop
      vertex 45.98991220682667 58.864403294422125 -10.15
      vertex 43.930307004932686 70.30318717136771 -10.15
      vertex 45.44512941287428 68.84257732125226 -10.15
    endloop
  endfacet
  facet normal -0.4539904997395479 -0.8910065241883673 0
    outer loop
      vertex 36.340968068814526 74.51002643820095 -17.75
      vertex 38.91919255495035 73.19635544800505 -17.75
      vertex 36.340968068814526 74.51002643820095 -10.15
    endloop
  endfacet
  facet normal -0.48480962024633906 -0.8746197071393946 0
    outer loop
      vertex 38.91919255495035 73.19635544800505 -17.75
      vertex 41.45 71.79350597372996 -17.75
      vertex 38.91919255495035 73.19635544800505 -10.15
    endloop
  endfacet
  facet normal -0.4226182617406964 -0.9063077870366514 0
    outer loop
      vertex 36.340968068814526 74.51002643820095 -17.75
      vertex 36.340968068814526 74.51002643820095 -10.15
      vertex 33.71846771098384 75.73291843857162 -10.15
    endloop
  endfacet
  facet normal -0.4539904997395479 -0.8910065241883673 0
    outer loop
      vertex 38.91919255495035 73.19635544800505 -17.75
      vertex 38.91919255495035 73.19635544800505 -10.15
      vertex 36.340968068814526 74.51002643820095 -10.15
    endloop
  endfacet
  facet normal -0.5150380749100559 -0.8571673007021113 0
    outer loop
      vertex 41.45 71.79350597372996 -17.75
      vertex 43.930307004932686 70.30318717136771 -17.75
      vertex 41.45 71.79350597372996 -10.15
    endloop
  endfacet
  facet normal -0.5446390350150209 -0.8386705679454279 0
    outer loop
      vertex 43.930307004932686 70.30318717136771 -17.75
      vertex 45.28104789004887 69.42600578413095 -17.75
      vertex 43.930307004932686 70.30318717136771 -10.15
    endloop
  endfacet
  facet normal -0.5150380749100559 -0.8571673007021113 0
    outer loop
      vertex 43.930307004932686 70.30318717136771 -17.75
      vertex 43.930307004932686 70.30318717136771 -10.15
      vertex 41.45 71.79350597372996 -10.15
    endloop
  endfacet
  facet normal -0.5446390350150216 -0.8386705679454276 -1.8741741345736696e-16
    outer loop
      vertex 45.28104789004887 69.42600578413095 -17.75
      vertex 46.35709169772492 68.72721476481297 -13.561995884405288
      vertex 43.930307004932686 70.30318717136771 -10.15
    endloop
  endfacet
  facet normal -0.48480962024633906 -0.8746197071393946 0
    outer loop
      vertex 41.45 71.79350597372996 -17.75
      vertex 41.45 71.79350597372996 -10.15
      vertex 38.91919255495035 73.19635544800505 -10.15
    endloop
  endfacet
  facet normal 0 0 -1
    outer loop
      vertex 35.069525740106045 65.95618518656185 -10.15
      vertex 33.71846771098384 75.73291843857162 -10.15
      vertex 36.340968068814526 74.51002643820095 -10.15
    endloop
  endfacet
  facet normal 0 0 -1
    outer loop
      vertex 39.58496903822041 63.34919278288502 -10.15
      vertex 38.91919255495035 73.19635544800505 -10.15
      vertex 41.45 71.79350597372996 -10.15
    endloop
  endfacet
  facet normal 0 0 -1
    outer loop
      vertex 36.340968068814526 74.51002643820095 -10.15
      vertex 38.91919255495035 73.19635544800505 -10.15
      vertex 37.35 64.69209766269756 -10.15
    endloop
  endfacet
  facet normal -0.5446390350150214 -0.8386705679454276 0
    outer loop
      vertex 46.35709169772492 68.72721476481297 -13.561995884405288
      vertex 46.35709169772492 68.72721476481297 -10.15
      vertex 43.930307004932686 70.30318717136771 -10.15
    endloop
  endfacet
  facet normal 0 0 -1
    outer loop
      vertex 45.44512941287428 68.84257732125226 -10.15
      vertex 43.930307004932686 70.30318717136771 -10.15
      vertex 47.18381052189343 68.04854826422923 -10.15
    endloop
  endfacet
  facet normal 0 0 -1
    outer loop
      vertex 46.35709169772492 68.72721476481297 -10.15
      vertex 47.18381052189343 68.04854826422923 -10.15
      vertex 43.930307004932686 70.30318717136771 -10.15
    endloop
  endfacet
  facet normal 0 0 1
    outer loop
      vertex -2.2510175373113124 64.46070834273168 -17.75
      vertex 0 82 -17.75
      vertex -1.682764675924702 81.97062723332283 -17.75
    endloop
  endfacet
  facet normal 0 0 1
    outer loop
      vertex 0 64.5 -17.75
      vertex 2.8617587296050795 81.95004781556585 -17.75
      vertex 0 82 -17.75
    endloop
  endfacet
  facet normal 0 0 1
    outer loop
      vertex 2.2510175373113124 64.46070834273168 -17.75
      vertex 5.7200308470182755 81.80025212130559 -17.75
      vertex 2.8617587296050795 81.95004781556585 -17.75
    endloop
  endfacet
  facet normal 0 0 1
    outer loop
      vertex 4.499292556496082 64.34288124175866 -17.75
      vertex 8.571333987947586 81.55079542019841 -17.75
      vertex 5.7200308470182755 81.80025212130559 -17.75
    endloop
  endfacet
  facet normal 0 0 1
    outer loop
      vertex 6.742085880763649 64.14666225125363 -17.75
      vertex 11.412194278725366 81.20198163680877 -17.75
      vertex 8.571333987947586 81.55079542019841 -17.75
    endloop
  endfacet
  facet normal 0 0 1
    outer loop
      vertex -2.8931682766373306 82.84949955988304 -17.75
      vertex -1.682764675924702 81.97062723332283 -17.75
      vertex -1.7004449004634188 82.09359589602886 -17.75
    endloop
  endfacet
  facet normal 0 0 1
    outer loop
      vertex -2.8931682766373306 82.84949955988304 -17.75
      vertex -1.7004449004634188 82.09359589602886 -17.75
      vertex 0 82.9 -17.75
    endloop
  endfacet
  facet normal 0 0 1
    outer loop
      vertex -1.7004449004634188 82.09359589602886 -17.75
      vertex 0.6241357584993765 82.42782013742824 -17.75
      vertex 0.5576460450706692 82.89026625207633 -17.75
    endloop
  endfacet
  facet normal 0 0 1
    outer loop
      vertex -1.7004449004634188 82.09359589602886 -17.75
      vertex 0.5576460450706692 82.89026625207633 -17.75
      vertex 0 82.9 -17.75
    endloop
  endfacet
  facet normal 0 0 1
    outer loop
      vertex 8.97666501192422 63.87229043383129 -17.75
      vertex 14.239150568688288 80.75423574700106 -17.75
      vertex 11.412194278725366 81.20198163680877 -17.75
    endloop
  endfacet
  facet normal 0 0 1
    outer loop
      vertex 22.623746647321436 79.26475361528017 -17.75
      vertex 24.76000360610856 78.2891577514121 -17.75
      vertex 22.850336797229232 79.68859459328664 -17.75
    endloop
  endfacet
  facet normal 0 0 1
    outer loop
      vertex 22.623746647321436 79.26475361528017 -17.75
      vertex 22.850336797229232 79.68859459328664 -17.75
      vertex 22.82090932584973 79.69647966047806 -17.75
    endloop
  endfacet
  facet normal 0 0 1
    outer loop
      vertex 24.709757205599054 78.17913348140664 -17.75
      vertex 25.61750883368314 78.84258520086823 -17.75
      vertex 24.76000360610856 78.2891577514121 -17.75
    endloop
  endfacet
  facet normal 0 0 1
    outer loop
      vertex 22.850336797229232 79.68859459328664 -17.75
      vertex 24.76000360610856 78.2891577514121 -17.75
      vertex 25.61750883368314 78.84258520086823 -17.75
    endloop
  endfacet
  facet normal 0 0 -1
    outer loop
      vertex -2.606992403676822 74.65449477832645 -10.15
      vertex -2.8931682766373306 82.84949955988304 -10.15
      vertex 0 74.7 -10.15
    endloop
  endfacet
  facet normal 0 0 -1
    outer loop
      vertex 0 74.7 -10.15
      vertex 0 82.9 -10.15
      vertex 2.6069924036768226 74.65449477832645 -10.15
    endloop
  endfacet
  facet normal 0 0 -1
    outer loop
      vertex 2.6069924036768226 74.65449477832645 -10.15
      vertex 2.87920847795633 82.4497432290754 -10.15
      vertex 5.21080858868616 74.51803455440887 -10.15
    endloop
  endfacet
  facet normal 0 0 -1
    outer loop
      vertex -2.8931682766373306 82.84949955988304 -10.15
      vertex 0 82.9 -10.15
      vertex 0 74.7 -10.15
    endloop
  endfacet
  facet normal 0 0 -1
    outer loop
      vertex 2.6069924036768226 74.65449477832645 -10.15
      vertex 1.0042403025740838 82.48247092031504 -10.15
      vertex 2.87920847795633 82.4497432290754 -10.15
    endloop
  endfacet
  facet normal 0 0 -1
    outer loop
      vertex 2.6069924036768226 74.65449477832645 -10.15
      vertex 0 82.9 -10.15
      vertex 1.0042403025740838 82.48247092031504 -10.15
    endloop
  endfacet
  facet normal 0 0 -1
    outer loop
      vertex 5.21080858868616 74.51803455440887 -10.15
      vertex 5.754909083890338 82.2990341464355 -10.15
      vertex 7.8082762060937165 74.29078558401002 -10.15
    endloop
  endfacet
  facet normal 0 0 -1
    outer loop
      vertex 7.8082762060937165 74.29078558401002 -10.15
      vertex 8.623598219581412 82.04805636788255 -10.15
      vertex 10.396230641716889 73.9730247349953 -10.15
    endloop
  endfacet
  facet normal 0 0 -1
    outer loop
      vertex 5.21080858868616 74.51803455440887 -10.15
      vertex 2.87920847795633 82.4497432290754 -10.15
      vertex 5.754909083890338 82.2990341464355 -10.15
    endloop
  endfacet
  facet normal 0 0 -1
    outer loop
      vertex 7.8082762060937165 74.29078558401002 -10.15
      vertex 5.754909083890338 82.2990341464355 -10.15
      vertex 8.623598219581412 82.04805636788255 -10.15
    endloop
  endfacet
  facet normal 0.017452406437283127 -0.9998476951563913 0
    outer loop
      vertex -2.8931682766373306 82.84949955988304 -17.75
      vertex 0 82.9 -17.75
      vertex -2.8931682766373306 82.84949955988304 -10.15
    endloop
  endfacet
  facet normal -0.017452406437289555 -0.9998476951563912 0
    outer loop
      vertex 0 82.9 -17.75
      vertex 0.5576460450706692 82.89026625207633 -17.75
      vertex 0 82.9 -10.15
    endloop
  endfacet
  facet normal 0.017452406437283127 -0.9998476951563913 -2.9983506680680776e-20
    outer loop
      vertex -2.8931682766373306 82.84949955988304 -10.15
      vertex 0 82.9 -17.75
      vertex 0 82.9 -10.15
    endloop
  endfacet
  facet normal -0.01745240643728423 -0.9998476951563913 3.90702736392464e-16
    outer loop
      vertex 0.5576460450706692 82.89026625207633 -17.75
      vertex 2.8902128788443444 82.8495511465434 -10.15
      vertex 0 82.9 -10.15
    endloop
  endfacet
  facet normal 0 0 -1
    outer loop
      vertex 0 82.9 -10.15
      vertex 2.8902128788443444 82.8495511465434 -10.15
      vertex 1.0042403025740838 82.48247092031504 -10.15
    endloop
  endfacet
  facet normal 0 0 -1
    outer loop
      vertex 1.0042403025740838 82.48247092031504 -10.15
      vertex 2.8902128788443444 82.8495511465434 -10.15
      vertex 2.9037245337403124 82.75557552254247 -10.15
    endloop
  endfacet
  facet normal -0.25881904510240417 -0.9659258262890995 3.7421731541625445e-14
    outer loop
      vertex 22.850336797229232 79.68859459328664 -17.75
      vertex 20.56512001656375 80.300916584196 -10.15
      vertex 22.82090932584973 79.69647966047806 -17.75
    endloop
  endfacet
  facet normal 0 0 -1
    outer loop
      vertex 10.396230641716889 73.9730247349953 -10.15
      vertex 11.481780829205398 81.69711567117956 -10.15
      vertex 12.971518871719697 73.56513915001194 -10.15
    endloop
  endfacet
  facet normal 0 0 -1
    outer loop
      vertex 12.971518871719697 73.56513915001194 -10.15
      vertex 14.325974657521753 81.24663962350716 -10.15
      vertex 15.531003304086623 73.06762577481528 -10.15
    endloop
  endfacet
  facet normal 0 0 -1
    outer loop
      vertex 10.396230641716889 73.9730247349953 -10.15
      vertex 8.623598219581412 82.04805636788255 -10.15
      vertex 11.481780829205398 81.69711567117956 -10.15
    endloop
  endfacet
  facet normal 0 0 -1
    outer loop
      vertex 12.971518871719697 73.56513915001194 -10.15
      vertex 11.481780829205398 81.69711567117956 -10.15
      vertex 14.325974657521753 81.24663962350716 -10.15
    endloop
  endfacet
  facet normal 0 0 -1
    outer loop
      vertex 15.531003304086623 73.06762577481528 -10.15
      vertex 14.325974657521753 81.24663962350716 -10.15
      vertex 17.152714492465144 80.69717706053896 -10.15
    endloop
  endfacet
  facet normal 0 0 -1
    outer loop
      vertex 15.531003304086623 73.06762577481528 -10.15
      vertex 17.152714492465144 80.69717706053896 -10.15
      vertex 18.07156560129518 72.48109075281694 -10.15
    endloop
  endfacet
  facet normal 0 0 -1
    outer loop
      vertex 18.07156560129518 72.48109075281694 -10.15
      vertex 17.152714492465144 80.69717706053896 -10.15
      vertex 19.95855638697259 80.04939741776971 -10.15
    endloop
  endfacet
  facet normal 0 0 -1
    outer loop
      vertex 23.08356947980857 71.04392176724797 -10.15
      vertex 19.95855638697259 80.04939741776971 -10.15
      vertex 22.250164451553474 79.43536288749662 -10.15
    endloop
  endfacet
  facet normal 0 0 -1
    outer loop
      vertex 20.56512001656375 80.300916584196 -10.15
      vertex 22.850336797229232 79.68859459328664 -10.15
      vertex 22.250164451553474 79.43536288749662 -10.15
    endloop
  endfacet
  facet normal 0 0 -1
    outer loop
      vertex 20.52883659741406 80.22146697855725 -10.15
      vertex 20.56512001656375 80.300916584196 -10.15
      vertex 22.250164451553474 79.43536288749662 -10.15
    endloop
  endfacet
  facet normal -0.3255681544571543 -0.9455185755993175 0
    outer loop
      vertex 28.353469881697936 77.90051826315181 -17.75
      vertex 28.353469881697936 77.90051826315181 -10.15
      vertex 25.61750883368314 78.84258520086823 -10.15
    endloop
  endfacet
  facet normal -0.2923717047227391 -0.9563047559630349 0
    outer loop
      vertex 22.850336797229232 79.68859459328664 -17.75
      vertex 25.61750883368314 78.84258520086823 -17.75
      vertex 22.850336797229232 79.68859459328664 -10.15
    endloop
  endfacet
  facet normal -0.3255681544571543 -0.9455185755993175 0
    outer loop
      vertex 25.61750883368314 78.84258520086823 -17.75
      vertex 28.353469881697936 77.90051826315181 -17.75
      vertex 25.61750883368314 78.84258520086823 -10.15
    endloop
  endfacet
  facet normal -0.2923717047227391 -0.9563047559630349 0
    outer loop
      vertex 25.61750883368314 78.84258520086823 -17.75
      vertex 25.61750883368314 78.84258520086823 -10.15
      vertex 22.850336797229232 79.68859459328664 -10.15
    endloop
  endfacet
  facet normal -0.2588190451025203 -0.9659258262890684 0
    outer loop
      vertex 22.850336797229232 79.68859459328664 -17.75
      vertex 22.850336797229232 79.68859459328664 -10.15
      vertex 20.56512001656375 80.300916584196 -10.15
    endloop
  endfacet
  facet normal -0.3583679495453007 -0.9335804264972016 0
    outer loop
      vertex 28.353469881697936 77.90051826315181 -17.75
      vertex 31.05488659417911 76.86354154358668 -17.75
      vertex 28.353469881697936 77.90051826315181 -10.15
    endloop
  endfacet
  facet normal -0.390731128489274 -0.9205048534524403 0
    outer loop
      vertex 31.05488659417911 76.86354154358668 -17.75
      vertex 33.71846771098384 75.73291843857162 -17.75
      vertex 31.05488659417911 76.86354154358668 -10.15
    endloop
  endfacet
  facet normal -0.3583679495453007 -0.9335804264972016 0
    outer loop
      vertex 31.05488659417911 76.86354154358668 -17.75
      vertex 31.05488659417911 76.86354154358668 -10.15
      vertex 28.353469881697936 77.90051826315181 -10.15
    endloop
  endfacet
  facet normal -0.390731128489274 -0.9205048534524403 0
    outer loop
      vertex 33.71846771098384 75.73291843857162 -17.75
      vertex 33.71846771098384 75.73291843857162 -10.15
      vertex 31.05488659417911 76.86354154358668 -10.15
    endloop
  endfacet
  facet normal 0 0 -1
    outer loop
      vertex 23.08356947980857 71.04392176724797 -10.15
      vertex 22.250164451553474 79.43536288749662 -10.15
      vertex 22.850336797229232 79.68859459328664 -10.15
    endloop
  endfacet
  facet normal 0 0 -1
    outer loop
      vertex 22.850336797229232 79.68859459328664 -10.15
      vertex 25.61750883368314 78.84258520086823 -10.15
      vertex 25.548904706427454 70.19503877270736 -10.15
    endloop
  endfacet
  facet normal 0 0 -1
    outer loop
      vertex 27.98311252816863 69.26063393613903 -10.15
      vertex 25.61750883368314 78.84258520086823 -10.15
      vertex 28.353469881697936 77.90051826315181 -10.15
    endloop
  endfacet
  facet normal -0.4226182617406964 -0.9063077870366514 7.99474459605995e-18
    outer loop
      vertex 36.340968068814526 74.51002643820095 -17.75
      vertex 33.71846771098384 75.73291843857162 -10.15
      vertex 33.71846771098384 75.73291843857162 -17.75
    endloop
  endfacet
  facet normal 0 0 1
    outer loop
      vertex 47.93284124329193 43.15892411014636 -17.75
      vertex 50.48424097670398 64.6168817957512 -17.75
      vertex 46.397417121843 44.80546489460532 -17.75
    endloop
  endfacet
  facet normal 0 0 1
    outer loop
      vertex 44.80546489460532 46.397417121843 -17.75
      vertex 46.397417121843 44.80546489460532 -17.75
      vertex 50.48424097670398 64.6168817957512 -17.75
    endloop
  endfacet
  facet normal 0 0 1
    outer loop
      vertex 52.18159613718411 37.91214877286452 -17.75
      vertex 56.96198637763777 58.9858636277694 -17.75
      vertex 54.86870972142638 60.93787568914633 -17.75
    endloop
  endfacet
  facet normal 0 0 1
    outer loop
      vertex 50.826693607633565 39.71016515850496 -17.75
      vertex 54.86870972142638 60.93787568914633 -17.75
      vertex 52.70858399429622 62.8156443357562 -17.75
    endloop
  endfacet
  facet normal 0 0 1
    outer loop
      vertex 44.80546489460532 46.397417121843 -17.75
      vertex 50.48424097670398 64.6168817957512 -17.75
      vertex 48.198390687982794 66.3393935387457 -17.75
    endloop
  endfacet
  facet normal 0 0 1
    outer loop
      vertex 47.93284124329193 43.15892411014636 -17.75
      vertex 52.70858399429622 62.8156443357562 -17.75
      vertex 50.48424097670398 64.6168817957512 -17.75
    endloop
  endfacet
  facet normal 0 0 1
    outer loop
      vertex 61.886067982918355 54.450433126531394 -17.75
      vertex 63.155754751185285 52.474761950943005 -17.75
      vertex 63.50508433456328 53.28709284301411 -17.75
    endloop
  endfacet
  facet normal 0 0 1
    outer loop
      vertex 61.886067982918355 54.450433126531394 -17.75
      vertex 63.50508433456328 53.28709284301411 -17.75
      vertex 62.275980710660605 54.7010148211526 -17.75
    endloop
  endfacet
  facet normal -0.754709580222772 -0.6560590289905073 1.6758392313738365e-15
    outer loop
      vertex 62.275980710660605 54.7010148211526 -17.75
      vertex 63.50508433456328 53.28709284301411 -17.75
      vertex 61.606706032075984 55.47092726714935 -14.41855504415731
    endloop
  endfacet
  facet normal 0 0 -1
    outer loop
      vertex 57.22351990098766 48.01623444358449 -10.15
      vertex 57.309315562867276 59.34553352793872 -10.15
      vertex 58.864403294422125 45.98991220682667 -10.15
    endloop
  endfacet
  facet normal 0 0 -1
    outer loop
      vertex 55.512918463161355 49.98405629500671 -10.15
      vertex 55.2032750246058 61.309448101885025 -10.15
      vertex 57.22351990098766 48.01623444358449 -10.15
    endloop
  endfacet
  facet normal 0 0 -1
    outer loop
      vertex 51.8909802732871 53.73468308529725 -10.15
      vertex 53.02997779913949 63.19866655731568 -10.15
      vertex 53.73468308529725 51.8909802732871 -10.15
    endloop
  endfacet
  facet normal 0 0 -1
    outer loop
      vertex 55.512918463161355 49.98405629500671 -10.15
      vertex 53.73468308529725 51.8909802732871 -10.15
      vertex 53.02997779913949 63.19866655731568 -10.15
    endloop
  endfacet
  facet normal 0 0 -1
    outer loop
      vertex 57.22351990098766 48.01623444358449 -10.15
      vertex 55.2032750246058 61.309448101885025 -10.15
      vertex 57.309315562867276 59.34553352793872 -10.15
    endloop
  endfacet
  facet normal 0 0 -1
    outer loop
      vertex 49.98405629500671 55.512918463161355 -10.15
      vertex 50.792071714366806 65.01088717255456 -10.15
      vertex 51.8909802732871 53.73468308529725 -10.15
    endloop
  endfacet
  facet normal 0 0 -1
    outer loop
      vertex 48.01623444358449 57.22351990098766 -10.15
      vertex 48.49228331412903 66.74390203593316 -10.15
      vertex 49.98405629500671 55.512918463161355 -10.15
    endloop
  endfacet
  facet normal 0 0 -1
    outer loop
      vertex 45.98991220682667 58.864403294422125 -10.15
      vertex 46.133414536336616 68.39559973579094 -10.15
      vertex 48.01623444358449 57.22351990098766 -10.15
    endloop
  endfacet
  facet normal 0 0 -1
    outer loop
      vertex 51.8909802732871 53.73468308529725 -10.15
      vertex 50.792071714366806 65.01088717255456 -10.15
      vertex 53.02997779913949 63.19866655731568 -10.15
    endloop
  endfacet
  facet normal 0 0 -1
    outer loop
      vertex 48.49228331412903 66.74390203593316 -10.15
      vertex 50.792071714366806 65.01088717255456 -10.15
      vertex 49.98405629500671 55.512918463161355 -10.15
    endloop
  endfacet
  facet normal 0 0 -1
    outer loop
      vertex 55.512918463161355 49.98405629500671 -10.15
      vertex 53.02997779913949 63.19866655731568 -10.15
      vertex 55.2032750246058 61.309448101885025 -10.15
    endloop
  endfacet
  facet normal -0.7771459614569689 -0.6293203910498396 0
    outer loop
      vertex 63.50508433456328 53.28709284301411 -17.75
      vertex 65.32609147399725 51.03833630449708 -10.15
      vertex 63.50508433456328 53.28709284301411 -10.15
    endloop
  endfacet
  facet normal -0.7547095802227731 -0.6560590289905058 0
    outer loop
      vertex 63.50508433456328 53.28709284301411 -17.75
      vertex 63.50508433456328 53.28709284301411 -10.15
      vertex 61.606706032075984 55.47092726714935 -14.41855504415731
    endloop
  endfacet
  facet normal -0.7771459614569689 -0.6293203910498396 8.63699262597836e-18
    outer loop
      vertex 63.50508433456328 53.28709284301411 -17.75
      vertex 65.32609147399725 51.03833630449708 -17.75
      vertex 65.32609147399725 51.03833630449708 -10.15
    endloop
  endfacet
  facet normal -0.7986355100472922 -0.6018150231520492 6.79972686808847e-18
    outer loop
      vertex 67.06750883368315 48.72739741504603 -10.15
      vertex 65.32609147399725 51.03833630449708 -10.15
      vertex 65.32609147399725 51.03833630449708 -17.75
    endloop
  endfacet
  facet normal 0 0 -1
    outer loop
      vertex 60.433569479808575 43.90755834624775 -10.15
      vertex 59.34553352793872 57.309315562867276 -10.15
      vertex 61.309448101885025 55.2032750246058 -10.15
    endloop
  endfacet
  facet normal 0 0 -1
    outer loop
      vertex 61.92910666986162 41.7717098892648 -10.15
      vertex 61.309448101885025 55.2032750246058 -10.15
      vertex 61.6654000092974 54.79379919582854 -10.15
    endloop
  endfacet
  facet normal -0.7313537016191721 -0.6819983600624967 0
    outer loop
      vertex 61.606706032075984 55.47092726714935 -14.41855504415731
      vertex 61.606706032075984 55.47092726714935 -10.15
      vertex 60.71016864901438 56.43234590411203 -10.15
    endloop
  endfacet
  facet normal -0.7547095802227732 -0.6560590289905059 0
    outer loop
      vertex 61.606706032075984 55.47092726714935 -14.41855504415731
      vertex 63.50508433456328 53.28709284301411 -10.15
      vertex 61.606706032075984 55.47092726714935 -10.15
    endloop
  endfacet
  facet normal 0 0 -1
    outer loop
      vertex 58.864403294422125 45.98991220682667 -10.15
      vertex 57.309315562867276 59.34553352793872 -10.15
      vertex 59.34553352793872 57.309315562867276 -10.15
    endloop
  endfacet
  facet normal 0 0 -1
    outer loop
      vertex 61.6654000092974 54.79379919582854 -10.15
      vertex 60.71016864901438 56.43234590411203 -10.15
      vertex 61.606706032075984 55.47092726714935 -10.15
    endloop
  endfacet
  facet normal 0 0 -1
    outer loop
      vertex 61.6654000092974 54.79379919582854 -10.15
      vertex 60.64095579726304 56.387865505172904 -10.15
      vertex 60.71016864901438 56.43234590411203 -10.15
    endloop
  endfacet
  facet normal 0 0 -1
    outer loop
      vertex 48.01623444358449 57.22351990098766 -10.15
      vertex 46.133414536336616 68.39559973579094 -10.15
      vertex 48.49228331412903 66.74390203593316 -10.15
    endloop
  endfacet
  facet normal -0.5735764363510507 -0.8191520442889886 0
    outer loop
      vertex 46.35709169772492 68.72721476481297 -13.561995884405288
      vertex 47.218341708219654 68.12416101518136 -10.15
      vertex 46.35709169772492 68.72721476481297 -10.15
    endloop
  endfacet
  facet normal 0 0 -1
    outer loop
      vertex 46.35709169772492 68.72721476481297 -10.15
      vertex 47.218341708219654 68.12416101518136 -10.15
      vertex 47.18381052189343 68.04854826422923 -10.15
    endloop
  endfacet
  facet normal 0.4998385963705048 0.1467658540875071 0.8535930890373515
    outer loop
      vertex 64.54949020363591 34.58669717284914 -25.895882299986027
      vertex 68.68736372940394 20.49439411000329 -25.895882299986027
      vertex 69.00978572449392 20.59059584316544 -26.1012238019828
    endloop
  endfacet
  facet normal 0.6137617695965113 0.18021671590626992 0.7686471397785317
    outer loop
      vertex 64.32364754675376 34.52038378555296 -25.700000000000003
      vertex 68.39702779825542 20.407765963657567 -25.643739379146588
      vertex 68.68736372940394 20.49439411000329 -25.895882299986027
    endloop
  endfacet
  facet normal 0.24268780319736977 0.07125956853176026 0.9674836970574244
    outer loop
      vertex 65.22040796946126 34.78369640347849 -26.255387387525545
      vertex 69.35742191847302 20.69432079022232 -26.255387387525545
      vertex 69.72286304941525 20.803358234009515 -26.35508732743956
    endloop
  endfacet
  facet normal 0.10494090595429133 0.030813430181133507 0.9940009752399467
    outer loop
      vertex 65.58631790252706 34.89113725385591 -26.35508732743956
      vertex 69.72286304941525 20.803358234009515 -26.35508732743956
      vertex 70.09832037407529 20.91538423071808 -26.398198690599646
    endloop
  endfacet
  facet normal -0.035042624506016 -0.010289442937057556 0.9993328483702392
    outer loop
      vertex 65.96225687847426 35.001522896922125 -26.398198690599646
      vertex 70.09832037407529 20.91538423071808 -26.398198690599646
      vertex 70.47579167142827 21.028011140722118 -26.38380263314785
    endloop
  endfacet
  facet normal -0.17427928226422412 -0.051173014443059786 0.9833656768294677
    outer loop
      vertex 66.34021241071709 35.11250065434124 -26.38380263314785
      vertex 70.47579167142827 21.028011140722118 -26.38380263314785
      vertex 70.84723179611805 21.138838516972147 -26.312205982055048
    endloop
  endfacet
  facet normal -0.30980147969601074 -0.09096592199025613 0.9464397731576082
    outer loop
      vertex 66.71212903327338 35.22170522788793 -26.312205982055048
      vertex 70.84723179611805 21.138838516972147 -26.312205982055048
      vertex 71.20472414676269 21.245504266356356 -26.18493469563673
    endloop
  endfacet
  facet normal 0.24268780319736763 0.07125956853175955 0.967483697057425
    outer loop
      vertex 65.22040796946126 34.78369640347849 -26.255387387525545
      vertex 69.72286304941525 20.803358234009515 -26.35508732743956
      vertex 65.58631790252706 34.89113725385591 -26.35508732743956
    endloop
  endfacet
  facet normal 0.10494090595429305 0.030813430181134065 0.9940009752399463
    outer loop
      vertex 65.58631790252706 34.89113725385591 -26.35508732743956
      vertex 70.09832037407529 20.91538423071808 -26.398198690599646
      vertex 65.96225687847426 35.001522896922125 -26.398198690599646
    endloop
  endfacet
  facet normal -0.035042624506015356 -0.010289442937057346 0.9993328483702392
    outer loop
      vertex 65.96225687847426 35.001522896922125 -26.398198690599646
      vertex 70.47579167142827 21.028011140722118 -26.38380263314785
      vertex 66.34021241071709 35.11250065434124 -26.38380263314785
    endloop
  endfacet
  facet normal -0.1742792822642229 -0.05117301444305939 0.983365676829468
    outer loop
      vertex 66.34021241071709 35.11250065434124 -26.38380263314785
      vertex 70.84723179611805 21.138838516972147 -26.312205982055048
      vertex 66.71212903327338 35.22170522788793 -26.312205982055048
    endloop
  endfacet
  facet normal 0.9188110471411398 0.2697872654450812 0.2880990993652488
    outer loop
      vertex 57.893568372992206 53.476684512973435 -24.287061474070203
      vertex 67.6674014829053 20.19006581550916 -24.287061474070203
      vertex 67.77622322431107 20.22253518884095 -24.664523402463058
    endloop
  endfacet
  facet normal 0.9492680101601647 0.27873023668191077 0.1456011677350407
    outer loop
      vertex 57.83850086776988 53.46051523454014 -23.89708734958445
      vertex 67.61240452991743 20.173656258231304 -23.89708734958445
      vertex 67.6674014829053 20.19006581550916 -24.287061474070203
    endloop
  endfacet
  facet normal 0.9594929736144974 0.28173255684142945 -8.518705242567084e-16
    outer loop
      vertex 57.83850086776988 53.46051523454014 -23.50291265041555
      vertex 67.61240452991743 20.173656258231304 -23.50291265041555
      vertex 67.61240452991743 20.173656258231304 -23.89708734958445
    endloop
  endfacet
  facet normal 0.9492680101601645 0.27873023668191094 -0.14560116773504175
    outer loop
      vertex 57.893568372992206 53.476684512973435 -23.112938525929795
      vertex 67.6674014829053 20.19006581550916 -23.112938525929795
      vertex 67.61240452991743 20.173656258231304 -23.50291265041555
    endloop
  endfacet
  facet normal 0.9188110471411421 0.26978726544508186 -0.2880990993652407
    outer loop
      vertex 58.00252971516849 53.50867844974251 -22.73547659753694
      vertex 67.77622322431107 20.22253518884095 -22.73547659753694
      vertex 67.6674014829053 20.19006581550916 -23.112938525929795
    endloop
  endfacet
  facet normal 0.3752622312577741 0.1101869328964466 0.9203461835691561
    outer loop
      vertex 64.87232581422558 34.6814902609822 -26.1012238019828
      vertex 69.00978572449392 20.59059584316544 -26.1012238019828
      vertex 69.35742191847302 20.69432079022232 -26.255387387525545
    endloop
  endfacet
  facet normal -0.4387207964499622 -0.12882004884072928 0.8893421488825225
    outer loop
      vertex 67.07007998903646 35.32680911167258 -26.18493469563673
      vertex 71.20472414676269 21.245504266356356 -26.18493469563673
      vertex 71.54064939456863 21.345734993614396 -26.004701340400835
    endloop
  endfacet
  facet normal -0.5582895411128008 -0.16392860000112175 0.8132897407355699
    outer loop
      vertex 67.40643617484088 35.42557219888845 -26.004701340400835
      vertex 71.54064939456863 21.345734993614396 -26.004701340400835
      vertex 71.84784787609559 21.437394454810352 -25.775347277402037
    endloop
  endfacet
  facet normal -0.665959313481347 -0.19554329765717002 0.7199034737579841
    outer loop
      vertex 67.71402874255108 35.51588952579911 -25.775347277402037
      vertex 71.84784787609559 21.437394454810352 -25.775347277402037
      vertex 72.1197721890525 21.51852908766343 -25.501760790300047
    endloop
  endfacet
  facet normal 0.6137617695964943 0.18021671590626442 0.7686471397785466
    outer loop
      vertex 64.54949020363591 34.58669717284914 -25.895882299986027
      vertex 64.32364754675376 34.52038378555296 -25.700000000000003
      vertex 68.68736372940394 20.49439411000329 -25.895882299986027
    endloop
  endfacet
  facet normal 0.7146036762861726 0.20982657130877258 0.667318811222261
    outer loop
      vertex 58.371745465733156 53.61708997571843 -25.350169028064194
      vertex 68.14496593735399 20.332557732668157 -25.350169028064194
      vertex 68.39702779825542 20.407765963657567 -25.643739379146588
    endloop
  endfacet
  facet normal 0.37526223125777297 0.11018693289644625 0.9203461835691565
    outer loop
      vertex 65.22040796946126 34.78369640347849 -26.255387387525545
      vertex 64.87232581422558 34.6814902609822 -26.1012238019828
      vertex 69.35742191847302 20.69432079022232 -26.255387387525545
    endloop
  endfacet
  facet normal 0.49983859637050976 0.14676585408750872 0.8535930890373484
    outer loop
      vertex 64.87232581422558 34.6814902609822 -26.1012238019828
      vertex 64.54949020363591 34.58669717284914 -25.895882299986027
      vertex 69.00978572449392 20.59059584316544 -26.1012238019828
    endloop
  endfacet
  facet normal 0.8002150462751866 0.23496433763429592 0.5517677407704057
    outer loop
      vertex 58.1630625724635 53.55581514963143 -25.02142818908993
      vertex 67.93655040764754 20.27037234990582 -25.02142818908993
      vertex 68.14496593735399 20.332557732668157 -25.350169028064194
    endloop
  endfacet
  facet normal 0.8687712218463101 0.2550942470365118 0.4244566988758038
    outer loop
      vertex 58.00252971516849 53.50867844974251 -24.664523402463058
      vertex 67.77622322431107 20.22253518884095 -24.664523402463058
      vertex 67.93655040764754 20.27037234990582 -25.02142818908993
    endloop
  endfacet
  facet normal -0.3098014796960112 -0.09096592199025627 0.9464397731576082
    outer loop
      vertex 66.71212903327338 35.22170522788793 -26.312205982055048
      vertex 71.20472414676269 21.245504266356356 -26.18493469563673
      vertex 67.07007998903646 35.32680911167258 -26.18493469563673
    endloop
  endfacet
  facet normal -0.4387207964499666 -0.1288200488407307 0.8893421488825204
    outer loop
      vertex 67.07007998903646 35.32680911167258 -26.18493469563673
      vertex 71.54064939456863 21.345734993614396 -26.004701340400835
      vertex 67.40643617484088 35.42557219888845 -26.004701340400835
    endloop
  endfacet
  facet normal -0.5582895411127958 -0.16392860000112014 0.8132897407355737
    outer loop
      vertex 67.40643617484088 35.42557219888845 -26.004701340400835
      vertex 71.84784787609559 21.437394454810352 -25.775347277402037
      vertex 67.71402874255108 35.51588952579911 -25.775347277402037
    endloop
  endfacet
  facet normal -0.6659593134813562 -0.19554329765717315 0.7199034737579747
    outer loop
      vertex 67.71402874255108 35.51588952579911 -25.775347277402037
      vertex 72.1197721890525 21.51852908766343 -25.501760790300047
      vertex 67.78901431889832 35.53790727760291 -25.700000000000006
    endloop
  endfacet
  facet normal 0.6137617695965543 0.18021671590628213 0.7686471397784947
    outer loop
      vertex 64.32364754675376 34.52038378555296 -25.700000000000003
      vertex 58.62413068141228 53.69119696146778 -25.643739379146588
      vertex 68.39702779825542 20.407765963657567 -25.643739379146588
    endloop
  endfacet
  facet normal -0.7594353192884117 -0.2229903294161849 0.6111737140978574
    outer loop
      vertex 63.044544677789084 52.42591561278991 -25.501760790300047
      vertex 72.1197721890525 21.51852908766343 -25.501760790300047
      vertex 72.35062673881018 21.587409648336276 -25.189772900080204
    endloop
  endfacet
  facet normal -0.8367252797586695 -0.2456847094484116 0.4894178478110763
    outer loop
      vertex 63.23375152792564 52.63663521259152 -25.189772900080204
      vertex 72.35062673881018 21.587409648336276 -25.189772900080204
      vertex 72.5354912614387 21.64256806726515 -24.8460330869647
    endloop
  endfacet
  facet normal -0.8961818935716289 -0.26314274644430213 0.3572308898011471
    outer loop
      vertex 63.37230919366657 52.849500303095475 -24.8460330869647
      vertex 72.5354912614387 21.64256806726515 -24.8460330869647
      vertex 72.67042569059082 21.682828738513887 -24.47786756828614
    endloop
  endfacet
  facet normal -0.936537946229519 -0.27499235265507427 0.21743017558154598
    outer loop
      vertex 63.4630096910801 53.04040791119225 -24.47786756828614
      vertex 72.67042569059082 21.682828738513887 -24.47786756828614
      vertex 72.7525541331756 21.70733357577339 -24.093123152884512
    endloop
  endfacet
  facet normal -0.9569333185340785 -0.2809809742970344 0.07299531466090933
    outer loop
      vertex 63.503919896533525 53.205289172659505 -24.093123152884512
      vertex 72.7525541331756 21.70733357577339 -24.093123152884512
      vertex 72.78012616402665 21.715560300981554 -23.7
    endloop
  endfacet
  facet normal -0.9569333185340784 -0.2809809742970342 -0.07299531466091072
    outer loop
      vertex 63.49416788002389 53.34062992966772 -23.7
      vertex 72.78012616402665 21.715560300981554 -23.7
      vertex 72.7525541331756 21.70733357577339 -23.306876847115486
    endloop
  endfacet
  facet normal -0.9365379462295204 -0.27499235265507455 -0.21743017558154049
    outer loop
      vertex 63.433961488852106 53.443545628953146 -23.306876847115486
      vertex 72.7525541331756 21.70733357577339 -23.306876847115486
      vertex 72.67042569059082 21.68282873851389 -22.92213243171386
    endloop
  endfacet
  facet normal -0.6659593134813474 -0.19554329765717027 0.7199034737579836
    outer loop
      vertex 67.78901431889832 35.53790727760291 -25.700000000000006
      vertex 72.1197721890525 21.51852908766343 -25.501760790300047
      vertex 63.044544677789084 52.42591561278991 -25.501760790300047
    endloop
  endfacet
  facet normal 0.8687712218463104 0.2550942470365119 -0.42445669887580284
    outer loop
      vertex 58.1630625724635 53.55581514963143 -22.378571810910067
      vertex 67.93655040764754 20.27037234990582 -22.378571810910067
      vertex 67.77622322431107 20.22253518884095 -22.73547659753694
    endloop
  endfacet
  facet normal 0.8002150462751877 0.23496433763429603 -0.551767740770404
    outer loop
      vertex 58.371745465733156 53.61708997571843 -22.049830971935805
      vertex 68.14496593735399 20.332557732668157 -22.049830971935805
      vertex 67.93655040764754 20.27037234990582 -22.378571810910067
    endloop
  endfacet
  facet normal 0.7146036762861724 0.20982657130877277 -0.6673188112222613
    outer loop
      vertex 58.62413068141228 53.69119696146778 -21.75626062085341
      vertex 68.39702779825542 20.407765963657567 -21.75626062085341
      vertex 68.14496593735399 20.332557732668157 -22.049830971935805
    endloop
  endfacet
  facet normal 0.6137617695965117 0.18021671590626956 -0.7686471397785314
    outer loop
      vertex 58.91483906680732 53.776556645139095 -21.50411770001397
      vertex 68.68736372940394 20.49439411000329 -21.50411770001397
      vertex 68.39702779825542 20.407765963657567 -21.75626062085341
    endloop
  endfacet
  facet normal 0.49983859637050515 0.14676585408750728 -0.8535930890373514
    outer loop
      vertex 59.23767467739698 53.871349733272154 -21.298776198017197
      vertex 69.00978572449392 20.59059584316544 -21.298776198017197
      vertex 68.68736372940394 20.49439411000329 -21.50411770001397
    endloop
  endfacet
  facet normal 0.37526223125777436 0.11018693289644661 -0.920346183569156
    outer loop
      vertex 59.58575683263267 53.97355587576844 -21.144612612474454
      vertex 69.35742191847302 20.69432079022232 -21.144612612474454
      vertex 69.00978572449392 20.59059584316544 -21.298776198017197
    endloop
  endfacet
  facet normal 0.24268780319737027 0.07125956853176035 -0.9674836970574243
    outer loop
      vertex 59.95166676569846 54.08099672614586 -21.04491267256044
      vertex 69.72286304941525 20.803358234009515 -21.04491267256044
      vertex 69.35742191847302 20.69432079022232 -21.144612612474454
    endloop
  endfacet
  facet normal -0.8367252797586853 -0.24568470944841628 -0.489417847811047
    outer loop
      vertex 63.168366359656396 53.544065810346815 -22.5539669130353
      vertex 72.53549126143868 21.64256806726515 -22.5539669130353
      vertex 72.35062673881018 21.58740964833628 -22.210227099919795
    endloop
  endfacet
  facet normal -0.7594353192884108 -0.22299032941618468 -0.6111737140978587
    outer loop
      vertex 63.155754751185285 52.474761950943005 -22.05424905834668
      vertex 72.35062673881018 21.58740964833628 -22.210227099919795
      vertex 72.1197721890525 21.51852908766343 -21.898239209699952
    endloop
  endfacet
  facet normal -0.8961818935716167 -0.2631427464442984 -0.35723088980118034
    outer loop
      vertex 63.32458391771868 53.511842801062635 -22.92213243171386
      vertex 72.67042569059082 21.68282873851389 -22.92213243171386
      vertex 72.53549126143868 21.64256806726515 -22.5539669130353
    endloop
  endfacet
  facet normal -0.6659593134813478 -0.19554329765717038 -0.7199034737579831
    outer loop
      vertex 63.044544677789084 52.42591561278991 -21.898239209699952
      vertex 72.1197721890525 21.51852908766343 -21.898239209699952
      vertex 71.84784787609559 21.437394454810356 -21.62465272259796
    endloop
  endfacet
  facet normal -0.5582895411127986 -0.16392860000112103 -0.8132897407355715
    outer loop
      vertex 62.58936626103973 52.96888714269684 -21.62465272259796
      vertex 71.84784787609559 21.437394454810356 -21.62465272259796
      vertex 71.54064939456863 21.345734993614393 -21.395298659599163
    endloop
  endfacet
  facet normal -0.4387207964499629 -0.12882004884072965 -0.8893421488825222
    outer loop
      vertex 62.08483386696718 53.54928526925748 -21.395298659599163
      vertex 71.54064939456863 21.345734993614393 -21.395298659599163
      vertex 71.20472414676269 21.245504266356356 -21.215065304363268
    endloop
  endfacet
  facet normal -0.3098014796960109 -0.09096592199025623 -0.9464397731576082
    outer loop
      vertex 61.53312160373429 54.183957626757014 -21.215065304363268
      vertex 71.20472414676269 21.245504266356356 -21.215065304363268
      vertex 70.84723179611805 21.13883851697215 -21.08779401794495
    endloop
  endfacet
  facet normal 0.10494090595429173 0.030813430181133653 -0.9940009752399466
    outer loop
      vertex 60.32760574164567 54.19138236921208 -21.001801309400353
      vertex 70.09832037407529 20.91538423071808 -21.001801309400353
      vertex 69.72286304941525 20.803358234009515 -21.04491267256044
    endloop
  endfacet
  facet normal -0.03504262450601605 -0.010289442937057554 -0.9993328483702391
    outer loop
      vertex 60.70556127388849 54.30236012663119 -21.016197366852147
      vertex 70.47579167142827 21.028011140722118 -21.016197366852147
      vertex 70.09832037407529 20.91538423071808 -21.001801309400353
    endloop
  endfacet
  facet normal -0.17427928226422393 -0.05117301444305974 -0.9833656768294678
    outer loop
      vertex 61.07747789644479 54.411564700177884 -21.08779401794495
      vertex 70.84723179611805 21.13883851697215 -21.08779401794495
      vertex 70.47579167142827 21.028011140722118 -21.016197366852147
    endloop
  endfacet
  facet normal 0.918811047141141 0.2697872654450816 0.28809909936524447
    outer loop
      vertex 58.00252971516849 53.50867844974251 -24.664523402463058
      vertex 57.893568372992206 53.476684512973435 -24.287061474070203
      vertex 67.77622322431107 20.22253518884095 -24.664523402463058
    endloop
  endfacet
  facet normal 0.8687712218463117 0.2550942470365123 0.42445669887579995
    outer loop
      vertex 58.1630625724635 53.55581514963143 -25.02142818908993
      vertex 58.00252971516849 53.50867844974251 -24.664523402463058
      vertex 67.93655040764754 20.27037234990582 -25.02142818908993
    endloop
  endfacet
  facet normal 0.7146036762861855 0.2098265713087766 0.6673188112222459
    outer loop
      vertex 58.62413068141228 53.69119696146778 -25.643739379146588
      vertex 58.371745465733156 53.61708997571843 -25.350169028064194
      vertex 68.39702779825542 20.407765963657567 -25.643739379146588
    endloop
  endfacet
  facet normal 0.8002150462751761 0.2349643376342926 0.5517677407704223
    outer loop
      vertex 58.371745465733156 53.61708997571843 -25.350169028064194
      vertex 58.1630625724635 53.55581514963143 -25.02142818908993
      vertex 68.14496593735399 20.332557732668157 -25.350169028064194
    endloop
  endfacet
  facet normal 0.9492680101601668 0.2787302366819116 0.145601167735025
    outer loop
      vertex 57.893568372992206 53.476684512973435 -24.287061474070203
      vertex 57.83850086776988 53.46051523454014 -23.89708734958445
      vertex 67.6674014829053 20.19006581550916 -24.287061474070203
    endloop
  endfacet
  facet normal 0.9594929736144974 0.28173255684142945 0
    outer loop
      vertex 57.83850086776988 53.46051523454014 -23.89708734958445
      vertex 57.83850086776988 53.46051523454014 -23.50291265041555
      vertex 67.61240452991743 20.173656258231304 -23.89708734958445
    endloop
  endfacet
  facet normal 0.9492680101601669 0.27873023668191144 -0.14560116773502502
    outer loop
      vertex 57.83850086776988 53.46051523454014 -23.50291265041555
      vertex 57.893568372992206 53.476684512973435 -23.112938525929795
      vertex 67.61240452991743 20.173656258231304 -23.50291265041555
    endloop
  endfacet
  facet normal 0.918811047141141 0.2697872654450816 -0.2880990993652445
    outer loop
      vertex 57.893568372992206 53.476684512973435 -23.112938525929795
      vertex 58.00252971516849 53.50867844974251 -22.73547659753694
      vertex 67.6674014829053 20.19006581550916 -23.112938525929795
    endloop
  endfacet
  facet normal -0.7594353192884317 -0.2229903294161912 0.6111737140978302
    outer loop
      vertex 63.044544677789084 52.42591561278991 -25.501760790300047
      vertex 72.35062673881018 21.587409648336276 -25.189772900080204
      vertex 63.17302637969202 52.26725392444318 -25.4
    endloop
  endfacet
  facet normal -0.7594353192874694 -0.22299032941589447 0.6111737140991342
    outer loop
      vertex 63.17302637969202 52.26725392444318 -25.4
      vertex 72.35062673881018 21.587409648336276 -25.189772900080204
      vertex 63.11902711468657 52.45115853218166 -25.4
    endloop
  endfacet
  facet normal -0.759435319288403 -0.22299032941618224 0.6111737140978692
    outer loop
      vertex 63.11902711468657 52.45115853218166 -25.4
      vertex 72.35062673881018 21.587409648336276 -25.189772900080204
      vertex 63.155754751185285 52.474761950943005 -25.345750941653318
    endloop
  endfacet
  facet normal -0.7594353192883994 -0.2229903294161812 0.6111737140978742
    outer loop
      vertex 63.155754751185285 52.474761950943005 -25.345750941653318
      vertex 72.35062673881018 21.587409648336276 -25.189772900080204
      vertex 63.23375152792564 52.63663521259152 -25.189772900080204
    endloop
  endfacet
  facet normal -0.8367252797586858 -0.2456847094484168 0.4894178478110458
    outer loop
      vertex 63.23375152792564 52.63663521259152 -25.189772900080204
      vertex 72.5354912614387 21.64256806726515 -24.8460330869647
      vertex 63.37230919366657 52.849500303095475 -24.8460330869647
    endloop
  endfacet
  facet normal -0.8961818935716236 -0.26314274644430036 0.3572308898011614
    outer loop
      vertex 63.37230919366657 52.849500303095475 -24.8460330869647
      vertex 72.67042569059082 21.682828738513887 -24.47786756828614
      vertex 63.4630096910801 53.04040791119225 -24.47786756828614
    endloop
  endfacet
  facet normal -0.9365379462295201 -0.27499235265507466 0.2174301755815404
    outer loop
      vertex 63.4630096910801 53.04040791119225 -24.47786756828614
      vertex 72.7525541331756 21.70733357577339 -24.093123152884512
      vertex 63.503919896533525 53.205289172659505 -24.093123152884512
    endloop
  endfacet
  facet normal -0.9569333185340774 -0.28098097429703384 0.0729953146609263
    outer loop
      vertex 63.503919896533525 53.205289172659505 -24.093123152884512
      vertex 72.78012616402665 21.715560300981554 -23.7
      vertex 63.49416788002389 53.34062992966772 -23.7
    endloop
  endfacet
  facet normal -0.9569333185340784 -0.2809809742970342 -0.07299531466091191
    outer loop
      vertex 63.49416788002389 53.34062992966772 -23.7
      vertex 72.7525541331756 21.70733357577339 -23.306876847115486
      vertex 63.433961488852106 53.443545628953146 -23.306876847115486
    endloop
  endfacet
  facet normal -0.9365379462295177 -0.2749923526550739 -0.21743017558155256
    outer loop
      vertex 63.433961488852106 53.443545628953146 -23.306876847115486
      vertex 72.67042569059082 21.68282873851389 -22.92213243171386
      vertex 63.32458391771868 53.511842801062635 -22.92213243171386
    endloop
  endfacet
  facet normal -0.6659593134813482 -0.19554329765717046 0.7199034737579828
    outer loop
      vertex 67.78901431889832 35.53790727760291 -25.700000000000006
      vertex 63.044544677789084 52.42591561278991 -25.501760790300047
      vertex 62.7123622509527 52.82739644168608 -25.7
    endloop
  endfacet
  facet normal 0.6137617695965144 0.18021671590627025 0.7686471397785292
    outer loop
      vertex 64.32364754675376 34.52038378555296 -25.700000000000003
      vertex 58.68899640992517 53.71024325784291 -25.7
      vertex 58.62413068141228 53.69119696146778 -25.643739379146588
    endloop
  endfacet
  facet normal 0.8687712218463118 0.2550942470365123 -0.4244566988758
    outer loop
      vertex 58.00252971516849 53.50867844974251 -22.73547659753694
      vertex 58.1630625724635 53.55581514963143 -22.378571810910067
      vertex 67.77622322431107 20.22253518884095 -22.73547659753694
    endloop
  endfacet
  facet normal 0.800215046275176 0.2349643376342928 -0.5517677407704222
    outer loop
      vertex 58.1630625724635 53.55581514963143 -22.378571810910067
      vertex 58.371745465733156 53.61708997571843 -22.049830971935805
      vertex 67.93655040764754 20.27037234990582 -22.378571810910067
    endloop
  endfacet
  facet normal 0.7146036762861855 0.20982657130877638 -0.6673188112222459
    outer loop
      vertex 58.371745465733156 53.61708997571843 -22.049830971935805
      vertex 58.62413068141228 53.69119696146778 -21.75626062085341
      vertex 68.14496593735399 20.332557732668157 -22.049830971935805
    endloop
  endfacet
  facet normal 0.6137617695965042 0.18021671590626745 -0.768647139778538
    outer loop
      vertex 58.62413068141228 53.69119696146778 -21.75626062085341
      vertex 58.91483906680732 53.776556645139095 -21.50411770001397
      vertex 68.39702779825542 20.407765963657567 -21.75626062085341
    endloop
  endfacet
  facet normal 0.49983859637050987 0.1467658540875086 -0.8535930890373485
    outer loop
      vertex 58.91483906680732 53.776556645139095 -21.50411770001397
      vertex 59.23767467739698 53.871349733272154 -21.298776198017197
      vertex 68.68736372940394 20.49439411000329 -21.50411770001397
    endloop
  endfacet
  facet normal 0.375262231257773 0.11018693289644625 -0.9203461835691567
    outer loop
      vertex 59.23767467739698 53.871349733272154 -21.298776198017197
      vertex 59.58575683263267 53.97355587576844 -21.144612612474454
      vertex 69.00978572449392 20.59059584316544 -21.298776198017197
    endloop
  endfacet
  facet normal 0.2426878031973676 0.07125956853175959 -0.967483697057425
    outer loop
      vertex 59.58575683263267 53.97355587576844 -21.144612612474454
      vertex 59.95166676569846 54.08099672614586 -21.04491267256044
      vertex 69.35742191847302 20.69432079022232 -21.144612612474454
    endloop
  endfacet
  facet normal -0.30980147969602373 -0.09096592199025984 -0.9464397731576036
    outer loop
      vertex 61.53312160373429 54.183957626757014 -21.215065304363268
      vertex 70.84723179611805 21.13883851697215 -21.08779401794495
      vertex 61.28284638656986 54.471866329693356 -21.160813831154513
    endloop
  endfacet
  facet normal -0.30980147969600197 -0.09096592199025363 -0.9464397731576114
    outer loop
      vertex 61.07747789644479 54.411564700177884 -21.08779401794495
      vertex 61.28284638656986 54.471866329693356 -21.160813831154513
      vertex 70.84723179611805 21.13883851697215 -21.08779401794495
    endloop
  endfacet
  facet normal 0.10494090595429308 0.03081343018113403 -0.9940009752399465
    outer loop
      vertex 59.95166676569846 54.08099672614586 -21.04491267256044
      vertex 60.32760574164567 54.19138236921208 -21.001801309400353
      vertex 69.72286304941525 20.803358234009515 -21.04491267256044
    endloop
  endfacet
  facet normal -0.03504262450601535 -0.010289442937057356 -0.9993328483702392
    outer loop
      vertex 60.32760574164567 54.19138236921208 -21.001801309400353
      vertex 60.70556127388849 54.30236012663119 -21.016197366852147
      vertex 70.09832037407529 20.91538423071808 -21.001801309400353
    endloop
  endfacet
  facet normal -0.1742792822642229 -0.051173014443059446 -0.9833656768294681
    outer loop
      vertex 61.07747789644479 54.411564700177884 -21.08779401794495
      vertex 70.47579167142827 21.028011140722118 -21.016197366852147
      vertex 60.70556127388849 54.30236012663119 -21.016197366852147
    endloop
  endfacet
  facet normal -0.7594353192884108 -0.22299032941618468 -0.6111737140978585
    outer loop
      vertex 63.155754751185285 52.474761950943005 -22.05424905834668
      vertex 72.1197721890525 21.51852908766343 -21.898239209699952
      vertex 63.05659439059453 52.41103545670939 -21.90778289008253
    endloop
  endfacet
  facet normal -0.7594353192884612 -0.22299032941619948 -0.6111737140977905
    outer loop
      vertex 63.05659439059453 52.41103545670939 -21.90778289008253
      vertex 72.1197721890525 21.51852908766343 -21.898239209699952
      vertex 63.044544677789084 52.42591561278991 -21.898239209699952
    endloop
  endfacet
  facet normal -0.6659593134813451 -0.19554329765716966 -0.7199034737579858
    outer loop
      vertex 63.044544677789084 52.42591561278991 -21.898239209699952
      vertex 71.84784787609559 21.437394454810356 -21.62465272259796
      vertex 62.8156443357562 52.70858399429622 -21.7632705497135
    endloop
  endfacet
  facet normal -0.6659593134813522 -0.19554329765717166 -0.7199034737579788
    outer loop
      vertex 62.58936626103973 52.96888714269684 -21.62465272259796
      vertex 62.8156443357562 52.70858399429622 -21.7632705497135
      vertex 71.84784787609559 21.437394454810356 -21.62465272259796
    endloop
  endfacet
  facet normal -0.8961818935716216 -0.2631427464442996 -0.3572308898011673
    outer loop
      vertex 63.32458391771868 53.511842801062635 -22.92213243171386
      vertex 72.53549126143868 21.64256806726515 -22.5539669130353
      vertex 63.168366359656396 53.544065810346815 -22.5539669130353
    endloop
  endfacet
  facet normal -0.7594353192884086 -0.22299032941618405 -0.6111737140978617
    outer loop
      vertex 63.155754751185285 52.474761950943005 -22.05424905834668
      vertex 62.96863832069826 53.539527879306796 -22.210227099919795
      vertex 72.35062673881018 21.58740964833628 -22.210227099919795
    endloop
  endfacet
  facet normal -0.8367252797586839 -0.24568470944841597 -0.48941784781104947
    outer loop
      vertex 63.168366359656396 53.544065810346815 -22.5539669130353
      vertex 72.35062673881018 21.58740964833628 -22.210227099919795
      vertex 62.96863832069826 53.539527879306796 -22.210227099919795
    endloop
  endfacet
  facet normal -0.43872079644996753 -0.12882004884073095 -0.8893421488825196
    outer loop
      vertex 61.53312160373429 54.183957626757014 -21.215065304363268
      vertex 62.08483386696718 53.54928526925748 -21.395298659599163
      vertex 71.20472414676269 21.245504266356356 -21.215065304363268
    endloop
  endfacet
  facet normal -0.5582895411127922 -0.16392860000111925 -0.8132897407355762
    outer loop
      vertex 62.58936626103973 52.96888714269684 -21.62465272259796
      vertex 71.54064939456863 21.345734993614393 -21.395298659599163
      vertex 62.08483386696718 53.54928526925748 -21.395298659599163
    endloop
  endfacet
  facet normal -0.6659593134814259 -0.19554329765728487 0.7199034737578798
    outer loop
      vertex 62.7123622509527 52.82739644168608 -25.7
      vertex 63.044544677789084 52.42591561278991 -25.501760790300047
      vertex 62.8156443357562 52.70858399429622 -25.6367294502865
    endloop
  endfacet
  facet normal -0.7594353192884126 -0.22299032941616473 0.6111737140978637
    outer loop
      vertex 63.13299987636925 52.51016922729002 -25.361107255559567
      vertex 63.155754751185285 52.474761950943005 -25.345750941653318
      vertex 63.23375152792564 52.63663521259152 -25.189772900080204
    endloop
  endfacet
  facet normal 0.28173255684143006 -0.9594929736144974 8.746988500925309e-15
    outer loop
      vertex 58.62413068141228 53.69119696146778 -25.643739379146588
      vertex 58.68899640992517 53.71024325784291 -25.7
      vertex 61.28284638656985 54.471866329693356 -25.7
    endloop
  endfacet
  facet normal 0.28173255684143006 -0.9594929736144974 8.028985651374538e-15
    outer loop
      vertex 58.62413068141228 53.69119696146778 -25.643739379146588
      vertex 61.28284638656985 54.471866329693356 -25.7
      vertex 58.371745465733156 53.61708997571843 -25.350169028064194
    endloop
  endfacet
  facet normal 0.2817325568414249 -0.9594929736144988 -2.2742593400537943e-14
    outer loop
      vertex 58.1630625724635 53.55581514963143 -25.02142818908993
      vertex 61.28284638656985 54.471866329693356 -25.7
      vertex 58.00252971516849 53.50867844974251 -24.664523402463058
    endloop
  endfacet
  facet normal 0.28173255684142884 -0.9594929736144977 -2.9787886216074913e-15
    outer loop
      vertex 58.371745465733156 53.61708997571843 -25.350169028064194
      vertex 61.28284638656985 54.471866329693356 -25.7
      vertex 58.1630625724635 53.55581514963143 -25.02142818908993
    endloop
  endfacet
  facet normal 0.2817325568414347 -0.9594929736144959 1.1272014974739379e-14
    outer loop
      vertex 58.00252971516849 53.50867844974251 -24.664523402463058
      vertex 61.28284638656985 54.471866329693356 -25.7
      vertex 57.893568372992206 53.476684512973435 -24.287061474070203
    endloop
  endfacet
  facet normal 0.2817325568414314 -0.9594929736144969 2.8308956355166577e-15
    outer loop
      vertex 61.28284638656985 54.471866329693356 -25.7
      vertex 57.83850086776988 53.46051523454014 -23.89708734958445
      vertex 57.893568372992206 53.476684512973435 -24.287061474070203
    endloop
  endfacet
  facet normal 0.2817325568414302 -0.9594929736144973 4.670252060417294e-17
    outer loop
      vertex 61.28284638656985 54.471866329693356 -25.7
      vertex 57.83850086776988 53.46051523454014 -23.50291265041555
      vertex 57.83850086776988 53.46051523454014 -23.89708734958445
    endloop
  endfacet
  facet normal 0.2817325568414288 -0.9594929736144977 -2.2495933122811847e-15
    outer loop
      vertex 61.28284638656985 54.471866329693356 -25.7
      vertex 57.893568372992206 53.476684512973435 -23.112938525929795
      vertex 57.83850086776988 53.46051523454014 -23.50291265041555
    endloop
  endfacet
  facet normal 0.2817325568414247 -0.9594929736144988 -8.245981419321168e-15
    outer loop
      vertex 61.28284638656985 54.471866329693356 -25.7
      vertex 58.00252971516849 53.50867844974251 -22.73547659753694
      vertex 57.893568372992206 53.476684512973435 -23.112938525929795
    endloop
  endfacet
  facet normal 0.2817325568414429 -0.9594929736144936 1.3972457695365359e-14
    outer loop
      vertex 61.28284638656985 54.471866329693356 -25.7
      vertex 58.1630625724635 53.55581514963143 -22.378571810910067
      vertex 58.00252971516849 53.50867844974251 -22.73547659753694
    endloop
  endfacet
  facet normal 0.28173255684143084 -0.959492973614497 1.6188086508401852e-15
    outer loop
      vertex 61.28284638656985 54.471866329693356 -25.7
      vertex 58.371745465733156 53.61708997571843 -22.049830971935805
      vertex 58.1630625724635 53.55581514963143 -22.378571810910067
    endloop
  endfacet
  facet normal 0.2817325568414251 -0.9594929736144988 -3.411752114124257e-15
    outer loop
      vertex 61.28284638656985 54.471866329693356 -25.7
      vertex 58.62413068141228 53.69119696146778 -21.75626062085341
      vertex 58.371745465733156 53.61708997571843 -22.049830971935805
    endloop
  endfacet
  facet normal 0.2817325568414192 -0.9594929736145005 -8.009884305654693e-15
    outer loop
      vertex 61.28284638656985 54.471866329693356 -25.7
      vertex 58.91483906680732 53.776556645139095 -21.50411770001397
      vertex 58.62413068141228 53.69119696146778 -21.75626062085341
    endloop
  endfacet
  facet normal 0.2817325568414304 -0.9594929736144971 -1.0523430168340325e-15
    outer loop
      vertex 61.28284638656985 54.471866329693356 -25.7
      vertex 59.23767467739698 53.871349733272154 -21.298776198017197
      vertex 58.91483906680732 53.776556645139095 -21.50411770001397
    endloop
  endfacet
  facet normal -0.7594353192884163 -0.22299032941619018 -0.6111737140978497
    outer loop
      vertex 63.155754751185285 52.474761950943005 -22.05424905834668
      vertex 62.92458048646931 52.83447612829133 -21.898239209699952
      vertex 62.72965665723673 53.49832572606414 -21.898239209699952
    endloop
  endfacet
  facet normal -0.7594353192884068 -0.22299032941618402 -0.6111737140978638
    outer loop
      vertex 63.155754751185285 52.474761950943005 -22.05424905834668
      vertex 62.72965665723673 53.49832572606414 -21.898239209699952
      vertex 62.96863832069826 53.539527879306796 -22.210227099919795
    endloop
  endfacet
  facet normal -0.6659593134813543 -0.19554329765717568 -0.7199034737579758
    outer loop
      vertex 62.92458048646931 52.83447612829133 -21.898239209699952
      vertex 62.53348507663036 53.44303246473201 -21.70174825923146
      vertex 62.72965665723673 53.49832572606414 -21.898239209699952
    endloop
  endfacet
  facet normal 0.2817325568414357 -0.9594929736144956 1.7978252726660926e-15
    outer loop
      vertex 61.28284638656985 54.471866329693356 -25.7
      vertex 59.58575683263267 53.97355587576844 -21.144612612474454
      vertex 59.23767467739698 53.871349733272154 -21.298776198017197
    endloop
  endfacet
  facet normal 0.28173255684143017 -0.9594929736144971 -5.077897844289381e-16
    outer loop
      vertex 61.28284638656985 54.471866329693356 -25.7
      vertex 61.07747789644479 54.411564700177884 -21.08779401794495
      vertex 59.58575683263267 53.97355587576844 -21.144612612474454
    endloop
  endfacet
  facet normal 0.2817325568414316 -0.9594929736144968 -4.4101082054035704e-16
    outer loop
      vertex 61.28284638656985 54.471866329693356 -25.7
      vertex 61.28284638656986 54.471866329693356 -21.160813831154513
      vertex 61.07747789644479 54.411564700177884 -21.08779401794495
    endloop
  endfacet
  facet normal 0.28173255684143006 -0.9594929736144974 5.3633509494942775e-15
    outer loop
      vertex 59.58575683263267 53.97355587576844 -21.144612612474454
      vertex 61.07747789644479 54.411564700177884 -21.08779401794495
      vertex 59.95166676569846 54.08099672614586 -21.04491267256044
    endloop
  endfacet
  facet normal 0.2817325568414287 -0.9594929736144976 -6.17020893953649e-14
    outer loop
      vertex 59.95166676569846 54.08099672614586 -21.04491267256044
      vertex 60.70556127388849 54.30236012663119 -21.016197366852147
      vertex 60.32760574164567 54.19138236921208 -21.001801309400353
    endloop
  endfacet
  facet normal 0.2817325568414282 -0.9594929736144978 -4.710450544593979e-14
    outer loop
      vertex 61.07747789644479 54.411564700177884 -21.08779401794495
      vertex 60.70556127388849 54.30236012663119 -21.016197366852147
      vertex 59.95166676569846 54.08099672614586 -21.04491267256044
    endloop
  endfacet
  facet normal 0.6940741952206332 2.5164451891185045e-16 0.7199034737579967
    outer loop
      vertex -75.05526840934823 15.000000000000064 -25.7
      vertex -75.26088489340822 0.3283896445591726 -25.501760790300047
      vertex -74.97711715820901 0.32715146637629033 -25.775347277402037
    endloop
  endfacet
  facet normal 0.6940741952206086 0 0.7199034737580201
    outer loop
      vertex -74.97711715820901 15.000000000000064 -25.775347277402037
      vertex -75.05526840934823 15.000000000000064 -25.7
      vertex -74.97711715820901 0.32715146637629033 -25.775347277402037
    endloop
  endfacet
  facet normal 0.7914964884292564 0 0.6111737140978465
    outer loop
      vertex -75.50179410830268 32.68947514455286 -25.189772900080204
      vertex -75.50179410830268 0.32944081598191455 -25.189772900080204
      vertex -75.26088489340822 0.3283896445591726 -25.501760790300047
    endloop
  endfacet
  facet normal 0.87204940814382 0 0.4894178478110633
    outer loop
      vertex -75.50179410830268 32.68947514455286 -25.189772900080204
      vertex -75.69471024123149 0.33028257675063183 -24.8460330869647
      vertex -75.50179410830268 0.32944081598191455 -25.189772900080204
    endloop
  endfacet
  facet normal 0.9340161087325424 0 0.35723088980114714
    outer loop
      vertex -75.69471024123149 32.85468149778006 -24.8460330869647
      vertex -75.8355216197527 0.3308969861959627 -24.47786756828614
      vertex -75.69471024123149 0.33028257675063183 -24.8460330869647
    endloop
  endfacet
  facet normal 0.9760758775559272 0 0.21743017558155717
    outer loop
      vertex -75.8355216197527 33.01230272331535 -24.47786756828614
      vertex -75.9212270938028 0.33127094924728673 -24.093123152884512
      vertex -75.8355216197527 0.3308969861959627 -24.47786756828614
    endloop
  endfacet
  facet normal 0.9973322836635513 0 0.07299531466091243
    outer loop
      vertex -75.9212270938028 33.15897939839057 -24.093123152884512
      vertex -75.95 0.33139649553142114 -23.7
      vertex -75.9212270938028 0.33127094924728673 -24.093123152884512
    endloop
  endfacet
  facet normal 0.9973322836635513 0 -0.07299531466091241
    outer loop
      vertex -75.95 33.291585364329244 -23.7
      vertex -75.9212270938028 0.33127094924728673 -23.306876847115486
      vertex -75.95 0.33139649553142114 -23.7
    endloop
  endfacet
  facet normal 0.9760758775559271 0 -0.21743017558155717
    outer loop
      vertex -75.9212270938028 33.407294355191254 -23.306876847115486
      vertex -75.8355216197527 0.3308969861959627 -22.92213243171386
      vertex -75.9212270938028 0.33127094924728673 -23.306876847115486
    endloop
  endfacet
  facet normal 0.7914964884292562 2.3323449901676494e-17 -0.6111737140978465
    outer loop
      vertex -75.26342306141575 32.52150612232416 -21.9015262474417
      vertex -75.26088489340822 0.3283896445591726 -21.898239209699952
      vertex -75.50179410830268 0.32944081598191455 -22.210227099919795
    endloop
  endfacet
  facet normal 0.6940741952206332 0 -0.7199034737579966
    outer loop
      vertex -75.26088489340822 32.52748567142957 -21.898239209699952
      vertex -74.97711715820901 0.32715146637629033 -21.62465272259796
      vertex -75.26088489340822 0.3283896445591726 -21.898239209699952
    endloop
  endfacet
  facet normal 0.9340161087325425 0 -0.3572308898011471
    outer loop
      vertex -75.8355216197527 33.50364023472458 -22.92213243171386
      vertex -75.69471024123149 0.33028257675063183 -22.5539669130353
      vertex -75.8355216197527 0.3308969861959627 -22.92213243171386
    endloop
  endfacet
  facet normal 0.87204940814382 0 -0.4894178478110634
    outer loop
      vertex -75.69471024123149 33.57856955777787 -22.5539669130353
      vertex -75.50179410830268 0.32944081598191455 -22.210227099919795
      vertex -75.69471024123149 0.33028257675063183 -22.5539669130353
    endloop
  endfacet
  facet normal 0.6940741952206425 2.308873578929202e-19 0.7199034737579876
    outer loop
      vertex -75.05526840934823 15.000000000000064 -25.7
      vertex -75.26088489340822 32.527485671429574 -25.501760790300047
      vertex -75.26088489340822 0.3283896445591726 -25.501760790300047
    endloop
  endfacet
  facet normal 0.7914964884292842 9.254297991641175e-20 0.6111737140978103
    outer loop
      vertex -75.33946202049141 32.342369560690976 -25.4
      vertex -75.26088489340822 0.3283896445591726 -25.501760790300047
      vertex -75.26088489340822 32.527485671429574 -25.501760790300047
    endloop
  endfacet
  facet normal 0.7914964884291965 -5.76004395200399e-16 0.6111737140979238
    outer loop
      vertex -75.33946202049141 32.342369560690976 -25.4
      vertex -75.38135178116723 32.5561331187215 -25.345750941653332
      vertex -75.26088489340822 0.3283896445591726 -25.501760790300047
    endloop
  endfacet
  facet normal 0.7914964884292583 4.273965803805837e-17 0.6111737140978437
    outer loop
      vertex -75.38135178116723 32.5561331187215 -25.345750941653332
      vertex -75.50179410830268 32.68947514455286 -25.189772900080204
      vertex -75.26088489340822 0.3283896445591726 -25.501760790300047
    endloop
  endfacet
  facet normal 0.87204940814382 -1.663020415354969e-19 0.48941784781106334
    outer loop
      vertex -75.50179410830268 32.68947514455286 -25.189772900080204
      vertex -75.69471024123149 32.85468149778006 -24.8460330869647
      vertex -75.69471024123149 0.33028257675063183 -24.8460330869647
    endloop
  endfacet
  facet normal 0.9340161087325426 2.0486982931797136e-19 0.3572308898011472
    outer loop
      vertex -75.69471024123149 32.85468149778006 -24.8460330869647
      vertex -75.8355216197527 33.01230272331535 -24.47786756828614
      vertex -75.8355216197527 0.3308969861959627 -24.47786756828614
    endloop
  endfacet
  facet normal 0.9760758775559271 -4.657040495030228e-20 0.21743017558155714
    outer loop
      vertex -75.8355216197527 33.01230272331535 -24.47786756828614
      vertex -75.9212270938028 33.15897939839057 -24.093123152884512
      vertex -75.9212270938028 0.33127094924728673 -24.093123152884512
    endloop
  endfacet
  facet normal 0.9973322836635513 -5.665570489406447e-20 0.07299531466091241
    outer loop
      vertex -75.9212270938028 33.15897939839057 -24.093123152884512
      vertex -75.95 33.291585364329244 -23.7
      vertex -75.95 0.33139649553142114 -23.7
    endloop
  endfacet
  facet normal 0.9973322836635513 5.645729267042596e-20 -0.07299531466091241
    outer loop
      vertex -75.95 33.291585364329244 -23.7
      vertex -75.9212270938028 33.407294355191254 -23.306876847115486
      vertex -75.9212270938028 0.33127094924728673 -23.306876847115486
    endloop
  endfacet
  facet normal 0.9760758775559272 4.608601901306045e-20 -0.21743017558155714
    outer loop
      vertex -75.9212270938028 33.407294355191254 -23.306876847115486
      vertex -75.8355216197527 33.50364023472458 -22.92213243171386
      vertex -75.8355216197527 0.3308969861959627 -22.92213243171386
    endloop
  endfacet
  facet normal 0.7914964884292702 -2.529211548031424e-16 -0.6111737140978285
    outer loop
      vertex -75.38135178116723 32.5561331187215 -22.054249058346674
      vertex -75.26342306141575 32.52150612232416 -21.9015262474417
      vertex -75.50179410830268 0.32944081598191455 -22.210227099919795
    endloop
  endfacet
  facet normal 0.7914964884291458 -5.724132523360825e-21 -0.6111737140979896
    outer loop
      vertex -75.26342306141575 32.52150612232416 -21.9015262474417
      vertex -75.26088489340822 32.52748567142957 -21.898239209699952
      vertex -75.26088489340822 0.3283896445591726 -21.898239209699952
    endloop
  endfacet
  facet normal 0.6940741952206332 1.4010233143713586e-19 -0.7199034737579966
    outer loop
      vertex -75.26088489340822 32.52748567142957 -21.898239209699952
      vertex -74.97711715820901 33.19600056174308 -21.62465272259796
      vertex -74.97711715820901 0.32715146637629033 -21.62465272259796
    endloop
  endfacet
  facet normal 0.9340161087325425 -2.013768113543923e-19 -0.35723088980114714
    outer loop
      vertex -75.8355216197527 33.50364023472458 -22.92213243171386
      vertex -75.69471024123149 33.57856955777787 -22.5539669130353
      vertex -75.69471024123149 0.33028257675063183 -22.5539669130353
    endloop
  endfacet
  facet normal 0.7914964884292448 -1.5453808346346667e-19 -0.6111737140978611
    outer loop
      vertex -75.38135178116723 32.5561331187215 -22.054249058346674
      vertex -75.50179410830268 0.32944081598191455 -22.210227099919795
      vertex -75.50179410830268 33.63048533591883 -22.210227099919795
    endloop
  endfacet
  facet normal 0.8720494081438199 1.624235521214321e-19 -0.48941784781106334
    outer loop
      vertex -75.69471024123149 33.57856955777787 -22.5539669130353
      vertex -75.50179410830268 33.63048533591883 -22.210227099919795
      vertex -75.50179410830268 0.32944081598191455 -22.210227099919795
    endloop
  endfacet
  facet normal 0.18163685097942855 0 0.9833656768294675
    outer loop
      vertex -73.93292013245754 15.000000000000057 -26.312205982055048
      vertex -73.93292013245754 0.32259526841739145 -26.312205982055048
      vertex -73.54530226262025 0.3209039556633502 -26.38380263314785
    endloop
  endfacet
  facet normal 0.03652202305766372 0 0.9993328483702392
    outer loop
      vertex -73.54530226262025 15.000000000000055 -26.38380263314785
      vertex -73.54530226262025 0.3209039556633502 -26.38380263314785
      vertex -73.15139053774432 0.3191851806117028 -26.398198690599646
    endloop
  endfacet
  facet normal -0.10937120837787101 0 0.9940009752399463
    outer loop
      vertex -73.15139053774432 15.000000000000053 -26.398198690599646
      vertex -73.15139053774432 0.3191851806117028 -26.398198690599646
      vertex -72.75958050235552 0.31747557596862325 -26.35508732743956
    endloop
  endfacet
  facet normal -0.25293338239168306 0 0.9674836970574248
    outer loop
      vertex -72.75958050235552 15.00000000000005 -26.35508732743956
      vertex -72.75958050235552 0.31747557596862325 -26.35508732743956
      vertex -72.37822290711709 0.3158115789889484 -26.255387387525545
    endloop
  endfacet
  facet normal 0.45724232330463566 0 0.8893421488825203
    outer loop
      vertex -74.65653891931741 15.000000000000062 -26.004701340400835
      vertex -74.65653891931741 0.32575267105157263 -26.004701340400835
      vertex -74.30598274532342 0.324223071478847 -26.18493469563673
    endloop
  endfacet
  facet normal 0.5818589155579461 0 0.8132897407355703
    outer loop
      vertex -74.97711715820901 15.000000000000064 -25.775347277402037
      vertex -74.97711715820901 0.32715146637629033 -25.775347277402037
      vertex -74.65653891931741 0.32575267105157263 -26.004701340400835
    endloop
  endfacet
  facet normal 0.3228804047714473 0 0.9464397731576091
    outer loop
      vertex -74.30598274532342 15.000000000000059 -26.18493469563673
      vertex -74.30598274532342 0.324223071478847 -26.18493469563673
      vertex -73.93292013245754 0.32259526841739145 -26.312205982055048
    endloop
  endfacet
  facet normal -0.39110472049015904 0 0.9203461835691582
    outer loop
      vertex -72.37822290711709 15.000000000000048 -26.255387387525545
      vertex -72.37822290711709 0.3158115789889484 -26.255387387525545
      vertex -72.01544572707748 0.31422865487935137 -26.1012238019828
    endloop
  endfacet
  facet normal -0.5209403404879206 0 0.8535930890373524
    outer loop
      vertex -72.01544572707748 15.000000000000046 -26.1012238019828
      vertex -72.01544572707748 0.31422865487935137 -26.1012238019828
      vertex -71.67898092799352 0.3127605409190339 -25.895882299986027
    endloop
  endfacet
  facet normal -0.6396730215588976 0 0.7686471397785269
    outer loop
      vertex -71.67898092799352 15.000000000000044 -25.895882299986027
      vertex -71.67898092799352 0.3127605409190339 -25.895882299986027
      vertex -71.37599967290429 0.3114385274081941 -25.643739379146588
    endloop
  endfacet
  facet normal 0.32288040477144725 0 0.9464397731576091
    outer loop
      vertex -73.93292013245754 15.000000000000057 -26.312205982055048
      vertex -74.30598274532342 15.000000000000059 -26.18493469563673
      vertex -73.93292013245754 0.32259526841739145 -26.312205982055048
    endloop
  endfacet
  facet normal 0.18163685097942858 -7.222548119642357e-20 0.9833656768294675
    outer loop
      vertex -73.93292013245754 15.000000000000057 -26.312205982055048
      vertex -73.54530226262025 0.3209039556633502 -26.38380263314785
      vertex -73.54530226262025 15.000000000000055 -26.38380263314785
    endloop
  endfacet
  facet normal 0.036522023057663736 -6.827053236895267e-20 0.9993328483702393
    outer loop
      vertex -73.54530226262025 15.000000000000055 -26.38380263314785
      vertex -73.15139053774432 0.3191851806117028 -26.398198690599646
      vertex -73.15139053774432 15.000000000000053 -26.398198690599646
    endloop
  endfacet
  facet normal -0.10937120837787101 -7.199064772725094e-20 0.9940009752399462
    outer loop
      vertex -73.15139053774432 15.000000000000053 -26.398198690599646
      vertex -72.75958050235552 0.31747557596862325 -26.35508732743956
      vertex -72.75958050235552 15.00000000000005 -26.35508732743956
    endloop
  endfacet
  facet normal -0.2529333823916831 3.679403642393456e-19 0.9674836970574248
    outer loop
      vertex -72.75958050235552 15.00000000000005 -26.35508732743956
      vertex -72.37822290711709 0.3158115789889484 -26.255387387525545
      vertex -72.37822290711709 15.000000000000048 -26.255387387525545
    endloop
  endfacet
  facet normal 0.4572423233046357 -7.059511880453315e-19 0.8893421488825204
    outer loop
      vertex -74.65653891931741 15.000000000000062 -26.004701340400835
      vertex -74.30598274532342 0.324223071478847 -26.18493469563673
      vertex -74.30598274532342 15.000000000000059 -26.18493469563673
    endloop
  endfacet
  facet normal 0.581858915557946 0 0.8132897407355701
    outer loop
      vertex -74.65653891931741 15.000000000000062 -26.004701340400835
      vertex -74.97711715820901 15.000000000000064 -25.775347277402037
      vertex -74.65653891931741 0.32575267105157263 -26.004701340400835
    endloop
  endfacet
  facet normal -0.3911047204901591 -2.152393335886231e-19 0.9203461835691582
    outer loop
      vertex -72.37822290711709 15.000000000000048 -26.255387387525545
      vertex -72.01544572707748 0.31422865487935137 -26.1012238019828
      vertex -72.01544572707748 15.000000000000046 -26.1012238019828
    endloop
  endfacet
  facet normal -0.5209403404879207 7.189811364713638e-19 0.8535930890373523
    outer loop
      vertex -72.01544572707748 15.000000000000046 -26.1012238019828
      vertex -71.67898092799352 0.3127605409190339 -25.895882299986027
      vertex -71.67898092799352 15.000000000000044 -25.895882299986027
    endloop
  endfacet
  facet normal -0.6396730215588871 3.6553750485657565e-16 0.7686471397785356
    outer loop
      vertex -71.67898092799352 15.000000000000044 -25.895882299986027
      vertex -71.37599967290429 0.3114385274081941 -25.643739379146588
      vertex -71.4436038454169 15.000000000000043 -25.7
    endloop
  endfacet
  facet normal -0.7447721827437743 0 0.6673188112222477
    outer loop
      vertex -71.37599967290429 35 -25.643739379146588
      vertex -71.37599967290429 0.3114385274081941 -25.643739379146588
      vertex -71.112959481241 0.3102907907696013 -25.350169028064194
    endloop
  endfacet
  facet normal -0.8339978178898909 0 0.5517677407704265
    outer loop
      vertex -71.112959481241 35 -25.350169028064194
      vertex -71.112959481241 0.3102907907696013 -25.350169028064194
      vertex -70.89546659801172 0.309341793017064 -25.02142818908993
    endloop
  endfacet
  facet normal -0.9054482374931478 0 0.42445669887581267
    outer loop
      vertex -70.89546659801172 35 -25.02142818908993
      vertex -70.89546659801172 0.309341793017064 -25.02142818908993
      vertex -70.72815650642212 0.3086117603900747 -24.664523402463058
    endloop
  endfacet
  facet normal -0.9576005999084054 0 0.28809909936523936
    outer loop
      vertex -70.72815650642212 35 -24.664523402463058
      vertex -70.72815650642212 0.3086117603900747 -24.664523402463058
      vertex -70.614595130599 0.30811625226663153 -24.287061474070203
    endloop
  endfacet
  facet normal -0.9893433680751086 0 0.14560116773501525
    outer loop
      vertex -70.614595130599 35 -24.287061474070203
      vertex -70.614595130599 0.30811625226663153 -24.287061474070203
      vertex -70.55720283410841 0.30786582954210906 -23.89708734958445
    endloop
  endfacet
  facet normal -1 0 0
    outer loop
      vertex -70.55720283410841 35 -23.89708734958445
      vertex -70.55720283410841 0.30786582954210906 -23.89708734958445
      vertex -70.55720283410841 0.30786582954210906 -23.50291265041555
    endloop
  endfacet
  facet normal -0.9893433680751087 0 -0.14560116773501527
    outer loop
      vertex -70.55720283410841 35 -23.50291265041555
      vertex -70.55720283410841 0.30786582954210906 -23.50291265041555
      vertex -70.614595130599 0.30811625226663153 -23.112938525929795
    endloop
  endfacet
  facet normal -0.9576005999084054 0 -0.28809909936523936
    outer loop
      vertex -70.614595130599 35 -23.112938525929795
      vertex -70.614595130599 0.30811625226663153 -23.112938525929795
      vertex -70.72815650642212 0.3086117603900747 -22.73547659753694
    endloop
  endfacet
  facet normal 0.581858915557946 2.883281384603438e-17 -0.8132897407355703
    outer loop
      vertex -74.91072752669326 33.35240473221562 -21.577155014139095
      vertex -74.65653891931741 0.32575267105157263 -21.395298659599163
      vertex -74.97711715820901 0.32715146637629033 -21.62465272259796
    endloop
  endfacet
  facet normal 0.4572423233046357 0 -0.8893421488825203
    outer loop
      vertex -74.65653891931741 33.89751395984782 -21.395298659599163
      vertex -74.30598274532342 0.324223071478847 -21.215065304363268
      vertex -74.65653891931741 0.32575267105157263 -21.395298659599163
    endloop
  endfacet
  facet normal 0.3228804047714472 0 -0.946439773157609
    outer loop
      vertex -73.93292013245754 35 -21.08779401794495
      vertex -73.93292013245754 0.32259526841739145 -21.08779401794495
      vertex -74.30598274532342 0.324223071478847 -21.215065304363268
    endloop
  endfacet
  facet normal -0.25293338239168306 0 -0.9674836970574247
    outer loop
      vertex -72.37822290711709 35 -21.144612612474454
      vertex -72.37822290711709 0.3158115789889484 -21.144612612474454
      vertex -72.75958050235552 0.31747557596862325 -21.04491267256044
    endloop
  endfacet
  facet normal -0.39110472049015904 0 -0.9203461835691582
    outer loop
      vertex -72.01544572707748 35 -21.298776198017197
      vertex -72.01544572707748 0.31422865487935137 -21.298776198017197
      vertex -72.37822290711709 0.3158115789889484 -21.144612612474454
    endloop
  endfacet
  facet normal -0.9054482374931477 0 -0.42445669887581267
    outer loop
      vertex -70.72815650642212 35 -22.73547659753694
      vertex -70.72815650642212 0.3086117603900747 -22.73547659753694
      vertex -70.89546659801172 0.309341793017064 -22.378571810910067
    endloop
  endfacet
  facet normal -0.7447721827437742 0 -0.6673188112222478
    outer loop
      vertex -71.112959481241 35 -22.049830971935805
      vertex -71.112959481241 0.3102907907696013 -22.049830971935805
      vertex -71.37599967290429 0.3114385274081941 -21.75626062085341
    endloop
  endfacet
  facet normal -0.8339978178898908 0 -0.5517677407704265
    outer loop
      vertex -70.89546659801172 35 -22.378571810910067
      vertex -70.89546659801172 0.309341793017064 -22.378571810910067
      vertex -71.112959481241 0.3102907907696013 -22.049830971935805
    endloop
  endfacet
  facet normal -0.6396730215588976 0 -0.7686471397785268
    outer loop
      vertex -71.37599967290429 35 -21.75626062085341
      vertex -71.37599967290429 0.3114385274081941 -21.75626062085341
      vertex -71.67898092799352 0.3127605409190339 -21.50411770001397
    endloop
  endfacet
  facet normal -0.5209403404879206 0 -0.8535930890373523
    outer loop
      vertex -71.67898092799352 35 -21.50411770001397
      vertex -71.67898092799352 0.3127605409190339 -21.50411770001397
      vertex -72.01544572707748 0.31422865487935137 -21.298776198017197
    endloop
  endfacet
  facet normal 0.18163685097942858 0 -0.9833656768294676
    outer loop
      vertex -73.54530226262025 35 -21.016197366852147
      vertex -73.54530226262025 0.3209039556633502 -21.016197366852147
      vertex -73.93292013245754 0.32259526841739145 -21.08779401794495
    endloop
  endfacet
  facet normal 0.03652202305766373 0 -0.9993328483702393
    outer loop
      vertex -73.15139053774432 35 -21.001801309400353
      vertex -73.15139053774432 0.3191851806117028 -21.001801309400353
      vertex -73.54530226262025 0.3209039556633502 -21.016197366852147
    endloop
  endfacet
  facet normal -0.109371208377871 0 -0.9940009752399462
    outer loop
      vertex -72.75958050235552 35 -21.04491267256044
      vertex -72.75958050235552 0.31747557596862325 -21.04491267256044
      vertex -73.15139053774432 0.3191851806117028 -21.001801309400353
    endloop
  endfacet
  facet normal -0.6396730215589339 -4.6173798447222915e-20 0.7686471397784966
    outer loop
      vertex -71.4436038454169 15.000000000000043 -25.7
      vertex -71.37599967290429 0.3114385274081941 -25.643739379146588
      vertex -71.37599967290429 35 -25.643739379146588
    endloop
  endfacet
  facet normal -0.7447721827437742 -3.652262977941485e-20 0.6673188112222478
    outer loop
      vertex -71.37599967290429 35 -25.643739379146588
      vertex -71.112959481241 0.3102907907696013 -25.350169028064194
      vertex -71.112959481241 35 -25.350169028064194
    endloop
  endfacet
  facet normal -0.8339978178898908 -4.631137321106259e-19 0.5517677407704265
    outer loop
      vertex -71.112959481241 35 -25.350169028064194
      vertex -70.89546659801172 0.309341793017064 -25.02142818908993
      vertex -70.89546659801172 35 -25.02142818908993
    endloop
  endfacet
  facet normal -0.9054482374931477 8.544047888289065e-20 0.42445669887581267
    outer loop
      vertex -70.89546659801172 35 -25.02142818908993
      vertex -70.72815650642212 0.3086117603900747 -24.664523402463058
      vertex -70.72815650642212 35 -24.664523402463058
    endloop
  endfacet
  facet normal -0.9576005999084054 5.3199190471937985e-20 0.28809909936523936
    outer loop
      vertex -70.72815650642212 35 -24.664523402463058
      vertex -70.614595130599 0.30811625226663153 -24.287061474070203
      vertex -70.614595130599 35 -24.287061474070203
    endloop
  endfacet
  facet normal -0.9893433680751087 7.246217021723953e-20 0.14560116773501527
    outer loop
      vertex -70.614595130599 35 -24.287061474070203
      vertex -70.55720283410841 0.30786582954210906 -23.89708734958445
      vertex -70.55720283410841 35 -23.89708734958445
    endloop
  endfacet
  facet normal -1 0 0
    outer loop
      vertex -70.55720283410841 35 -23.89708734958445
      vertex -70.55720283410841 0.30786582954210906 -23.50291265041555
      vertex -70.55720283410841 35 -23.50291265041555
    endloop
  endfacet
  facet normal -0.9893433680751086 -7.246269328408197e-20 -0.14560116773501525
    outer loop
      vertex -70.55720283410841 35 -23.50291265041555
      vertex -70.614595130599 0.30811625226663153 -23.112938525929795
      vertex -70.614595130599 35 -23.112938525929795
    endloop
  endfacet
  facet normal -0.9576005999084054 -5.319995033288265e-20 -0.28809909936523936
    outer loop
      vertex -70.614595130599 35 -23.112938525929795
      vertex -70.72815650642212 0.3086117603900747 -22.73547659753694
      vertex -70.72815650642212 35 -22.73547659753694
    endloop
  endfacet
  facet normal 0.5818589155579554 0 -0.8132897407355635
    outer loop
      vertex -74.97711715820901 33.19600056174308 -21.62465272259796
      vertex -74.91072752669326 33.35240473221562 -21.577155014139095
      vertex -74.97711715820901 0.32715146637629033 -21.62465272259796
    endloop
  endfacet
  facet normal 0.5818589155579436 -6.808280431275726e-20 -0.8132897407355719
    outer loop
      vertex -74.91072752669326 33.35240473221562 -21.577155014139095
      vertex -74.65653891931741 33.89751395984782 -21.395298659599163
      vertex -74.65653891931741 0.32575267105157263 -21.395298659599163
    endloop
  endfacet
  facet normal 0.45724232330463577 3.018314271682082e-19 -0.8893421488825203
    outer loop
      vertex -74.65653891931741 33.89751395984782 -21.395298659599163
      vertex -74.30598274532342 34.6492841010053 -21.215065304363268
      vertex -74.30598274532342 0.324223071478847 -21.215065304363268
    endloop
  endfacet
  facet normal 0.32288040477145513 0 -0.9464397731576063
    outer loop
      vertex -74.30598274532342 34.6492841010053 -21.215065304363268
      vertex -74.14244123578548 35 -21.15927269051276
      vertex -74.30598274532342 0.324223071478847 -21.215065304363268
    endloop
  endfacet
  facet normal 0.3228804047714411 7.398449625137251e-17 -0.9464397731576112
    outer loop
      vertex -74.14244123578548 35 -21.15927269051276
      vertex -73.93292013245754 35 -21.08779401794495
      vertex -74.30598274532342 0.324223071478847 -21.215065304363268
    endloop
  endfacet
  facet normal -0.25293338239168306 -1.5578178710781367e-19 -0.9674836970574248
    outer loop
      vertex -72.37822290711709 35 -21.144612612474454
      vertex -72.75958050235552 0.31747557596862325 -21.04491267256044
      vertex -72.75958050235552 35 -21.04491267256044
    endloop
  endfacet
  facet normal -0.391104720490159 0 -0.9203461835691582
    outer loop
      vertex -72.37822290711709 35 -21.144612612474454
      vertex -72.01544572707748 35 -21.298776198017197
      vertex -72.37822290711709 0.3158115789889484 -21.144612612474454
    endloop
  endfacet
  facet normal -0.9054482374931478 -8.544227689827791e-20 -0.42445669887581267
    outer loop
      vertex -70.72815650642212 35 -22.73547659753694
      vertex -70.89546659801172 0.309341793017064 -22.378571810910067
      vertex -70.89546659801172 35 -22.378571810910067
    endloop
  endfacet
  facet normal -0.8339978178898909 4.631264013978861e-19 -0.5517677407704265
    outer loop
      vertex -70.89546659801172 35 -22.378571810910067
      vertex -71.112959481241 0.3102907907696013 -22.049830971935805
      vertex -71.112959481241 35 -22.049830971935805
    endloop
  endfacet
  facet normal -0.7447721827437743 0 -0.6673188112222477
    outer loop
      vertex -71.37599967290429 35 -21.75626062085341
      vertex -71.112959481241 35 -22.049830971935805
      vertex -71.37599967290429 0.3114385274081941 -21.75626062085341
    endloop
  endfacet
  facet normal -0.6396730215588976 -8.504703500399103e-20 -0.7686471397785268
    outer loop
      vertex -71.37599967290429 35 -21.75626062085341
      vertex -71.67898092799352 0.3127605409190339 -21.50411770001397
      vertex -71.67898092799352 35 -21.50411770001397
    endloop
  endfacet
  facet normal -0.5209403404879206 0 -0.8535930890373523
    outer loop
      vertex -72.01544572707748 35 -21.298776198017197
      vertex -71.67898092799352 35 -21.50411770001397
      vertex -72.01544572707748 0.31422865487935137 -21.298776198017197
    endloop
  endfacet
  facet normal 0.18163685097942858 0 -0.9833656768294676
    outer loop
      vertex -73.93292013245754 35 -21.08779401794495
      vertex -73.54530226262025 35 -21.016197366852147
      vertex -73.93292013245754 0.32259526841739145 -21.08779401794495
    endloop
  endfacet
  facet normal 0.03652202305766373 0 -0.9993328483702393
    outer loop
      vertex -73.54530226262025 35 -21.016197366852147
      vertex -73.15139053774432 35 -21.001801309400353
      vertex -73.54530226262025 0.3209039556633502 -21.016197366852147
    endloop
  endfacet
  facet normal -0.10937120837787101 0 -0.9940009752399463
    outer loop
      vertex -73.15139053774432 35 -21.001801309400353
      vertex -72.75958050235552 35 -21.04491267256044
      vertex -73.15139053774432 0.3191851806117028 -21.001801309400353
    endloop
  endfacet
  facet normal 0.6940741952206183 -5.476043203098111e-16 0.7199034737580109
    outer loop
      vertex -75.05526840934823 15.000000000000064 -25.7
      vertex -75.05526840934822 33.01188775185468 -25.7
      vertex -75.26088489340822 32.527485671429574 -25.501760790300047
    endloop
  endfacet
  facet normal 0.7914964884292784 4.856302914911617e-14 0.6111737140978177
    outer loop
      vertex -75.38135178116723 32.5561331187215 -25.345750941653332
      vertex -75.3694940211618 32.596516940653814 -25.36110725555958
      vertex -75.50179410830268 32.68947514455286 -25.189772900080204
    endloop
  endfacet
  facet normal 0.7914964884293041 5.583063538215818e-14 0.6111737140977844
    outer loop
      vertex -75.33946202049141 32.342369560690976 -25.4
      vertex -75.33946202049142 32.543833175204234 -25.4
      vertex -75.38135178116723 32.5561331187215 -25.345750941653332
    endloop
  endfacet
  facet normal 0.7914964884292613 4.930057851429387e-15 -0.6111737140978399
    outer loop
      vertex -75.38135178116723 32.5561331187215 -22.054249058346674
      vertex -75.50179410830268 33.63048533591883 -22.210227099919795
      vertex -75.26088489340822 32.96640566107107 -21.898239209699952
    endloop
  endfacet
  facet normal 0.7914964884292562 -1.122055087659813e-18 -0.6111737140978465
    outer loop
      vertex -75.50179410830268 33.63048533591883 -22.210227099919795
      vertex -75.26088489340822 33.65828107446995 -21.898239209699952
      vertex -75.26088489340822 32.96640566107107 -21.898239209699952
    endloop
  endfacet
  facet normal 0.6940741952206246 0 -0.7199034737580047
    outer loop
      vertex -75.26088489340822 32.96640566107107 -21.898239209699952
      vertex -75.26088489340822 33.65828107446995 -21.898239209699952
      vertex -75.05708172830234 33.6604954997174 -21.701748259231458
    endloop
  endfacet
  facet normal -0.6396730215589339 0 0.7686471397784965
    outer loop
      vertex -71.4436038454169 15.000000000000043 -25.7
      vertex -71.37599967290429 35 -25.643739379146588
      vertex -71.4436038454169 35 -25.7
    endloop
  endfacet
  facet normal 0 -1 0
    outer loop
      vertex -74.14244123578548 35 -25.7
      vertex -71.4436038454169 35 -25.7
      vertex -71.37599967290429 35 -25.643739379146588
    endloop
  endfacet
  facet normal 0 -1 0
    outer loop
      vertex -74.14244123578548 35 -25.7
      vertex -71.37599967290429 35 -25.643739379146588
      vertex -74.14244123578548 35 -21.15927269051276
    endloop
  endfacet
  facet normal 0 -1 0
    outer loop
      vertex -71.37599967290429 35 -25.643739379146588
      vertex -71.112959481241 35 -25.350169028064194
      vertex -74.14244123578548 35 -21.15927269051276
    endloop
  endfacet
  facet normal 0 -1 0
    outer loop
      vertex -71.112959481241 35 -25.350169028064194
      vertex -70.89546659801172 35 -25.02142818908993
      vertex -74.14244123578548 35 -21.15927269051276
    endloop
  endfacet
  facet normal 0 -1 0
    outer loop
      vertex -70.89546659801172 35 -25.02142818908993
      vertex -70.72815650642212 35 -24.664523402463058
      vertex -74.14244123578548 35 -21.15927269051276
    endloop
  endfacet
  facet normal 0 -1 0
    outer loop
      vertex -70.72815650642212 35 -24.664523402463058
      vertex -70.614595130599 35 -24.287061474070203
      vertex -74.14244123578548 35 -21.15927269051276
    endloop
  endfacet
  facet normal 0 -1 0
    outer loop
      vertex -70.614595130599 35 -24.287061474070203
      vertex -70.55720283410841 35 -23.89708734958445
      vertex -74.14244123578548 35 -21.15927269051276
    endloop
  endfacet
  facet normal 0 -1 0
    outer loop
      vertex -70.55720283410841 35 -23.89708734958445
      vertex -70.55720283410841 35 -23.50291265041555
      vertex -74.14244123578548 35 -21.15927269051276
    endloop
  endfacet
  facet normal 0 -1 0
    outer loop
      vertex -74.14244123578548 35 -21.15927269051276
      vertex -72.37822290711709 35 -21.144612612474454
      vertex -73.93292013245754 35 -21.08779401794495
    endloop
  endfacet
  facet normal 0 -1 0
    outer loop
      vertex -74.14244123578548 35 -21.15927269051276
      vertex -70.89546659801172 35 -22.378571810910067
      vertex -71.112959481241 35 -22.049830971935805
    endloop
  endfacet
  facet normal 0 -1 0
    outer loop
      vertex -74.14244123578548 35 -21.15927269051276
      vertex -71.112959481241 35 -22.049830971935805
      vertex -71.37599967290429 35 -21.75626062085341
    endloop
  endfacet
  facet normal 0 -1 0
    outer loop
      vertex -74.14244123578548 35 -21.15927269051276
      vertex -72.01544572707748 35 -21.298776198017197
      vertex -72.37822290711709 35 -21.144612612474454
    endloop
  endfacet
  facet normal 0 -1 0
    outer loop
      vertex -73.93292013245754 35 -21.08779401794495
      vertex -72.37822290711709 35 -21.144612612474454
      vertex -72.75958050235552 35 -21.04491267256044
    endloop
  endfacet
  facet normal 0 -1 0
    outer loop
      vertex -74.14244123578548 35 -21.15927269051276
      vertex -71.37599967290429 35 -21.75626062085341
      vertex -71.67898092799352 35 -21.50411770001397
    endloop
  endfacet
  facet normal 0 -1 0
    outer loop
      vertex -74.14244123578548 35 -21.15927269051276
      vertex -71.67898092799352 35 -21.50411770001397
      vertex -72.01544572707748 35 -21.298776198017197
    endloop
  endfacet
  facet normal 0 -1 0
    outer loop
      vertex -70.55720283410841 35 -23.50291265041555
      vertex -70.614595130599 35 -23.112938525929795
      vertex -74.14244123578548 35 -21.15927269051276
    endloop
  endfacet
  facet normal 0 -1 0
    outer loop
      vertex -70.614595130599 35 -23.112938525929795
      vertex -70.72815650642212 35 -22.73547659753694
      vertex -74.14244123578548 35 -21.15927269051276
    endloop
  endfacet
  facet normal 0 -1 0
    outer loop
      vertex -74.14244123578548 35 -21.15927269051276
      vertex -70.72815650642212 35 -22.73547659753694
      vertex -70.89546659801172 35 -22.378571810910067
    endloop
  endfacet
  facet normal 0 -1 0
    outer loop
      vertex -73.93292013245754 35 -21.08779401794495
      vertex -72.75958050235552 35 -21.04491267256044
      vertex -73.54530226262025 35 -21.016197366852147
    endloop
  endfacet
  facet normal 0 -1 0
    outer loop
      vertex -73.54530226262025 35 -21.016197366852147
      vertex -72.75958050235552 35 -21.04491267256044
      vertex -73.15139053774432 35 -21.001801309400353
    endloop
  endfacet
  facet normal 0.9998476951563914 -0.017452406437281635 0
    outer loop
      vertex -74.65449477832645 2.6069924036768226 -10.15
      vertex -74.65449477832645 2.6069924036768226 10.15
      vertex -74.69431108915064 0.3259174842801619 -10.15
    endloop
  endfacet
  facet normal 0.9986295347545738 -0.052335956242944286 0
    outer loop
      vertex -74.65449477832645 2.6069924036768226 -10.15
      vertex -74.51803455440887 5.21080858868616 -10.15
      vertex -74.65449477832645 2.6069924036768226 10.15
    endloop
  endfacet
  facet normal 0.9961946980917458 -0.08715574274765586 0
    outer loop
      vertex -74.51803455440887 5.21080858868616 -10.15
      vertex -74.29078558401002 7.808276206093715 -10.15
      vertex -74.51803455440887 5.21080858868616 10.15
    endloop
  endfacet
  facet normal 0.992546151641322 -0.12186934340514832 0
    outer loop
      vertex -74.29078558401002 7.808276206093715 -10.15
      vertex -73.9730247349953 10.396230641716889 -10.15
      vertex -74.29078558401002 7.808276206093715 10.15
    endloop
  endfacet
  facet normal 0.9876883405951377 -0.15643446504023129 0
    outer loop
      vertex -73.9730247349953 10.396230641716889 -10.15
      vertex -73.56513915001194 12.971518871719697 -10.15
      vertex -73.9730247349953 10.396230641716889 10.15
    endloop
  endfacet
  facet normal 0.9816271834476639 -0.1908089953765448 0
    outer loop
      vertex -73.56513915001194 12.971518871719697 -10.15
      vertex -73.06762577481528 15.531003304086623 -10.15
      vertex -73.56513915001194 12.971518871719697 10.15
    endloop
  endfacet
  facet normal 0.9743700647852352 -0.22495105434386464 0
    outer loop
      vertex -73.06762577481528 15.531003304086623 -10.15
      vertex -72.48109075281694 18.07156560129518 -10.15
      vertex -73.06762577481528 15.531003304086623 10.15
    endloop
  endfacet
  facet normal 0.9659258262890685 -0.25881904510251974 0
    outer loop
      vertex -72.48109075281694 18.07156560129518 -10.15
      vertex -71.80624868659243 20.590110479529837 -10.15
      vertex -72.48109075281694 18.07156560129518 10.15
    endloop
  endfacet
  facet normal 0.956304755963034 -0.2923717047227412 0
    outer loop
      vertex -71.80624868659243 20.590110479529837 -10.15
      vertex -71.04392176724797 23.08356947980857 -10.15
      vertex -71.80624868659243 20.590110479529837 10.15
    endloop
  endfacet
  facet normal 0.9455185755993184 -0.32556815445715204 0
    outer loop
      vertex -71.04392176724797 23.08356947980857 -10.15
      vertex -70.19503877270736 25.548904706427454 -10.15
      vertex -71.04392176724797 23.08356947980857 10.15
    endloop
  endfacet
  facet normal 0.9335804264972023 -0.3583679495452989 0
    outer loop
      vertex -70.19503877270736 25.548904706427454 -10.15
      vertex -69.26063393613903 27.98311252816863 -10.15
      vertex -70.19503877270736 25.548904706427454 10.15
    endloop
  endfacet
  facet normal 0.9205048534524395 -0.39073112848927577 0
    outer loop
      vertex -69.26063393613903 27.98311252816863 -10.15
      vertex -68.24184568590229 30.383227237762277 -10.15
      vertex -69.26063393613903 27.98311252816863 10.15
    endloop
  endfacet
  facet normal 0.9063077870366494 -0.42261826174070066 0
    outer loop
      vertex -68.24184568590229 30.383227237762277 -10.15
      vertex -67.13991525854777 32.74632466514409 -10.15
      vertex -68.24184568590229 30.383227237762277 10.15
    endloop
  endfacet
  facet normal 0.8910065241883696 -0.45399049973954325 0
    outer loop
      vertex -67.13991525854777 32.74632466514409 -10.15
      vertex -65.95618518656185 35.069525740106045 -10.15
      vertex -67.13991525854777 32.74632466514409 10.15
    endloop
  endfacet
  facet normal 0.8746197071393932 -0.4848096202463417 0
    outer loop
      vertex -65.95618518656185 35.069525740106045 -10.15
      vertex -64.69209766269756 37.35 -10.15
      vertex -65.95618518656185 35.069525740106045 10.15
    endloop
  endfacet
  facet normal 0.8571673007021123 -0.5150380749100539 0
    outer loop
      vertex -64.69209766269756 37.35 -10.15
      vertex -63.34919278288502 39.58496903822041 -10.15
      vertex -64.69209766269756 37.35 10.15
    endloop
  endfacet
  facet normal 0.8386705679454262 -0.5446390350150239 0
    outer loop
      vertex -63.34919278288502 39.58496903822041 -10.15
      vertex -61.92910666986162 41.7717098892648 -10.15
      vertex -63.34919278288502 39.58496903822041 10.15
    endloop
  endfacet
  facet normal 0.819152044288991 -0.5735764363510473 0
    outer loop
      vertex -61.92910666986162 41.7717098892648 -10.15
      vertex -60.433569479808575 43.90755834624775 -10.15
      vertex -61.92910666986162 41.7717098892648 10.15
    endloop
  endfacet
  facet normal 0.7986355100472908 -0.6018150231520509 0
    outer loop
      vertex -60.433569479808575 43.90755834624775 -10.15
      vertex -58.864403294422125 45.98991220682667 -10.15
      vertex -60.433569479808575 43.90755834624775 10.15
    endloop
  endfacet
  facet normal 0.7771459614569721 -0.629320391049836 0
    outer loop
      vertex -58.864403294422125 45.98991220682667 -10.15
      vertex -57.22351990098766 48.01623444358449 -10.15
      vertex -58.864403294422125 45.98991220682667 10.15
    endloop
  endfacet
  facet normal 0.754709580222773 -0.6560590289905059 0
    outer loop
      vertex -57.22351990098766 48.01623444358449 -10.15
      vertex -55.512918463161355 49.98405629500671 -10.15
      vertex -57.22351990098766 48.01623444358449 10.15
    endloop
  endfacet
  facet normal 0.9998476951563914 -0.017452406437281635 6.197078575235296e-20
    outer loop
      vertex -74.65449477832645 2.6069924036768226 10.15
      vertex -74.69431108915064 0.3259174842801619 10.15
      vertex -74.69431108915064 0.3259174842801619 -10.15
    endloop
  endfacet
  facet normal 0.9986295347545738 -0.052335956242944286 0
    outer loop
      vertex -74.51803455440887 5.21080858868616 -10.15
      vertex -74.51803455440887 5.21080858868616 10.15
      vertex -74.65449477832645 2.6069924036768226 10.15
    endloop
  endfacet
  facet normal 0.9961946980917458 -0.08715574274765586 0
    outer loop
      vertex -74.29078558401002 7.808276206093715 -10.15
      vertex -74.29078558401002 7.808276206093715 10.15
      vertex -74.51803455440887 5.21080858868616 10.15
    endloop
  endfacet
  facet normal 0.992546151641322 -0.12186934340514832 0
    outer loop
      vertex -73.9730247349953 10.396230641716889 -10.15
      vertex -73.9730247349953 10.396230641716889 10.15
      vertex -74.29078558401002 7.808276206093715 10.15
    endloop
  endfacet
  facet normal 0.9876883405951377 -0.15643446504023129 0
    outer loop
      vertex -73.56513915001194 12.971518871719697 -10.15
      vertex -73.56513915001194 12.971518871719697 10.15
      vertex -73.9730247349953 10.396230641716889 10.15
    endloop
  endfacet
  facet normal 0.9816271834476639 -0.1908089953765448 0
    outer loop
      vertex -73.06762577481528 15.531003304086623 -10.15
      vertex -73.06762577481528 15.531003304086623 10.15
      vertex -73.56513915001194 12.971518871719697 10.15
    endloop
  endfacet
  facet normal 0.9743700647852352 -0.22495105434386464 0
    outer loop
      vertex -72.48109075281694 18.07156560129518 -10.15
      vertex -72.48109075281694 18.07156560129518 10.15
      vertex -73.06762577481528 15.531003304086623 10.15
    endloop
  endfacet
  facet normal 0.9659258262890685 -0.25881904510251974 0
    outer loop
      vertex -71.80624868659243 20.590110479529837 -10.15
      vertex -71.80624868659243 20.590110479529837 10.15
      vertex -72.48109075281694 18.07156560129518 10.15
    endloop
  endfacet
  facet normal 0.956304755963034 -0.2923717047227412 0
    outer loop
      vertex -71.04392176724797 23.08356947980857 -10.15
      vertex -71.04392176724797 23.08356947980857 10.15
      vertex -71.80624868659243 20.590110479529837 10.15
    endloop
  endfacet
  facet normal 0.9455185755993184 -0.32556815445715204 0
    outer loop
      vertex -70.19503877270736 25.548904706427454 -10.15
      vertex -70.19503877270736 25.548904706427454 10.15
      vertex -71.04392176724797 23.08356947980857 10.15
    endloop
  endfacet
  facet normal 0.9335804264972023 -0.3583679495452989 0
    outer loop
      vertex -69.26063393613903 27.98311252816863 -10.15
      vertex -69.26063393613903 27.98311252816863 10.15
      vertex -70.19503877270736 25.548904706427454 10.15
    endloop
  endfacet
  facet normal 0.9205048534524395 -0.39073112848927577 0
    outer loop
      vertex -68.24184568590229 30.383227237762277 -10.15
      vertex -68.24184568590229 30.383227237762277 10.15
      vertex -69.26063393613903 27.98311252816863 10.15
    endloop
  endfacet
  facet normal 0.9063077870366494 -0.42261826174070066 0
    outer loop
      vertex -67.13991525854777 32.74632466514409 -10.15
      vertex -67.13991525854777 32.74632466514409 10.15
      vertex -68.24184568590229 30.383227237762277 10.15
    endloop
  endfacet
  facet normal 0.8910065241883696 -0.45399049973954325 0
    outer loop
      vertex -65.95618518656185 35.069525740106045 -10.15
      vertex -65.95618518656185 35.069525740106045 10.15
      vertex -67.13991525854777 32.74632466514409 10.15
    endloop
  endfacet
  facet normal 0.8746197071393932 -0.4848096202463417 0
    outer loop
      vertex -64.69209766269756 37.35 -10.15
      vertex -64.69209766269756 37.35 10.15
      vertex -65.95618518656185 35.069525740106045 10.15
    endloop
  endfacet
  facet normal 0.8571673007021123 -0.5150380749100539 0
    outer loop
      vertex -63.34919278288502 39.58496903822041 -10.15
      vertex -63.34919278288502 39.58496903822041 10.15
      vertex -64.69209766269756 37.35 10.15
    endloop
  endfacet
  facet normal 0.8386705679454262 -0.5446390350150239 0
    outer loop
      vertex -61.92910666986162 41.7717098892648 -10.15
      vertex -61.92910666986162 41.7717098892648 10.15
      vertex -63.34919278288502 39.58496903822041 10.15
    endloop
  endfacet
  facet normal 0.819152044288991 -0.5735764363510473 0
    outer loop
      vertex -60.433569479808575 43.90755834624775 -10.15
      vertex -60.433569479808575 43.90755834624775 10.15
      vertex -61.92910666986162 41.7717098892648 10.15
    endloop
  endfacet
  facet normal 0.7986355100472908 -0.6018150231520509 0
    outer loop
      vertex -58.864403294422125 45.98991220682667 -10.15
      vertex -58.864403294422125 45.98991220682667 10.15
      vertex -60.433569479808575 43.90755834624775 10.15
    endloop
  endfacet
  facet normal 0.7771459614569721 -0.629320391049836 0
    outer loop
      vertex -57.22351990098766 48.01623444358449 -10.15
      vertex -57.22351990098766 48.01623444358449 10.15
      vertex -58.864403294422125 45.98991220682667 10.15
    endloop
  endfacet
  facet normal 0.754709580222773 -0.6560590289905059 0
    outer loop
      vertex -55.512918463161355 49.98405629500671 -10.15
      vertex -55.512918463161355 49.98405629500671 10.15
      vertex -57.22351990098766 48.01623444358449 10.15
    endloop
  endfacet
  facet normal 0.731353701619171 -0.6819983600624979 0
    outer loop
      vertex -55.512918463161355 49.98405629500671 -10.15
      vertex -53.73468308529725 51.8909802732871 -10.15
      vertex -55.512918463161355 49.98405629500671 10.15
    endloop
  endfacet
  facet normal 0.7071067811865476 -0.7071067811865476 0
    outer loop
      vertex -53.73468308529725 51.8909802732871 -10.15
      vertex -51.8909802732871 53.73468308529725 -10.15
      vertex -53.73468308529725 51.8909802732871 10.15
    endloop
  endfacet
  facet normal 0.6819983600624979 -0.731353701619171 0
    outer loop
      vertex -51.8909802732871 53.73468308529725 -10.15
      vertex -49.98405629500671 55.512918463161355 -10.15
      vertex -51.8909802732871 53.73468308529725 10.15
    endloop
  endfacet
  facet normal 0.6560590289905059 -0.754709580222773 0
    outer loop
      vertex -49.98405629500671 55.512918463161355 -10.15
      vertex -48.01623444358449 57.22351990098766 -10.15
      vertex -49.98405629500671 55.512918463161355 10.15
    endloop
  endfacet
  facet normal 0.629320391049836 -0.7771459614569721 0
    outer loop
      vertex -48.01623444358449 57.22351990098766 -10.15
      vertex -45.98991220682667 58.864403294422125 -10.15
      vertex -48.01623444358449 57.22351990098766 10.15
    endloop
  endfacet
  facet normal 0.6018150231520509 -0.7986355100472908 0
    outer loop
      vertex -45.98991220682667 58.864403294422125 -10.15
      vertex -43.90755834624775 60.433569479808575 -10.15
      vertex -45.98991220682667 58.864403294422125 10.15
    endloop
  endfacet
  facet normal 0.5735764363510473 -0.819152044288991 0
    outer loop
      vertex -43.90755834624775 60.433569479808575 -10.15
      vertex -41.7717098892648 61.92910666986162 -10.15
      vertex -43.90755834624775 60.433569479808575 10.15
    endloop
  endfacet
  facet normal 0.5446390350150239 -0.8386705679454262 0
    outer loop
      vertex -41.7717098892648 61.92910666986162 -10.15
      vertex -39.58496903822041 63.34919278288502 -10.15
      vertex -41.7717098892648 61.92910666986162 10.15
    endloop
  endfacet
  facet normal 0.5150380749100539 -0.8571673007021123 0
    outer loop
      vertex -39.58496903822041 63.34919278288502 -10.15
      vertex -37.35 64.69209766269756 -10.15
      vertex -39.58496903822041 63.34919278288502 10.15
    endloop
  endfacet
  facet normal 0.4848096202463417 -0.8746197071393932 0
    outer loop
      vertex -37.35 64.69209766269756 -10.15
      vertex -35.069525740106045 65.95618518656185 -10.15
      vertex -37.35 64.69209766269756 10.15
    endloop
  endfacet
  facet normal 0.45399049973954325 -0.8910065241883696 0
    outer loop
      vertex -35.069525740106045 65.95618518656185 -10.15
      vertex -32.74632466514409 67.13991525854777 -10.15
      vertex -35.069525740106045 65.95618518656185 10.15
    endloop
  endfacet
  facet normal 0.42261826174070066 -0.9063077870366494 0
    outer loop
      vertex -32.74632466514409 67.13991525854777 -10.15
      vertex -30.383227237762277 68.24184568590229 -10.15
      vertex -32.74632466514409 67.13991525854777 10.15
    endloop
  endfacet
  facet normal 0.39073112848927577 -0.9205048534524395 0
    outer loop
      vertex -30.383227237762277 68.24184568590229 -10.15
      vertex -27.98311252816863 69.26063393613903 -10.15
      vertex -30.383227237762277 68.24184568590229 10.15
    endloop
  endfacet
  facet normal 0.3583679495452989 -0.9335804264972023 0
    outer loop
      vertex -27.98311252816863 69.26063393613903 -10.15
      vertex -25.548904706427454 70.19503877270736 -10.15
      vertex -27.98311252816863 69.26063393613903 10.15
    endloop
  endfacet
  facet normal 0.32556815445715204 -0.9455185755993184 0
    outer loop
      vertex -25.548904706427454 70.19503877270736 -10.15
      vertex -23.08356947980857 71.04392176724797 -10.15
      vertex -25.548904706427454 70.19503877270736 10.15
    endloop
  endfacet
  facet normal 0.2923717047227412 -0.956304755963034 0
    outer loop
      vertex -23.08356947980857 71.04392176724797 -10.15
      vertex -20.590110479529837 71.80624868659243 -10.15
      vertex -23.08356947980857 71.04392176724797 10.15
    endloop
  endfacet
  facet normal 0.25881904510251974 -0.9659258262890685 0
    outer loop
      vertex -20.590110479529837 71.80624868659243 -10.15
      vertex -18.07156560129518 72.48109075281694 -10.15
      vertex -20.590110479529837 71.80624868659243 10.15
    endloop
  endfacet
  facet normal 0.22495105434386464 -0.9743700647852352 0
    outer loop
      vertex -18.07156560129518 72.48109075281694 -10.15
      vertex -15.531003304086623 73.06762577481528 -10.15
      vertex -18.07156560129518 72.48109075281694 10.15
    endloop
  endfacet
  facet normal 0.1908089953765448 -0.9816271834476639 0
    outer loop
      vertex -15.531003304086623 73.06762577481528 -10.15
      vertex -12.971518871719697 73.56513915001194 -10.15
      vertex -15.531003304086623 73.06762577481528 10.15
    endloop
  endfacet
  facet normal 0.15643446504023129 -0.9876883405951377 0
    outer loop
      vertex -12.971518871719697 73.56513915001194 -10.15
      vertex -10.396230641716889 73.9730247349953 -10.15
      vertex -12.971518871719697 73.56513915001194 10.15
    endloop
  endfacet
  facet normal 0.12186934340514832 -0.992546151641322 0
    outer loop
      vertex -10.396230641716889 73.9730247349953 -10.15
      vertex -7.808276206093715 74.29078558401002 -10.15
      vertex -10.396230641716889 73.9730247349953 10.15
    endloop
  endfacet
  facet normal 0.08715574274765586 -0.9961946980917458 7.626586193241737e-18
    outer loop
      vertex -7.808276206093715 74.29078558401002 -10.15
      vertex -5.21080858868616 74.51803455440887 -10.15
      vertex -7.8082762060937165 74.29078558401002 10.15
    endloop
  endfacet
  facet normal 0.05233595624294428 -0.9986295347545738 0
    outer loop
      vertex -5.21080858868616 74.51803455440887 -10.15
      vertex -2.606992403676822 74.65449477832645 -10.15
      vertex -5.21080858868616 74.51803455440887 10.15
    endloop
  endfacet
  facet normal 0.731353701619171 -0.6819983600624979 0
    outer loop
      vertex -53.73468308529725 51.8909802732871 -10.15
      vertex -53.73468308529725 51.8909802732871 10.15
      vertex -55.512918463161355 49.98405629500671 10.15
    endloop
  endfacet
  facet normal 0.7071067811865476 -0.7071067811865476 0
    outer loop
      vertex -51.8909802732871 53.73468308529725 -10.15
      vertex -51.8909802732871 53.73468308529725 10.15
      vertex -53.73468308529725 51.8909802732871 10.15
    endloop
  endfacet
  facet normal 0.6819983600624979 -0.731353701619171 0
    outer loop
      vertex -49.98405629500671 55.512918463161355 -10.15
      vertex -49.98405629500671 55.512918463161355 10.15
      vertex -51.8909802732871 53.73468308529725 10.15
    endloop
  endfacet
  facet normal 0.6560590289905059 -0.754709580222773 0
    outer loop
      vertex -48.01623444358449 57.22351990098766 -10.15
      vertex -48.01623444358449 57.22351990098766 10.15
      vertex -49.98405629500671 55.512918463161355 10.15
    endloop
  endfacet
  facet normal 0.629320391049836 -0.7771459614569721 0
    outer loop
      vertex -45.98991220682667 58.864403294422125 -10.15
      vertex -45.98991220682667 58.864403294422125 10.15
      vertex -48.01623444358449 57.22351990098766 10.15
    endloop
  endfacet
  facet normal 0.6018150231520509 -0.7986355100472908 0
    outer loop
      vertex -43.90755834624775 60.433569479808575 -10.15
      vertex -43.90755834624775 60.433569479808575 10.15
      vertex -45.98991220682667 58.864403294422125 10.15
    endloop
  endfacet
  facet normal 0.5735764363510473 -0.819152044288991 0
    outer loop
      vertex -41.7717098892648 61.92910666986162 -10.15
      vertex -41.7717098892648 61.92910666986162 10.15
      vertex -43.90755834624775 60.433569479808575 10.15
    endloop
  endfacet
  facet normal 0.5446390350150239 -0.8386705679454262 0
    outer loop
      vertex -39.58496903822041 63.34919278288502 -10.15
      vertex -39.58496903822041 63.34919278288502 10.15
      vertex -41.7717098892648 61.92910666986162 10.15
    endloop
  endfacet
  facet normal 0.5150380749100539 -0.8571673007021123 0
    outer loop
      vertex -37.35 64.69209766269756 -10.15
      vertex -37.35 64.69209766269756 10.15
      vertex -39.58496903822041 63.34919278288502 10.15
    endloop
  endfacet
  facet normal 0.4848096202463417 -0.8746197071393932 0
    outer loop
      vertex -35.069525740106045 65.95618518656185 -10.15
      vertex -35.069525740106045 65.95618518656185 10.15
      vertex -37.35 64.69209766269756 10.15
    endloop
  endfacet
  facet normal 0.45399049973954325 -0.8910065241883696 0
    outer loop
      vertex -32.74632466514409 67.13991525854777 -10.15
      vertex -32.74632466514409 67.13991525854777 10.15
      vertex -35.069525740106045 65.95618518656185 10.15
    endloop
  endfacet
  facet normal 0.42261826174070066 -0.9063077870366494 0
    outer loop
      vertex -30.383227237762277 68.24184568590229 -10.15
      vertex -30.383227237762277 68.24184568590229 10.15
      vertex -32.74632466514409 67.13991525854777 10.15
    endloop
  endfacet
  facet normal 0.39073112848927577 -0.9205048534524395 0
    outer loop
      vertex -27.98311252816863 69.26063393613903 -10.15
      vertex -27.98311252816863 69.26063393613903 10.15
      vertex -30.383227237762277 68.24184568590229 10.15
    endloop
  endfacet
  facet normal 0.3583679495452989 -0.9335804264972023 0
    outer loop
      vertex -25.548904706427454 70.19503877270736 -10.15
      vertex -25.548904706427454 70.19503877270736 10.15
      vertex -27.98311252816863 69.26063393613903 10.15
    endloop
  endfacet
  facet normal 0.32556815445715204 -0.9455185755993184 0
    outer loop
      vertex -23.08356947980857 71.04392176724797 -10.15
      vertex -23.08356947980857 71.04392176724797 10.15
      vertex -25.548904706427454 70.19503877270736 10.15
    endloop
  endfacet
  facet normal 0.2923717047227412 -0.956304755963034 0
    outer loop
      vertex -20.590110479529837 71.80624868659243 -10.15
      vertex -20.590110479529837 71.80624868659243 10.15
      vertex -23.08356947980857 71.04392176724797 10.15
    endloop
  endfacet
  facet normal 0.25881904510251974 -0.9659258262890685 0
    outer loop
      vertex -18.07156560129518 72.48109075281694 -10.15
      vertex -18.07156560129518 72.48109075281694 10.15
      vertex -20.590110479529837 71.80624868659243 10.15
    endloop
  endfacet
  facet normal 0.22495105434386464 -0.9743700647852352 0
    outer loop
      vertex -15.531003304086623 73.06762577481528 -10.15
      vertex -15.531003304086623 73.06762577481528 10.15
      vertex -18.07156560129518 72.48109075281694 10.15
    endloop
  endfacet
  facet normal 0.1908089953765448 -0.9816271834476639 0
    outer loop
      vertex -12.971518871719697 73.56513915001194 -10.15
      vertex -12.971518871719697 73.56513915001194 10.15
      vertex -15.531003304086623 73.06762577481528 10.15
    endloop
  endfacet
  facet normal 0.15643446504023129 -0.9876883405951377 0
    outer loop
      vertex -10.396230641716889 73.9730247349953 -10.15
      vertex -10.396230641716889 73.9730247349953 10.15
      vertex -12.971518871719697 73.56513915001194 10.15
    endloop
  endfacet
  facet normal 0.1218693434051484 -0.9925461516413219 1.0664208949308038e-17
    outer loop
      vertex -7.808276206093715 74.29078558401002 -10.15
      vertex -7.8082762060937165 74.29078558401002 10.15
      vertex -10.396230641716889 73.9730247349953 10.15
    endloop
  endfacet
  facet normal 0.08715574274765578 -0.9961946980917458 0
    outer loop
      vertex -5.21080858868616 74.51803455440887 -10.15
      vertex -5.21080858868616 74.51803455440887 10.15
      vertex -7.8082762060937165 74.29078558401002 10.15
    endloop
  endfacet
  facet normal 0.052335956242944286 -0.9986295347545738 1.1449179041712602e-18
    outer loop
      vertex -2.606992403676822 74.65449477832645 -10.15
      vertex -2.6069924036768226 74.65449477832645 10.15
      vertex -5.21080858868616 74.51803455440887 10.15
    endloop
  endfacet
  facet normal -0.9455185755993184 -0.32556815445715204 3.3023495475564834e-18
    outer loop
      vertex 71.04392176724797 23.08356947980857 -10.15
      vertex 70.19503877270736 25.548904706427454 10.15
      vertex 70.19503877270736 25.548904706427454 -10.15
    endloop
  endfacet
  facet normal -0.9563047559630347 -0.29237170472273916 -1.1686192475872937e-18
    outer loop
      vertex 71.04392176724797 23.08356947980857 -10.15
      vertex 71.57234020534396 21.355190647906994 -10.15
      vertex 71.57234020534396 21.355190647906994 10.15
    endloop
  endfacet
  facet normal -0.9335804264972023 -0.3583679495452989 0
    outer loop
      vertex 69.26063393613903 27.98311252816863 -10.15
      vertex 70.19503877270736 25.548904706427454 -10.15
      vertex 69.26063393613903 27.98311252816863 10.15
    endloop
  endfacet
  facet normal -0.9205048534524395 -0.39073112848927577 3.509525594222485e-18
    outer loop
      vertex 69.26063393613903 27.98311252816863 -10.15
      vertex 68.24184568590229 30.383227237762277 10.15
      vertex 68.24184568590229 30.383227237762277 -10.15
    endloop
  endfacet
  facet normal -0.9063077870366494 -0.42261826174070066 0
    outer loop
      vertex 67.13991525854777 32.74632466514409 -10.15
      vertex 68.24184568590229 30.383227237762277 -10.15
      vertex 67.13991525854777 32.74632466514409 10.15
    endloop
  endfacet
  facet normal -0.8910065241883696 -0.45399049973954325 3.452409545695412e-18
    outer loop
      vertex 67.13991525854777 32.74632466514409 -10.15
      vertex 65.95618518656185 35.069525740106045 10.15
      vertex 65.95618518656185 35.069525740106045 -10.15
    endloop
  endfacet
  facet normal -0.8746197071393932 -0.4848096202463417 0
    outer loop
      vertex 64.69209766269756 37.35 -10.15
      vertex 65.95618518656185 35.069525740106045 -10.15
      vertex 64.69209766269756 37.35 10.15
    endloop
  endfacet
  facet normal -0.7771459614569721 -0.629320391049836 0
    outer loop
      vertex 57.22351990098766 48.01623444358449 -10.15
      vertex 58.864403294422125 45.98991220682667 -10.15
      vertex 57.22351990098766 48.01623444358449 10.15
    endloop
  endfacet
  facet normal -0.754709580222773 -0.6560590289905059 0
    outer loop
      vertex 55.512918463161355 49.98405629500671 -10.15
      vertex 57.22351990098766 48.01623444358449 -10.15
      vertex 55.512918463161355 49.98405629500671 10.15
    endloop
  endfacet
  facet normal -0.8571673007021123 -0.5150380749100539 -1.866255007811344e-18
    outer loop
      vertex 64.69209766269756 37.35 -10.15
      vertex 63.34919278288502 39.58496903822041 10.15
      vertex 63.34919278288502 39.58496903822041 -10.15
    endloop
  endfacet
  facet normal -0.819152044288991 -0.5735764363510473 1.816821194808845e-18
    outer loop
      vertex 61.92910666986162 41.7717098892648 -10.15
      vertex 60.433569479808575 43.90755834624775 10.15
      vertex 60.433569479808575 43.90755834624775 -10.15
    endloop
  endfacet
  facet normal -0.8386705679454262 -0.5446390350150239 0
    outer loop
      vertex 61.92910666986162 41.7717098892648 -10.15
      vertex 63.34919278288502 39.58496903822041 -10.15
      vertex 61.92910666986162 41.7717098892648 10.15
    endloop
  endfacet
  facet normal -0.7986355100472908 -0.6018150231520509 0
    outer loop
      vertex 58.864403294422125 45.98991220682667 -10.15
      vertex 60.433569479808575 43.90755834624775 -10.15
      vertex 58.864403294422125 45.98991220682667 10.15
    endloop
  endfacet
  facet normal -0.9563047559630347 -0.29237170472273916 0
    outer loop
      vertex 71.04392176724797 23.08356947980857 -10.15
      vertex 71.57234020534396 21.355190647906994 10.15
      vertex 71.04392176724797 23.08356947980857 10.15
    endloop
  endfacet
  facet normal -0.9455185755993184 -0.32556815445715204 0
    outer loop
      vertex 71.04392176724797 23.08356947980857 -10.15
      vertex 71.04392176724797 23.08356947980857 10.15
      vertex 70.19503877270736 25.548904706427454 10.15
    endloop
  endfacet
  facet normal -0.9335804264972023 -0.3583679495452989 0
    outer loop
      vertex 70.19503877270736 25.548904706427454 -10.15
      vertex 70.19503877270736 25.548904706427454 10.15
      vertex 69.26063393613903 27.98311252816863 10.15
    endloop
  endfacet
  facet normal -0.9205048534524395 -0.39073112848927577 0
    outer loop
      vertex 69.26063393613903 27.98311252816863 -10.15
      vertex 69.26063393613903 27.98311252816863 10.15
      vertex 68.24184568590229 30.383227237762277 10.15
    endloop
  endfacet
  facet normal -0.9063077870366494 -0.42261826174070066 0
    outer loop
      vertex 68.24184568590229 30.383227237762277 -10.15
      vertex 68.24184568590229 30.383227237762277 10.15
      vertex 67.13991525854777 32.74632466514409 10.15
    endloop
  endfacet
  facet normal -0.8910065241883696 -0.45399049973954325 0
    outer loop
      vertex 67.13991525854777 32.74632466514409 -10.15
      vertex 67.13991525854777 32.74632466514409 10.15
      vertex 65.95618518656185 35.069525740106045 10.15
    endloop
  endfacet
  facet normal -0.8746197071393932 -0.4848096202463417 0
    outer loop
      vertex 65.95618518656185 35.069525740106045 -10.15
      vertex 65.95618518656185 35.069525740106045 10.15
      vertex 64.69209766269756 37.35 10.15
    endloop
  endfacet
  facet normal -0.7771459614569721 -0.629320391049836 0
    outer loop
      vertex 58.864403294422125 45.98991220682667 -10.15
      vertex 58.864403294422125 45.98991220682667 10.15
      vertex 57.22351990098766 48.01623444358449 10.15
    endloop
  endfacet
  facet normal -0.754709580222773 -0.6560590289905059 0
    outer loop
      vertex 57.22351990098766 48.01623444358449 -10.15
      vertex 57.22351990098766 48.01623444358449 10.15
      vertex 55.512918463161355 49.98405629500671 10.15
    endloop
  endfacet
  facet normal -0.8571673007021123 -0.5150380749100539 0
    outer loop
      vertex 64.69209766269756 37.35 -10.15
      vertex 64.69209766269756 37.35 10.15
      vertex 63.34919278288502 39.58496903822041 10.15
    endloop
  endfacet
  facet normal -0.8386705679454262 -0.5446390350150239 0
    outer loop
      vertex 63.34919278288502 39.58496903822041 -10.15
      vertex 63.34919278288502 39.58496903822041 10.15
      vertex 61.92910666986162 41.7717098892648 10.15
    endloop
  endfacet
  facet normal -0.819152044288991 -0.5735764363510473 0
    outer loop
      vertex 61.92910666986162 41.7717098892648 -10.15
      vertex 61.92910666986162 41.7717098892648 10.15
      vertex 60.433569479808575 43.90755834624775 10.15
    endloop
  endfacet
  facet normal -0.7986355100472908 -0.6018150231520509 0
    outer loop
      vertex 60.433569479808575 43.90755834624775 -10.15
      vertex 60.433569479808575 43.90755834624775 10.15
      vertex 58.864403294422125 45.98991220682667 10.15
    endloop
  endfacet
  facet normal 0.017452406437284285 -0.9998476951563912 3.8179435392688296e-19
    outer loop
      vertex -2.606992403676822 74.65449477832645 -10.15
      vertex 0 74.7 -10.15
      vertex -2.6069924036768226 74.65449477832645 10.15
    endloop
  endfacet
  facet normal -0.017452406437284282 -0.9998476951563912 0
    outer loop
      vertex 0 74.7 -10.15
      vertex 2.6069924036768226 74.65449477832645 -10.15
      vertex 0 74.7 10.15
    endloop
  endfacet
  facet normal -0.052335956242944286 -0.9986295347545738 -1.1449179041712602e-18
    outer loop
      vertex 2.6069924036768226 74.65449477832645 -10.15
      vertex 5.21080858868616 74.51803455440887 -10.15
      vertex 2.606992403676822 74.65449477832645 10.15
    endloop
  endfacet
  facet normal -0.08715574274765578 -0.9961946980917458 0
    outer loop
      vertex 5.21080858868616 74.51803455440887 -10.15
      vertex 7.8082762060937165 74.29078558401002 -10.15
      vertex 5.21080858868616 74.51803455440887 10.15
    endloop
  endfacet
  facet normal -0.1218693434051484 -0.9925461516413219 -1.0664208949308038e-17
    outer loop
      vertex 7.8082762060937165 74.29078558401002 -10.15
      vertex 10.396230641716889 73.9730247349953 -10.15
      vertex 7.808276206093715 74.29078558401002 10.15
    endloop
  endfacet
  facet normal -0.15643446504023129 -0.9876883405951377 0
    outer loop
      vertex 10.396230641716889 73.9730247349953 -10.15
      vertex 12.971518871719697 73.56513915001194 -10.15
      vertex 10.396230641716889 73.9730247349953 10.15
    endloop
  endfacet
  facet normal -0.1908089953765448 -0.9816271834476639 0
    outer loop
      vertex 12.971518871719697 73.56513915001194 -10.15
      vertex 15.531003304086623 73.06762577481528 -10.15
      vertex 12.971518871719697 73.56513915001194 10.15
    endloop
  endfacet
  facet normal -0.2923717047227412 -0.956304755963034 0
    outer loop
      vertex 20.590110479529837 71.80624868659243 -10.15
      vertex 23.08356947980857 71.04392176724797 -10.15
      vertex 20.590110479529837 71.80624868659243 10.15
    endloop
  endfacet
  facet normal -0.22495105434386464 -0.9743700647852352 0
    outer loop
      vertex 15.531003304086623 73.06762577481528 -10.15
      vertex 18.07156560129518 72.48109075281694 -10.15
      vertex 15.531003304086623 73.06762577481528 10.15
    endloop
  endfacet
  facet normal -0.25881904510251974 -0.9659258262890685 0
    outer loop
      vertex 18.07156560129518 72.48109075281694 -10.15
      vertex 20.590110479529837 71.80624868659243 -10.15
      vertex 18.07156560129518 72.48109075281694 10.15
    endloop
  endfacet
  facet normal -0.5735764363510473 -0.819152044288991 0
    outer loop
      vertex 41.7717098892648 61.92910666986162 -10.15
      vertex 43.90755834624775 60.433569479808575 -10.15
      vertex 41.7717098892648 61.92910666986162 10.15
    endloop
  endfacet
  facet normal -0.6018150231520509 -0.7986355100472908 -4.048259506958689e-18
    outer loop
      vertex 45.98991220682667 58.864403294422125 -10.15
      vertex 43.90755834624775 60.433569479808575 10.15
      vertex 43.90755834624775 60.433569479808575 -10.15
    endloop
  endfacet
  facet normal -0.39073112848927577 -0.9205048534524395 3.509525594222485e-18
    outer loop
      vertex 30.383227237762277 68.24184568590229 -10.15
      vertex 27.98311252816863 69.26063393613903 10.15
      vertex 27.98311252816863 69.26063393613903 -10.15
    endloop
  endfacet
  facet normal -0.42261826174070066 -0.9063077870366494 0
    outer loop
      vertex 30.383227237762277 68.24184568590229 -10.15
      vertex 32.74632466514409 67.13991525854777 -10.15
      vertex 30.383227237762277 68.24184568590229 10.15
    endloop
  endfacet
  facet normal -0.45399049973954325 -0.8910065241883696 0
    outer loop
      vertex 32.74632466514409 67.13991525854777 -10.15
      vertex 35.069525740106045 65.95618518656185 -10.15
      vertex 32.74632466514409 67.13991525854777 10.15
    endloop
  endfacet
  facet normal -0.32556815445715204 -0.9455185755993184 0
    outer loop
      vertex 23.08356947980857 71.04392176724797 -10.15
      vertex 25.548904706427454 70.19503877270736 -10.15
      vertex 23.08356947980857 71.04392176724797 10.15
    endloop
  endfacet
  facet normal -0.3583679495452989 -0.9335804264972023 0
    outer loop
      vertex 25.548904706427454 70.19503877270736 -10.15
      vertex 27.98311252816863 69.26063393613903 -10.15
      vertex 25.548904706427454 70.19503877270736 10.15
    endloop
  endfacet
  facet normal -0.4848096202463417 -0.8746197071393932 0
    outer loop
      vertex 35.069525740106045 65.95618518656185 -10.15
      vertex 37.35 64.69209766269756 -10.15
      vertex 35.069525740106045 65.95618518656185 10.15
    endloop
  endfacet
  facet normal -0.5150380749100539 -0.8571673007021123 0
    outer loop
      vertex 37.35 64.69209766269756 -10.15
      vertex 39.58496903822041 63.34919278288502 -10.15
      vertex 37.35 64.69209766269756 10.15
    endloop
  endfacet
  facet normal -0.5446390350150239 -0.8386705679454262 2.1615553554848196e-19
    outer loop
      vertex 41.7717098892648 61.92910666986162 -10.15
      vertex 39.58496903822041 63.34919278288502 10.15
      vertex 39.58496903822041 63.34919278288502 -10.15
    endloop
  endfacet
  facet normal -0.6819983600624979 -0.731353701619171 0
    outer loop
      vertex 49.98405629500671 55.512918463161355 -10.15
      vertex 51.8909802732871 53.73468308529725 -10.15
      vertex 49.98405629500671 55.512918463161355 10.15
    endloop
  endfacet
  facet normal -0.731353701619171 -0.6819983600624979 2.539807181013373e-18
    outer loop
      vertex 55.512918463161355 49.98405629500671 -10.15
      vertex 53.73468308529725 51.8909802732871 10.15
      vertex 53.73468308529725 51.8909802732871 -10.15
    endloop
  endfacet
  facet normal -0.7071067811865476 -0.7071067811865476 0
    outer loop
      vertex 51.8909802732871 53.73468308529725 -10.15
      vertex 53.73468308529725 51.8909802732871 -10.15
      vertex 51.8909802732871 53.73468308529725 10.15
    endloop
  endfacet
  facet normal -0.6560590289905059 -0.754709580222773 0
    outer loop
      vertex 48.01623444358449 57.22351990098766 -10.15
      vertex 49.98405629500671 55.512918463161355 -10.15
      vertex 48.01623444358449 57.22351990098766 10.15
    endloop
  endfacet
  facet normal -0.629320391049836 -0.7771459614569721 0
    outer loop
      vertex 45.98991220682667 58.864403294422125 -10.15
      vertex 48.01623444358449 57.22351990098766 -10.15
      vertex 45.98991220682667 58.864403294422125 10.15
    endloop
  endfacet
  facet normal 0.017452406437284282 -0.9998476951563912 1.2346015547108039e-20
    outer loop
      vertex -2.6069924036768226 74.65449477832645 10.15
      vertex 0 74.7 -10.15
      vertex 0 74.7 10.15
    endloop
  endfacet
  facet normal -0.017452406437284285 -0.9998476951563912 -3.8179435392688296e-19
    outer loop
      vertex 2.6069924036768226 74.65449477832645 -10.15
      vertex 2.606992403676822 74.65449477832645 10.15
      vertex 0 74.7 10.15
    endloop
  endfacet
  facet normal -0.05233595624294428 -0.9986295347545738 0
    outer loop
      vertex 5.21080858868616 74.51803455440887 -10.15
      vertex 5.21080858868616 74.51803455440887 10.15
      vertex 2.606992403676822 74.65449477832645 10.15
    endloop
  endfacet
  facet normal -0.08715574274765586 -0.9961946980917458 -7.626586193241737e-18
    outer loop
      vertex 7.8082762060937165 74.29078558401002 -10.15
      vertex 7.808276206093715 74.29078558401002 10.15
      vertex 5.21080858868616 74.51803455440887 10.15
    endloop
  endfacet
  facet normal -0.12186934340514832 -0.992546151641322 0
    outer loop
      vertex 10.396230641716889 73.9730247349953 -10.15
      vertex 10.396230641716889 73.9730247349953 10.15
      vertex 7.808276206093715 74.29078558401002 10.15
    endloop
  endfacet
  facet normal -0.15643446504023129 -0.9876883405951377 0
    outer loop
      vertex 12.971518871719697 73.56513915001194 -10.15
      vertex 12.971518871719697 73.56513915001194 10.15
      vertex 10.396230641716889 73.9730247349953 10.15
    endloop
  endfacet
  facet normal -0.1908089953765448 -0.9816271834476639 0
    outer loop
      vertex 15.531003304086623 73.06762577481528 -10.15
      vertex 15.531003304086623 73.06762577481528 10.15
      vertex 12.971518871719697 73.56513915001194 10.15
    endloop
  endfacet
  facet normal -0.25881904510251974 -0.9659258262890685 0
    outer loop
      vertex 20.590110479529837 71.80624868659243 -10.15
      vertex 20.590110479529837 71.80624868659243 10.15
      vertex 18.07156560129518 72.48109075281694 10.15
    endloop
  endfacet
  facet normal -0.22495105434386464 -0.9743700647852352 0
    outer loop
      vertex 18.07156560129518 72.48109075281694 -10.15
      vertex 18.07156560129518 72.48109075281694 10.15
      vertex 15.531003304086623 73.06762577481528 10.15
    endloop
  endfacet
  facet normal -0.6018150231520509 -0.7986355100472908 0
    outer loop
      vertex 45.98991220682667 58.864403294422125 -10.15
      vertex 45.98991220682667 58.864403294422125 10.15
      vertex 43.90755834624775 60.433569479808575 10.15
    endloop
  endfacet
  facet normal -0.5735764363510473 -0.819152044288991 0
    outer loop
      vertex 43.90755834624775 60.433569479808575 -10.15
      vertex 43.90755834624775 60.433569479808575 10.15
      vertex 41.7717098892648 61.92910666986162 10.15
    endloop
  endfacet
  facet normal -0.5446390350150239 -0.8386705679454262 0
    outer loop
      vertex 41.7717098892648 61.92910666986162 -10.15
      vertex 41.7717098892648 61.92910666986162 10.15
      vertex 39.58496903822041 63.34919278288502 10.15
    endloop
  endfacet
  facet normal -0.39073112848927577 -0.9205048534524395 0
    outer loop
      vertex 30.383227237762277 68.24184568590229 -10.15
      vertex 30.383227237762277 68.24184568590229 10.15
      vertex 27.98311252816863 69.26063393613903 10.15
    endloop
  endfacet
  facet normal -0.42261826174070066 -0.9063077870366494 0
    outer loop
      vertex 32.74632466514409 67.13991525854777 -10.15
      vertex 32.74632466514409 67.13991525854777 10.15
      vertex 30.383227237762277 68.24184568590229 10.15
    endloop
  endfacet
  facet normal -0.32556815445715204 -0.9455185755993184 0
    outer loop
      vertex 25.548904706427454 70.19503877270736 -10.15
      vertex 25.548904706427454 70.19503877270736 10.15
      vertex 23.08356947980857 71.04392176724797 10.15
    endloop
  endfacet
  facet normal -0.2923717047227412 -0.956304755963034 0
    outer loop
      vertex 23.08356947980857 71.04392176724797 -10.15
      vertex 23.08356947980857 71.04392176724797 10.15
      vertex 20.590110479529837 71.80624868659243 10.15
    endloop
  endfacet
  facet normal -0.3583679495452989 -0.9335804264972023 0
    outer loop
      vertex 27.98311252816863 69.26063393613903 -10.15
      vertex 27.98311252816863 69.26063393613903 10.15
      vertex 25.548904706427454 70.19503877270736 10.15
    endloop
  endfacet
  facet normal -0.4848096202463417 -0.8746197071393932 0
    outer loop
      vertex 37.35 64.69209766269756 -10.15
      vertex 37.35 64.69209766269756 10.15
      vertex 35.069525740106045 65.95618518656185 10.15
    endloop
  endfacet
  facet normal -0.5150380749100539 -0.8571673007021123 0
    outer loop
      vertex 39.58496903822041 63.34919278288502 -10.15
      vertex 39.58496903822041 63.34919278288502 10.15
      vertex 37.35 64.69209766269756 10.15
    endloop
  endfacet
  facet normal -0.45399049973954325 -0.8910065241883696 0
    outer loop
      vertex 35.069525740106045 65.95618518656185 -10.15
      vertex 35.069525740106045 65.95618518656185 10.15
      vertex 32.74632466514409 67.13991525854777 10.15
    endloop
  endfacet
  facet normal -0.6560590289905059 -0.754709580222773 0
    outer loop
      vertex 49.98405629500671 55.512918463161355 -10.15
      vertex 49.98405629500671 55.512918463161355 10.15
      vertex 48.01623444358449 57.22351990098766 10.15
    endloop
  endfacet
  facet normal -0.6819983600624979 -0.731353701619171 0
    outer loop
      vertex 51.8909802732871 53.73468308529725 -10.15
      vertex 51.8909802732871 53.73468308529725 10.15
      vertex 49.98405629500671 55.512918463161355 10.15
    endloop
  endfacet
  facet normal -0.731353701619171 -0.6819983600624979 0
    outer loop
      vertex 55.512918463161355 49.98405629500671 -10.15
      vertex 55.512918463161355 49.98405629500671 10.15
      vertex 53.73468308529725 51.8909802732871 10.15
    endloop
  endfacet
  facet normal -0.7071067811865476 -0.7071067811865476 0
    outer loop
      vertex 53.73468308529725 51.8909802732871 -10.15
      vertex 53.73468308529725 51.8909802732871 10.15
      vertex 51.8909802732871 53.73468308529725 10.15
    endloop
  endfacet
  facet normal -0.629320391049836 -0.7771459614569721 0
    outer loop
      vertex 48.01623444358449 57.22351990098766 -10.15
      vertex 48.01623444358449 57.22351990098766 10.15
      vertex 45.98991220682667 58.864403294422125 10.15
    endloop
  endfacet
  facet normal 0.9998476951563914 -0.017452406437279494 0
    outer loop
      vertex -64.46070834273168 2.2510175373113124 -25.7
      vertex -64.46070834273168 2.2510175373113124 -17.75
      vertex -64.49508788822244 0.28141469526198715 -25.7
    endloop
  endfacet
  facet normal 0.9986295347545738 -0.052335956242946555 8.709395929974656e-19
    outer loop
      vertex -64.46070834273168 2.2510175373113124 -25.7
      vertex -64.34288124175866 4.499292556496082 -25.7
      vertex -64.34288124175866 4.499292556496082 -17.75
    endloop
  endfacet
  facet normal 0.9961946980917455 -0.0871557427476569 6.331029889383412e-19
    outer loop
      vertex -64.34288124175866 4.499292556496082 -25.7
      vertex -64.14666225125363 6.742085880763649 -25.7
      vertex -64.14666225125363 6.742085880763649 -17.75
    endloop
  endfacet
  facet normal 0.9925461516413221 -0.12186934340514612 1.952095114007844e-18
    outer loop
      vertex -64.14666225125363 6.742085880763649 -25.7
      vertex -63.87229043383129 8.97666501192422 -25.7
      vertex -63.87229043383129 8.97666501192422 -17.75
    endloop
  endfacet
  facet normal 0.9876883405951372 -0.156434465040234 3.0363462877382224e-18
    outer loop
      vertex -63.87229043383129 8.97666501192422 -25.7
      vertex -63.520100069287416 11.200307459517006 -25.7
      vertex -63.520100069287416 11.200307459517006 -17.75
    endloop
  endfacet
  facet normal 0.9816271834476646 -0.19080899537654164 -1.4341193358241054e-18
    outer loop
      vertex -63.520100069287416 11.200307459517006 -25.7
      vertex -63.09052024733047 13.410304057745478 -25.7
      vertex -63.09052024733047 13.410304057745478 -17.75
    endloop
  endfacet
  facet normal 0.9998476951563914 -0.017452406437279494 -4.1557731790421983e-19
    outer loop
      vertex -64.46070834273168 2.2510175373113124 -17.75
      vertex -64.49508788822244 0.28141469526198715 -17.75
      vertex -64.49508788822244 0.28141469526198715 -25.7
    endloop
  endfacet
  facet normal 0.9986295347545738 -0.052335956242946555 0
    outer loop
      vertex -64.46070834273168 2.2510175373113124 -25.7
      vertex -64.34288124175866 4.499292556496082 -17.75
      vertex -64.46070834273168 2.2510175373113124 -17.75
    endloop
  endfacet
  facet normal 0.9961946980917455 -0.0871557427476569 0
    outer loop
      vertex -64.34288124175866 4.499292556496082 -25.7
      vertex -64.14666225125363 6.742085880763649 -17.75
      vertex -64.34288124175866 4.499292556496082 -17.75
    endloop
  endfacet
  facet normal 0.9925461516413221 -0.12186934340514612 0
    outer loop
      vertex -64.14666225125363 6.742085880763649 -25.7
      vertex -63.87229043383129 8.97666501192422 -17.75
      vertex -64.14666225125363 6.742085880763649 -17.75
    endloop
  endfacet
  facet normal 0.9876883405951372 -0.156434465040234 0
    outer loop
      vertex -63.87229043383129 8.97666501192422 -25.7
      vertex -63.520100069287416 11.200307459517006 -17.75
      vertex -63.87229043383129 8.97666501192422 -17.75
    endloop
  endfacet
  facet normal 0.9816271834476646 -0.19080899537654164 0
    outer loop
      vertex -63.520100069287416 11.200307459517006 -25.7
      vertex -63.09052024733047 13.410304057745478 -17.75
      vertex -63.520100069287416 11.200307459517006 -17.75
    endloop
  endfacet
  facet normal 0.9743700647852347 -0.22495105434386728 6.547442321084736e-19
    outer loop
      vertex -63.09052024733047 13.410304057745478 -25.7
      vertex -62.58407434480177 15.603962266178568 -25.7
      vertex -62.58407434480177 15.603962266178568 -17.75
    endloop
  endfacet
  facet normal 0.9659258262890688 -0.2588190451025194 4.1851964316470446e-18
    outer loop
      vertex -62.58407434480177 15.603962266178568 -25.7
      vertex -62.00137938802157 17.778609450196445 -25.7
      vertex -62.00137938802157 17.778609450196445 -17.75
    endloop
  endfacet
  facet normal 0.956304755963035 -0.2923717047227384 -2.99706436473759e-18
    outer loop
      vertex -62.00137938802157 17.778609450196445 -25.7
      vertex -61.3431453010374 19.93159613718411 -25.7
      vertex -61.3431453010374 19.93159613718411 -17.75
    endloop
  endfacet
  facet normal 0.9455185755993173 -0.3255681544571552 5.289800631722181e-18
    outer loop
      vertex -61.3431453010374 19.93159613718411 -25.7
      vertex -60.61017404069109 22.060299244505632 -25.7
      vertex -60.61017404069109 22.060299244505632 -17.75
    endloop
  endfacet
  facet normal 0.9335804264972021 -0.3583679495452994 -5.210444451344452e-18
    outer loop
      vertex -60.61017404069109 22.060299244505632 -25.7
      vertex -59.80335861955779 24.162125275326325 -25.7
      vertex -59.80335861955779 24.162125275326325 -17.75
    endloop
  endfacet
  facet normal 0.9743700647852347 -0.22495105434386728 0
    outer loop
      vertex -63.09052024733047 13.410304057745478 -25.7
      vertex -62.58407434480177 15.603962266178568 -17.75
      vertex -63.09052024733047 13.410304057745478 -17.75
    endloop
  endfacet
  facet normal 0.9659258262890688 -0.2588190451025194 0
    outer loop
      vertex -62.58407434480177 15.603962266178568 -25.7
      vertex -62.00137938802157 17.778609450196445 -17.75
      vertex -62.58407434480177 15.603962266178568 -17.75
    endloop
  endfacet
  facet normal 0.956304755963035 -0.2923717047227384 0
    outer loop
      vertex -62.00137938802157 17.778609450196445 -25.7
      vertex -61.3431453010374 19.93159613718411 -17.75
      vertex -62.00137938802157 17.778609450196445 -17.75
    endloop
  endfacet
  facet normal 0.9455185755993173 -0.3255681544571552 0
    outer loop
      vertex -61.3431453010374 19.93159613718411 -25.7
      vertex -60.61017404069109 22.060299244505632 -17.75
      vertex -61.3431453010374 19.93159613718411 -17.75
    endloop
  endfacet
  facet normal 0.9335804264972021 -0.3583679495452994 0
    outer loop
      vertex -60.61017404069109 22.060299244505632 -25.7
      vertex -59.80335861955779 24.162125275326325 -17.75
      vertex -60.61017404069109 22.060299244505632 -17.75
    endloop
  endfacet
  facet normal 0.9205048534524395 -0.3907311284892759 0
    outer loop
      vertex -59.80335861955779 24.162125275326325 -25.7
      vertex -58.923682017947755 26.234513478389115 -17.75
      vertex -59.80335861955779 24.162125275326325 -17.75
    endloop
  endfacet
  facet normal 0.9205048534524395 -0.3907311284892759 5.903604639606662e-18
    outer loop
      vertex -59.80335861955779 24.162125275326325 -25.7
      vertex -58.923682017947755 26.234513478389115 -25.7
      vertex -58.923682017947755 26.234513478389115 -17.75
    endloop
  endfacet
  facet normal 0.9063077870366518 -0.4226182617406957 -2.5457380685023924e-18
    outer loop
      vertex -58.923682017947755 26.234513478389115 -25.7
      vertex -57.97221598629628 28.274938967895498 -25.7
      vertex -57.97221598629628 28.274938967895498 -17.75
    endloop
  endfacet
  facet normal 0.891006524188367 -0.45399049973954836 3.615725946457108e-18
    outer loop
      vertex -57.97221598629628 28.274938967895498 -25.7
      vertex -56.95011973940079 30.280915799689957 -25.7
      vertex -56.95011973940079 30.280915799689957 -17.75
    endloop
  endfacet
  facet normal 0.8746197071393941 -0.4848096202463402 9.002905650287117e-18
    outer loop
      vertex -56.95011973940079 30.280915799689957 -25.7
      vertex -55.85863854409629 32.25 -25.7
      vertex -55.85863854409629 32.25 -17.75
    endloop
  endfacet
  facet normal 0.8571673007021133 -0.5150380749100528 -7.505780111834705e-18
    outer loop
      vertex -55.85863854409629 32.25 -25.7
      vertex -54.69910220208948 34.179792543041714 -25.7
      vertex -54.69910220208948 34.179792543041714 -17.75
    endloop
  endfacet
  facet normal 0.8386705679454249 -0.5446390350150256 1.013448110715739e-17
    outer loop
      vertex -54.69910220208948 34.179792543041714 -25.7
      vertex -53.47292342980019 36.067942273863174 -25.7
      vertex -53.47292342980019 36.067942273863174 -17.75
    endloop
  endfacet
  facet normal 0.8191520442889914 -0.5735764363510467 -1.2208369406170436e-17
    outer loop
      vertex -53.47292342980019 36.067942273863174 -25.7
      vertex -52.18159613718411 37.91214877286452 -25.7
      vertex -52.18159613718411 37.91214877286452 -17.75
    endloop
  endfacet
  facet normal 0.9063077870366518 -0.4226182617406957 0
    outer loop
      vertex -58.923682017947755 26.234513478389115 -25.7
      vertex -57.97221598629628 28.274938967895498 -17.75
      vertex -58.923682017947755 26.234513478389115 -17.75
    endloop
  endfacet
  facet normal 0.891006524188367 -0.45399049973954836 0
    outer loop
      vertex -57.97221598629628 28.274938967895498 -25.7
      vertex -56.95011973940079 30.280915799689957 -17.75
      vertex -57.97221598629628 28.274938967895498 -17.75
    endloop
  endfacet
  facet normal 0.8746197071393941 -0.4848096202463402 0
    outer loop
      vertex -56.95011973940079 30.280915799689957 -25.7
      vertex -55.85863854409629 32.25 -17.75
      vertex -56.95011973940079 30.280915799689957 -17.75
    endloop
  endfacet
  facet normal 0.8571673007021133 -0.5150380749100528 0
    outer loop
      vertex -55.85863854409629 32.25 -25.7
      vertex -54.69910220208948 34.179792543041714 -17.75
      vertex -55.85863854409629 32.25 -17.75
    endloop
  endfacet
  facet normal 0.8386705679454249 -0.5446390350150256 0
    outer loop
      vertex -54.69910220208948 34.179792543041714 -25.7
      vertex -53.47292342980019 36.067942273863174 -17.75
      vertex -54.69910220208948 34.179792543041714 -17.75
    endloop
  endfacet
  facet normal 0.8191520442889914 -0.5735764363510467 0
    outer loop
      vertex -53.47292342980019 36.067942273863174 -25.7
      vertex -52.18159613718411 37.91214877286452 -17.75
      vertex -53.47292342980019 36.067942273863174 -17.75
    endloop
  endfacet
  facet normal 0.7986355100472919 -0.6018150231520494 1.5047658209442937e-18
    outer loop
      vertex -52.18159613718411 37.91214877286452 -25.7
      vertex -50.826693607633565 39.71016515850496 -25.7
      vertex -50.826693607633565 39.71016515850496 -17.75
    endloop
  endfacet
  facet normal 0.7986355100472919 -0.6018150231520494 0
    outer loop
      vertex -52.18159613718411 37.91214877286452 -25.7
      vertex -50.826693607633565 39.71016515850496 -17.75
      vertex -52.18159613718411 37.91214877286452 -17.75
    endloop
  endfacet
  facet normal 0.7771459614569693 -0.6293203910498393 8.205544103667988e-18
    outer loop
      vertex -50.826693607633565 39.71016515850496 -25.7
      vertex -49.40986658117408 41.45980082478178 -25.7
      vertex -49.40986658117408 41.45980082478178 -17.75
    endloop
  endfacet
  facet normal 0.7547095802227759 -0.656059028990503 -5.6117174206818724e-18
    outer loop
      vertex -49.40986658117408 41.45980082478178 -25.7
      vertex -47.93284124329193 43.15892411014636 -25.7
      vertex -47.93284124329193 43.15892411014636 -17.75
    endloop
  endfacet
  facet normal 0.7313537016191681 -0.6819983600625009 -5.2732841471197674e-18
    outer loop
      vertex -47.93284124329193 43.15892411014636 -25.7
      vertex -46.397417121843 44.80546489460532 -25.7
      vertex -46.397417121843 44.80546489460532 -17.75
    endloop
  endfacet
  facet normal 0.7071067811865475 -0.7071067811865475 9.998760974329579e-18
    outer loop
      vertex -46.397417121843 44.80546489460532 -25.7
      vertex -44.80546489460532 46.397417121843 -25.7
      vertex -44.80546489460532 46.397417121843 -17.75
    endloop
  endfacet
  facet normal 0.6819983600625009 -0.7313537016191681 -5.2732841471197674e-18
    outer loop
      vertex -44.80546489460532 46.397417121843 -25.7
      vertex -43.15892411014636 47.93284124329193 -25.7
      vertex -43.15892411014636 47.93284124329193 -17.75
    endloop
  endfacet
  facet normal 0.656059028990503 -0.7547095802227759 -5.6117174206818724e-18
    outer loop
      vertex -43.15892411014636 47.93284124329193 -25.7
      vertex -41.45980082478178 49.40986658117408 -25.7
      vertex -41.45980082478178 49.40986658117408 -17.75
    endloop
  endfacet
  facet normal 0.7771459614569693 -0.6293203910498393 0
    outer loop
      vertex -50.826693607633565 39.71016515850496 -25.7
      vertex -49.40986658117408 41.45980082478178 -17.75
      vertex -50.826693607633565 39.71016515850496 -17.75
    endloop
  endfacet
  facet normal 0.7547095802227759 -0.656059028990503 0
    outer loop
      vertex -49.40986658117408 41.45980082478178 -25.7
      vertex -47.93284124329193 43.15892411014636 -17.75
      vertex -49.40986658117408 41.45980082478178 -17.75
    endloop
  endfacet
  facet normal 0.7313537016191681 -0.6819983600625009 0
    outer loop
      vertex -47.93284124329193 43.15892411014636 -25.7
      vertex -46.397417121843 44.80546489460532 -17.75
      vertex -47.93284124329193 43.15892411014636 -17.75
    endloop
  endfacet
  facet normal 0.7071067811865475 -0.7071067811865475 0
    outer loop
      vertex -46.397417121843 44.80546489460532 -25.7
      vertex -44.80546489460532 46.397417121843 -17.75
      vertex -46.397417121843 44.80546489460532 -17.75
    endloop
  endfacet
  facet normal 0.6819983600625009 -0.7313537016191681 0
    outer loop
      vertex -44.80546489460532 46.397417121843 -25.7
      vertex -43.15892411014636 47.93284124329193 -17.75
      vertex -44.80546489460532 46.397417121843 -17.75
    endloop
  endfacet
  facet normal 0.656059028990503 -0.7547095802227759 0
    outer loop
      vertex -43.15892411014636 47.93284124329193 -25.7
      vertex -41.45980082478178 49.40986658117408 -17.75
      vertex -43.15892411014636 47.93284124329193 -17.75
    endloop
  endfacet
  facet normal 0.6293203910498393 -0.7771459614569693 0
    outer loop
      vertex -41.45980082478178 49.40986658117408 -25.7
      vertex -39.71016515850496 50.826693607633565 -17.75
      vertex -41.45980082478178 49.40986658117408 -17.75
    endloop
  endfacet
  facet normal 0.6293203910498393 -0.7771459614569693 8.205544103667988e-18
    outer loop
      vertex -41.45980082478178 49.40986658117408 -25.7
      vertex -39.71016515850496 50.826693607633565 -25.7
      vertex -39.71016515850496 50.826693607633565 -17.75
    endloop
  endfacet
  facet normal 0.6018150231520494 -0.7986355100472919 1.5047658209442937e-18
    outer loop
      vertex -39.71016515850496 50.826693607633565 -25.7
      vertex -37.91214877286452 52.18159613718411 -25.7
      vertex -37.91214877286452 52.18159613718411 -17.75
    endloop
  endfacet
  facet normal 0.5735764363510467 -0.8191520442889914 -1.2208369406170436e-17
    outer loop
      vertex -37.91214877286452 52.18159613718411 -25.7
      vertex -36.067942273863174 53.47292342980019 -25.7
      vertex -36.067942273863174 53.47292342980019 -17.75
    endloop
  endfacet
  facet normal 0.5446390350150256 -0.8386705679454249 1.013448110715739e-17
    outer loop
      vertex -36.067942273863174 53.47292342980019 -25.7
      vertex -34.179792543041714 54.69910220208948 -25.7
      vertex -34.179792543041714 54.69910220208948 -17.75
    endloop
  endfacet
  facet normal 0.5150380749100528 -0.8571673007021133 -7.505780111834705e-18
    outer loop
      vertex -34.179792543041714 54.69910220208948 -25.7
      vertex -32.25 55.85863854409629 -25.7
      vertex -32.25 55.85863854409629 -17.75
    endloop
  endfacet
  facet normal 0.4848096202463402 -0.8746197071393941 9.002905650287117e-18
    outer loop
      vertex -32.25 55.85863854409629 -25.7
      vertex -30.280915799689957 56.95011973940079 -25.7
      vertex -30.280915799689957 56.95011973940079 -17.75
    endloop
  endfacet
  facet normal 0.45399049973954836 -0.891006524188367 3.615725946457108e-18
    outer loop
      vertex -30.280915799689957 56.95011973940079 -25.7
      vertex -28.274938967895498 57.97221598629628 -25.7
      vertex -28.274938967895498 57.97221598629628 -17.75
    endloop
  endfacet
  facet normal 0.4226182617406957 -0.9063077870366518 -2.5457380685023924e-18
    outer loop
      vertex -28.274938967895498 57.97221598629628 -25.7
      vertex -26.234513478389115 58.923682017947755 -25.7
      vertex -26.234513478389115 58.923682017947755 -17.75
    endloop
  endfacet
  facet normal 0.6018150231520494 -0.7986355100472919 0
    outer loop
      vertex -39.71016515850496 50.826693607633565 -25.7
      vertex -37.91214877286452 52.18159613718411 -17.75
      vertex -39.71016515850496 50.826693607633565 -17.75
    endloop
  endfacet
  facet normal 0.5735764363510467 -0.8191520442889914 0
    outer loop
      vertex -37.91214877286452 52.18159613718411 -25.7
      vertex -36.067942273863174 53.47292342980019 -17.75
      vertex -37.91214877286452 52.18159613718411 -17.75
    endloop
  endfacet
  facet normal 0.5446390350150256 -0.8386705679454249 0
    outer loop
      vertex -36.067942273863174 53.47292342980019 -25.7
      vertex -34.179792543041714 54.69910220208948 -17.75
      vertex -36.067942273863174 53.47292342980019 -17.75
    endloop
  endfacet
  facet normal 0.5150380749100528 -0.8571673007021133 0
    outer loop
      vertex -34.179792543041714 54.69910220208948 -25.7
      vertex -32.25 55.85863854409629 -17.75
      vertex -34.179792543041714 54.69910220208948 -17.75
    endloop
  endfacet
  facet normal 0.4848096202463402 -0.8746197071393941 0
    outer loop
      vertex -32.25 55.85863854409629 -25.7
      vertex -30.280915799689957 56.95011973940079 -17.75
      vertex -32.25 55.85863854409629 -17.75
    endloop
  endfacet
  facet normal 0.45399049973954836 -0.891006524188367 0
    outer loop
      vertex -30.280915799689957 56.95011973940079 -25.7
      vertex -28.274938967895498 57.97221598629628 -17.75
      vertex -30.280915799689957 56.95011973940079 -17.75
    endloop
  endfacet
  facet normal 0.4226182617406957 -0.9063077870366518 0
    outer loop
      vertex -28.274938967895498 57.97221598629628 -25.7
      vertex -26.234513478389115 58.923682017947755 -17.75
      vertex -28.274938967895498 57.97221598629628 -17.75
    endloop
  endfacet
  facet normal 0.3907311284892759 -0.9205048534524395 5.903604639606662e-18
    outer loop
      vertex -26.234513478389115 58.923682017947755 -25.7
      vertex -24.162125275326325 59.80335861955779 -25.7
      vertex -24.162125275326325 59.80335861955779 -17.75
    endloop
  endfacet
  facet normal 0.3583679495452994 -0.9335804264972021 -5.210444451344452e-18
    outer loop
      vertex -24.162125275326325 59.80335861955779 -25.7
      vertex -22.060299244505632 60.61017404069109 -25.7
      vertex -22.060299244505632 60.61017404069109 -17.75
    endloop
  endfacet
  facet normal 0.3255681544571552 -0.9455185755993173 5.289800631722181e-18
    outer loop
      vertex -22.060299244505632 60.61017404069109 -25.7
      vertex -19.93159613718411 61.3431453010374 -25.7
      vertex -19.93159613718411 61.3431453010374 -17.75
    endloop
  endfacet
  facet normal 0.2923717047227384 -0.956304755963035 -2.99706436473759e-18
    outer loop
      vertex -19.93159613718411 61.3431453010374 -25.7
      vertex -17.778609450196445 62.00137938802157 -25.7
      vertex -17.778609450196445 62.00137938802157 -17.75
    endloop
  endfacet
  facet normal 0.2588190451025194 -0.9659258262890688 4.1851964316470446e-18
    outer loop
      vertex -17.778609450196445 62.00137938802157 -25.7
      vertex -15.603962266178568 62.58407434480177 -25.7
      vertex -15.603962266178568 62.58407434480177 -17.75
    endloop
  endfacet
  facet normal 0.3907311284892759 -0.9205048534524395 0
    outer loop
      vertex -26.234513478389115 58.923682017947755 -25.7
      vertex -24.162125275326325 59.80335861955779 -17.75
      vertex -26.234513478389115 58.923682017947755 -17.75
    endloop
  endfacet
  facet normal 0.3583679495452994 -0.9335804264972021 0
    outer loop
      vertex -24.162125275326325 59.80335861955779 -25.7
      vertex -22.060299244505632 60.61017404069109 -17.75
      vertex -24.162125275326325 59.80335861955779 -17.75
    endloop
  endfacet
  facet normal 0.3255681544571552 -0.9455185755993173 0
    outer loop
      vertex -22.060299244505632 60.61017404069109 -25.7
      vertex -19.93159613718411 61.3431453010374 -17.75
      vertex -22.060299244505632 60.61017404069109 -17.75
    endloop
  endfacet
  facet normal 0.2923717047227384 -0.956304755963035 0
    outer loop
      vertex -19.93159613718411 61.3431453010374 -25.7
      vertex -17.778609450196445 62.00137938802157 -17.75
      vertex -19.93159613718411 61.3431453010374 -17.75
    endloop
  endfacet
  facet normal 0.2588190451025194 -0.9659258262890688 0
    outer loop
      vertex -17.778609450196445 62.00137938802157 -25.7
      vertex -15.603962266178568 62.58407434480177 -17.75
      vertex -17.778609450196445 62.00137938802157 -17.75
    endloop
  endfacet
  facet normal 0.22495105434386728 -0.9743700647852347 6.547442321084736e-19
    outer loop
      vertex -15.603962266178568 62.58407434480177 -25.7
      vertex -13.410304057745478 63.09052024733047 -25.7
      vertex -13.410304057745478 63.09052024733047 -17.75
    endloop
  endfacet
  facet normal 0.19080899537654164 -0.9816271834476646 -1.4341193358241054e-18
    outer loop
      vertex -13.410304057745478 63.09052024733047 -25.7
      vertex -11.200307459517006 63.520100069287416 -25.7
      vertex -11.200307459517006 63.520100069287416 -17.75
    endloop
  endfacet
  facet normal 0.156434465040234 -0.9876883405951372 3.0363462877382224e-18
    outer loop
      vertex -11.200307459517006 63.520100069287416 -25.7
      vertex -8.97666501192422 63.87229043383129 -25.7
      vertex -8.97666501192422 63.87229043383129 -17.75
    endloop
  endfacet
  facet normal 0.12186934340514612 -0.9925461516413221 1.952095114007844e-18
    outer loop
      vertex -8.97666501192422 63.87229043383129 -25.7
      vertex -6.742085880763649 64.14666225125363 -25.7
      vertex -6.742085880763649 64.14666225125363 -17.75
    endloop
  endfacet
  facet normal 0.0871557427476569 -0.9961946980917455 6.331029889383412e-19
    outer loop
      vertex -6.742085880763649 64.14666225125363 -25.7
      vertex -4.499292556496082 64.34288124175866 -25.7
      vertex -4.499292556496082 64.34288124175866 -17.75
    endloop
  endfacet
  facet normal 0.052335956242946555 -0.9986295347545738 8.709395929974656e-19
    outer loop
      vertex -4.499292556496082 64.34288124175866 -25.7
      vertex -2.2510175373113124 64.46070834273168 -25.7
      vertex -2.2510175373113124 64.46070834273168 -17.75
    endloop
  endfacet
  facet normal 0.22495105434386728 -0.9743700647852347 0
    outer loop
      vertex -15.603962266178568 62.58407434480177 -25.7
      vertex -13.410304057745478 63.09052024733047 -17.75
      vertex -15.603962266178568 62.58407434480177 -17.75
    endloop
  endfacet
  facet normal 0.19080899537654164 -0.9816271834476646 0
    outer loop
      vertex -13.410304057745478 63.09052024733047 -25.7
      vertex -11.200307459517006 63.520100069287416 -17.75
      vertex -13.410304057745478 63.09052024733047 -17.75
    endloop
  endfacet
  facet normal 0.156434465040234 -0.9876883405951372 0
    outer loop
      vertex -11.200307459517006 63.520100069287416 -25.7
      vertex -8.97666501192422 63.87229043383129 -17.75
      vertex -11.200307459517006 63.520100069287416 -17.75
    endloop
  endfacet
  facet normal 0.12186934340514612 -0.9925461516413221 0
    outer loop
      vertex -8.97666501192422 63.87229043383129 -25.7
      vertex -6.742085880763649 64.14666225125363 -17.75
      vertex -8.97666501192422 63.87229043383129 -17.75
    endloop
  endfacet
  facet normal 0.0871557427476569 -0.9961946980917455 0
    outer loop
      vertex -6.742085880763649 64.14666225125363 -25.7
      vertex -4.499292556496082 64.34288124175866 -17.75
      vertex -6.742085880763649 64.14666225125363 -17.75
    endloop
  endfacet
  facet normal 0.052335956242946555 -0.9986295347545738 0
    outer loop
      vertex -4.499292556496082 64.34288124175866 -25.7
      vertex -2.2510175373113124 64.46070834273168 -17.75
      vertex -4.499292556496082 64.34288124175866 -17.75
    endloop
  endfacet
  facet normal -0.7071067811865475 -0.7071067811865475 -9.998760974329579e-18
    outer loop
      vertex 44.80546489460532 46.397417121843 -25.7
      vertex 46.397417121843 44.80546489460532 -25.7
      vertex 46.397417121843 44.80546489460532 -17.75
    endloop
  endfacet
  facet normal -0.6819983600625009 -0.7313537016191681 5.2732841471197674e-18
    outer loop
      vertex 43.15892411014636 47.93284124329193 -25.7
      vertex 44.80546489460532 46.397417121843 -25.7
      vertex 44.80546489460532 46.397417121843 -17.75
    endloop
  endfacet
  facet normal -0.656059028990503 -0.7547095802227759 5.6117174206818724e-18
    outer loop
      vertex 41.45980082478178 49.40986658117408 -25.7
      vertex 43.15892411014636 47.93284124329193 -25.7
      vertex 43.15892411014636 47.93284124329193 -17.75
    endloop
  endfacet
  facet normal -0.6293203910498393 -0.7771459614569693 0
    outer loop
      vertex 41.45980082478178 49.40986658117408 -25.7
      vertex 41.45980082478178 49.40986658117408 -17.75
      vertex 39.71016515850496 50.826693607633565 -25.7
    endloop
  endfacet
  facet normal -0.7071067811865475 -0.7071067811865475 0
    outer loop
      vertex 44.80546489460532 46.397417121843 -25.7
      vertex 46.397417121843 44.80546489460532 -17.75
      vertex 44.80546489460532 46.397417121843 -17.75
    endloop
  endfacet
  facet normal -0.656059028990503 -0.7547095802227759 0
    outer loop
      vertex 41.45980082478178 49.40986658117408 -25.7
      vertex 43.15892411014636 47.93284124329193 -17.75
      vertex 41.45980082478178 49.40986658117408 -17.75
    endloop
  endfacet
  facet normal -0.6819983600625009 -0.7313537016191681 0
    outer loop
      vertex 43.15892411014636 47.93284124329193 -25.7
      vertex 44.80546489460532 46.397417121843 -17.75
      vertex 43.15892411014636 47.93284124329193 -17.75
    endloop
  endfacet
  facet normal -0.9563047559630354 -0.29237170472273716 -4.42751130169833e-18
    outer loop
      vertex 61.3431453010374 19.93159613718411 -25.7
      vertex 61.79941021746567 18.439220840562264 -25.7
      vertex 61.79941021746567 18.439220840562264 -17.75
    endloop
  endfacet
  facet normal -0.9455185755993173 -0.3255681544571552 0
    outer loop
      vertex 61.3431453010374 19.93159613718411 -25.7
      vertex 61.3431453010374 19.93159613718411 -17.75
      vertex 60.61017404069109 22.060299244505632 -25.7
    endloop
  endfacet
  facet normal -0.9335804264972021 -0.3583679495452994 5.210444451344452e-18
    outer loop
      vertex 59.80335861955779 24.162125275326325 -25.7
      vertex 60.61017404069109 22.060299244505632 -25.7
      vertex 60.61017404069109 22.060299244505632 -17.75
    endloop
  endfacet
  facet normal -0.9205048534524395 -0.3907311284892759 0
    outer loop
      vertex 59.80335861955779 24.162125275326325 -25.7
      vertex 59.80335861955779 24.162125275326325 -17.75
      vertex 58.923682017947755 26.234513478389115 -25.7
    endloop
  endfacet
  facet normal -0.9563047559630354 -0.29237170472273716 0
    outer loop
      vertex 61.3431453010374 19.93159613718411 -25.7
      vertex 61.79941021746567 18.439220840562264 -17.75
      vertex 61.3431453010374 19.93159613718411 -17.75
    endloop
  endfacet
  facet normal -0.9455185755993173 -0.3255681544571552 0
    outer loop
      vertex 60.61017404069109 22.060299244505632 -25.7
      vertex 61.3431453010374 19.93159613718411 -17.75
      vertex 60.61017404069109 22.060299244505632 -17.75
    endloop
  endfacet
  facet normal -0.9335804264972021 -0.3583679495452994 0
    outer loop
      vertex 59.80335861955779 24.162125275326325 -25.7
      vertex 60.61017404069109 22.060299244505632 -17.75
      vertex 59.80335861955779 24.162125275326325 -17.75
    endloop
  endfacet
  facet normal -0.891006524188367 -0.45399049973954836 -3.615725946457108e-18
    outer loop
      vertex 56.95011973940079 30.280915799689957 -25.7
      vertex 57.97221598629628 28.274938967895498 -25.7
      vertex 57.97221598629628 28.274938967895498 -17.75
    endloop
  endfacet
  facet normal -0.8746197071393941 -0.4848096202463402 0
    outer loop
      vertex 56.95011973940079 30.280915799689957 -25.7
      vertex 56.95011973940079 30.280915799689957 -17.75
      vertex 55.85863854409629 32.25 -25.7
    endloop
  endfacet
  facet normal -0.8571673007021133 -0.5150380749100528 7.505780111834705e-18
    outer loop
      vertex 54.69910220208948 34.179792543041714 -25.7
      vertex 55.85863854409629 32.25 -25.7
      vertex 55.85863854409629 32.25 -17.75
    endloop
  endfacet
  facet normal -0.8386705679454249 -0.5446390350150256 0
    outer loop
      vertex 54.69910220208948 34.179792543041714 -25.7
      vertex 54.69910220208948 34.179792543041714 -17.75
      vertex 53.47292342980019 36.067942273863174 -25.7
    endloop
  endfacet
  facet normal -0.8191520442889914 -0.5735764363510467 0
    outer loop
      vertex 53.47292342980019 36.067942273863174 -25.7
      vertex 53.47292342980019 36.067942273863174 -17.75
      vertex 52.18159613718411 37.91214877286452 -25.7
    endloop
  endfacet
  facet normal -0.9063077870366518 -0.4226182617406957 2.5457380685023924e-18
    outer loop
      vertex 57.97221598629628 28.274938967895498 -25.7
      vertex 58.923682017947755 26.234513478389115 -25.7
      vertex 58.923682017947755 26.234513478389115 -17.75
    endloop
  endfacet
  facet normal -0.9063077870366518 -0.4226182617406957 0
    outer loop
      vertex 57.97221598629628 28.274938967895498 -25.7
      vertex 58.923682017947755 26.234513478389115 -17.75
      vertex 57.97221598629628 28.274938967895498 -17.75
    endloop
  endfacet
  facet normal -0.891006524188367 -0.45399049973954836 0
    outer loop
      vertex 56.95011973940079 30.280915799689957 -25.7
      vertex 57.97221598629628 28.274938967895498 -17.75
      vertex 56.95011973940079 30.280915799689957 -17.75
    endloop
  endfacet
  facet normal -0.8571673007021133 -0.5150380749100528 0
    outer loop
      vertex 54.69910220208948 34.179792543041714 -25.7
      vertex 55.85863854409629 32.25 -17.75
      vertex 54.69910220208948 34.179792543041714 -17.75
    endloop
  endfacet
  facet normal -0.8746197071393941 -0.4848096202463402 0
    outer loop
      vertex 55.85863854409629 32.25 -25.7
      vertex 56.95011973940079 30.280915799689957 -17.75
      vertex 55.85863854409629 32.25 -17.75
    endloop
  endfacet
  facet normal -0.8386705679454249 -0.5446390350150256 0
    outer loop
      vertex 53.47292342980019 36.067942273863174 -25.7
      vertex 54.69910220208948 34.179792543041714 -17.75
      vertex 53.47292342980019 36.067942273863174 -17.75
    endloop
  endfacet
  facet normal -0.8191520442889914 -0.5735764363510467 0
    outer loop
      vertex 52.18159613718411 37.91214877286452 -25.7
      vertex 53.47292342980019 36.067942273863174 -17.75
      vertex 52.18159613718411 37.91214877286452 -17.75
    endloop
  endfacet
  facet normal -0.9205048534524395 -0.3907311284892759 -5.903604639606662e-18
    outer loop
      vertex 59.80335861955779 24.162125275326325 -17.75
      vertex 58.923682017947755 26.234513478389115 -17.75
      vertex 58.923682017947755 26.234513478389115 -25.7
    endloop
  endfacet
  facet normal -0.7986355100472919 -0.6018150231520494 -1.5047658209442937e-18
    outer loop
      vertex 50.826693607633565 39.71016515850496 -25.7
      vertex 52.18159613718411 37.91214877286452 -25.7
      vertex 52.18159613718411 37.91214877286452 -17.75
    endloop
  endfacet
  facet normal -0.7771459614569693 -0.6293203910498393 -8.205544103667988e-18
    outer loop
      vertex 49.40986658117408 41.45980082478178 -25.7
      vertex 50.826693607633565 39.71016515850496 -25.7
      vertex 50.826693607633565 39.71016515850496 -17.75
    endloop
  endfacet
  facet normal -0.7547095802227759 -0.656059028990503 5.6117174206818724e-18
    outer loop
      vertex 47.93284124329193 43.15892411014636 -25.7
      vertex 49.40986658117408 41.45980082478178 -25.7
      vertex 49.40986658117408 41.45980082478178 -17.75
    endloop
  endfacet
  facet normal -0.7313537016191681 -0.6819983600625009 0
    outer loop
      vertex 47.93284124329193 43.15892411014636 -25.7
      vertex 47.93284124329193 43.15892411014636 -17.75
      vertex 46.397417121843 44.80546489460532 -25.7
    endloop
  endfacet
  facet normal -0.7986355100472919 -0.6018150231520494 0
    outer loop
      vertex 50.826693607633565 39.71016515850496 -25.7
      vertex 52.18159613718411 37.91214877286452 -17.75
      vertex 50.826693607633565 39.71016515850496 -17.75
    endloop
  endfacet
  facet normal -0.7547095802227759 -0.656059028990503 0
    outer loop
      vertex 47.93284124329193 43.15892411014636 -25.7
      vertex 49.40986658117408 41.45980082478178 -17.75
      vertex 47.93284124329193 43.15892411014636 -17.75
    endloop
  endfacet
  facet normal -0.7771459614569693 -0.6293203910498393 0
    outer loop
      vertex 49.40986658117408 41.45980082478178 -25.7
      vertex 50.826693607633565 39.71016515850496 -17.75
      vertex 49.40986658117408 41.45980082478178 -17.75
    endloop
  endfacet
  facet normal -0.7313537016191681 -0.6819983600625009 0
    outer loop
      vertex 46.397417121843 44.80546489460532 -25.7
      vertex 47.93284124329193 43.15892411014636 -17.75
      vertex 46.397417121843 44.80546489460532 -17.75
    endloop
  endfacet
  facet normal -0.2588190451025194 -0.9659258262890688 -4.1851964316470446e-18
    outer loop
      vertex 15.603962266178568 62.58407434480177 -25.7
      vertex 17.778609450196445 62.00137938802157 -25.7
      vertex 17.778609450196445 62.00137938802157 -17.75
    endloop
  endfacet
  facet normal -0.3255681544571552 -0.9455185755993173 -5.289800631722181e-18
    outer loop
      vertex 19.93159613718411 61.3431453010374 -25.7
      vertex 22.060299244505632 60.61017404069109 -25.7
      vertex 22.060299244505632 60.61017404069109 -17.75
    endloop
  endfacet
  facet normal -0.2923717047227384 -0.956304755963035 2.99706436473759e-18
    outer loop
      vertex 17.778609450196445 62.00137938802157 -25.7
      vertex 19.93159613718411 61.3431453010374 -25.7
      vertex 19.93159613718411 61.3431453010374 -17.75
    endloop
  endfacet
  facet normal -0.2588190451025194 -0.9659258262890688 0
    outer loop
      vertex 15.603962266178568 62.58407434480177 -25.7
      vertex 17.778609450196445 62.00137938802157 -17.75
      vertex 15.603962266178568 62.58407434480177 -17.75
    endloop
  endfacet
  facet normal -0.2923717047227384 -0.956304755963035 0
    outer loop
      vertex 17.778609450196445 62.00137938802157 -25.7
      vertex 19.93159613718411 61.3431453010374 -17.75
      vertex 17.778609450196445 62.00137938802157 -17.75
    endloop
  endfacet
  facet normal -0.3255681544571552 -0.9455185755993173 0
    outer loop
      vertex 19.93159613718411 61.3431453010374 -25.7
      vertex 22.060299244505632 60.61017404069109 -17.75
      vertex 19.93159613718411 61.3431453010374 -17.75
    endloop
  endfacet
  facet normal 0.01745240643728198 -0.9998476951563914 -9.207585340560265e-20
    outer loop
      vertex -2.2510175373113124 64.46070834273168 -25.7
      vertex 0 64.5 -25.7
      vertex 0 64.5 -17.75
    endloop
  endfacet
  facet normal -0.01745240643728198 -0.9998476951563914 9.207585340560265e-20
    outer loop
      vertex 0 64.5 -25.7
      vertex 2.2510175373113124 64.46070834273168 -25.7
      vertex 2.2510175373113124 64.46070834273168 -17.75
    endloop
  endfacet
  facet normal -0.052335956242946555 -0.9986295347545738 -8.709395929974656e-19
    outer loop
      vertex 2.2510175373113124 64.46070834273168 -25.7
      vertex 4.499292556496082 64.34288124175866 -25.7
      vertex 4.499292556496082 64.34288124175866 -17.75
    endloop
  endfacet
  facet normal -0.0871557427476569 -0.9961946980917455 -6.331029889383412e-19
    outer loop
      vertex 4.499292556496082 64.34288124175866 -25.7
      vertex 6.742085880763649 64.14666225125363 -25.7
      vertex 6.742085880763649 64.14666225125363 -17.75
    endloop
  endfacet
  facet normal -0.12186934340514612 -0.9925461516413221 -1.952095114007844e-18
    outer loop
      vertex 6.742085880763649 64.14666225125363 -25.7
      vertex 8.97666501192422 63.87229043383129 -25.7
      vertex 8.97666501192422 63.87229043383129 -17.75
    endloop
  endfacet
  facet normal -0.156434465040234 -0.9876883405951372 -3.0363462877382224e-18
    outer loop
      vertex 8.97666501192422 63.87229043383129 -25.7
      vertex 11.200307459517006 63.520100069287416 -25.7
      vertex 11.200307459517006 63.520100069287416 -17.75
    endloop
  endfacet
  facet normal -0.19080899537654164 -0.9816271834476646 1.4341193358241054e-18
    outer loop
      vertex 11.200307459517006 63.520100069287416 -25.7
      vertex 13.410304057745478 63.09052024733047 -25.7
      vertex 13.410304057745478 63.09052024733047 -17.75
    endloop
  endfacet
  facet normal -0.22495105434386728 -0.9743700647852347 0
    outer loop
      vertex 15.603962266178568 62.58407434480177 -25.7
      vertex 15.603962266178568 62.58407434480177 -17.75
      vertex 13.410304057745478 63.09052024733047 -25.7
    endloop
  endfacet
  facet normal 0.01745240643728198 -0.9998476951563914 0
    outer loop
      vertex -2.2510175373113124 64.46070834273168 -25.7
      vertex 0 64.5 -17.75
      vertex -2.2510175373113124 64.46070834273168 -17.75
    endloop
  endfacet
  facet normal -0.01745240643728198 -0.9998476951563914 0
    outer loop
      vertex 0 64.5 -25.7
      vertex 2.2510175373113124 64.46070834273168 -17.75
      vertex 0 64.5 -17.75
    endloop
  endfacet
  facet normal -0.052335956242946555 -0.9986295347545738 0
    outer loop
      vertex 2.2510175373113124 64.46070834273168 -25.7
      vertex 4.499292556496082 64.34288124175866 -17.75
      vertex 2.2510175373113124 64.46070834273168 -17.75
    endloop
  endfacet
  facet normal -0.0871557427476569 -0.9961946980917455 0
    outer loop
      vertex 4.499292556496082 64.34288124175866 -25.7
      vertex 6.742085880763649 64.14666225125363 -17.75
      vertex 4.499292556496082 64.34288124175866 -17.75
    endloop
  endfacet
  facet normal -0.12186934340514612 -0.9925461516413221 0
    outer loop
      vertex 6.742085880763649 64.14666225125363 -25.7
      vertex 8.97666501192422 63.87229043383129 -17.75
      vertex 6.742085880763649 64.14666225125363 -17.75
    endloop
  endfacet
  facet normal -0.156434465040234 -0.9876883405951372 0
    outer loop
      vertex 8.97666501192422 63.87229043383129 -25.7
      vertex 11.200307459517006 63.520100069287416 -17.75
      vertex 8.97666501192422 63.87229043383129 -17.75
    endloop
  endfacet
  facet normal -0.19080899537654164 -0.9816271834476646 0
    outer loop
      vertex 11.200307459517006 63.520100069287416 -25.7
      vertex 13.410304057745478 63.09052024733047 -17.75
      vertex 11.200307459517006 63.520100069287416 -17.75
    endloop
  endfacet
  facet normal -0.22495105434386728 -0.9743700647852347 0
    outer loop
      vertex 13.410304057745478 63.09052024733047 -25.7
      vertex 15.603962266178568 62.58407434480177 -17.75
      vertex 13.410304057745478 63.09052024733047 -17.75
    endloop
  endfacet
  facet normal -0.4848096202463402 -0.8746197071393941 -9.002905650287117e-18
    outer loop
      vertex 30.280915799689957 56.95011973940079 -25.7
      vertex 32.25 55.85863854409629 -25.7
      vertex 32.25 55.85863854409629 -17.75
    endloop
  endfacet
  facet normal -0.5150380749100528 -0.8571673007021133 7.505780111834705e-18
    outer loop
      vertex 32.25 55.85863854409629 -25.7
      vertex 34.179792543041714 54.69910220208948 -25.7
      vertex 34.179792543041714 54.69910220208948 -17.75
    endloop
  endfacet
  facet normal -0.3907311284892759 -0.9205048534524395 -5.903604639606662e-18
    outer loop
      vertex 24.162125275326325 59.80335861955779 -25.7
      vertex 26.234513478389115 58.923682017947755 -25.7
      vertex 26.234513478389115 58.923682017947755 -17.75
    endloop
  endfacet
  facet normal -0.4226182617406957 -0.9063077870366518 2.5457380685023924e-18
    outer loop
      vertex 26.234513478389115 58.923682017947755 -25.7
      vertex 28.274938967895498 57.97221598629628 -25.7
      vertex 28.274938967895498 57.97221598629628 -17.75
    endloop
  endfacet
  facet normal -0.3583679495452994 -0.9335804264972021 5.210444451344452e-18
    outer loop
      vertex 22.060299244505632 60.61017404069109 -25.7
      vertex 24.162125275326325 59.80335861955779 -25.7
      vertex 24.162125275326325 59.80335861955779 -17.75
    endloop
  endfacet
  facet normal -0.45399049973954836 -0.891006524188367 -3.615725946457108e-18
    outer loop
      vertex 28.274938967895498 57.97221598629628 -25.7
      vertex 30.280915799689957 56.95011973940079 -25.7
      vertex 30.280915799689957 56.95011973940079 -17.75
    endloop
  endfacet
  facet normal -0.6018150231520494 -0.7986355100472919 -1.5047658209442937e-18
    outer loop
      vertex 37.91214877286452 52.18159613718411 -25.7
      vertex 39.71016515850496 50.826693607633565 -25.7
      vertex 39.71016515850496 50.826693607633565 -17.75
    endloop
  endfacet
  facet normal -0.5735764363510467 -0.8191520442889914 1.2208369406170436e-17
    outer loop
      vertex 36.067942273863174 53.47292342980019 -25.7
      vertex 37.91214877286452 52.18159613718411 -25.7
      vertex 37.91214877286452 52.18159613718411 -17.75
    endloop
  endfacet
  facet normal -0.5446390350150256 -0.8386705679454249 -1.013448110715739e-17
    outer loop
      vertex 34.179792543041714 54.69910220208948 -25.7
      vertex 36.067942273863174 53.47292342980019 -25.7
      vertex 36.067942273863174 53.47292342980019 -17.75
    endloop
  endfacet
  facet normal -0.5150380749100528 -0.8571673007021133 0
    outer loop
      vertex 32.25 55.85863854409629 -25.7
      vertex 34.179792543041714 54.69910220208948 -17.75
      vertex 32.25 55.85863854409629 -17.75
    endloop
  endfacet
  facet normal -0.3907311284892759 -0.9205048534524395 0
    outer loop
      vertex 24.162125275326325 59.80335861955779 -25.7
      vertex 26.234513478389115 58.923682017947755 -17.75
      vertex 24.162125275326325 59.80335861955779 -17.75
    endloop
  endfacet
  facet normal -0.4226182617406957 -0.9063077870366518 0
    outer loop
      vertex 26.234513478389115 58.923682017947755 -25.7
      vertex 28.274938967895498 57.97221598629628 -17.75
      vertex 26.234513478389115 58.923682017947755 -17.75
    endloop
  endfacet
  facet normal -0.3583679495452994 -0.9335804264972021 0
    outer loop
      vertex 22.060299244505632 60.61017404069109 -25.7
      vertex 24.162125275326325 59.80335861955779 -17.75
      vertex 22.060299244505632 60.61017404069109 -17.75
    endloop
  endfacet
  facet normal -0.45399049973954836 -0.891006524188367 0
    outer loop
      vertex 28.274938967895498 57.97221598629628 -25.7
      vertex 30.280915799689957 56.95011973940079 -17.75
      vertex 28.274938967895498 57.97221598629628 -17.75
    endloop
  endfacet
  facet normal -0.4848096202463402 -0.8746197071393941 0
    outer loop
      vertex 30.280915799689957 56.95011973940079 -25.7
      vertex 32.25 55.85863854409629 -17.75
      vertex 30.280915799689957 56.95011973940079 -17.75
    endloop
  endfacet
  facet normal -0.5735764363510467 -0.8191520442889914 0
    outer loop
      vertex 36.067942273863174 53.47292342980019 -25.7
      vertex 37.91214877286452 52.18159613718411 -17.75
      vertex 36.067942273863174 53.47292342980019 -17.75
    endloop
  endfacet
  facet normal -0.6018150231520494 -0.7986355100472919 0
    outer loop
      vertex 37.91214877286452 52.18159613718411 -25.7
      vertex 39.71016515850496 50.826693607633565 -17.75
      vertex 37.91214877286452 52.18159613718411 -17.75
    endloop
  endfacet
  facet normal -0.5446390350150256 -0.8386705679454249 0
    outer loop
      vertex 34.179792543041714 54.69910220208948 -25.7
      vertex 36.067942273863174 53.47292342980019 -17.75
      vertex 34.179792543041714 54.69910220208948 -17.75
    endloop
  endfacet
  facet normal -0.6293203910498393 -0.7771459614569693 -8.205544103667988e-18
    outer loop
      vertex 41.45980082478178 49.40986658117408 -17.75
      vertex 39.71016515850496 50.826693607633565 -17.75
      vertex 39.71016515850496 50.826693607633565 -25.7
    endloop
  endfacet
  facet normal -0.004363309293951553 -0.9999904807206943 3.402914945880851e-17
    outer loop
      vertex -81.99375514471691 0.35776751955787517 -29.7
      vertex -73.93292013245754 0.32259526841739145 -26.312205982055048
      vertex -74.30598274532342 0.324223071478847 -26.18493469563673
    endloop
  endfacet
  facet normal -0.004363309293951532 -0.9999904807206943 -1.7694766353557354e-17
    outer loop
      vertex -74.65653891931741 0.32575267105157263 -26.004701340400835
      vertex -81.99375514471691 0.35776751955787517 -29.7
      vertex -74.30598274532342 0.324223071478847 -26.18493469563673
    endloop
  endfacet
  facet normal -0.004363309293951522 -0.9999904807206944 -3.552472444523322e-17
    outer loop
      vertex -74.97711715820901 0.32715146637629033 -25.775347277402037
      vertex -81.99375514471691 0.35776751955787517 -29.7
      vertex -74.65653891931741 0.32575267105157263 -26.004701340400835
    endloop
  endfacet
  facet normal -0.004363309293951526 -0.9999904807206943 -3.035071009828041e-17
    outer loop
      vertex -81.99375514471691 0.35776751955787517 -29.7
      vertex -73.54530226262025 0.3209039556633502 -26.38380263314785
      vertex -73.93292013245754 0.32259526841739145 -26.312205982055048
    endloop
  endfacet
  facet normal -0.00436330929395151 -0.9999904807206943 -7.565386835760396e-17
    outer loop
      vertex -73.54530226262025 0.3209039556633502 -26.38380263314785
      vertex -81.99375514471691 0.35776751955787517 -29.7
      vertex -73.15139053774432 0.3191851806117028 -26.398198690599646
    endloop
  endfacet
  facet normal -0.004363309293951647 -0.9999904807206943 2.924112600462127e-16
    outer loop
      vertex -73.15139053774432 0.3191851806117028 -26.398198690599646
      vertex -81.99375514471691 0.35776751955787517 -29.7
      vertex -72.75958050235552 0.31747557596862325 -26.35508732743956
    endloop
  endfacet
  facet normal -0.004363309293951563 -0.9999904807206943 3.872455673806921e-17
    outer loop
      vertex -81.99375514471691 0.35776751955787517 -29.7
      vertex -74.97711715820901 0.32715146637629033 -25.775347277402037
      vertex -75.26088489340822 0.3283896445591726 -25.501760790300047
    endloop
  endfacet
  facet normal -0.0043633092939515394 -0.9999904807206943 0
    outer loop
      vertex -81.99375514471691 0.35776751955787517 -29.7
      vertex -75.26088489340822 0.3283896445591726 -25.501760790300047
      vertex -81.99375514471691 0.35776751955787517 -17.75
    endloop
  endfacet
  facet normal -0.004363309293950162 -0.9999904807206943 1.194265157561654e-15
    outer loop
      vertex -75.26088489340822 0.3283896445591726 -25.501760790300047
      vertex -75.50179410830268 0.32944081598191455 -25.189772900080204
      vertex -81.99375514471691 0.35776751955787517 -17.75
    endloop
  endfacet
  facet normal -0.004363309293952208 -0.9999904807206943 -5.890915218248697e-16
    outer loop
      vertex -75.69471024123149 0.33028257675063183 -24.8460330869647
      vertex -81.99375514471691 0.35776751955787517 -17.75
      vertex -75.50179410830268 0.32944081598191455 -25.189772900080204
    endloop
  endfacet
  facet normal -0.00436330929395134 -0.9999904807206943 1.8078632188713048e-16
    outer loop
      vertex -75.8355216197527 0.3308969861959627 -24.47786756828614
      vertex -81.99375514471691 0.35776751955787517 -17.75
      vertex -75.69471024123149 0.33028257675063183 -24.8460330869647
    endloop
  endfacet
  facet normal -0.004363309293951657 -0.9999904807206943 -1.0893285378321276e-16
    outer loop
      vertex -75.9212270938028 0.33127094924728673 -24.093123152884512
      vertex -81.99375514471691 0.35776751955787517 -17.75
      vertex -75.8355216197527 0.3308969861959627 -24.47786756828614
    endloop
  endfacet
  facet normal -0.004363309293951508 -0.9999904807206943 3.3588489913836916e-17
    outer loop
      vertex -75.95 0.33139649553142114 -23.7
      vertex -81.99375514471691 0.35776751955787517 -17.75
      vertex -75.9212270938028 0.33127094924728673 -24.093123152884512
    endloop
  endfacet
  facet normal -0.0043633092939522975 -0.9999904807206944 2.4147171932787003e-17
    outer loop
      vertex -75.9212270938028 0.33127094924728673 -23.306876847115486
      vertex -75.73291843857162 0.3304492925202051 -17.75
      vertex -75.95 0.33139649553142114 -23.7
    endloop
  endfacet
  facet normal -0.004363309293951094 -0.9999904807206944 -1.6650593184827187e-17
    outer loop
      vertex -75.8355216197527 0.3308969861959627 -22.92213243171386
      vertex -75.73291843857162 0.3304492925202051 -17.75
      vertex -75.9212270938028 0.33127094924728673 -23.306876847115486
    endloop
  endfacet
  facet normal -0.004363309293951807 -0.9999904807206943 -2.4970627524921184e-18
    outer loop
      vertex -75.69471024123149 0.33028257675063183 -22.5539669130353
      vertex -75.73291843857162 0.3304492925202051 -17.75
      vertex -75.8355216197527 0.3308969861959627 -22.92213243171386
    endloop
  endfacet
  facet normal -0.004363309293951163 -0.9999904807206943 2.6218754062896487e-18
    outer loop
      vertex -75.73291843857162 0.3304492925202051 -17.75
      vertex -75.69471024123149 0.33028257675063183 -22.5539669130353
      vertex -75.50179410830268 0.32944081598191455 -22.210227099919795
    endloop
  endfacet
  facet normal -0.004363309293951679 -0.9999904807206942 -2.4196991846770203e-17
    outer loop
      vertex -75.26088489340822 0.3283896445591726 -21.898239209699952
      vertex -75.73291843857162 0.3304492925202051 -17.75
      vertex -75.50179410830268 0.32944081598191455 -22.210227099919795
    endloop
  endfacet
  facet normal -0.004363309293951587 -0.9999904807206943 -1.3658451832095234e-17
    outer loop
      vertex -74.97711715820901 0.32715146637629033 -21.62465272259796
      vertex -75.73291843857162 0.3304492925202051 -17.75
      vertex -75.26088489340822 0.3283896445591726 -21.898239209699952
    endloop
  endfacet
  facet normal -0.004363309293951499 -0.9999904807206943 3.5381920705406634e-18
    outer loop
      vertex -74.65653891931741 0.32575267105157263 -21.395298659599163
      vertex -75.73291843857162 0.3304492925202051 -17.75
      vertex -74.97711715820901 0.32715146637629033 -21.62465272259796
    endloop
  endfacet
  facet normal -0.004363309293951545 -0.9999904807206944 -3.3173887706503107e-18
    outer loop
      vertex -75.73291843857162 0.3304492925202051 -17.75
      vertex -81.99375514471691 0.35776751955787517 -17.75
      vertex -75.95 0.33139649553142114 -23.7
    endloop
  endfacet
  facet normal -0.00436330929395154 -0.9999904807206943 -5.3813389555247504e-18
    outer loop
      vertex -72.75958050235552 0.31747557596862325 -26.35508732743956
      vertex -81.99375514471691 0.35776751955787517 -29.7
      vertex -64.5 0.2814361285289883 -29.7
    endloop
  endfacet
  facet normal -0.004363309293951525 -0.9999904807206944 3.0885296219132715e-17
    outer loop
      vertex -72.75958050235552 0.31747557596862325 -26.35508732743956
      vertex -64.5 0.2814361285289883 -29.7
      vertex -72.37822290711709 0.3158115789889484 -26.255387387525545
    endloop
  endfacet
  facet normal -0.004363309293951453 -0.9999904807206943 1.9504028329589952e-16
    outer loop
      vertex -72.37822290711709 0.3158115789889484 -26.255387387525545
      vertex -64.5 0.2814361285289883 -29.7
      vertex -72.01544572707748 0.31422865487935137 -26.1012238019828
    endloop
  endfacet
  facet normal -0.004363309293951652 -0.9999904807206944 -2.1989422589393532e-16
    outer loop
      vertex -72.01544572707748 0.31422865487935137 -26.1012238019828
      vertex -64.5 0.2814361285289883 -29.7
      vertex -71.67898092799352 0.3127605409190339 -25.895882299986027
    endloop
  endfacet
  facet normal -0.004363309293951472 -0.9999904807206942 1.1915775979634368e-16
    outer loop
      vertex -71.67898092799352 0.3127605409190339 -25.895882299986027
      vertex -64.5 0.2814361285289883 -29.7
      vertex -71.37599967290429 0.3114385274081941 -25.643739379146588
    endloop
  endfacet
  facet normal -0.0043633092939515256 -0.9999904807206944 2.941993744204518e-17
    outer loop
      vertex -71.112959481241 0.3102907907696013 -25.350169028064194
      vertex -71.37599967290429 0.3114385274081941 -25.643739379146588
      vertex -64.5 0.2814361285289883 -29.7
    endloop
  endfacet
  facet normal -0.004363309293951544 -0.9999904807206944 8.060805549665404e-19
    outer loop
      vertex -70.89546659801172 0.309341793017064 -25.02142818908993
      vertex -71.112959481241 0.3102907907696013 -25.350169028064194
      vertex -64.5 0.2814361285289883 -29.7
    endloop
  endfacet
  facet normal -0.004363309293951544 -0.9999904807206943 -4.3306967999188354e-19
    outer loop
      vertex -70.89546659801172 0.309341793017064 -25.02142818908993
      vertex -64.5 0.2814361285289883 -29.7
      vertex -64.5 0.2814361285289883 -25.7
    endloop
  endfacet
  facet normal -0.004363309293951551 -0.9999904807206942 -7.184682971818452e-17
    outer loop
      vertex -70.72815650642212 0.3086117603900747 -24.664523402463058
      vertex -70.89546659801172 0.309341793017064 -25.02142818908993
      vertex -64.5 0.2814361285289883 -25.7
    endloop
  endfacet
  facet normal -0.004363309293951537 -0.9999904807206944 2.484420298913421e-17
    outer loop
      vertex -70.614595130599 0.30811625226663153 -24.287061474070203
      vertex -70.72815650642212 0.3086117603900747 -24.664523402463058
      vertex -64.5 0.2814361285289883 -25.7
    endloop
  endfacet
  facet normal -0.004363309293951532 -0.9999904807206942 1.1125557033135084e-17
    outer loop
      vertex -70.55720283410841 0.30786582954210906 -23.89708734958445
      vertex -70.614595130599 0.30811625226663153 -24.287061474070203
      vertex -64.49508788822244 0.28141469526198715 -25.7
    endloop
  endfacet
  facet normal -0.004363309293943697 -0.9999904807206943 3.3702916883474664e-14
    outer loop
      vertex -70.614595130599 0.30811625226663153 -24.287061474070203
      vertex -64.5 0.2814361285289883 -25.7
      vertex -64.49508788822244 0.28141469526198715 -25.7
    endloop
  endfacet
  facet normal -0.004363309293951535 -0.9999904807206942 0
    outer loop
      vertex -70.55720283410841 0.30786582954210906 -23.50291265041555
      vertex -70.55720283410841 0.30786582954210906 -23.89708734958445
      vertex -64.49508788822244 0.28141469526198715 -25.7
    endloop
  endfacet
  facet normal -0.00436330929395154 -0.9999904807206943 -1.2305558484555608e-17
    outer loop
      vertex -70.614595130599 0.30811625226663153 -23.112938525929795
      vertex -70.55720283410841 0.30786582954210906 -23.50291265041555
      vertex -64.49508788822244 0.28141469526198715 -25.7
    endloop
  endfacet
  facet normal -0.004363309293951547 -0.9999904807206944 -2.8084581631274754e-17
    outer loop
      vertex -70.72815650642212 0.3086117603900747 -22.73547659753694
      vertex -70.614595130599 0.30811625226663153 -23.112938525929795
      vertex -64.49508788822244 0.28141469526198715 -25.7
    endloop
  endfacet
  facet normal -0.004363309293951484 -0.9999904807206943 1.035488623673797e-16
    outer loop
      vertex -70.89546659801172 0.309341793017064 -22.378571810910067
      vertex -70.72815650642212 0.3086117603900747 -22.73547659753694
      vertex -64.49508788822244 0.28141469526198715 -25.7
    endloop
  endfacet
  facet normal -0.004363309293951535 -0.9999904807206943 4.823276950842644e-18
    outer loop
      vertex -71.112959481241 0.3102907907696013 -22.049830971935805
      vertex -70.89546659801172 0.309341793017064 -22.378571810910067
      vertex -64.49508788822244 0.28141469526198715 -25.7
    endloop
  endfacet
  facet normal -0.004363309293951418 -0.9999904807206943 -1.9628618910286998e-16
    outer loop
      vertex -74.30598274532342 0.324223071478847 -21.215065304363268
      vertex -68.77622414726052 0.30009479471080497 -17.75
      vertex -74.65653891931741 0.32575267105157263 -21.395298659599163
    endloop
  endfacet
  facet normal -0.0043633092939515975 -0.9999904807206943 8.671086732688556e-17
    outer loop
      vertex -73.93292013245754 0.32259526841739145 -21.08779401794495
      vertex -68.77622414726052 0.30009479471080497 -17.75
      vertex -74.30598274532342 0.324223071478847 -21.215065304363268
    endloop
  endfacet
  facet normal -0.004363309293951518 -0.9999904807206943 -3.821345296385755e-17
    outer loop
      vertex -73.54530226262025 0.3209039556633502 -21.016197366852147
      vertex -68.77622414726052 0.30009479471080497 -17.75
      vertex -73.93292013245754 0.32259526841739145 -21.08779401794495
    endloop
  endfacet
  facet normal -0.004363309293951437 -0.9999904807206943 -7.701467490484578e-17
    outer loop
      vertex -71.67898092799352 0.3127605409190339 -21.50411770001397
      vertex -71.37599967290429 0.3114385274081941 -21.75626062085341
      vertex -68.77622414726052 0.30009479471080497 -17.75
    endloop
  endfacet
  facet normal -0.004363309293951519 -0.9999904807206944 -2.366134720523058e-17
    outer loop
      vertex -71.37599967290429 0.3114385274081941 -21.75626062085341
      vertex -71.112959481241 0.3102907907696013 -22.049830971935805
      vertex -68.77622414726052 0.30009479471080497 -17.75
    endloop
  endfacet
  facet normal -0.004363309293951506 -0.9999904807206944 -5.69408557987557e-17
    outer loop
      vertex -73.15139053774432 0.3191851806117028 -21.001801309400353
      vertex -68.77622414726052 0.30009479471080497 -17.75
      vertex -73.54530226262025 0.3209039556633502 -21.016197366852147
    endloop
  endfacet
  facet normal -0.004363309293951606 -0.9999904807206943 7.96866691730591e-17
    outer loop
      vertex -72.75958050235552 0.31747557596862325 -21.04491267256044
      vertex -68.77622414726052 0.30009479471080497 -17.75
      vertex -73.15139053774432 0.3191851806117028 -21.001801309400353
    endloop
  endfacet
  facet normal -0.004363309293951521 -0.9999904807206943 -2.1701483491205904e-17
    outer loop
      vertex -72.37822290711709 0.3158115789889484 -21.144612612474454
      vertex -68.77622414726052 0.30009479471080497 -17.75
      vertex -72.75958050235552 0.31747557596862325 -21.04491267256044
    endloop
  endfacet
  facet normal -0.004363309293951706 -0.9999904807206943 1.3132298903244993e-16
    outer loop
      vertex -71.67898092799352 0.3127605409190339 -21.50411770001397
      vertex -68.77622414726052 0.30009479471080497 -17.75
      vertex -72.01544572707748 0.31422865487935137 -21.298776198017197
    endloop
  endfacet
  facet normal -0.004363309293951424 -0.9999904807206943 -1.2608734208732288e-16
    outer loop
      vertex -72.01544572707748 0.31422865487935137 -21.298776198017197
      vertex -68.77622414726052 0.30009479471080497 -17.75
      vertex -72.37822290711709 0.3158115789889484 -21.144612612474454
    endloop
  endfacet
  facet normal -0.004363309293951544 -0.9999904807206943 -9.876446408436955e-18
    outer loop
      vertex -71.112959481241 0.3102907907696013 -22.049830971935805
      vertex -64.49508788822244 0.28141469526198715 -25.7
      vertex -68.77622414726052 0.30009479471080497 -17.75
    endloop
  endfacet
  facet normal -0.004363309293951526 -0.9999904807206944 -3.198456676097275e-20
    outer loop
      vertex -68.77622414726052 0.30009479471080497 -17.75
      vertex -64.49508788822244 0.28141469526198715 -25.7
      vertex -64.49508788822244 0.28141469526198715 -17.75
    endloop
  endfacet
  facet normal -0.004363309293951537 -0.9999904807206942 -7.846936026957572e-18
    outer loop
      vertex -74.65653891931741 0.32575267105157263 -21.395298659599163
      vertex -68.77622414726052 0.30009479471080497 -17.75
      vertex -75.73291843857162 0.3304492925202051 -17.75
    endloop
  endfacet
  facet normal -0.004363309293951533 -0.9999904807206944 0
    outer loop
      vertex -82.49371706633104 0.35994902882347196 -10.15
      vertex -74.69431108915064 0.3259174842801619 -10.15
      vertex -82.49371706633104 0.35994902882347196 -9
    endloop
  endfacet
  facet normal -0.004363309293951536 -0.9999904807206943 0
    outer loop
      vertex -82.49371706633104 0.35994902882347196 9
      vertex -99.03471970167713 0.4321232263998998 -9
      vertex -82.49371706633104 0.35994902882347196 -9
    endloop
  endfacet
  facet normal -0.004363309293951534 -0.9999904807206944 -1.4865168092418835e-19
    outer loop
      vertex -82.49371706633104 0.35994902882347196 -9
      vertex -74.69431108915064 0.3259174842801619 -10.15
      vertex -74.69431108915064 0.3259174842801619 10.15
    endloop
  endfacet
  facet normal -0.004363309293951536 -0.9999904807206943 3.4670988926684115e-19
    outer loop
      vertex -82.49371706633104 0.35994902882347196 9
      vertex -99.03471970167713 0.4321232263998998 9
      vertex -99.03471970167713 0.4321232263998998 -9
    endloop
  endfacet
  facet normal -0.004363309293951534 -0.9999904807206945 -1.6764606237561244e-19
    outer loop
      vertex -74.69431108915064 0.3259174842801619 10.15
      vertex -82.49371706633104 0.35994902882347196 9
      vertex -82.49371706633104 0.35994902882347196 -9
    endloop
  endfacet
  facet normal -0.004363309293951533 -0.9999904807206944 -2.624025324140019e-18
    outer loop
      vertex -74.69431108915064 0.3259174842801619 10.15
      vertex -82.49371706633104 0.35994902882347196 10.15
      vertex -82.49371706633104 0.35994902882347196 9
    endloop
  endfacet
  facet normal 0.285916439559032 -0.9582545536494395 1.0132575171547991e-20
    outer loop
      vertex 61.808007078073985 18.441785904059383 -25.7
      vertex 61.79941021746567 18.439220840562264 -17.75
      vertex 61.79941021746567 18.439220840562264 -25.7
    endloop
  endfacet
  facet normal 0.2859164395588915 -0.9582545536494814 0
    outer loop
      vertex 61.808007078073985 18.441785904059383 -25.7
      vertex 61.808007078073985 18.441785904059383 -29.7
      vertex 69.00978572449392 20.59059584316544 -26.1012238019828
    endloop
  endfacet
  facet normal 0.28591643955889184 -0.9582545536494812 -3.184571507987571e-16
    outer loop
      vertex 78.56669205941373 23.442110215908613 -29.7
      vertex 70.84723179611805 21.138838516972147 -26.312205982055048
      vertex 61.808007078073985 18.441785904059383 -29.7
    endloop
  endfacet
  facet normal 0.28591643955889234 -0.9582545536494811 -2.811943344526198e-15
    outer loop
      vertex 61.808007078073985 18.441785904059383 -29.7
      vertex 69.35742191847302 20.69432079022232 -26.255387387525545
      vertex 69.00978572449392 20.59059584316544 -26.1012238019828
    endloop
  endfacet
  facet normal 0.28591643955889373 -0.9582545536494808 -5.349982928240758e-15
    outer loop
      vertex 61.808007078073985 18.441785904059383 -29.7
      vertex 69.72286304941525 20.803358234009515 -26.35508732743956
      vertex 69.35742191847302 20.69432079022232 -26.255387387525545
    endloop
  endfacet
  facet normal 0.2859164395588907 -0.9582545536494815 3.5209887440338133e-15
    outer loop
      vertex 61.808007078073985 18.441785904059383 -29.7
      vertex 70.09832037407529 20.91538423071808 -26.398198690599646
      vertex 69.72286304941525 20.803358234009515 -26.35508732743956
    endloop
  endfacet
  facet normal 0.2859164395588916 -0.9582545536494812 3.2879367807805514e-17
    outer loop
      vertex 70.47579167142827 21.028011140722118 -26.38380263314785
      vertex 70.09832037407529 20.91538423071808 -26.398198690599646
      vertex 61.808007078073985 18.441785904059383 -29.7
    endloop
  endfacet
  facet normal 0.2859164395588961 -0.9582545536494799 -1.2291354647408006e-14
    outer loop
      vertex 70.84723179611805 21.138838516972147 -26.312205982055048
      vertex 70.47579167142827 21.028011140722118 -26.38380263314785
      vertex 61.808007078073985 18.441785904059383 -29.7
    endloop
  endfacet
  facet normal 0.28591643955889157 -0.9582545536494814 -1.486147150738049e-14
    outer loop
      vertex 61.808007078073985 18.441785904059383 -25.7
      vertex 68.68736372940394 20.49439411000329 -25.895882299986027
      vertex 68.39702779825542 20.407765963657567 -25.643739379146588
    endloop
  endfacet
  facet normal 0.2859164395588913 -0.9582545536494814 6.743441186611426e-15
    outer loop
      vertex 68.39702779825542 20.407765963657567 -25.643739379146588
      vertex 68.14496593735399 20.332557732668157 -25.350169028064194
      vertex 61.808007078073985 18.441785904059383 -25.7
    endloop
  endfacet
  facet normal 0.28591643955889223 -0.9582545536494811 1.3947551971583038e-14
    outer loop
      vertex 61.808007078073985 18.441785904059383 -25.7
      vertex 69.00978572449392 20.59059584316544 -26.1012238019828
      vertex 68.68736372940394 20.49439411000329 -25.895882299986027
    endloop
  endfacet
  facet normal 0.2859164395588915 -0.9582545536494813 3.83296670220691e-15
    outer loop
      vertex 61.808007078073985 18.441785904059383 -25.7
      vertex 68.14496593735399 20.332557732668157 -25.350169028064194
      vertex 67.93655040764754 20.27037234990582 -25.02142818908993
    endloop
  endfacet
  facet normal 0.28591643955889273 -0.958254553649481 -9.428802625953939e-15
    outer loop
      vertex 61.808007078073985 18.441785904059383 -25.7
      vertex 67.93655040764754 20.27037234990582 -25.02142818908993
      vertex 67.77622322431107 20.22253518884095 -24.664523402463058
    endloop
  endfacet
  facet normal 0.2859164395588906 -0.9582545536494816 4.533159378202841e-15
    outer loop
      vertex 61.808007078073985 18.441785904059383 -25.7
      vertex 67.77622322431107 20.22253518884095 -24.664523402463058
      vertex 67.6674014829053 20.19006581550916 -24.287061474070203
    endloop
  endfacet
  facet normal 0.2859164395588897 -0.9582545536494818 7.806183254810355e-15
    outer loop
      vertex 61.808007078073985 18.441785904059383 -25.7
      vertex 67.6674014829053 20.19006581550916 -24.287061474070203
      vertex 67.61240452991743 20.173656258231304 -23.89708734958445
    endloop
  endfacet
  facet normal 0.2859164395588921 -0.9582545536494811 -1.647171049178141e-16
    outer loop
      vertex 61.808007078073985 18.441785904059383 -25.7
      vertex 67.61240452991743 20.173656258231304 -23.89708734958445
      vertex 61.79941021746567 18.439220840562264 -17.75
    endloop
  endfacet
  facet normal 0.2859164395588923 -0.9582545536494812 0
    outer loop
      vertex 67.61240452991743 20.173656258231304 -23.89708734958445
      vertex 67.61240452991743 20.173656258231304 -23.50291265041555
      vertex 61.79941021746567 18.439220840562264 -17.75
    endloop
  endfacet
  facet normal 0.2859164395588855 -0.958254553649483 -7.467626712298569e-15
    outer loop
      vertex 67.6674014829053 20.19006581550916 -23.112938525929795
      vertex 61.79941021746567 18.439220840562264 -17.75
      vertex 67.61240452991743 20.173656258231304 -23.50291265041555
    endloop
  endfacet
  facet normal 0.2859164395588887 -0.9582545536494822 -4.033454942371682e-15
    outer loop
      vertex 61.79941021746567 18.439220840562264 -17.75
      vertex 67.6674014829053 20.19006581550916 -23.112938525929795
      vertex 67.77622322431107 20.22253518884095 -22.73547659753694
    endloop
  endfacet
  facet normal 0.2859164395588969 -0.9582545536494798 7.232761161290533e-15
    outer loop
      vertex 61.79941021746567 18.439220840562264 -17.75
      vertex 67.77622322431107 20.22253518884095 -22.73547659753694
      vertex 67.93655040764754 20.27037234990582 -22.378571810910067
    endloop
  endfacet
  facet normal 0.28591643955889007 -0.9582545536494818 -3.0002638316776942e-15
    outer loop
      vertex 61.79941021746567 18.439220840562264 -17.75
      vertex 67.93655040764754 20.27037234990582 -22.378571810910067
      vertex 68.14496593735399 20.332557732668157 -22.049830971935805
    endloop
  endfacet
  facet normal 0.2859164395588889 -0.9582545536494821 -4.753739190472517e-15
    outer loop
      vertex 61.79941021746567 18.439220840562264 -17.75
      vertex 68.14496593735399 20.332557732668157 -22.049830971935805
      vertex 68.39702779825542 20.407765963657567 -21.75626062085341
    endloop
  endfacet
  facet normal 0.2859164395589334 -0.9582545536494689 -3.777109430649309e-14
    outer loop
      vertex 71.79350597372996 21.421180346373234 -17.75
      vertex 68.39702779825542 20.407765963657567 -21.75626062085341
      vertex 68.68736372940394 20.49439411000329 -21.50411770001397
    endloop
  endfacet
  facet normal 0.2859164395588746 -0.9582545536494864 1.4826699270833108e-14
    outer loop
      vertex 71.79350597372996 21.421180346373234 -17.75
      vertex 68.68736372940394 20.49439411000329 -21.50411770001397
      vertex 69.00978572449392 20.59059584316544 -21.298776198017197
    endloop
  endfacet
  facet normal 0.28591643955889395 -0.9582545536494806 -1.1458081395687602e-15
    outer loop
      vertex 69.00978572449392 20.59059584316544 -21.298776198017197
      vertex 69.35742191847302 20.69432079022232 -21.144612612474454
      vertex 71.79350597372996 21.421180346373234 -17.75
    endloop
  endfacet
  facet normal 0.2859164395588955 -0.9582545536494802 -2.1759395621395305e-15
    outer loop
      vertex 71.79350597372996 21.421180346373234 -17.75
      vertex 69.35742191847302 20.69432079022232 -21.144612612474454
      vertex 69.72286304941525 20.803358234009515 -21.04491267256044
    endloop
  endfacet
  facet normal 0.2859164395588903 -0.9582545536494816 1.235736501429804e-15
    outer loop
      vertex 69.72286304941525 20.803358234009515 -21.04491267256044
      vertex 70.09832037407529 20.91538423071808 -21.001801309400353
      vertex 71.79350597372996 21.421180346373234 -17.75
    endloop
  endfacet
  facet normal 0.28591643955889195 -0.9582545536494812 7.593888032272089e-16
    outer loop
      vertex 61.79941021746567 18.439220840562264 -17.75
      vertex 68.39702779825542 20.407765963657567 -21.75626062085341
      vertex 71.79350597372996 21.421180346373234 -17.75
    endloop
  endfacet
  facet normal 0.2859164395588922 -0.9582545536494812 5.018049077182574e-16
    outer loop
      vertex 78.56669205941373 23.442110215908613 -29.7
      vertex 71.20472414676269 21.245504266356356 -26.18493469563673
      vertex 70.84723179611805 21.138838516972147 -26.312205982055048
    endloop
  endfacet
  facet normal 0.2859164395588939 -0.9582545536494808 4.717330429342138e-15
    outer loop
      vertex 78.56669205941373 23.442110215908613 -29.7
      vertex 71.54064939456863 21.345734993614396 -26.004701340400835
      vertex 71.20472414676269 21.245504266356356 -26.18493469563673
    endloop
  endfacet
  facet normal 0.28591643955888946 -0.958254553649482 -4.3029632426793544e-15
    outer loop
      vertex 78.56669205941373 23.442110215908613 -29.7
      vertex 71.84784787609559 21.437394454810352 -25.775347277402037
      vertex 71.54064939456863 21.345734993614396 -26.004701340400835
    endloop
  endfacet
  facet normal 0.28591643955889634 -0.9582545536494799 7.85443908226579e-15
    outer loop
      vertex 78.56669205941373 23.442110215908613 -29.7
      vertex 72.1197721890525 21.51852908766343 -25.501760790300047
      vertex 71.84784787609559 21.437394454810352 -25.775347277402037
    endloop
  endfacet
  facet normal 0.28591643955888685 -0.9582545536494828 -7.89631810203315e-15
    outer loop
      vertex 78.56669205941373 23.442110215908613 -29.7
      vertex 72.35062673881018 21.587409648336276 -25.189772900080204
      vertex 72.1197721890525 21.51852908766343 -25.501760790300047
    endloop
  endfacet
  facet normal 0.2859164395588898 -0.9582545536494819 -3.3728492731041106e-15
    outer loop
      vertex 72.35062673881018 21.587409648336276 -25.189772900080204
      vertex 78.56669205941373 23.442110215908613 -29.7
      vertex 72.5354912614387 21.64256806726515 -24.8460330869647
    endloop
  endfacet
  facet normal 0.285916439558894 -0.9582545536494808 2.3398480440474208e-15
    outer loop
      vertex 72.67042569059082 21.682828738513887 -24.47786756828614
      vertex 72.5354912614387 21.64256806726515 -24.8460330869647
      vertex 78.56669205941373 23.442110215908613 -29.7
    endloop
  endfacet
  facet normal 0.28591643955889634 -0.9582545536494799 5.19340186686811e-15
    outer loop
      vertex 72.7525541331756 21.70733357577339 -24.093123152884512
      vertex 72.67042569059082 21.682828738513887 -24.47786756828614
      vertex 78.56669205941373 23.442110215908613 -29.7
    endloop
  endfacet
  facet normal 0.28591643955889806 -0.9582545536494794 7.086358325555283e-15
    outer loop
      vertex 72.78012616402665 21.715560300981554 -23.7
      vertex 72.7525541331756 21.70733357577339 -24.093123152884512
      vertex 78.56669205941373 23.442110215908613 -29.7
    endloop
  endfacet
  facet normal 0.28591643955888346 -0.9582545536494838 -8.19704013164978e-15
    outer loop
      vertex 72.7525541331756 21.70733357577339 -23.306876847115486
      vertex 72.78012616402665 21.715560300981554 -23.7
      vertex 78.56669205941373 23.442110215908613 -29.7
    endloop
  endfacet
  facet normal 0.2859164395588952 -0.9582545536494802 3.3888753222892913e-15
    outer loop
      vertex 72.67042569059082 21.68282873851389 -22.92213243171386
      vertex 72.7525541331756 21.70733357577339 -23.306876847115486
      vertex 78.56669205941373 23.442110215908613 -29.7
    endloop
  endfacet
  facet normal 0.28591643955888885 -0.9582545536494821 -2.6327021613578027e-15
    outer loop
      vertex 72.53549126143868 21.64256806726515 -22.5539669130353
      vertex 72.67042569059082 21.68282873851389 -22.92213243171386
      vertex 78.56669205941373 23.442110215908613 -29.7
    endloop
  endfacet
  facet normal 0.28591643955889934 -0.9582545536494792 7.030760410819986e-15
    outer loop
      vertex 72.35062673881018 21.58740964833628 -22.210227099919795
      vertex 72.53549126143868 21.64256806726515 -22.5539669130353
      vertex 78.56669205941373 23.442110215908613 -29.7
    endloop
  endfacet
  facet normal 0.2859164395588915 -0.9582545536494813 0
    outer loop
      vertex 78.56669205941373 23.442110215908613 -17.75
      vertex 72.35062673881018 21.58740964833628 -22.210227099919795
      vertex 78.56669205941373 23.442110215908613 -29.7
    endloop
  endfacet
  facet normal 0.2859164395588892 -0.9582545536494821 -1.0639304470563648e-15
    outer loop
      vertex 71.79350597372996 21.421180346373234 -17.75
      vertex 72.1197721890525 21.51852908766343 -21.898239209699952
      vertex 72.35062673881018 21.58740964833628 -22.210227099919795
    endloop
  endfacet
  facet normal 0.2859164395589069 -0.9582545536494769 -6.426855145929488e-16
    outer loop
      vertex 71.79350597372996 21.421180346373234 -17.75
      vertex 71.54064939456863 21.345734993614393 -21.395298659599163
      vertex 71.84784787609559 21.437394454810356 -21.62465272259796
    endloop
  endfacet
  facet normal 0.2859164395588912 -0.9582545536494814 -8.827456164322953e-16
    outer loop
      vertex 71.79350597372996 21.421180346373234 -17.75
      vertex 71.84784787609559 21.437394454810356 -21.62465272259796
      vertex 72.1197721890525 21.51852908766343 -21.898239209699952
    endloop
  endfacet
  facet normal 0.2859164395588844 -0.9582545536494835 1.4131699272981093e-15
    outer loop
      vertex 71.79350597372996 21.421180346373234 -17.75
      vertex 70.84723179611805 21.13883851697215 -21.08779401794495
      vertex 71.20472414676269 21.245504266356356 -21.215065304363268
    endloop
  endfacet
  facet normal 0.2859164395588918 -0.9582545536494812 4.211201195271566e-16
    outer loop
      vertex 71.79350597372996 21.421180346373234 -17.75
      vertex 70.09832037407529 20.91538423071808 -21.001801309400353
      vertex 70.47579167142827 21.028011140722118 -21.016197366852147
    endloop
  endfacet
  facet normal 0.28591643955890156 -0.9582545536494783 -3.883835843628467e-15
    outer loop
      vertex 70.47579167142827 21.028011140722118 -21.016197366852147
      vertex 70.84723179611805 21.13883851697215 -21.08779401794495
      vertex 71.79350597372996 21.421180346373234 -17.75
    endloop
  endfacet
  facet normal 0.28591643955888774 -0.9582545536494825 8.007297927921812e-16
    outer loop
      vertex 71.79350597372996 21.421180346373234 -17.75
      vertex 71.20472414676269 21.245504266356356 -21.215065304363268
      vertex 71.54064939456863 21.345734993614393 -21.395298659599163
    endloop
  endfacet
  facet normal 0.285916439558892 -0.9582545536494812 -6.685283153675207e-16
    outer loop
      vertex 71.79350597372996 21.421180346373234 -17.75
      vertex 72.35062673881018 21.58740964833628 -22.210227099919795
      vertex 78.56669205941373 23.442110215908613 -17.75
    endloop
  endfacet
  facet normal 0.285916439558892 -0.9582545536494812 0
    outer loop
      vertex 71.57234020534396 21.355190647906994 -10.15
      vertex 79.04575725489795 23.58504991234708 -10.15
      vertex 71.57234020534396 21.355190647906994 10.15
    endloop
  endfacet
  facet normal 0.28591643955889146 -0.9582545536494813 1.6549918664987902e-16
    outer loop
      vertex 71.57234020534396 21.355190647906994 10.15
      vertex 79.04575725489795 23.58504991234708 -10.15
      vertex 79.04575725489795 23.58504991234708 -9
    endloop
  endfacet
  facet normal 0.2859164395588922 -0.9582545536494812 -1.8819324757041203e-17
    outer loop
      vertex 79.04575725489795 23.58504991234708 -9
      vertex 94.8954016346617 28.314141855691283 -9
      vertex 94.8954016346617 28.314141855691283 9
    endloop
  endfacet
  facet normal 0.285916439558892 -0.9582545536494812 1.0573559147075637e-17
    outer loop
      vertex 71.57234020534396 21.355190647906994 10.15
      vertex 79.04575725489795 23.58504991234708 -9
      vertex 79.04575725489795 23.58504991234708 9
    endloop
  endfacet
  facet normal 0.2859164395588922 -0.9582545536494812 0
    outer loop
      vertex 79.04575725489795 23.58504991234708 -9
      vertex 94.8954016346617 28.314141855691283 9
      vertex 79.04575725489795 23.58504991234708 9
    endloop
  endfacet
  facet normal 0.28591643955889207 -0.9582545536494812 0
    outer loop
      vertex 79.04575725489795 23.58504991234708 10.15
      vertex 71.57234020534396 21.355190647906994 10.15
      vertex 79.04575725489795 23.58504991234708 9
    endloop
  endfacet
endsolid OpenSCAD_Model
