solid OpenSCAD_Model
  facet normal 0 0 -1
    outer loop
      vertex 65.29444201076689 -53.84921279504322 -25.5
      vertex 77.98485305852674 -61.847400747892934 -25.5
      vertex 77.91324500323461 -61.95882505687719 -25.5
    endloop
  endfacet
  facet normal 0 0 -1
    outer loop
      vertex 65.29444201076689 -53.84921279504322 -25.5
      vertex 74.54024173502759 -39.462467601645606 -25.5
      vertex 77.98485305852674 -61.847400747892934 -25.5
    endloop
  endfacet
  facet normal 0 0 -1
    outer loop
      vertex 77.91324500323461 -61.95882505687719 -25.5
      vertex 77.98485305852674 -61.847400747892934 -25.5
      vertex 77.99737035651772 -62.01288913862275 -25.5
    endloop
  endfacet
  facet normal -0.540640817455609 -0.8412535328311739 0
    outer loop
      vertex 77.91324500323461 -61.95882505687719 -25.5
      vertex 77.99737035651772 -62.01288913862275 -25.5
      vertex 77.91324500323461 -61.95882505687719 -17.5
    endloop
  endfacet
  facet normal 0 0 -1
    outer loop
      vertex 77.98485305852674 -61.847400747892934 -25.5
      vertex 88.81018670562968 -45.18781848199912 -25.5
      vertex 77.99737035651772 -62.01288913862275 -25.5
    endloop
  endfacet
  facet normal -0.540640817455609 -0.8412535328311739 0
    outer loop
      vertex 77.99737035651772 -62.01288913862275 -25.5
      vertex 77.99737035651772 -62.01288913862275 -17.5
      vertex 77.91324500323461 -61.95882505687719 -17.5
    endloop
  endfacet
  facet normal 0.8412535328311812 -0.5406408174555978 0
    outer loop
      vertex 77.99737035651772 -62.01288913862275 -25.5
      vertex 88.81018670562968 -45.18781848199912 -17.5
      vertex 77.99737035651772 -62.01288913862275 -17.5
    endloop
  endfacet
  facet normal 0 0 1
    outer loop
      vertex 77.91324500323461 -61.95882505687719 -17.5
      vertex 77.99737035651772 -62.01288913862275 -17.5
      vertex 88.72606135234656 -45.133754400253565 -17.5
    endloop
  endfacet
  facet normal 0 0 -1
    outer loop
      vertex 77.98485305852674 -61.847400747892934 -25.5
      vertex 88.72606135234656 -45.133754400253565 -25.5
      vertex 88.81018670562968 -45.18781848199912 -25.5
    endloop
  endfacet
  facet normal 0.8412535328311812 -0.5406408174555978 2.2292868238692358e-17
    outer loop
      vertex 77.99737035651772 -62.01288913862275 -25.5
      vertex 88.81018670562968 -45.18781848199912 -25.5
      vertex 88.81018670562968 -45.18781848199912 -17.5
    endloop
  endfacet
  facet normal 0 0 -1
    outer loop
      vertex 77.98485305852674 -61.847400747892934 -25.5
      vertex 76.10725835987884 -37.0241421384196 -25.5
      vertex 88.72606135234656 -45.133754400253565 -25.5
    endloop
  endfacet
  facet normal 0.540640817455609 0.8412535328311739 -2.3742967516903043e-19
    outer loop
      vertex 88.72606135234656 -45.133754400253565 -25.5
      vertex 88.81018670562968 -45.18781848199912 -17.5
      vertex 88.81018670562968 -45.18781848199912 -25.5
    endloop
  endfacet
  facet normal 0 0 1
    outer loop
      vertex 77.99737035651772 -62.01288913862275 -17.5
      vertex 88.81018670562968 -45.18781848199912 -17.5
      vertex 88.72606135234656 -45.133754400253565 -17.5
    endloop
  endfacet
  facet normal 0.540640817455609 0.8412535328311739 0
    outer loop
      vertex 88.72606135234656 -45.133754400253565 -25.5
      vertex 88.72606135234656 -45.133754400253565 -17.5
      vertex 88.81018670562968 -45.18781848199912 -17.5
    endloop
  endfacet
  facet normal 0 0 -1
    outer loop
      vertex 32.088864287274276 -94.33712413786947 -25.5
      vertex 32.047322785974096 -94.24616093833403 -25.5
      vertex 32.16780384496144 -94.1911390823073 -25.5
    endloop
  endfacet
  facet normal -0.9096319953545241 -0.4154150130018738 -2.437289031728655e-19
    outer loop
      vertex 32.088864287274276 -94.33712413786947 -25.5
      vertex 32.047322785974096 -94.24616093833403 -17.5
      vertex 32.047322785974096 -94.24616093833403 -25.5
    endloop
  endfacet
  facet normal 0 0 -1
    outer loop
      vertex 32.047322785974096 -94.24616093833403 -25.5
      vertex 25.816097590945795 -80.60168100801626 -25.5
      vertex 32.16780384496144 -94.1911390823073 -25.5
    endloop
  endfacet
  facet normal 0 0 -1
    outer loop
      vertex 32.088864287274276 -94.33712413786947 -25.5
      vertex 32.16780384496144 -94.1911390823073 -25.5
      vertex 50.28150419436464 -86.02882387783174 -25.5
    endloop
  endfacet
  facet normal 0 0 -1
    outer loop
      vertex 32.16780384496144 -94.1911390823073 -25.5
      vertex 50.23996269306446 -85.9378606782963 -25.5
      vertex 50.28150419436464 -86.02882387783174 -25.5
    endloop
  endfacet
  facet normal 0.4154150130018864 -0.9096319953545186 -1.6566224446852393e-17
    outer loop
      vertex 32.088864287274276 -94.33712413786947 -25.5
      vertex 50.28150419436464 -86.02882387783174 -25.5
      vertex 50.28150419436464 -86.02882387783174 -17.5
    endloop
  endfacet
  facet normal -0.9096319953545241 -0.4154150130018738 0
    outer loop
      vertex 32.088864287274276 -94.33712413786947 -25.5
      vertex 32.088864287274276 -94.33712413786947 -17.5
      vertex 32.047322785974096 -94.24616093833403 -17.5
    endloop
  endfacet
  facet normal 0.4154150130018864 -0.9096319953545186 0
    outer loop
      vertex 32.088864287274276 -94.33712413786947 -25.5
      vertex 50.28150419436464 -86.02882387783174 -17.5
      vertex 32.088864287274276 -94.33712413786947 -17.5
    endloop
  endfacet
  facet normal 0 0 1
    outer loop
      vertex 32.088864287274276 -94.33712413786947 -17.5
      vertex 50.23996269306446 -85.9378606782963 -17.5
      vertex 32.047322785974096 -94.24616093833403 -17.5
    endloop
  endfacet
  facet normal 0 0 1
    outer loop
      vertex 32.088864287274276 -94.33712413786947 -17.5
      vertex 50.28150419436464 -86.02882387783174 -17.5
      vertex 50.23996269306446 -85.9378606782963 -17.5
    endloop
  endfacet
  facet normal 0 0 -1
    outer loop
      vertex 32.16780384496144 -94.1911390823073 -25.5
      vertex 25.816097590945795 -80.60168100801626 -25.5
      vertex 41.37222095471355 -73.49743750908354 -25.5
    endloop
  endfacet
  facet normal 0 0 -1
    outer loop
      vertex 32.16780384496144 -94.1911390823073 -25.5
      vertex 44.00873749803616 -72.29338074797853 -25.5
      vertex 50.23996269306446 -85.9378606782963 -25.5
    endloop
  endfacet
  facet normal 0.9096319953545241 0.4154150130018738 -2.437289031728655e-19
    outer loop
      vertex 50.23996269306446 -85.9378606782963 -25.5
      vertex 50.28150419436464 -86.02882387783174 -17.5
      vertex 50.28150419436464 -86.02882387783174 -25.5
    endloop
  endfacet
  facet normal 0.9096319953545241 0.4154150130018738 0
    outer loop
      vertex 50.23996269306446 -85.9378606782963 -25.5
      vertex 50.23996269306446 -85.9378606782963 -17.5
      vertex 50.28150419436464 -86.02882387783174 -17.5
    endloop
  endfacet
  facet normal 0 0 -1
    outer loop
      vertex -24.007629464098162 -96.70998877761009 -25.5
      vertex -23.993397980270835 -96.611006633422 -25.5
      vertex -23.86229580253827 -96.6298562808754 -25.5
    endloop
  endfacet
  facet normal -0.9898214418809357 0.14231483827326397 -5.2162212953704535e-20
    outer loop
      vertex -24.007629464098162 -96.70998877761009 -25.5
      vertex -23.993397980270835 -96.611006633422 -17.5
      vertex -23.993397980270835 -96.611006633422 -25.5
    endloop
  endfacet
  facet normal 0 0 -1
    outer loop
      vertex -24.007629464098162 -96.70998877761009 -25.5
      vertex -23.86229580253827 -96.6298562808754 -25.5
      vertex -4.21120062647951 -99.55628554307579 -25.5
    endloop
  endfacet
  facet normal 0 0 -1
    outer loop
      vertex -23.993397980270835 -96.611006633422 -25.5
      vertex -21.858675406171557 -81.763685005208 -25.5
      vertex -23.86229580253827 -96.6298562808754 -25.5
    endloop
  endfacet
  facet normal 0 0 -1
    outer loop
      vertex -23.86229580253827 -96.6298562808754 -25.5
      vertex -21.858675406171557 -81.763685005208 -25.5
      vertex -4.931187656577658 -84.19749031546542 -25.5
    endloop
  endfacet
  facet normal 0 0 -1
    outer loop
      vertex -23.86229580253827 -96.6298562808754 -25.5
      vertex -4.196969142652183 -99.45730339888769 -25.5
      vertex -4.21120062647951 -99.55628554307579 -25.5
    endloop
  endfacet
  facet normal -0.14231483827328478 -0.9898214418809328 -2.1397444790245892e-17
    outer loop
      vertex -24.007629464098162 -96.70998877761009 -25.5
      vertex -4.21120062647951 -99.55628554307579 -25.5
      vertex -4.21120062647951 -99.55628554307579 -17.5
    endloop
  endfacet
  facet normal 0 0 -1
    outer loop
      vertex -23.86229580253827 -96.6298562808754 -25.5
      vertex -2.0622465685529043 -84.6099817706737 -25.5
      vertex -4.196969142652183 -99.45730339888769 -25.5
    endloop
  endfacet
  facet normal 0.9898214418809357 -0.14231483827326397 -5.2162212953704535e-20
    outer loop
      vertex -4.196969142652183 -99.45730339888769 -25.5
      vertex -4.21120062647951 -99.55628554307579 -17.5
      vertex -4.21120062647951 -99.55628554307579 -25.5
    endloop
  endfacet
  facet normal -0.9898214418809357 0.14231483827326397 0
    outer loop
      vertex -24.007629464098162 -96.70998877761009 -25.5
      vertex -24.007629464098162 -96.70998877761009 -17.5
      vertex -23.993397980270835 -96.611006633422 -17.5
    endloop
  endfacet
  facet normal -0.14231483827328478 -0.9898214418809328 0
    outer loop
      vertex -24.007629464098162 -96.70998877761009 -25.5
      vertex -4.21120062647951 -99.55628554307579 -17.5
      vertex -24.007629464098162 -96.70998877761009 -17.5
    endloop
  endfacet
  facet normal 0 0 1
    outer loop
      vertex -24.007629464098162 -96.70998877761009 -17.5
      vertex -4.196969142652183 -99.45730339888769 -17.5
      vertex -23.993397980270835 -96.611006633422 -17.5
    endloop
  endfacet
  facet normal 0.9898214418809357 -0.14231483827326397 0
    outer loop
      vertex -4.196969142652183 -99.45730339888769 -25.5
      vertex -4.196969142652183 -99.45730339888769 -17.5
      vertex -4.21120062647951 -99.55628554307579 -17.5
    endloop
  endfacet
  facet normal 0 0 1
    outer loop
      vertex -24.007629464098162 -96.70998877761009 -17.5
      vertex -4.21120062647951 -99.55628554307579 -17.5
      vertex -4.196969142652183 -99.45730339888769 -17.5
    endloop
  endfacet
  facet normal 0 0 -1
    outer loop
      vertex -57.301392929943624 -81.39975502205755 -25.5
      vertex -57.36687900333815 -81.47532997949295 -25.5
      vertex -72.31628513565737 -68.38927686420419 -25.5
    endloop
  endfacet
  facet normal -0.6548607339452845 -0.7557495743542588 0
    outer loop
      vertex -57.36687900333815 -81.47532997949295 -25.5
      vertex -57.36687900333815 -81.47532997949295 -17.5
      vertex -72.48187049042332 -68.37811530058727 -25.5
    endloop
  endfacet
  facet normal 0 0 -1
    outer loop
      vertex -72.4163844170288 -68.30254034315183 -25.5
      vertex -72.31628513565737 -68.38927686420419 -25.5
      vertex -72.48187049042332 -68.37811530058727 -25.5
    endloop
  endfacet
  facet normal -0.7557495743543208 0.6548607339452128 0
    outer loop
      vertex -72.4163844170288 -68.30254034315183 -25.5
      vertex -72.48187049042332 -68.37811530058727 -25.5
      vertex -72.4163844170288 -68.30254034315183 -17.5
    endloop
  endfacet
  facet normal 0 0 -1
    outer loop
      vertex -57.36687900333815 -81.47532997949295 -25.5
      vertex -72.48187049042332 -68.37811530058727 -25.5
      vertex -72.31628513565737 -68.38927686420419 -25.5
    endloop
  endfacet
  facet normal 0.755749574354199 -0.6548607339453535 2.6006929538841448e-20
    outer loop
      vertex -57.301392929943624 -81.39975502205755 -25.5
      vertex -57.36687900333815 -81.47532997949295 -17.5
      vertex -57.36687900333815 -81.47532997949295 -25.5
    endloop
  endfacet
  facet normal 0 0 -1
    outer loop
      vertex -57.301392929943624 -81.39975502205755 -25.5
      vertex -72.31628513565737 -68.38927686420419 -25.5
      vertex -47.478481920764345 -70.06351140674366 -25.5
    endloop
  endfacet
  facet normal 0 0 1
    outer loop
      vertex -57.301392929943624 -81.39975502205755 -17.5
      vertex -72.48187049042332 -68.37811530058727 -17.5
      vertex -57.36687900333815 -81.47532997949295 -17.5
    endloop
  endfacet
  facet normal -0.7557495743543208 0.6548607339452128 0
    outer loop
      vertex -72.48187049042332 -68.37811530058727 -25.5
      vertex -72.48187049042332 -68.37811530058727 -17.5
      vertex -72.4163844170288 -68.30254034315183 -17.5
    endloop
  endfacet
  facet normal -0.6548607339452845 -0.7557495743542588 -5.2301396407876516e-17
    outer loop
      vertex -57.36687900333815 -81.47532997949295 -17.5
      vertex -72.48187049042332 -68.37811530058727 -17.5
      vertex -72.48187049042332 -68.37811530058727 -25.5
    endloop
  endfacet
  facet normal 0 0 1
    outer loop
      vertex -57.301392929943624 -81.39975502205755 -17.5
      vertex -72.4163844170288 -68.30254034315183 -17.5
      vertex -72.48187049042332 -68.37811530058727 -17.5
    endloop
  endfacet
  facet normal 0.755749574354199 -0.6548607339453535 0
    outer loop
      vertex -57.301392929943624 -81.39975502205755 -25.5
      vertex -57.301392929943624 -81.39975502205755 -17.5
      vertex -57.36687900333815 -81.47532997949295 -17.5
    endloop
  endfacet
  facet normal 0 0 -1
    outer loop
      vertex -72.4163844170288 -68.30254034315183 -25.5
      vertex -62.59347340784951 -56.966296727837964 -25.5
      vertex -72.31628513565737 -68.38927686420419 -25.5
    endloop
  endfacet
  facet normal 0 0 -1
    outer loop
      vertex -72.31628513565737 -68.38927686420419 -25.5
      vertex -62.59347340784951 -56.966296727837964 -25.5
      vertex -49.66897902901245 -68.16543485772537 -25.5
    endloop
  endfacet
  facet normal 0.28173255684146403 -0.9594929736144873 0
    outer loop
      vertex -92.30897863163474 -37.526532824593616 -25.5
      vertex -92.2130293342733 -37.49835956890947 -25.5
      vertex -92.30897863163474 -37.526532824593616 -17.5
    endloop
  endfacet
  facet normal 0.28173255684146403 -0.9594929736144873 0
    outer loop
      vertex -92.2130293342733 -37.49835956890947 -25.5
      vertex -92.2130293342733 -37.49835956890947 -17.5
      vertex -92.30897863163474 -37.526532824593616 -17.5
    endloop
  endfacet
  facet normal 0 0 -1
    outer loop
      vertex -92.30897863163474 -37.526532824593616 -25.5
      vertex -97.81036490065934 -18.435585258687663 -25.5
      vertex -92.2130293342733 -37.49835956890947 -25.5
    endloop
  endfacet
  facet normal -0.9594929736144971 -0.28173255684143034 0
    outer loop
      vertex -92.30897863163474 -37.526532824593616 -25.5
      vertex -92.30897863163474 -37.526532824593616 -17.5
      vertex -97.94362976846335 -18.336673352303666 -25.5
    endloop
  endfacet
  facet normal 0 0 -1
    outer loop
      vertex -92.2130293342733 -37.49835956890947 -25.5
      vertex -97.81036490065934 -18.435585258687663 -25.5
      vertex -77.82063473005584 -33.27237121628802 -25.5
    endloop
  endfacet
  facet normal 0 0 -1
    outer loop
      vertex -92.30897863163474 -37.526532824593616 -25.5
      vertex -97.94362976846335 -18.336673352303666 -25.5
      vertex -97.81036490065934 -18.435585258687663 -25.5
    endloop
  endfacet
  facet normal 0 0 -1
    outer loop
      vertex -78.6372205039715 -30.49133546660499 -25.5
      vertex -97.81036490065934 -18.435585258687663 -25.5
      vertex -83.45528586688445 -14.08251174399808 -25.5
    endloop
  endfacet
  facet normal 0 0 1
    outer loop
      vertex -92.30897863163474 -37.526532824593616 -17.5
      vertex -92.2130293342733 -37.49835956890947 -17.5
      vertex -97.94362976846335 -18.336673352303666 -17.5
    endloop
  endfacet
  facet normal -0.9594929736144971 -0.28173255684143034 -2.1631612561451727e-17
    outer loop
      vertex -92.30897863163474 -37.526532824593616 -17.5
      vertex -97.94362976846335 -18.336673352303666 -17.5
      vertex -97.94362976846335 -18.336673352303666 -25.5
    endloop
  endfacet
  facet normal 0 0 1
    outer loop
      vertex -92.2130293342733 -37.49835956890947 -17.5
      vertex -97.84768047110191 -18.308500096619525 -17.5
      vertex -97.94362976846335 -18.336673352303666 -17.5
    endloop
  endfacet
  facet normal 0 0 -1
    outer loop
      vertex -97.81036490065934 -18.435585258687663 -25.5
      vertex -97.94362976846335 -18.336673352303666 -25.5
      vertex -97.84768047110191 -18.308500096619525 -25.5
    endloop
  endfacet
  facet normal -0.28173255684143134 0.9594929736144968 5.380582579121141e-20
    outer loop
      vertex -97.94362976846335 -18.336673352303666 -25.5
      vertex -97.84768047110191 -18.308500096619525 -17.5
      vertex -97.84768047110191 -18.308500096619525 -25.5
    endloop
  endfacet
  facet normal 0 0 -1
    outer loop
      vertex -97.81036490065934 -18.435585258687663 -25.5
      vertex -97.84768047110191 -18.308500096619525 -25.5
      vertex -83.45528586688445 -14.08251174399808 -25.5
    endloop
  endfacet
  facet normal -0.28173255684143134 0.9594929736144968 0
    outer loop
      vertex -97.94362976846335 -18.336673352303666 -25.5
      vertex -97.94362976846335 -18.336673352303666 -17.5
      vertex -97.84768047110191 -18.308500096619525 -17.5
    endloop
  endfacet
  facet normal 0 0 -1
    outer loop
      vertex 84.04226244065093 -10 -25.5
      vertex 99.04226244065093 -9.86754966887418 -25.5
      vertex 99.04226244065093 -10 -25.5
    endloop
  endfacet
  facet normal 0 0 -1
    outer loop
      vertex 99.04226244065093 -10 -25.5
      vertex 99.04226244065093 -9.86754966887418 -25.5
      vertex 99.14226244065092 -10 -25.5
    endloop
  endfacet
  facet normal 0 -1 0
    outer loop
      vertex 99.04226244065093 -10 -25.5
      vertex 99.14226244065092 -10 -25.5
      vertex 99.04226244065093 -10 -17.5
    endloop
  endfacet
  facet normal 0 -1 0
    outer loop
      vertex 99.14226244065092 -10 -25.5
      vertex 99.14226244065092 -10 -17.5
      vertex 99.04226244065093 -10 -17.5
    endloop
  endfacet
  facet normal 0 0 -1
    outer loop
      vertex 84.04226244065093 -10 -25.5
      vertex 84.04226244065093 7.101556940842808 -25.5
      vertex 99.04226244065093 -9.86754966887418 -25.5
    endloop
  endfacet
  facet normal 0 0 -1
    outer loop
      vertex 99.14226244065092 -10 -25.5
      vertex 99.04226244065093 -9.86754966887418 -25.5
      vertex 99.14226244065092 10 -25.5
    endloop
  endfacet
  facet normal 0 0 -1
    outer loop
      vertex 99.04226244065093 -9.86754966887418 -25.5
      vertex 84.04226244065093 10 -25.5
      vertex 99.04226244065093 10 -25.5
    endloop
  endfacet
  facet normal 0 0 -1
    outer loop
      vertex 99.04226244065093 -9.86754966887418 -25.5
      vertex 99.04226244065093 10 -25.5
      vertex 99.14226244065092 10 -25.5
    endloop
  endfacet
  facet normal 1 0 0
    outer loop
      vertex 99.14226244065092 -10 -25.5
      vertex 99.14226244065092 10 -25.5
      vertex 99.14226244065092 10 -17.5
    endloop
  endfacet
  facet normal 0 1 0
    outer loop
      vertex 99.04226244065093 10 -25.5
      vertex 99.14226244065092 10 -17.5
      vertex 99.14226244065092 10 -25.5
    endloop
  endfacet
  facet normal 1 0 0
    outer loop
      vertex 99.14226244065092 -10 -25.5
      vertex 99.14226244065092 10 -17.5
      vertex 99.14226244065092 -10 -17.5
    endloop
  endfacet
  facet normal 0 0 1
    outer loop
      vertex 99.04226244065093 -10 -17.5
      vertex 99.14226244065092 -10 -17.5
      vertex 99.04226244065093 10 -17.5
    endloop
  endfacet
  facet normal 0 0 1
    outer loop
      vertex 99.14226244065092 -10 -17.5
      vertex 99.14226244065092 10 -17.5
      vertex 99.04226244065093 10 -17.5
    endloop
  endfacet
  facet normal 0 1 0
    outer loop
      vertex 99.04226244065093 10 -25.5
      vertex 99.04226244065093 10 -17.5
      vertex 99.14226244065092 10 -17.5
    endloop
  endfacet
  facet normal 0 0 -1
    outer loop
      vertex 77.91324500323461 -61.95882505687719 17.5
      vertex 88.81018670562968 -45.18781848199912 17.5
      vertex 77.99737035651772 -62.01288913862275 17.5
    endloop
  endfacet
  facet normal -0.540640817455609 -0.8412535328311739 0
    outer loop
      vertex 77.91324500323461 -61.95882505687719 17.5
      vertex 77.99737035651772 -62.01288913862275 17.5
      vertex 77.91324500323461 -61.95882505687719 25.5
    endloop
  endfacet
  facet normal -0.540640817455609 -0.8412535328311739 0
    outer loop
      vertex 77.99737035651772 -62.01288913862275 17.5
      vertex 77.99737035651772 -62.01288913862275 25.5
      vertex 77.91324500323461 -61.95882505687719 25.5
    endloop
  endfacet
  facet normal 0 0 1
    outer loop
      vertex 65.29444201076689 -53.84921279504322 25.5
      vertex 77.91324500323461 -61.95882505687719 25.5
      vertex 88.65445329705443 -45.24517870923782 25.5
    endloop
  endfacet
  facet normal 0.8412535328311812 -0.5406408174555978 0
    outer loop
      vertex 77.99737035651772 -62.01288913862275 17.5
      vertex 88.81018670562968 -45.18781848199912 25.5
      vertex 77.99737035651772 -62.01288913862275 25.5
    endloop
  endfacet
  facet normal 0 0 1
    outer loop
      vertex 77.91324500323461 -61.95882505687719 25.5
      vertex 77.99737035651772 -62.01288913862275 25.5
      vertex 88.65445329705443 -45.24517870923782 25.5
    endloop
  endfacet
  facet normal 0 0 -1
    outer loop
      vertex 77.91324500323461 -61.95882505687719 17.5
      vertex 88.72606135234656 -45.133754400253565 17.5
      vertex 88.81018670562968 -45.18781848199912 17.5
    endloop
  endfacet
  facet normal 0.8412535328311812 -0.5406408174555978 2.2292868238692358e-17
    outer loop
      vertex 77.99737035651772 -62.01288913862275 17.5
      vertex 88.81018670562968 -45.18781848199912 17.5
      vertex 88.81018670562968 -45.18781848199912 25.5
    endloop
  endfacet
  facet normal 0 0 1
    outer loop
      vertex 66.86145863561813 -51.410887331817214 25.5
      vertex 88.65445329705443 -45.24517870923782 25.5
      vertex 76.10725835987884 -37.0241421384196 25.5
    endloop
  endfacet
  facet normal 0 0 1
    outer loop
      vertex 77.99737035651772 -62.01288913862275 25.5
      vertex 88.81018670562968 -45.18781848199912 25.5
      vertex 88.65445329705443 -45.24517870923782 25.5
    endloop
  endfacet
  facet normal 0 0 1
    outer loop
      vertex 76.10725835987884 -37.0241421384196 25.5
      vertex 88.65445329705443 -45.24517870923782 25.5
      vertex 88.72606135234656 -45.133754400253565 25.5
    endloop
  endfacet
  facet normal 0.540640817455609 0.8412535328311739 -2.3742967516903043e-19
    outer loop
      vertex 88.72606135234656 -45.133754400253565 17.5
      vertex 88.81018670562968 -45.18781848199912 25.5
      vertex 88.81018670562968 -45.18781848199912 17.5
    endloop
  endfacet
  facet normal 0.540640817455609 0.8412535328311739 0
    outer loop
      vertex 88.72606135234656 -45.133754400253565 17.5
      vertex 88.72606135234656 -45.133754400253565 25.5
      vertex 88.81018670562968 -45.18781848199912 25.5
    endloop
  endfacet
  facet normal 0 0 1
    outer loop
      vertex 88.65445329705443 -45.24517870923782 25.5
      vertex 88.81018670562968 -45.18781848199912 25.5
      vertex 88.72606135234656 -45.133754400253565 25.5
    endloop
  endfacet
  facet normal 0 0 -1
    outer loop
      vertex 32.088864287274276 -94.33712413786947 17.5
      vertex 32.047322785974096 -94.24616093833403 17.5
      vertex 50.28150419436464 -86.02882387783174 17.5
    endloop
  endfacet
  facet normal 0 0 -1
    outer loop
      vertex 32.047322785974096 -94.24616093833403 17.5
      vertex 50.23996269306446 -85.9378606782963 17.5
      vertex 50.28150419436464 -86.02882387783174 17.5
    endloop
  endfacet
  facet normal -0.9096319953545241 -0.4154150130018738 -2.437289031728655e-19
    outer loop
      vertex 32.088864287274276 -94.33712413786947 17.5
      vertex 32.047322785974096 -94.24616093833403 25.5
      vertex 32.047322785974096 -94.24616093833403 17.5
    endloop
  endfacet
  facet normal -0.9096319953545241 -0.4154150130018738 0
    outer loop
      vertex 32.088864287274276 -94.33712413786947 17.5
      vertex 32.088864287274276 -94.33712413786947 25.5
      vertex 32.047322785974096 -94.24616093833403 25.5
    endloop
  endfacet
  facet normal 0 0 1
    outer loop
      vertex 32.047322785974096 -94.24616093833403 25.5
      vertex 50.11948163407712 -85.99288253432303 25.5
      vertex 25.816097590945795 -80.60168100801626 25.5
    endloop
  endfacet
  facet normal 0.4154150130018864 -0.9096319953545186 -1.6566224446852393e-17
    outer loop
      vertex 32.088864287274276 -94.33712413786947 17.5
      vertex 50.28150419436464 -86.02882387783174 17.5
      vertex 50.28150419436464 -86.02882387783174 25.5
    endloop
  endfacet
  facet normal 0.4154150130018864 -0.9096319953545186 0
    outer loop
      vertex 32.088864287274276 -94.33712413786947 17.5
      vertex 50.28150419436464 -86.02882387783174 25.5
      vertex 32.088864287274276 -94.33712413786947 25.5
    endloop
  endfacet
  facet normal 0 0 1
    outer loop
      vertex 32.088864287274276 -94.33712413786947 25.5
      vertex 50.11948163407712 -85.99288253432303 25.5
      vertex 32.047322785974096 -94.24616093833403 25.5
    endloop
  endfacet
  facet normal 0 0 1
    outer loop
      vertex 32.088864287274276 -94.33712413786947 25.5
      vertex 50.28150419436464 -86.02882387783174 25.5
      vertex 50.11948163407712 -85.99288253432303 25.5
    endloop
  endfacet
  facet normal 0 0 1
    outer loop
      vertex 28.45261413426841 -79.39762424691125 25.5
      vertex 50.11948163407712 -85.99288253432303 25.5
      vertex 44.00873749803616 -72.29338074797853 25.5
    endloop
  endfacet
  facet normal 0 0 1
    outer loop
      vertex 44.00873749803616 -72.29338074797853 25.5
      vertex 50.11948163407712 -85.99288253432303 25.5
      vertex 50.23996269306446 -85.9378606782963 25.5
    endloop
  endfacet
  facet normal 0.9096319953545241 0.4154150130018738 -2.437289031728655e-19
    outer loop
      vertex 50.23996269306446 -85.9378606782963 17.5
      vertex 50.28150419436464 -86.02882387783174 25.5
      vertex 50.28150419436464 -86.02882387783174 17.5
    endloop
  endfacet
  facet normal 0.9096319953545241 0.4154150130018738 0
    outer loop
      vertex 50.23996269306446 -85.9378606782963 17.5
      vertex 50.23996269306446 -85.9378606782963 25.5
      vertex 50.28150419436464 -86.02882387783174 25.5
    endloop
  endfacet
  facet normal 0 0 1
    outer loop
      vertex 50.11948163407712 -85.99288253432303 25.5
      vertex 50.28150419436464 -86.02882387783174 25.5
      vertex 50.23996269306446 -85.9378606782963 25.5
    endloop
  endfacet
  facet normal 0 0 -1
    outer loop
      vertex -24.007629464098162 -96.70998877761009 17.5
      vertex -23.993397980270835 -96.611006633422 17.5
      vertex -4.21120062647951 -99.55628554307579 17.5
    endloop
  endfacet
  facet normal 0 0 -1
    outer loop
      vertex -23.993397980270835 -96.611006633422 17.5
      vertex -4.196969142652183 -99.45730339888769 17.5
      vertex -4.21120062647951 -99.55628554307579 17.5
    endloop
  endfacet
  facet normal -0.9898214418809357 0.14231483827326397 -5.2162212953704535e-20
    outer loop
      vertex -24.007629464098162 -96.70998877761009 17.5
      vertex -23.993397980270835 -96.611006633422 25.5
      vertex -23.993397980270835 -96.611006633422 17.5
    endloop
  endfacet
  facet normal -0.9898214418809357 0.14231483827326397 0
    outer loop
      vertex -24.007629464098162 -96.70998877761009 17.5
      vertex -24.007629464098162 -96.70998877761009 25.5
      vertex -23.993397980270835 -96.611006633422 25.5
    endloop
  endfacet
  facet normal -0.14231483827328478 -0.9898214418809328 0
    outer loop
      vertex -24.007629464098162 -96.70998877761009 17.5
      vertex -4.21120062647951 -99.55628554307579 25.5
      vertex -24.007629464098162 -96.70998877761009 25.5
    endloop
  endfacet
  facet normal 0 0 1
    outer loop
      vertex -24.007629464098162 -96.70998877761009 25.5
      vertex -4.328071320384749 -99.43845375143428 25.5
      vertex -23.993397980270835 -96.611006633422 25.5
    endloop
  endfacet
  facet normal 0 0 1
    outer loop
      vertex -23.993397980270835 -96.611006633422 25.5
      vertex -4.328071320384749 -99.43845375143428 25.5
      vertex -21.858675406171557 -81.763685005208 25.5
    endloop
  endfacet
  facet normal -0.14231483827328478 -0.9898214418809328 -2.1397444790245892e-17
    outer loop
      vertex -24.007629464098162 -96.70998877761009 17.5
      vertex -4.21120062647951 -99.55628554307579 17.5
      vertex -4.21120062647951 -99.55628554307579 25.5
    endloop
  endfacet
  facet normal 0.9898214418809357 -0.14231483827326397 -5.2162212953704535e-20
    outer loop
      vertex -4.196969142652183 -99.45730339888769 17.5
      vertex -4.21120062647951 -99.55628554307579 25.5
      vertex -4.21120062647951 -99.55628554307579 17.5
    endloop
  endfacet
  facet normal 0 0 1
    outer loop
      vertex -24.007629464098162 -96.70998877761009 25.5
      vertex -4.21120062647951 -99.55628554307579 25.5
      vertex -4.328071320384749 -99.43845375143428 25.5
    endloop
  endfacet
  facet normal 0.9898214418809357 -0.14231483827326397 0
    outer loop
      vertex -4.196969142652183 -99.45730339888769 17.5
      vertex -4.196969142652183 -99.45730339888769 25.5
      vertex -4.21120062647951 -99.55628554307579 25.5
    endloop
  endfacet
  facet normal 0 0 1
    outer loop
      vertex -4.328071320384749 -99.43845375143428 25.5
      vertex -4.21120062647951 -99.55628554307579 25.5
      vertex -4.196969142652183 -99.45730339888769 25.5
    endloop
  endfacet
  facet normal 0 0 1
    outer loop
      vertex -4.328071320384749 -99.43845375143428 25.5
      vertex -4.196969142652183 -99.45730339888769 25.5
      vertex -2.0622465685529043 -84.6099817706737 25.5
    endloop
  endfacet
  facet normal 0 0 1
    outer loop
      vertex -18.9897343181468 -82.17617646041629 25.5
      vertex -4.328071320384749 -99.43845375143428 25.5
      vertex -2.0622465685529043 -84.6099817706737 25.5
    endloop
  endfacet
  facet normal 0 0 -1
    outer loop
      vertex -57.301392929943624 -81.39975502205755 17.5
      vertex -57.36687900333815 -81.47532997949295 17.5
      vertex -72.4163844170288 -68.30254034315183 17.5
    endloop
  endfacet
  facet normal 0 0 -1
    outer loop
      vertex -57.36687900333815 -81.47532997949295 17.5
      vertex -72.48187049042332 -68.37811530058727 17.5
      vertex -72.4163844170288 -68.30254034315183 17.5
    endloop
  endfacet
  facet normal -0.6548607339452845 -0.7557495743542588 0
    outer loop
      vertex -57.36687900333815 -81.47532997949295 17.5
      vertex -57.36687900333815 -81.47532997949295 25.5
      vertex -72.48187049042332 -68.37811530058727 17.5
    endloop
  endfacet
  facet normal 0 0 1
    outer loop
      vertex -57.36687900333815 -81.47532997949295 25.5
      vertex -57.401492211315045 -81.31301850100519 25.5
      vertex -72.48187049042332 -68.37811530058727 25.5
    endloop
  endfacet
  facet normal -0.7557495743543208 0.6548607339452128 0
    outer loop
      vertex -72.4163844170288 -68.30254034315183 17.5
      vertex -72.48187049042332 -68.37811530058727 17.5
      vertex -72.4163844170288 -68.30254034315183 25.5
    endloop
  endfacet
  facet normal -0.7557495743543208 0.6548607339452128 0
    outer loop
      vertex -72.48187049042332 -68.37811530058727 17.5
      vertex -72.48187049042332 -68.37811530058727 25.5
      vertex -72.4163844170288 -68.30254034315183 25.5
    endloop
  endfacet
  facet normal -0.6548607339452845 -0.7557495743542588 -5.2301396407876516e-17
    outer loop
      vertex -57.36687900333815 -81.47532997949295 25.5
      vertex -72.48187049042332 -68.37811530058727 25.5
      vertex -72.48187049042332 -68.37811530058727 17.5
    endloop
  endfacet
  facet normal 0 0 1
    outer loop
      vertex -57.401492211315045 -81.31301850100519 25.5
      vertex -72.4163844170288 -68.30254034315183 25.5
      vertex -72.48187049042332 -68.37811530058727 25.5
    endloop
  endfacet
  facet normal 0 0 1
    outer loop
      vertex -57.401492211315045 -81.31301850100519 25.5
      vertex -62.59347340784951 -56.966296727837964 25.5
      vertex -72.4163844170288 -68.30254034315183 25.5
    endloop
  endfacet
  facet normal 0.755749574354199 -0.6548607339453535 2.6006929538841448e-20
    outer loop
      vertex -57.301392929943624 -81.39975502205755 17.5
      vertex -57.36687900333815 -81.47532997949295 25.5
      vertex -57.36687900333815 -81.47532997949295 17.5
    endloop
  endfacet
  facet normal 0.755749574354199 -0.6548607339453535 0
    outer loop
      vertex -57.301392929943624 -81.39975502205755 17.5
      vertex -57.301392929943624 -81.39975502205755 25.5
      vertex -57.36687900333815 -81.47532997949295 25.5
    endloop
  endfacet
  facet normal 0 0 1
    outer loop
      vertex -57.301392929943624 -81.39975502205755 25.5
      vertex -57.401492211315045 -81.31301850100519 25.5
      vertex -57.36687900333815 -81.47532997949295 25.5
    endloop
  endfacet
  facet normal 0 0 1
    outer loop
      vertex -57.301392929943624 -81.39975502205755 25.5
      vertex -47.478481920764345 -70.06351140674366 25.5
      vertex -57.401492211315045 -81.31301850100519 25.5
    endloop
  endfacet
  facet normal 0 0 1
    outer loop
      vertex -57.401492211315045 -81.31301850100519 25.5
      vertex -47.478481920764345 -70.06351140674366 25.5
      vertex -60.402976299601406 -58.86437327685626 25.5
    endloop
  endfacet
  facet normal 0.28173255684146403 -0.9594929736144873 0
    outer loop
      vertex -92.30897863163474 -37.526532824593616 17.5
      vertex -92.2130293342733 -37.49835956890947 17.5
      vertex -92.30897863163474 -37.526532824593616 25.5
    endloop
  endfacet
  facet normal 0.28173255684146403 -0.9594929736144873 0
    outer loop
      vertex -92.2130293342733 -37.49835956890947 17.5
      vertex -92.2130293342733 -37.49835956890947 25.5
      vertex -92.30897863163474 -37.526532824593616 25.5
    endloop
  endfacet
  facet normal 0 0 1
    outer loop
      vertex -92.30897863163474 -37.526532824593616 25.5
      vertex -92.2130293342733 -37.49835956890947 25.5
      vertex -92.25034490471587 -37.37127440684134 25.5
    endloop
  endfacet
  facet normal 0 0 -1
    outer loop
      vertex -92.30897863163474 -37.526532824593616 17.5
      vertex -97.84768047110191 -18.308500096619525 17.5
      vertex -92.2130293342733 -37.49835956890947 17.5
    endloop
  endfacet
  facet normal 0 0 -1
    outer loop
      vertex -92.30897863163474 -37.526532824593616 17.5
      vertex -97.94362976846335 -18.336673352303666 17.5
      vertex -97.84768047110191 -18.308500096619525 17.5
    endloop
  endfacet
  facet normal -0.9594929736144971 -0.28173255684143034 0
    outer loop
      vertex -92.30897863163474 -37.526532824593616 17.5
      vertex -92.30897863163474 -37.526532824593616 25.5
      vertex -97.94362976846335 -18.336673352303666 17.5
    endloop
  endfacet
  facet normal 0 0 1
    outer loop
      vertex -92.30897863163474 -37.526532824593616 25.5
      vertex -92.25034490471587 -37.37127440684134 25.5
      vertex -97.94362976846335 -18.336673352303666 25.5
    endloop
  endfacet
  facet normal 0 0 1
    outer loop
      vertex -92.25034490471587 -37.37127440684134 25.5
      vertex -92.2130293342733 -37.49835956890947 25.5
      vertex -77.82063473005584 -33.27237121628802 25.5
    endloop
  endfacet
  facet normal -0.9594929736144971 -0.28173255684143034 -2.1631612561451727e-17
    outer loop
      vertex -92.30897863163474 -37.526532824593616 25.5
      vertex -97.94362976846335 -18.336673352303666 25.5
      vertex -97.94362976846335 -18.336673352303666 17.5
    endloop
  endfacet
  facet normal 0 0 1
    outer loop
      vertex -92.25034490471587 -37.37127440684134 25.5
      vertex -97.84768047110191 -18.308500096619525 25.5
      vertex -97.94362976846335 -18.336673352303666 25.5
    endloop
  endfacet
  facet normal 0 0 1
    outer loop
      vertex -92.25034490471587 -37.37127440684134 25.5
      vertex -83.45528586688445 -14.08251174399808 25.5
      vertex -97.84768047110191 -18.308500096619525 25.5
    endloop
  endfacet
  facet normal 0 0 1
    outer loop
      vertex -92.25034490471587 -37.37127440684134 25.5
      vertex -77.82063473005584 -33.27237121628802 25.5
      vertex -82.63870009296879 -16.863547493681114 25.5
    endloop
  endfacet
  facet normal -0.28173255684143134 0.9594929736144968 5.380582579121141e-20
    outer loop
      vertex -97.94362976846335 -18.336673352303666 17.5
      vertex -97.84768047110191 -18.308500096619525 25.5
      vertex -97.84768047110191 -18.308500096619525 17.5
    endloop
  endfacet
  facet normal -0.28173255684143134 0.9594929736144968 0
    outer loop
      vertex -97.94362976846335 -18.336673352303666 17.5
      vertex -97.94362976846335 -18.336673352303666 25.5
      vertex -97.84768047110191 -18.308500096619525 25.5
    endloop
  endfacet
  facet normal 0 -1 0
    outer loop
      vertex 99.04226244065093 -10 17.5
      vertex 99.14226244065092 -10 17.5
      vertex 99.04226244065093 -10 25.5
    endloop
  endfacet
  facet normal 0 -1 0
    outer loop
      vertex 99.14226244065092 -10 17.5
      vertex 99.14226244065092 -10 25.5
      vertex 99.04226244065093 -10 25.5
    endloop
  endfacet
  facet normal 0 0 -1
    outer loop
      vertex 99.04226244065093 -10 17.5
      vertex 99.14226244065092 10 17.5
      vertex 99.14226244065092 -10 17.5
    endloop
  endfacet
  facet normal 0 0 -1
    outer loop
      vertex 99.04226244065093 -10 17.5
      vertex 99.04226244065093 10 17.5
      vertex 99.14226244065092 10 17.5
    endloop
  endfacet
  facet normal 1 0 0
    outer loop
      vertex 99.14226244065092 -10 17.5
      vertex 99.14226244065092 10 17.5
      vertex 99.14226244065092 10 25.5
    endloop
  endfacet
  facet normal 1 0 0
    outer loop
      vertex 99.14226244065092 -10 17.5
      vertex 99.14226244065092 10 25.5
      vertex 99.14226244065092 -10 25.5
    endloop
  endfacet
  facet normal 0 0 1
    outer loop
      vertex 84.04226244065093 -10 25.5
      vertex 99.04226244065093 -10 25.5
      vertex 99.04226244065093 9.86754966887418 25.5
    endloop
  endfacet
  facet normal 0 0 1
    outer loop
      vertex 99.04226244065093 -10 25.5
      vertex 99.14226244065092 -10 25.5
      vertex 99.04226244065093 9.86754966887418 25.5
    endloop
  endfacet
  facet normal 0 0 1
    outer loop
      vertex 99.14226244065092 -10 25.5
      vertex 99.14226244065092 10 25.5
      vertex 99.04226244065093 9.86754966887418 25.5
    endloop
  endfacet
  facet normal 0 1 0
    outer loop
      vertex 99.04226244065093 10 17.5
      vertex 99.14226244065092 10 25.5
      vertex 99.14226244065092 10 17.5
    endloop
  endfacet
  facet normal 0 0 1
    outer loop
      vertex 84.04226244065093 -7.101556940842808 25.5
      vertex 99.04226244065093 9.86754966887418 25.5
      vertex 84.04226244065093 10 25.5
    endloop
  endfacet
  facet normal 0 1 0
    outer loop
      vertex 99.04226244065093 10 17.5
      vertex 99.04226244065093 10 25.5
      vertex 99.14226244065092 10 25.5
    endloop
  endfacet
  facet normal 0 0 1
    outer loop
      vertex 84.04226244065093 10 25.5
      vertex 99.04226244065093 9.86754966887418 25.5
      vertex 99.04226244065093 10 25.5
    endloop
  endfacet
  facet normal 0 0 1
    outer loop
      vertex 99.04226244065093 9.86754966887418 25.5
      vertex 99.14226244065092 10 25.5
      vertex 99.04226244065093 10 25.5
    endloop
  endfacet
  facet normal -0.84125353283118 0.5406408174555996 0
    outer loop
      vertex 63.15575475118527 -52.47476195094304 -25.5
      vertex 61.886067982918334 -54.450433126531415 -17.75
      vertex 63.15575475118527 -52.47476195094304 -25.4
    endloop
  endfacet
  facet normal -0.5174064563378695 -0.8051001612353167 -0.29000739528287084
    outer loop
      vertex 65.29444201076689 -53.84921279504322 -25.5
      vertex 77.91324500323461 -61.95882505687719 -25.5
      vertex 75.21004091595661 -66.16509272103309 -9
    endloop
  endfacet
  facet normal -0.5174064563378696 -0.8051001612353168 -0.2900073952828709
    outer loop
      vertex 63.15575475118527 -52.47476195094304 -25.5
      vertex 65.29444201076689 -53.84921279504322 -25.5
      vertex 75.21004091595661 -66.16509272103309 -9
    endloop
  endfacet
  facet normal -0.5174064563378736 -0.8051001612353142 -0.2900073952828704
    outer loop
      vertex 63.15575475118527 -52.47476195094304 -25.5
      vertex 62.27598071066059 -54.701014821152626 -17.75
      vertex 61.886067982918334 -54.450433126531415 -17.75
    endloop
  endfacet
  facet normal -0.8412535328311799 0.5406408174555994 0
    outer loop
      vertex 63.15575475118527 -52.47476195094304 -25.4
      vertex 61.886067982918334 -54.450433126531415 -17.75
      vertex 63.15575475118527 -52.47476195094304 -17.75
    endloop
  endfacet
  facet normal -0.5174064563378699 -0.8051001612353166 -0.2900073952828706
    outer loop
      vertex 63.15575475118527 -52.47476195094304 -25.5
      vertex 74.23857539220718 -65.54076973825494 -9
      vertex 62.27598071066059 -54.701014821152626 -17.75
    endloop
  endfacet
  facet normal -0.8412535328311808 0.5406408174555981 0
    outer loop
      vertex 63.15575475118527 -52.47476195094304 -25.5
      vertex 63.15575475118527 -52.47476195094304 -25.4
      vertex 63.73551209809521 -51.57264191019552 -25.5
    endloop
  endfacet
  facet normal -0.8412535328311808 0.5406408174555981 -1.8054585009629147e-16
    outer loop
      vertex 63.15575475118527 -52.47476195094304 -25.4
      vertex 63.73551209809521 -51.57264191019552 -25.4
      vertex 63.73551209809521 -51.57264191019552 -25.5
    endloop
  endfacet
  facet normal 0 0 -1
    outer loop
      vertex 63.15575475118527 -52.47476195094304 -25.5
      vertex 74.54024173502759 -39.462467601645606 -25.5
      vertex 65.29444201076689 -53.84921279504322 -25.5
    endloop
  endfacet
  facet normal 0 0 -1
    outer loop
      vertex 63.15575475118527 -52.47476195094304 -25.5
      vertex 63.73551209809521 -51.57264191019552 -25.5
      vertex 74.54024173502759 -39.462467601645606 -25.5
    endloop
  endfacet
  facet normal 0 0 -1
    outer loop
      vertex 63.73551209809521 -51.57264191019552 -25.5
      vertex 64.6168817957512 -50.48424097670398 -25.5
      vertex 74.54024173502759 -39.462467601645606 -25.5
    endloop
  endfacet
  facet normal 0 0 -1
    outer loop
      vertex 64.6168817957512 -50.48424097670398 -25.5
      vertex 66.3393935387457 -48.198390687982794 -25.5
      vertex 74.54024173502759 -39.462467601645606 -25.5
    endloop
  endfacet
  facet normal 0 0 -1
    outer loop
      vertex 66.3393935387457 -48.198390687982794 -25.5
      vertex 67.98108094951343 -45.853818084601244 -25.5
      vertex 74.54024173502759 -39.462467601645606 -25.5
    endloop
  endfacet
  facet normal 0 0 -1
    outer loop
      vertex 67.98108094951343 -45.853818084601244 -25.5
      vertex 69.53994388482693 -43.4533796671228 -25.5
      vertex 74.54024173502759 -39.462467601645606 -25.5
    endloop
  endfacet
  facet normal 0 0 -1
    outer loop
      vertex 69.53994388482693 -43.4533796671228 -25.5
      vertex 71.01408311032397 -41 -25.5
      vertex 74.54024173502759 -39.462467601645606 -25.5
    endloop
  endfacet
  facet normal 0 0 -1
    outer loop
      vertex 71.01408311032397 -41 -25.5
      vertex 72.40170261443201 -38.49666814844305 -25.5
      vertex 74.54024173502759 -39.462467601645606 -25.5
    endloop
  endfacet
  facet normal 0 0 -1
    outer loop
      vertex 72.40170261443201 -38.49666814844305 -25.5
      vertex 73.40736390219656 -36.52294674009649 -25.5
      vertex 74.54024173502759 -39.462467601645606 -25.5
    endloop
  endfacet
  facet normal 0 0 -1
    outer loop
      vertex 73.40736390219656 -36.52294674009649 -25.5
      vertex 73.96857110029723 -35.64969129431942 -25.5
      vertex 74.54024173502759 -39.462467601645606 -25.5
    endloop
  endfacet
  facet normal 0.8412535328311802 -0.540640817455599 0
    outer loop
      vertex 77.91324500323461 -61.95882505687719 -25.5
      vertex 77.91324500323461 -61.95882505687719 -17.5
      vertex 75.21004091595661 -66.16509272103309 -9
    endloop
  endfacet
  facet normal 0 0 -1
    outer loop
      vertex 77.98485305852674 -61.847400747892934 -25.5
      vertex 74.54024173502759 -39.462467601645606 -25.5
      vertex 76.10725835987884 -37.0241421384196 -25.5
    endloop
  endfacet
  facet normal 0 0 -1
    outer loop
      vertex 73.96857110029723 -35.64969129431942 -25.5
      vertex 76.10725835987884 -37.0241421384196 -25.5
      vertex 74.54024173502759 -39.462467601645606 -25.5
    endloop
  endfacet
  facet normal 0.5174064563378695 0.8051001612353167 -0.2900073952828708
    outer loop
      vertex 76.10725835987884 -37.0241421384196 -25.5
      vertex 76.67177518757522 -31.443423630163515 -9
      vertex 88.72606135234656 -45.133754400253565 -25.5
    endloop
  endfacet
  facet normal 0.8412535328311802 -0.540640817455599 0
    outer loop
      vertex 88.72606135234656 -45.133754400253565 -25.5
      vertex 91.42926543962456 -40.92748673609766 -9
      vertex 88.72606135234656 -45.133754400253565 -17.5
    endloop
  endfacet
  facet normal -0.8412535328311809 0.5406408174555982 1.5852332424581446e-18
    outer loop
      vertex 60.64095579726302 -56.387865505172925 -10.15
      vertex 61.66540000929738 -54.79379919582857 -9
      vertex 61.66540000929738 -54.79379919582857 -10.15
    endloop
  endfacet
  facet normal -0.8412535328311812 0.5406408174555976 1.3427708398904282e-15
    outer loop
      vertex 60.64095579726302 -56.387865505172925 -10.15
      vertex 60.45255066390728 -56.68102961509894 -9
      vertex 61.66540000929738 -54.79379919582857 -9
    endloop
  endfacet
  facet normal -0.5174064563378699 -0.8051001612353164 -0.29000739528287095
    outer loop
      vertex 63.15575475118527 -52.47476195094304 -25.5
      vertex 75.21004091595661 -66.16509272103309 -9
      vertex 74.23857539220718 -65.54076973825494 -9
    endloop
  endfacet
  facet normal -0.51740645633787 -0.8051001612353166 -0.2900073952828702
    outer loop
      vertex 62.27598071066059 -54.701014821152626 -17.75
      vertex 74.23857539220718 -65.54076973825494 -9
      vertex 61.606706032075984 -55.47092726714935 -14.418555044157404
    endloop
  endfacet
  facet normal -0.51740645633787 -0.8051001612353165 -0.2900073952828704
    outer loop
      vertex 61.606706032075984 -55.47092726714935 -14.418555044157404
      vertex 74.23857539220718 -65.54076973825494 -9
      vertex 60.71016864901436 -56.43234590411205 -10.15
    endloop
  endfacet
  facet normal -0.5174064563377355 -0.8051001612351911 -0.29000739528345826
    outer loop
      vertex 60.64095579726302 -56.387865505172925 -10.15
      vertex 60.71016864901436 -56.43234590411205 -10.15
      vertex 74.23857539220718 -65.54076973825494 -9
    endloop
  endfacet
  facet normal -0.51740645633787 -0.8051001612353169 -0.2900073952828699
    outer loop
      vertex 60.64095579726302 -56.387865505172925 -10.15
      vertex 74.23857539220718 -65.54076973825494 -9
      vertex 60.45255066390728 -56.68102961509894 -9
    endloop
  endfacet
  facet normal 0.8412535328311811 -0.5406408174555978 9.312670052912768e-16
    outer loop
      vertex 77.91324500323461 -61.95882505687719 -17.5
      vertex 88.72606135234656 -45.133754400253565 -17.5
      vertex 75.21004091595661 -66.16509272103309 -9
    endloop
  endfacet
  facet normal -0.5406408174555977 -0.841253532831181 -8.859627445896564e-19
    outer loop
      vertex 74.23857539220718 -65.54076973825494 -9
      vertex 75.21004091595661 -66.16509272103309 -9
      vertex 75.21004091595661 -66.16509272103309 9
    endloop
  endfacet
  facet normal 0.8412535328311809 -0.540640817455598 0
    outer loop
      vertex 75.21004091595661 -66.16509272103309 -9
      vertex 88.72606135234656 -45.133754400253565 -17.5
      vertex 75.21004091595661 -66.16509272103309 9
    endloop
  endfacet
  facet normal 0.5174064563378694 0.8051001612353169 -0.290007395282871
    outer loop
      vertex 88.72606135234656 -45.133754400253565 -25.5
      vertex 76.67177518757522 -31.443423630163515 -9
      vertex 90.46774666367 -40.309556139977005 -9
    endloop
  endfacet
  facet normal 0.5174064563378713 0.8051001612353156 -0.2900073952828709
    outer loop
      vertex 88.72606135234656 -45.133754400253565 -25.5
      vertex 90.46774666367 -40.309556139977005 -9
      vertex 91.42926543962456 -40.92748673609766 -9
    endloop
  endfacet
  facet normal 0.8412535328311807 -0.5406408174555983 -4.548834536246495e-16
    outer loop
      vertex 88.72606135234656 -45.133754400253565 -17.5
      vertex 91.42926543962456 -40.92748673609766 -9
      vertex 75.21004091595661 -66.16509272103309 9
    endloop
  endfacet
  facet normal 0.5406408174555998 0.8412535328311799 -8.809294109193553e-21
    outer loop
      vertex 91.42926543962456 -40.92748673609766 -9
      vertex 90.46774666367 -40.309556139977005 -9
      vertex 90.46774666367 -40.309556139977005 9
    endloop
  endfacet
  facet normal -0.5174064563379278 -0.8051001612352797 0.2900073952828698
    outer loop
      vertex 60.45255066390728 -56.68102961509894 9
      vertex 60.710168649014356 -56.432345904112054 10.15
      vertex 60.64095579726302 -56.387865505172925 10.15
    endloop
  endfacet
  facet normal -0.8412535328311812 0.5406408174555974 -1.7772472402364774e-17
    outer loop
      vertex 60.45255066390728 -56.68102961509894 9
      vertex 61.66540000929738 -54.79379919582857 10.15
      vertex 61.66540000929738 -54.79379919582857 9
    endloop
  endfacet
  facet normal -0.8412535328311808 0.5406408174555981 -1.6132510902025786e-15
    outer loop
      vertex 60.45255066390728 -56.68102961509894 9
      vertex 60.64095579726302 -56.387865505172925 10.15
      vertex 61.66540000929738 -54.79379919582857 10.15
    endloop
  endfacet
  facet normal -0.5406408174555977 -0.841253532831181 0
    outer loop
      vertex 74.23857539220718 -65.54076973825494 -9
      vertex 75.21004091595661 -66.16509272103309 9
      vertex 74.23857539220718 -65.54076973825494 9
    endloop
  endfacet
  facet normal 0.8412535328311807 -0.5406408174555984 -4.0855551889660644e-16
    outer loop
      vertex 91.42926543962456 -40.92748673609766 -9
      vertex 77.91324500323461 -61.95882505687719 17.5
      vertex 75.21004091595661 -66.16509272103309 9
    endloop
  endfacet
  facet normal 0.5406408174555998 0.8412535328311799 0
    outer loop
      vertex 91.42926543962456 -40.92748673609766 -9
      vertex 90.46774666367 -40.309556139977005 9
      vertex 91.42926543962456 -40.92748673609766 9
    endloop
  endfacet
  facet normal 0.8412535328311809 -0.540640817455598 0
    outer loop
      vertex 91.42926543962456 -40.92748673609766 -9
      vertex 91.42926543962456 -40.92748673609766 9
      vertex 77.91324500323461 -61.95882505687719 17.5
    endloop
  endfacet
  facet normal -0.5174064563378697 -0.8051001612353167 0.2900073952828709
    outer loop
      vertex 60.45255066390728 -56.68102961509894 9
      vertex 74.23857539220718 -65.54076973825494 9
      vertex 77.91324500323461 -61.95882505687719 25.5
    endloop
  endfacet
  facet normal -0.5174064563378118 -0.8051001612353574 0.2900073952828607
    outer loop
      vertex 60.45255066390728 -56.68102961509894 9
      vertex 65.29444201076689 -53.84921279504322 25.5
      vertex 60.710168649014356 -56.432345904112054 10.15
    endloop
  endfacet
  facet normal -0.5174064563378784 -0.8051001612353104 0.2900073952828727
    outer loop
      vertex 60.710168649014356 -56.432345904112054 10.15
      vertex 65.29444201076689 -53.84921279504322 25.5
      vertex 61.606706032075984 -55.47092726714935 14.41855504415741
    endloop
  endfacet
  facet normal -0.5174064563378695 -0.8051001612353167 0.2900073952828706
    outer loop
      vertex 60.45255066390728 -56.68102961509894 9
      vertex 77.91324500323461 -61.95882505687719 25.5
      vertex 65.29444201076689 -53.84921279504322 25.5
    endloop
  endfacet
  facet normal -0.5174064563378638 -0.805100161235321 0.2900073952828693
    outer loop
      vertex 61.606706032075984 -55.47092726714935 14.41855504415741
      vertex 65.29444201076689 -53.84921279504322 25.5
      vertex 62.27598071066058 -54.701014821152626 17.75
    endloop
  endfacet
  facet normal -0.517406456337887 -0.8051001612353058 0.2900073952828699
    outer loop
      vertex 61.88606798291834 -54.450433126531415 17.75
      vertex 62.27598071066058 -54.701014821152626 17.75
      vertex 63.15575475118527 -52.47476195094304 25.5
    endloop
  endfacet
  facet normal -0.5174064563378695 -0.8051001612353167 0.2900073952828711
    outer loop
      vertex 62.27598071066058 -54.701014821152626 17.75
      vertex 65.29444201076689 -53.84921279504322 25.5
      vertex 63.15575475118527 -52.47476195094304 25.5
    endloop
  endfacet
  facet normal 0 0 1
    outer loop
      vertex 63.15575475118527 -52.47476195094304 25.5
      vertex 65.29444201076689 -53.84921279504322 25.5
      vertex 66.86145863561813 -51.410887331817214 25.5
    endloop
  endfacet
  facet normal -0.8412535328311811 0.5406408174555978 -1.1618536734357398e-16
    outer loop
      vertex 61.88606798291834 -54.450433126531415 17.75
      vertex 63.15575475118527 -52.47476195094304 25.5
      vertex 73.96857110029723 -35.64969129431942 25.5
    endloop
  endfacet
  facet normal 0 0 1
    outer loop
      vertex 63.15575475118527 -52.47476195094304 25.5
      vertex 66.86145863561813 -51.410887331817214 25.5
      vertex 73.96857110029723 -35.64969129431942 25.5
    endloop
  endfacet
  facet normal 0 0 1
    outer loop
      vertex 65.29444201076689 -53.84921279504322 25.5
      vertex 88.65445329705443 -45.24517870923782 25.5
      vertex 66.86145863561813 -51.410887331817214 25.5
    endloop
  endfacet
  facet normal -0.841253532831181 0.5406408174555978 -6.493040704969388e-16
    outer loop
      vertex 61.88606798291834 -54.450433126531415 17.75
      vertex 73.96857110029723 -35.64969129431942 25.5
      vertex 75.23825786856416 -33.67402011873104 17.75
    endloop
  endfacet
  facet normal 0 0 1
    outer loop
      vertex 66.86145863561813 -51.410887331817214 25.5
      vertex 76.10725835987884 -37.0241421384196 25.5
      vertex 73.96857110029723 -35.64969129431942 25.5
    endloop
  endfacet
  facet normal -0.5174064563378697 -0.8051001612353167 0.2900073952828709
    outer loop
      vertex 74.23857539220718 -65.54076973825494 9
      vertex 75.21004091595661 -66.16509272103309 9
      vertex 77.91324500323461 -61.95882505687719 25.5
    endloop
  endfacet
  facet normal 0.8412535328311802 -0.540640817455599 -2.024335483980512e-17
    outer loop
      vertex 75.21004091595661 -66.16509272103309 9
      vertex 77.91324500323461 -61.95882505687719 17.5
      vertex 77.91324500323461 -61.95882505687719 25.5
    endloop
  endfacet
  facet normal 0.8412535328311811 -0.5406408174555978 9.384413398405107e-16
    outer loop
      vertex 77.91324500323461 -61.95882505687719 17.5
      vertex 91.42926543962456 -40.92748673609766 9
      vertex 88.72606135234656 -45.133754400253565 17.5
    endloop
  endfacet
  facet normal 0.5174064563378712 0.8051001612353148 0.29000739528287317
    outer loop
      vertex 91.42926543962456 -40.92748673609766 9
      vertex 90.46774666367 -40.309556139977005 9
      vertex 73.96857110029723 -35.64969129431942 25.5
    endloop
  endfacet
  facet normal 0.5174064563378695 0.8051001612353167 0.290007395282871
    outer loop
      vertex 90.46774666367 -40.309556139977005 9
      vertex 75.63480757368161 -33.92886713971763 17.75
      vertex 73.96857110029723 -35.64969129431942 25.5
    endloop
  endfacet
  facet normal 0.8412535328311803 -0.540640817455599 -2.024335483980512e-17
    outer loop
      vertex 91.42926543962456 -40.92748673609766 9
      vertex 88.72606135234656 -45.133754400253565 25.5
      vertex 88.72606135234656 -45.133754400253565 17.5
    endloop
  endfacet
  facet normal 0.5174064563378695 0.8051001612353167 0.2900073952828708
    outer loop
      vertex 91.42926543962456 -40.92748673609766 9
      vertex 73.96857110029723 -35.64969129431942 25.5
      vertex 76.10725835987884 -37.0241421384196 25.5
    endloop
  endfacet
  facet normal 0.5174064563378696 0.8051001612353167 0.29000739528287084
    outer loop
      vertex 91.42926543962456 -40.92748673609766 9
      vertex 76.10725835987884 -37.0241421384196 25.5
      vertex 88.72606135234656 -45.133754400253565 25.5
    endloop
  endfacet
  facet normal -0.8412535328311819 0.5406408174555966 0
    outer loop
      vertex 73.40736390219656 -36.52294674009649 -25.5
      vertex 73.40736390219656 -36.52294674009649 -25.4
      vertex 73.96857110029723 -35.64969129431941 -25.4
    endloop
  endfacet
  facet normal -0.8412535328311798 0.5406408174555997 -3.8489102976217156e-14
    outer loop
      vertex 73.40736390219656 -36.52294674009649 -25.5
      vertex 73.96857110029723 -35.64969129431941 -25.4
      vertex 73.96857110029723 -35.64969129431942 -25.5
    endloop
  endfacet
  facet normal 0.5174064563378695 0.8051001612353167 -0.29000739528287106
    outer loop
      vertex 73.96857110029723 -35.64969129431942 -25.5
      vertex 75.23825786856416 -33.674020118731036 -17.75
      vertex 76.10725835987884 -37.0241421384196 -25.5
    endloop
  endfacet
  facet normal -0.8412535328311124 0.5406408174557048 -3.84148405498548e-14
    outer loop
      vertex 73.96857110029723 -35.64969129431942 -25.5
      vertex 73.96857110029723 -35.64969129431941 -25.4
      vertex 75.23825786856416 -33.674020118731036 -17.75
    endloop
  endfacet
  facet normal -0.8412535328311799 0.5406408174555994 0
    outer loop
      vertex 73.96857110029723 -35.64969129431941 -25.4
      vertex 73.96857110029723 -35.64969129431941 -17.75
      vertex 75.23825786856416 -33.674020118731036 -17.75
    endloop
  endfacet
  facet normal 0.5174064563378709 0.805100161235316 -0.2900073952828707
    outer loop
      vertex 76.10725835987884 -37.0241421384196 -25.5
      vertex 75.23825786856416 -33.674020118731036 -17.75
      vertex 75.63480757368161 -33.92886713971763 -17.75
    endloop
  endfacet
  facet normal 0.5174064563378774 0.8051001612353124 -0.2900073952828688
    outer loop
      vertex 76.10725835987884 -37.0241421384196 -25.5
      vertex 75.63480757368161 -33.92886713971763 -17.75
      vertex 75.73291843857162 -33.71846771098384 -16.990861396952862
    endloop
  endfacet
  facet normal 0.5174064563378661 0.8051001612353187 -0.2900073952828717
    outer loop
      vertex 76.10725835987884 -37.0241421384196 -25.5
      vertex 75.73291843857162 -33.71846771098384 -16.990861396952862
      vertex 76.55471432795234 -31.78243792076205 -10.15
    endloop
  endfacet
  facet normal 0.5174064563379192 0.8051001612352878 -0.2900073952828626
    outer loop
      vertex 76.10725835987884 -37.0241421384196 -25.5
      vertex 76.55471432795234 -31.78243792076205 -10.15
      vertex 76.67177518757522 -31.443423630163515 -9
    endloop
  endfacet
  facet normal -0.8412535328311797 0.5406408174556 0
    outer loop
      vertex 75.47109582469626 -33.311717187007964 -10.15
      vertex 75.47109582469626 -33.311717187007964 -9
      vertex 76.67177518757522 -31.443423630163515 -9
    endloop
  endfacet
  facet normal -0.8412535328311808 0.5406408174555984 3.5106358243474252e-15
    outer loop
      vertex 75.47109582469626 -33.311717187007964 -10.15
      vertex 76.67177518757522 -31.443423630163515 -9
      vertex 76.48337005421948 -31.736587740089533 -10.15
    endloop
  endfacet
  facet normal 0.5174064563377948 0.805100161235364 -0.2900073952828727
    outer loop
      vertex 76.48337005421948 -31.736587740089533 -10.15
      vertex 76.67177518757522 -31.443423630163515 -9
      vertex 76.55471432795234 -31.78243792076205 -10.15
    endloop
  endfacet
  facet normal -0.8412535328311808 0.5406408174555984 0
    outer loop
      vertex 75.47109582469626 -33.311717187007964 9
      vertex 75.47109582469626 -33.311717187007964 10.15
      vertex 76.48337005421948 -31.736587740089533 10.15
    endloop
  endfacet
  facet normal -0.8412535328311797 0.5406408174556 -2.9591158304228636e-15
    outer loop
      vertex 75.47109582469626 -33.311717187007964 9
      vertex 76.48337005421948 -31.736587740089533 10.15
      vertex 76.67177518757522 -31.443423630163515 9
    endloop
  endfacet
  facet normal 0.5174064563378675 0.8051001612353174 0.2900073952828728
    outer loop
      vertex 76.67177518757522 -31.443423630163515 9
      vertex 76.48337005421948 -31.736587740089533 10.15
      vertex 76.55471432795233 -31.78243792076205 10.15
    endloop
  endfacet
  facet normal 0.5174064563378691 0.8051001612353164 0.2900073952828726
    outer loop
      vertex 76.67177518757522 -31.443423630163515 9
      vertex 76.55471432795233 -31.78243792076205 10.15
      vertex 90.46774666367 -40.309556139977005 9
    endloop
  endfacet
  facet normal 0.5174064563378693 0.8051001612353169 0.2900073952828706
    outer loop
      vertex 76.55471432795233 -31.78243792076205 10.15
      vertex 75.73291843857162 -33.71846771098384 16.990861396952862
      vertex 90.46774666367 -40.309556139977005 9
    endloop
  endfacet
  facet normal 0.5174064563378691 0.8051001612353175 0.29000739528286945
    outer loop
      vertex 90.46774666367 -40.309556139977005 9
      vertex 75.73291843857162 -33.71846771098384 16.990861396952862
      vertex 75.63480757368161 -33.92886713971763 17.75
    endloop
  endfacet
  facet normal 0.5174064563378606 0.8051001612353226 0.29000739528287034
    outer loop
      vertex 73.96857110029723 -35.64969129431942 25.5
      vertex 75.63480757368161 -33.92886713971763 17.75
      vertex 75.23825786856416 -33.67402011873104 17.75
    endloop
  endfacet
  facet normal -0.4154150130018876 0.9096319953545178 -6.433220379300671e-17
    outer loop
      vertex 22.62374664732145 -79.26475361528016 -17.75
      vertex 24.760003606108576 -78.28915775141209 -25.4
      vertex 24.760003606108576 -78.28915775141209 -25.5
    endloop
  endfacet
  facet normal -0.8705400186077912 -0.39756230541085186 -0.2900073952828706
    outer loop
      vertex 22.62374664732145 -79.26475361528016 -17.75
      vertex 24.760003606108576 -78.28915775141209 -25.5
      vertex 22.82090932584975 -79.69647966047806 -17.75
    endloop
  endfacet
  facet normal -0.41541501300188616 0.9096319953545186 -8.409438404314697e-19
    outer loop
      vertex 22.62374664732145 -79.26475361528016 -17.75
      vertex 24.760003606108576 -78.28915775141209 -17.75
      vertex 24.760003606108576 -78.28915775141209 -25.4
    endloop
  endfacet
  facet normal 0.41541501300188777 -0.9096319953545178 0
    outer loop
      vertex 32.047322785974096 -94.24616093833403 -25.5
      vertex 32.047322785974096 -94.24616093833403 -17.5
      vertex 27.499162809201508 -96.32323600334347 -9
    endloop
  endfacet
  facet normal -0.8705400186077901 -0.3975623054108544 -0.2900073952828708
    outer loop
      vertex 32.047322785974096 -94.24616093833403 -25.5
      vertex 27.499162809201508 -96.32323600334347 -9
      vertex 25.816097590945795 -80.60168100801626 -25.5
    endloop
  endfacet
  facet normal -0.8705400186077904 -0.39756230541085386 -0.29000739528287023
    outer loop
      vertex 25.816097590945795 -80.60168100801626 -25.5
      vertex 27.499162809201508 -96.32323600334347 -9
      vertex 24.760003606108576 -78.28915775141209 -25.5
    endloop
  endfacet
  facet normal -0.8705400186077901 -0.39756230541085424 -0.2900073952828708
    outer loop
      vertex 22.82090932584975 -79.69647966047806 -17.75
      vertex 24.760003606108576 -78.28915775141209 -25.5
      vertex 27.02263481232438 -95.27978523946926 -9
    endloop
  endfacet
  facet normal -0.41541501300188716 0.909631995354518 0
    outer loop
      vertex 24.760003606108576 -78.28915775141209 -25.5
      vertex 24.760003606108576 -78.28915775141209 -25.4
      vertex 25.676932546500247 -77.8704103352703 -25.5
    endloop
  endfacet
  facet normal -0.41541501300188716 0.909631995354518 -5.522538516602033e-17
    outer loop
      vertex 24.760003606108576 -78.28915775141209 -25.4
      vertex 25.676932546500247 -77.8704103352703 -25.4
      vertex 25.676932546500247 -77.8704103352703 -25.5
    endloop
  endfacet
  facet normal 0 0 -1
    outer loop
      vertex 25.816097590945795 -80.60168100801626 -25.5
      vertex 24.760003606108576 -78.28915775141209 -25.5
      vertex 41.37222095471355 -73.49743750908354 -25.5
    endloop
  endfacet
  facet normal 0 0 -1
    outer loop
      vertex 24.760003606108576 -78.28915775141209 -25.5
      vertex 25.676932546500247 -77.8704103352703 -25.5
      vertex 41.37222095471355 -73.49743750908354 -25.5
    endloop
  endfacet
  facet normal 0 0 -1
    outer loop
      vertex 25.676932546500247 -77.8704103352703 -25.5
      vertex 28.045651752704835 -77.05479490444449 -25.5
      vertex 41.37222095471355 -73.49743750908354 -25.5
    endloop
  endfacet
  facet normal 0 0 -1
    outer loop
      vertex 28.045651752704835 -77.05479490444449 -25.5
      vertex 30.717740660104784 -76.02907607447656 -25.5
      vertex 41.37222095471355 -73.49743750908354 -25.5
    endloop
  endfacet
  facet normal 0 0 -1
    outer loop
      vertex 30.717740660104784 -76.02907607447656 -25.5
      vertex 33.35240473221562 -74.91072752669326 -25.5
      vertex 41.37222095471355 -73.49743750908354 -25.5
    endloop
  endfacet
  facet normal 0 0 -1
    outer loop
      vertex 33.35240473221562 -74.91072752669326 -25.5
      vertex 35.94643403670435 -73.70111179653169 -25.5
      vertex 41.37222095471355 -73.49743750908354 -25.5
    endloop
  endfacet
  facet normal 0 0 -1
    outer loop
      vertex 32.16780384496144 -94.1911390823073 -25.5
      vertex 41.37222095471355 -73.49743750908354 -25.5
      vertex 44.00873749803616 -72.29338074797853 -25.5
    endloop
  endfacet
  facet normal 0 0 -1
    outer loop
      vertex 35.94643403670435 -73.70111179653169 -25.5
      vertex 38.49666814844305 -72.40170261443201 -25.5
      vertex 41.37222095471355 -73.49743750908354 -25.5
    endloop
  endfacet
  facet normal 0 0 -1
    outer loop
      vertex 38.49666814844305 -72.40170261443201 -25.5
      vertex 41 -71.01408311032397 -25.5
      vertex 41.37222095471355 -73.49743750908354 -25.5
    endloop
  endfacet
  facet normal 0 0 -1
    outer loop
      vertex 41.37222095471355 -73.49743750908354 -25.5
      vertex 41 -71.01408311032397 -25.5
      vertex 41.9813234062109 -70.42444452100185 -25.5
    endloop
  endfacet
  facet normal 0 0 -1
    outer loop
      vertex 41.37222095471355 -73.49743750908354 -25.5
      vertex 41.9813234062109 -70.42444452100185 -25.5
      vertex 42.95264351319894 -69.98085749137437 -25.5
    endloop
  endfacet
  facet normal 0 0 -1
    outer loop
      vertex 41.37222095471355 -73.49743750908354 -25.5
      vertex 42.95264351319894 -69.98085749137437 -25.5
      vertex 44.00873749803616 -72.29338074797853 -25.5
    endloop
  endfacet
  facet normal -0.4154150130018829 0.90963199535452 0
    outer loop
      vertex 41.9813234062109 -70.42444452100185 -25.5
      vertex 41.9813234062109 -70.42444452100185 -25.4
      vertex 42.95264351319894 -69.98085749137437 -25.5
    endloop
  endfacet
  facet normal -0.4154150130018829 0.90963199535452 -1.8873224313767362e-16
    outer loop
      vertex 41.9813234062109 -70.42444452100185 -25.4
      vertex 42.95264351319894 -69.98085749137437 -25.4
      vertex 42.95264351319894 -69.98085749137437 -25.5
    endloop
  endfacet
  facet normal 0.8705400186077901 0.3975623054108537 -0.2900073952828711
    outer loop
      vertex 42.95264351319894 -69.98085749137437 -25.5
      vertex 45.28104789004888 -69.42600578413094 -17.75
      vertex 44.00873749803616 -72.29338074797853 -25.5
    endloop
  endfacet
  facet normal -0.4154150130018867 0.9096319953545183 0
    outer loop
      vertex 42.95264351319894 -69.98085749137437 -25.5
      vertex 42.95264351319894 -69.98085749137437 -25.4
      vertex 45.088900471986065 -69.0052616275063 -17.75
    endloop
  endfacet
  facet normal 0.8705400186077898 0.3975623054108543 -0.29000739528287084
    outer loop
      vertex 44.00873749803616 -72.29338074797853 -25.5
      vertex 47.50080348997153 -67.90378242636493 -9
      vertex 50.23996269306446 -85.9378606782963 -25.5
    endloop
  endfacet
  facet normal -0.4154150130018867 0.9096319953545182 0
    outer loop
      vertex 42.95264351319894 -69.98085749137437 -25.4
      vertex 42.95264351319894 -69.98085749137437 -17.75
      vertex 45.088900471986065 -69.0052616275063 -17.75
    endloop
  endfacet
  facet normal 0.8705400186077833 0.3975623054108693 -0.2900073952828702
    outer loop
      vertex 42.95264351319894 -69.98085749137437 -25.5
      vertex 45.088900471986065 -69.0052616275063 -17.75
      vertex 45.28104789004888 -69.42600578413094 -17.75
    endloop
  endfacet
  facet normal 0.8705400186077931 0.3975623054108483 -0.2900073952828697
    outer loop
      vertex 44.00873749803616 -72.29338074797853 -25.5
      vertex 45.28104789004888 -69.42600578413094 -17.75
      vertex 46.35709169772492 -68.72721476481297 -13.561995884405343
    endloop
  endfacet
  facet normal 0.8705400186077896 0.397562305410855 -0.290007395282871
    outer loop
      vertex 44.00873749803616 -72.29338074797853 -25.5
      vertex 46.35709169772492 -68.72721476481297 -13.561995884405343
      vertex 47.218341708219675 -68.12416101518136 -10.15
    endloop
  endfacet
  facet normal -0.8705400186077901 -0.3975623054108542 -0.2900073952828707
    outer loop
      vertex 22.82090932584975 -79.69647966047806 -17.75
      vertex 27.02263481232438 -95.27978523946926 -9
      vertex 20.565120016563775 -80.300916584196 -10.15
    endloop
  endfacet
  facet normal -0.87054001860779 -0.39756230541085413 -0.29000739528287084
    outer loop
      vertex 20.565120016563775 -80.300916584196 -10.15
      vertex 27.02263481232438 -95.27978523946926 -9
      vertex 20.211843629335988 -80.36623281642153 -9
    endloop
  endfacet
  facet normal -0.8705400186077967 -0.3975623054108383 -0.29000739528287206
    outer loop
      vertex 20.528836597414077 -80.22146697855723 -10.15
      vertex 20.565120016563775 -80.300916584196 -10.15
      vertex 20.211843629335988 -80.36623281642153 -9
    endloop
  endfacet
  facet normal -0.4154150130018885 0.9096319953545174 3.0395751090379077e-15
    outer loop
      vertex 20.528836597414077 -80.22146697855723 -10.15
      vertex 20.211843629335988 -80.36623281642153 -9
      vertex 22.250164451553403 -79.43536288749664 -9
    endloop
  endfacet
  facet normal -0.4154150130018868 0.9096319953545182 1.3280689967450084e-17
    outer loop
      vertex 20.528836597414077 -80.22146697855723 -10.15
      vertex 22.250164451553403 -79.43536288749664 -9
      vertex 22.250164451553403 -79.43536288749664 -10.15
    endloop
  endfacet
  facet normal -0.8705400186077893 -0.39756230541085513 -0.29000739528287195
    outer loop
      vertex 24.760003606108576 -78.28915775141209 -25.5
      vertex 27.499162809201508 -96.32323600334347 -9
      vertex 27.02263481232438 -95.27978523946926 -9
    endloop
  endfacet
  facet normal 0.41541501300188627 -0.9096319953545184 -9.236796573844326e-16
    outer loop
      vertex 32.047322785974096 -94.24616093833403 -17.5
      vertex 50.23996269306446 -85.9378606782963 -17.5
      vertex 27.499162809201508 -96.32323600334347 -9
    endloop
  endfacet
  facet normal 0.4154150130018866 -0.9096319953545183 0
    outer loop
      vertex 27.499162809201508 -96.32323600334347 -9
      vertex 50.23996269306446 -85.9378606782963 -17.5
      vertex 27.499162809201508 -96.32323600334347 9
    endloop
  endfacet
  facet normal -0.9096319953545177 -0.41541501300188804 0
    outer loop
      vertex 27.499162809201508 -96.32323600334347 -9
      vertex 27.499162809201508 -96.32323600334347 9
      vertex 27.02263481232438 -95.27978523946926 -9
    endloop
  endfacet
  facet normal 0.41541501300188693 -0.909631995354518 4.687749499728435e-16
    outer loop
      vertex 50.23996269306446 -85.9378606782963 -17.5
      vertex 54.78812266983705 -83.86078561328686 -9
      vertex 27.499162809201508 -96.32323600334347 9
    endloop
  endfacet
  facet normal 0.8705400186077928 0.3975623054108484 -0.2900073952828703
    outer loop
      vertex 44.00873749803616 -72.29338074797853 -25.5
      vertex 47.218341708219675 -68.12416101518136 -10.15
      vertex 47.50080348997153 -67.90378242636493 -9
    endloop
  endfacet
  facet normal -0.4154150130018899 0.9096319953545169 0
    outer loop
      vertex 45.44512941287428 -68.84257732125226 -10.15
      vertex 45.44512941287428 -68.84257732125226 -9
      vertex 47.50080348997153 -67.90378242636493 -9
    endloop
  endfacet
  facet normal -0.41541501300188843 0.9096319953545173 -3.102989124880538e-15
    outer loop
      vertex 45.44512941287428 -68.84257732125226 -10.15
      vertex 47.50080348997153 -67.90378242636493 -9
      vertex 47.18381052189344 -68.04854826422923 -10.15
    endloop
  endfacet
  facet normal 0.8705400186077781 0.3975623054108794 -0.29000739528287206
    outer loop
      vertex 47.18381052189344 -68.04854826422923 -10.15
      vertex 47.50080348997153 -67.90378242636493 -9
      vertex 47.218341708219675 -68.12416101518136 -10.15
    endloop
  endfacet
  facet normal 0.41541501300188777 -0.9096319953545178 0
    outer loop
      vertex 50.23996269306446 -85.9378606782963 -25.5
      vertex 54.78812266983705 -83.86078561328686 -9
      vertex 50.23996269306446 -85.9378606782963 -17.5
    endloop
  endfacet
  facet normal 0.8705400186077908 0.39756230541085225 -0.29000739528287073
    outer loop
      vertex 50.23996269306446 -85.9378606782963 -25.5
      vertex 54.30760573660915 -82.80860029717324 -9
      vertex 54.78812266983705 -83.86078561328686 -9
    endloop
  endfacet
  facet normal 0.87054001860779 0.39756230541085447 -0.2900073952828709
    outer loop
      vertex 47.50080348997153 -67.90378242636493 -9
      vertex 54.30760573660915 -82.80860029717324 -9
      vertex 50.23996269306446 -85.9378606782963 -25.5
    endloop
  endfacet
  facet normal 0.9096319953545192 0.41541501300188444 -1.634720841278705e-19
    outer loop
      vertex 54.78812266983705 -83.86078561328686 -9
      vertex 54.30760573660915 -82.80860029717324 -9
      vertex 54.30760573660915 -82.80860029717324 9
    endloop
  endfacet
  facet normal -0.8705400186077967 -0.3975623054108384 0.29000739528287206
    outer loop
      vertex 20.211843629335988 -80.36623281642153 9
      vertex 20.565120016563775 -80.300916584196 10.15
      vertex 20.528836597414077 -80.22146697855723 10.15
    endloop
  endfacet
  facet normal -0.4154150130018885 0.9096319953545174 -9.636323563353902e-18
    outer loop
      vertex 20.211843629335988 -80.36623281642153 9
      vertex 22.250164451553403 -79.43536288749664 10.15
      vertex 22.250164451553403 -79.43536288749664 9
    endloop
  endfacet
  facet normal -0.4154150130018868 0.9096319953545182 -3.5938176622739075e-15
    outer loop
      vertex 20.211843629335988 -80.36623281642153 9
      vertex 20.528836597414077 -80.22146697855723 10.15
      vertex 22.250164451553403 -79.43536288749664 10.15
    endloop
  endfacet
  facet normal -0.9096319953545177 -0.41541501300188804 0
    outer loop
      vertex 27.02263481232438 -95.27978523946926 -9
      vertex 27.499162809201508 -96.32323600334347 9
      vertex 27.02263481232438 -95.27978523946926 9
    endloop
  endfacet
  facet normal 0.41541501300188705 -0.909631995354518 5.056372027375729e-16
    outer loop
      vertex 54.78812266983705 -83.86078561328686 -9
      vertex 32.047322785974096 -94.24616093833403 17.5
      vertex 27.499162809201508 -96.32323600334347 9
    endloop
  endfacet
  facet normal 0.4154150130018866 -0.9096319953545183 0
    outer loop
      vertex 54.78812266983705 -83.86078561328686 -9
      vertex 54.78812266983705 -83.86078561328686 9
      vertex 32.047322785974096 -94.24616093833403 17.5
    endloop
  endfacet
  facet normal 0.8705400186077897 0.3975623054108537 0.2900073952828726
    outer loop
      vertex 47.218341708219675 -68.12416101518134 10.15
      vertex 46.35709169772492 -68.72721476481297 13.561995884405341
      vertex 54.30760573660915 -82.80860029717324 9
    endloop
  endfacet
  facet normal -0.41541501300188655 0.9096319953545184 0
    outer loop
      vertex 45.4451294128743 -68.84257732125225 9
      vertex 45.4451294128743 -68.84257732125225 10.15
      vertex 47.18381052189344 -68.04854826422923 10.15
    endloop
  endfacet
  facet normal -0.41541501300188816 0.9096319953545176 3.1744833634459677e-15
    outer loop
      vertex 45.4451294128743 -68.84257732125225 9
      vertex 47.18381052189344 -68.04854826422923 10.15
      vertex 47.50080348997153 -67.90378242636493 9
    endloop
  endfacet
  facet normal -0.8705400186077914 -0.3975623054108511 0.29000739528287117
    outer loop
      vertex 20.211843629335988 -80.36623281642153 9
      vertex 25.816097590945795 -80.60168100801626 25.5
      vertex 20.565120016563775 -80.300916584196 10.15
    endloop
  endfacet
  facet normal -0.8705400186077901 -0.3975623054108542 0.2900073952828707
    outer loop
      vertex 20.565120016563775 -80.300916584196 10.15
      vertex 25.816097590945795 -80.60168100801626 25.5
      vertex 22.82090932584975 -79.69647966047806 17.75
    endloop
  endfacet
  facet normal -0.8705400186077868 -0.397562305410863 0.2900073952828683
    outer loop
      vertex 22.62374664732145 -79.26475361528017 17.75
      vertex 22.82090932584975 -79.69647966047806 17.75
      vertex 25.816097590945795 -80.60168100801626 25.5
    endloop
  endfacet
  facet normal -0.8705400186077901 -0.3975623054108537 0.2900073952828713
    outer loop
      vertex 22.62374664732145 -79.26475361528017 17.75
      vertex 25.816097590945795 -80.60168100801626 25.5
      vertex 24.760003606108576 -78.28915775141209 25.5
    endloop
  endfacet
  facet normal -0.8705400186077894 -0.3975623054108555 0.2900073952828707
    outer loop
      vertex 27.499162809201508 -96.32323600334347 9
      vertex 32.047322785974096 -94.24616093833403 25.5
      vertex 27.02263481232438 -95.27978523946926 9
    endloop
  endfacet
  facet normal 0.41541501300188777 -0.9096319953545178 -2.4322666430147913e-18
    outer loop
      vertex 27.499162809201508 -96.32323600334347 9
      vertex 32.047322785974096 -94.24616093833403 17.5
      vertex 32.047322785974096 -94.24616093833403 25.5
    endloop
  endfacet
  facet normal -0.8705400186077901 -0.3975623054108542 0.2900073952828708
    outer loop
      vertex 20.211843629335988 -80.36623281642153 9
      vertex 27.02263481232438 -95.27978523946926 9
      vertex 32.047322785974096 -94.24616093833403 25.5
    endloop
  endfacet
  facet normal 0.41541501300188627 -0.9096319953545184 -8.618652623082606e-16
    outer loop
      vertex 32.047322785974096 -94.24616093833403 17.5
      vertex 54.78812266983705 -83.86078561328686 9
      vertex 50.23996269306446 -85.9378606782963 17.5
    endloop
  endfacet
  facet normal -0.8705400186077901 -0.3975623054108544 0.2900073952828707
    outer loop
      vertex 20.211843629335988 -80.36623281642153 9
      vertex 32.047322785974096 -94.24616093833403 25.5
      vertex 25.816097590945795 -80.60168100801626 25.5
    endloop
  endfacet
  facet normal 0.8705400186077901 0.39756230541085485 0.29000739528286984
    outer loop
      vertex 46.35709169772492 -68.72721476481297 13.561995884405341
      vertex 45.28104789004888 -69.42600578413094 17.75
      vertex 54.30760573660915 -82.80860029717324 9
    endloop
  endfacet
  facet normal 0.87054001860779 0.39756230541085397 0.2900073952828711
    outer loop
      vertex 45.28104789004888 -69.42600578413094 17.75
      vertex 42.95264351319894 -69.98085749137437 25.5
      vertex 54.30760573660915 -82.80860029717324 9
    endloop
  endfacet
  facet normal 0 0 1
    outer loop
      vertex 25.816097590945795 -80.60168100801626 25.5
      vertex 28.45261413426841 -79.39762424691125 25.5
      vertex 24.760003606108576 -78.28915775141209 25.5
    endloop
  endfacet
  facet normal 0 0 1
    outer loop
      vertex 25.816097590945795 -80.60168100801626 25.5
      vertex 50.11948163407712 -85.99288253432303 25.5
      vertex 28.45261413426841 -79.39762424691125 25.5
    endloop
  endfacet
  facet normal -0.4154150130018867 0.9096319953545182 -4.533185127907312e-16
    outer loop
      vertex 22.62374664732145 -79.26475361528017 17.75
      vertex 42.95264351319894 -69.98085749137437 25.5
      vertex 45.08890047198607 -69.0052616275063 17.75
    endloop
  endfacet
  facet normal -0.4154150130018862 0.9096319953545184 -1.590808443060225e-15
    outer loop
      vertex 22.62374664732145 -79.26475361528017 17.75
      vertex 24.760003606108576 -78.28915775141209 25.5
      vertex 42.95264351319894 -69.98085749137437 25.5
    endloop
  endfacet
  facet normal 0 0 1
    outer loop
      vertex 24.760003606108576 -78.28915775141209 25.5
      vertex 28.45261413426841 -79.39762424691125 25.5
      vertex 42.95264351319894 -69.98085749137437 25.5
    endloop
  endfacet
  facet normal 0.8705400186077902 0.39756230541085374 0.2900073952828713
    outer loop
      vertex 42.95264351319894 -69.98085749137437 25.5
      vertex 44.00873749803616 -72.29338074797853 25.5
      vertex 54.78812266983705 -83.86078561328686 9
    endloop
  endfacet
  facet normal 0.8705400186077888 0.39756230541085663 0.290007395282871
    outer loop
      vertex 45.08890047198607 -69.0052616275063 17.75
      vertex 42.95264351319894 -69.98085749137437 25.5
      vertex 45.28104789004888 -69.42600578413094 17.75
    endloop
  endfacet
  facet normal 0 0 1
    outer loop
      vertex 28.45261413426841 -79.39762424691125 25.5
      vertex 44.00873749803616 -72.29338074797853 25.5
      vertex 42.95264351319894 -69.98085749137437 25.5
    endloop
  endfacet
  facet normal 0.9096319953545192 0.41541501300188444 0
    outer loop
      vertex 54.78812266983705 -83.86078561328686 -9
      vertex 54.30760573660915 -82.80860029717324 9
      vertex 54.78812266983705 -83.86078561328686 9
    endloop
  endfacet
  facet normal 0.8705400186077896 0.39756230541085436 0.2900073952828721
    outer loop
      vertex 47.50080348997153 -67.90378242636493 9
      vertex 47.18381052189344 -68.04854826422923 10.15
      vertex 54.30760573660915 -82.80860029717324 9
    endloop
  endfacet
  facet normal 0.8705400186080934 0.3975623054110981 0.2900073952816254
    outer loop
      vertex 47.18381052189344 -68.04854826422923 10.15
      vertex 47.218341708219675 -68.12416101518134 10.15
      vertex 54.30760573660915 -82.80860029717324 9
    endloop
  endfacet
  facet normal 0.41541501300188777 -0.9096319953545178 -2.4322666430147913e-18
    outer loop
      vertex 54.78812266983705 -83.86078561328686 9
      vertex 50.23996269306446 -85.9378606782963 25.5
      vertex 50.23996269306446 -85.9378606782963 17.5
    endloop
  endfacet
  facet normal 0.8705400186077904 0.39756230541085147 0.2900073952828734
    outer loop
      vertex 42.95264351319894 -69.98085749137437 25.5
      vertex 54.78812266983705 -83.86078561328686 9
      vertex 54.30760573660915 -82.80860029717324 9
    endloop
  endfacet
  facet normal 0.8705400186077901 0.3975623054108544 0.2900073952828708
    outer loop
      vertex 44.00873749803616 -72.29338074797853 25.5
      vertex 50.23996269306446 -85.9378606782963 25.5
      vertex 54.78812266983705 -83.86078561328686 9
    endloop
  endfacet
  facet normal -0.1423148382732847 -0.9898214418809328 0
    outer loop
      vertex -23.993397980270835 -96.611006633422 -25.5
      vertex -23.993397980270835 -96.611006633422 -17.5
      vertex -28.9425051896755 -95.89943244205557 -9
    endloop
  endfacet
  facet normal -0.9472832759115817 0.1361987733405369 -0.2900073952828709
    outer loop
      vertex -23.993397980270835 -96.611006633422 -25.5
      vertex -28.9425051896755 -95.89943244205557 -9
      vertex -21.858675406171557 -81.763685005208 -25.5
    endloop
  endfacet
  facet normal 0 0 -1
    outer loop
      vertex -23.86229580253827 -96.6298562808754 -25.5
      vertex -4.931187656577658 -84.19749031546542 -25.5
      vertex -2.0622465685529043 -84.6099817706737 -25.5
    endloop
  endfacet
  facet normal -0.9472832759115817 0.13619877334053687 -0.2900073952828709
    outer loop
      vertex -21.858675406171557 -81.763685005208 -25.5
      vertex -28.9425051896755 -95.89943244205557 -9
      vertex -21.496873738082073 -79.24729913056316 -25.5
    endloop
  endfacet
  facet normal -0.9472832759115817 0.13619877334053707 -0.2900073952828708
    outer loop
      vertex -21.496873738082073 -79.24729913056316 -25.5
      vertex -28.77776755610778 -94.75365703333162 -9
      vertex -23.887371893398797 -79.37154114663817 -17.75
    endloop
  endfacet
  facet normal -0.14231483827328475 -0.9898214418809328 0
    outer loop
      vertex -4.196969142652183 -99.45730339888769 -25.5
      vertex 0.7521380667524813 -100.16887759025411 -9
      vertex -4.196969142652183 -99.45730339888769 -17.5
    endloop
  endfacet
  facet normal 0.9472832759115817 -0.1361987733405369 -0.2900073952828708
    outer loop
      vertex -4.196969142652183 -99.45730339888769 -25.5
      vertex -2.0622465685529043 -84.6099817706737 -25.5
      vertex 3.2486623089412436 -82.80517008739528 -9
    endloop
  endfacet
  facet normal 0.14231483827328334 0.989821441880933 5.0560387262976764e-15
    outer loop
      vertex -21.496873738082073 -79.24729913056316 -25.5
      vertex -21.496873738082076 -79.24729913056316 -25.4
      vertex -20.468840134795162 -79.39510804821326 -25.4
    endloop
  endfacet
  facet normal 0.1423148382732838 0.9898214418809328 3.6977557623473367e-17
    outer loop
      vertex -21.496873738082073 -79.24729913056316 -25.5
      vertex -20.468840134795162 -79.39510804821326 -25.4
      vertex -20.468840134795162 -79.39510804821326 -25.5
    endloop
  endfacet
  facet normal 0.14231483827330205 0.9898214418809302 5.0560387262983414e-15
    outer loop
      vertex -21.496873738082073 -79.24729913056316 -25.5
      vertex -23.82145439704487 -78.91307488916378 -17.75
      vertex -21.496873738082076 -79.24729913056316 -25.4
    endloop
  endfacet
  facet normal 0 0 -1
    outer loop
      vertex -21.858675406171557 -81.763685005208 -25.5
      vertex -21.496873738082073 -79.24729913056316 -25.5
      vertex -4.931187656577658 -84.19749031546542 -25.5
    endloop
  endfacet
  facet normal 0 0 -1
    outer loop
      vertex -21.496873738082073 -79.24729913056316 -25.5
      vertex -20.468840134795162 -79.39510804821326 -25.5
      vertex -4.931187656577658 -84.19749031546542 -25.5
    endloop
  endfacet
  facet normal 0 0 -1
    outer loop
      vertex -20.468840134795162 -79.39510804821326 -25.5
      vertex -19.837595439172755 -79.56424955463172 -25.5
      vertex -4.931187656577658 -84.19749031546542 -25.5
    endloop
  endfacet
  facet normal 0 0 -1
    outer loop
      vertex -19.837595439172755 -79.56424955463172 -25.5
      vertex -17.048758647056268 -80.20810326017207 -25.5
      vertex -4.931187656577658 -84.19749031546542 -25.5
    endloop
  endfacet
  facet normal 0 0 -1
    outer loop
      vertex -17.048758647056268 -80.20810326017207 -25.5
      vertex -14.239150568688288 -80.75423574700106 -25.5
      vertex -4.931187656577658 -84.19749031546542 -25.5
    endloop
  endfacet
  facet normal 0 0 -1
    outer loop
      vertex -14.239150568688288 -80.75423574700106 -25.5
      vertex -11.412194278725366 -81.20198163680877 -25.5
      vertex -4.931187656577658 -84.19749031546542 -25.5
    endloop
  endfacet
  facet normal 0 0 -1
    outer loop
      vertex -8.571333987947584 -81.55079542019841 -25.5
      vertex -4.931187656577658 -84.19749031546542 -25.5
      vertex -11.412194278725366 -81.20198163680877 -25.5
    endloop
  endfacet
  facet normal 0 0 -1
    outer loop
      vertex -8.571333987947584 -81.55079542019841 -25.5
      vertex -5.720030847018275 -81.80025212130559 -25.5
      vertex -4.931187656577658 -84.19749031546542 -25.5
    endloop
  endfacet
  facet normal 0 0 -1
    outer loop
      vertex -4.931187656577658 -84.19749031546542 -25.5
      vertex -5.720030847018275 -81.80025212130559 -25.5
      vertex -2.8617587296050795 -81.95004781556585 -25.5
    endloop
  endfacet
  facet normal 0 0 -1
    outer loop
      vertex -4.931187656577658 -84.19749031546542 -25.5
      vertex -2.8617587296050795 -81.95004781556585 -25.5
      vertex -2.6763324951999348 -81.9532844425268 -25.5
    endloop
  endfacet
  facet normal 0 0 -1
    outer loop
      vertex -4.931187656577658 -84.19749031546542 -25.5
      vertex -1.7004449004634203 -82.09359589602886 -25.5
      vertex -2.0622465685529043 -84.6099817706737 -25.5
    endloop
  endfacet
  facet normal 0 0 -1
    outer loop
      vertex -4.931187656577658 -84.19749031546542 -25.5
      vertex -2.6763324951999348 -81.9532844425268 -25.5
      vertex -1.7004449004634203 -82.09359589602886 -25.5
    endloop
  endfacet
  facet normal 0.1423148382732761 0.9898214418809339 0
    outer loop
      vertex -2.6763324951999348 -81.9532844425268 -25.5
      vertex -2.6763324951999348 -81.9532844425268 -25.4
      vertex -1.7004449004634203 -82.09359589602886 -25.5
    endloop
  endfacet
  facet normal 0.14231483827327582 0.989821441880934 -2.7163541761841805e-15
    outer loop
      vertex -2.6763324951999348 -81.9532844425268 -25.4
      vertex -1.7004449004634183 -82.09359589602886 -25.4
      vertex -1.7004449004634203 -82.09359589602886 -25.5
    endloop
  endfacet
  facet normal 0.9472832759115817 -0.13619877334053687 -0.2900073952828707
    outer loop
      vertex -2.0622465685529043 -84.6099817706737 -25.5
      vertex -1.7004449004634203 -82.09359589602886 -25.5
      vertex 0.5576460450706692 -82.89026625207633 -17.75
    endloop
  endfacet
  facet normal 0.142314838273289 0.9898214418809321 -2.844021783542556e-15
    outer loop
      vertex -1.7004449004634203 -82.09359589602886 -25.5
      vertex -1.7004449004634183 -82.09359589602886 -25.4
      vertex 0.6241357584993766 -82.42782013742823 -17.75
    endloop
  endfacet
  facet normal -0.947283275911582 0.1361987733405341 -0.290007395282871
    outer loop
      vertex -21.496873738082073 -79.24729913056316 -25.5
      vertex -23.887371893398797 -79.37154114663817 -17.75
      vertex -23.82145439704487 -78.91307488916378 -17.75
    endloop
  endfacet
  facet normal 0.1423148382732856 0.9898214418809328 -6.609200949408925e-17
    outer loop
      vertex -21.496873738082076 -79.24729913056316 -25.4
      vertex -23.82145439704487 -78.91307488916378 -17.75
      vertex -21.496873738082073 -79.24729913056316 -17.75
    endloop
  endfacet
  facet normal 0.9472832759115819 -0.1361987733405354 -0.2900073952828706
    outer loop
      vertex -1.7004449004634203 -82.09359589602886 -25.5
      vertex 0.6241357584993766 -82.42782013742823 -17.75
      vertex 0.5576460450706692 -82.89026625207633 -17.75
    endloop
  endfacet
  facet normal 0.1423148382732798 0.9898214418809335 4.1307505933804104e-18
    outer loop
      vertex -1.7004449004634183 -82.09359589602886 -25.4
      vertex -1.7004449004634186 -82.09359589602886 -17.75
      vertex 0.6241357584993766 -82.42782013742823 -17.75
    endloop
  endfacet
  facet normal -0.9472832759115816 0.13619877334053618 -0.2900073952828719
    outer loop
      vertex -21.496873738082073 -79.24729913056316 -25.5
      vertex -28.9425051896755 -95.89943244205557 -9
      vertex -28.77776755610778 -94.75365703333162 -9
    endloop
  endfacet
  facet normal -0.9472832759115816 0.13619877334053693 -0.290007395282871
    outer loop
      vertex -23.887371893398797 -79.37154114663817 -17.75
      vertex -28.77776755610778 -94.75365703333162 -9
      vertex -25.61750883368314 -78.84258520086823 -11.850243761493145
    endloop
  endfacet
  facet normal -0.9898214418809329 0.14231483827328414 0
    outer loop
      vertex -28.9425051896755 -95.89943244205557 -9
      vertex -28.9425051896755 -95.89943244205557 9
      vertex -28.77776755610778 -94.75365703333162 -9
    endloop
  endfacet
  facet normal -0.9472832759115818 0.1361987733405371 -0.2900073952828704
    outer loop
      vertex -28.77776755610778 -94.75365703333162 -9
      vertex -26.113478505662382 -78.67180914745157 -10.15
      vertex -25.61750883368314 -78.84258520086823 -11.850243761493145
    endloop
  endfacet
  facet normal -0.9472832759114471 0.1361987733404843 -0.29000739528333525
    outer loop
      vertex -28.77776755610778 -94.75365703333162 -9
      vertex -26.10104317228581 -78.58531950404955 -10.15
      vertex -26.113478505662382 -78.67180914745157 -10.15
    endloop
  endfacet
  facet normal -0.9472832759115822 0.13619877334053704 -0.2900073952828691
    outer loop
      vertex -28.77776755610778 -94.75365703333162 -9
      vertex -26.44598094748674 -78.53572493919674 -9
      vertex -26.10104317228581 -78.58531950404955 -10.15
    endloop
  endfacet
  facet normal 0.142314838273285 0.9898214418809327 4.255189660526971e-16
    outer loop
      vertex -26.10104317228581 -78.58531950404955 -10.15
      vertex -26.44598094748674 -78.53572493919674 -9
      vertex -24.194442177426787 -78.8594473424195 -9
    endloop
  endfacet
  facet normal -0.1423148382732848 -0.9898214418809329 -4.721109650230247e-17
    outer loop
      vertex -23.993397980270835 -96.611006633422 -17.5
      vertex -4.196969142652183 -99.45730339888769 -17.5
      vertex -28.9425051896755 -95.89943244205557 -9
    endloop
  endfacet
  facet normal 0.9472832759115816 -0.13619877334053734 -0.2900073952828708
    outer loop
      vertex -4.196969142652183 -99.45730339888769 -25.5
      vertex 0.9164207750158831 -99.02626625652147 -9
      vertex 0.7521380667524813 -100.16887759025411 -9
    endloop
  endfacet
  facet normal -0.14231483827328475 -0.9898214418809328 -5.322079852373533e-18
    outer loop
      vertex -4.196969142652183 -99.45730339888769 -17.5
      vertex -28.9425051896755 -95.89943244205557 9
      vertex -28.9425051896755 -95.89943244205557 -9
    endloop
  endfacet
  facet normal -0.14231483827328478 -0.9898214418809328 7.111708997241068e-18
    outer loop
      vertex -4.196969142652183 -99.45730339888769 -17.5
      vertex 0.7521380667524813 -100.16887759025411 -9
      vertex -28.9425051896755 -95.89943244205557 9
    endloop
  endfacet
  facet normal 0.14231483827328528 0.9898214418809327 -1.4606611277731633e-17
    outer loop
      vertex -26.10104317228581 -78.58531950404955 -10.15
      vertex -24.194442177426787 -78.8594473424195 -9
      vertex -24.194442177426787 -78.8594473424195 -10.15
    endloop
  endfacet
  facet normal -0.9898214418809329 0.14231483827328414 0
    outer loop
      vertex -28.77776755610778 -94.75365703333162 -9
      vertex -28.9425051896755 -95.89943244205557 9
      vertex -28.77776755610778 -94.75365703333162 9
    endloop
  endfacet
  facet normal 0.142314838273285 0.9898214418809327 1.9699991770033823e-17
    outer loop
      vertex -26.44598094748674 -78.53572493919674 9
      vertex -24.194442177426787 -78.8594473424195 10.15
      vertex -24.194442177426787 -78.8594473424195 9
    endloop
  endfacet
  facet normal -0.9472832759115809 0.13619877334054048 0.2900073952828718
    outer loop
      vertex -26.44598094748674 -78.53572493919674 9
      vertex -26.113478505662382 -78.67180914745157 10.15
      vertex -26.101043172285806 -78.58531950404955 10.15
    endloop
  endfacet
  facet normal 0.14231483827328553 0.9898214418809327 -1.0184935384636252e-15
    outer loop
      vertex -26.44598094748674 -78.53572493919674 9
      vertex -26.101043172285806 -78.58531950404955 10.15
      vertex -24.194442177426787 -78.8594473424195 10.15
    endloop
  endfacet
  facet normal -0.14231483827328475 -0.9898214418809328 3.380579230786319e-17
    outer loop
      vertex -28.9425051896755 -95.89943244205557 9
      vertex 0.7521380667524813 -100.16887759025411 -9
      vertex -23.993397980270835 -96.611006633422 17.5
    endloop
  endfacet
  facet normal -0.14231483827328478 -0.9898214418809328 -8.812652962279111e-18
    outer loop
      vertex -23.993397980270835 -96.611006633422 17.5
      vertex 0.7521380667524813 -100.16887759025411 -9
      vertex 0.7521380667524813 -100.16887759025411 9
    endloop
  endfacet
  facet normal -0.9472832759115819 0.13619877334053587 0.2900073952828709
    outer loop
      vertex -28.9425051896755 -95.89943244205557 9
      vertex -23.993397980270835 -96.611006633422 25.5
      vertex -28.77776755610778 -94.75365703333162 9
    endloop
  endfacet
  facet normal -0.1423148382732847 -0.9898214418809328 2.7614269746544986e-18
    outer loop
      vertex -28.9425051896755 -95.89943244205557 9
      vertex -23.993397980270835 -96.611006633422 17.5
      vertex -23.993397980270835 -96.611006633422 25.5
    endloop
  endfacet
  facet normal -0.9472832759115817 0.13619877334053698 0.29000739528287095
    outer loop
      vertex -28.77776755610778 -94.75365703333162 9
      vertex -23.993397980270835 -96.611006633422 25.5
      vertex -26.44598094748674 -78.53572493919674 9
    endloop
  endfacet
  facet normal -0.1423148382732848 -0.9898214418809329 3.1493869192357205e-17
    outer loop
      vertex -23.993397980270835 -96.611006633422 17.5
      vertex 0.7521380667524813 -100.16887759025411 9
      vertex -4.196969142652183 -99.45730339888769 17.5
    endloop
  endfacet
  facet normal -0.14231483827328475 -0.9898214418809328 0
    outer loop
      vertex -4.196969142652183 -99.45730339888769 17.5
      vertex 0.7521380667524813 -100.16887759025411 9
      vertex -4.196969142652183 -99.45730339888769 25.5
    endloop
  endfacet
  facet normal 0.9472832759115818 -0.1361987733405367 0.2900073952828706
    outer loop
      vertex -1.7004449004634203 -82.09359589602886 25.5
      vertex 0.9164207750158831 -99.02626625652147 9
      vertex 0.5576460450706692 -82.89026625207633 17.75
    endloop
  endfacet
  facet normal -0.9472832759115817 0.1361987733405369 0.2900073952828709
    outer loop
      vertex -26.44598094748674 -78.53572493919674 9
      vertex -23.993397980270835 -96.611006633422 25.5
      vertex -21.858675406171557 -81.763685005208 25.5
    endloop
  endfacet
  facet normal 0 0 1
    outer loop
      vertex -21.858675406171557 -81.763685005208 25.5
      vertex -4.328071320384749 -99.43845375143428 25.5
      vertex -18.9897343181468 -82.17617646041629 25.5
    endloop
  endfacet
  facet normal 0.9472832759115817 -0.1361987733405369 0.2900073952828708
    outer loop
      vertex -4.196969142652183 -99.45730339888769 25.5
      vertex 0.7521380667524813 -100.16887759025411 9
      vertex -2.0622465685529043 -84.6099817706737 25.5
    endloop
  endfacet
  facet normal 0.9472832759115817 -0.13619877334053687 0.29000739528287073
    outer loop
      vertex -2.0622465685529043 -84.6099817706737 25.5
      vertex 0.7521380667524813 -100.16887759025411 9
      vertex -1.7004449004634203 -82.09359589602886 25.5
    endloop
  endfacet
  facet normal -0.94728327591158 0.1361987733405456 0.29000739528287206
    outer loop
      vertex -26.44598094748674 -78.53572493919674 9
      vertex -21.858675406171557 -81.763685005208 25.5
      vertex -26.113478505662382 -78.67180914745157 10.15
    endloop
  endfacet
  facet normal -0.9472832759115821 0.13619877334053432 0.29000739528287045
    outer loop
      vertex -26.113478505662382 -78.67180914745157 10.15
      vertex -21.858675406171557 -81.763685005208 25.5
      vertex -25.61750883368314 -78.84258520086823 11.850243761493143
    endloop
  endfacet
  facet normal -0.9472832759115816 0.13619877334053726 0.2900073952828709
    outer loop
      vertex -25.61750883368314 -78.84258520086823 11.850243761493143
      vertex -21.858675406171557 -81.763685005208 25.5
      vertex -23.887371893398797 -79.37154114663817 17.75
    endloop
  endfacet
  facet normal -0.947283275911582 0.13619877334053387 0.290007395282871
    outer loop
      vertex -23.887371893398797 -79.37154114663817 17.75
      vertex -21.496873738082073 -79.24729913056316 25.5
      vertex -23.82145439704487 -78.91307488916378 17.75
    endloop
  endfacet
  facet normal 0 0 1
    outer loop
      vertex -21.858675406171557 -81.763685005208 25.5
      vertex -18.9897343181468 -82.17617646041629 25.5
      vertex -21.496873738082073 -79.24729913056316 25.5
    endloop
  endfacet
  facet normal -0.9472832759115817 0.13619877334053684 0.2900073952828708
    outer loop
      vertex -23.887371893398797 -79.37154114663817 17.75
      vertex -21.858675406171557 -81.763685005208 25.5
      vertex -21.496873738082073 -79.24729913056316 25.5
    endloop
  endfacet
  facet normal 0 0 1
    outer loop
      vertex -18.9897343181468 -82.17617646041629 25.5
      vertex -1.7004449004634203 -82.09359589602886 25.5
      vertex -21.496873738082073 -79.24729913056316 25.5
    endloop
  endfacet
  facet normal 0.1423148382732848 0.9898214418809329 2.3771229291879245e-16
    outer loop
      vertex -23.82145439704487 -78.91307488916378 17.75
      vertex -21.496873738082073 -79.24729913056316 25.5
      vertex -1.7004449004634203 -82.09359589602886 25.5
    endloop
  endfacet
  facet normal 0.14231483827328492 0.9898214418809328 -1.888421084444201e-16
    outer loop
      vertex -23.82145439704487 -78.91307488916378 17.75
      vertex -1.7004449004634203 -82.09359589602886 25.5
      vertex 0.6241357584993765 -82.42782013742824 17.75
    endloop
  endfacet
  facet normal 0.9472832759115812 -0.13619877334054004 0.29000739528287084
    outer loop
      vertex -1.7004449004634203 -82.09359589602886 25.5
      vertex 0.5576460450706692 -82.89026625207633 17.75
      vertex 0.6241357584993765 -82.42782013742824 17.75
    endloop
  endfacet
  facet normal 0 0 1
    outer loop
      vertex -18.9897343181468 -82.17617646041629 25.5
      vertex -2.0622465685529043 -84.6099817706737 25.5
      vertex -1.7004449004634203 -82.09359589602886 25.5
    endloop
  endfacet
  facet normal 0.9472832759115818 -0.13619877334053562 -0.2900073952828709
    outer loop
      vertex -2.0622465685529043 -84.6099817706737 -25.5
      vertex 0.5576460450706692 -82.89026625207633 -17.75
      vertex 2.8902128788443444 -82.8495511465434 -10.15
    endloop
  endfacet
  facet normal 0.9472832759115818 -0.13619877334053684 -0.29000739528287084
    outer loop
      vertex -4.196969142652183 -99.45730339888769 -25.5
      vertex 3.2486623089412436 -82.80517008739528 -9
      vertex 0.9164207750158831 -99.02626625652147 -9
    endloop
  endfacet
  facet normal 0.9898214418809327 -0.14231483827328595 7.299032421260963e-20
    outer loop
      vertex 0.7521380667524813 -100.16887759025411 -9
      vertex 0.9164207750158831 -99.02626625652147 -9
      vertex 0.9164207750158831 -99.02626625652147 9
    endloop
  endfacet
  facet normal 0.947283275911582 -0.13619877334053315 -0.2900073952828714
    outer loop
      vertex -2.0622465685529043 -84.6099817706737 -25.5
      vertex 2.8902128788443444 -82.8495511465434 -10.15
      vertex 3.2486623089412436 -82.80517008739528 -9
    endloop
  endfacet
  facet normal 0.9472832759115807 -0.136198773340544 -0.29000739528287073
    outer loop
      vertex 2.8902128788443444 -82.8495511465434 -10.15
      vertex 2.9037245337403124 -82.75557552254247 -10.15
      vertex 3.2486623089412436 -82.80517008739528 -9
    endloop
  endfacet
  facet normal 0.14231483827328525 0.9898214418809326 -7.532594564266793e-16
    outer loop
      vertex 1.0042403025740838 -82.48247092031504 -10.15
      vertex 3.2486623089412436 -82.80517008739528 -9
      vertex 2.9037245337403124 -82.75557552254247 -10.15
    endloop
  endfacet
  facet normal 0.1423148382732849 0.9898214418809328 0
    outer loop
      vertex 1.0042403025740838 -82.48247092031504 -10.15
      vertex 1.0042403025740838 -82.48247092031504 -9
      vertex 3.2486623089412436 -82.80517008739528 -9
    endloop
  endfacet
  facet normal 0.9898214418809327 -0.14231483827328595 0
    outer loop
      vertex 0.7521380667524813 -100.16887759025411 -9
      vertex 0.9164207750158831 -99.02626625652147 9
      vertex 0.7521380667524813 -100.16887759025411 9
    endloop
  endfacet
  facet normal 0.9472832759115816 -0.13619877334053682 0.29000739528287117
    outer loop
      vertex 0.9164207750158831 -99.02626625652147 9
      vertex 3.2486623089412436 -82.80517008739528 9
      vertex 2.8902128788443444 -82.8495511465434 10.15
    endloop
  endfacet
  facet normal 0.1423148382732849 0.9898214418809328 6.585297310061031e-16
    outer loop
      vertex 1.0042403025740838 -82.48247092031504 9
      vertex 2.9037245337403124 -82.75557552254247 10.15
      vertex 3.2486623089412436 -82.80517008739528 9
    endloop
  endfacet
  facet normal 0.14231483827328525 0.9898214418809326 0
    outer loop
      vertex 1.0042403025740838 -82.48247092031504 9
      vertex 1.0042403025740838 -82.48247092031504 10.15
      vertex 2.9037245337403124 -82.75557552254247 10.15
    endloop
  endfacet
  facet normal 0.9472832759115806 -0.13619877334054417 0.2900073952828707
    outer loop
      vertex 3.2486623089412436 -82.80517008739528 9
      vertex 2.9037245337403124 -82.75557552254247 10.15
      vertex 2.8902128788443444 -82.8495511465434 10.15
    endloop
  endfacet
  facet normal 0.9472832759115816 -0.13619877334053737 0.2900073952828712
    outer loop
      vertex -1.7004449004634203 -82.09359589602886 25.5
      vertex 0.7521380667524813 -100.16887759025411 9
      vertex 0.9164207750158831 -99.02626625652147 9
    endloop
  endfacet
  facet normal 0.9472832759115817 -0.13619877334053682 0.29000739528287084
    outer loop
      vertex 0.9164207750158831 -99.02626625652147 9
      vertex 2.8902128788443444 -82.8495511465434 10.15
      vertex 0.5576460450706692 -82.89026625207633 17.75
    endloop
  endfacet
  facet normal 0 0 -1
    outer loop
      vertex -72.31628513565737 -68.38927686420419 -25.5
      vertex -49.66897902901245 -68.16543485772537 -25.5
      vertex -47.478481920764345 -70.06351140674366 -25.5
    endloop
  endfacet
  facet normal -0.6548607339452843 -0.7557495743542588 0
    outer loop
      vertex -57.301392929943624 -81.39975502205755 -25.5
      vertex -53.52264505817233 -84.67405869178397 -9
      vertex -57.301392929943624 -81.39975502205755 -17.5
    endloop
  endfacet
  facet normal -0.6548607339452854 -0.755749574354258 -1.765573249883276e-16
    outer loop
      vertex -57.301392929943624 -81.39975502205755 -17.5
      vertex -76.19513228880008 -65.02823667342541 -9
      vertex -72.4163844170288 -68.30254034315183 -17.5
    endloop
  endfacet
  facet normal 0.7232707862972317 -0.6267177038908578 -0.29000739528287084
    outer loop
      vertex -57.301392929943624 -81.39975502205755 -25.5
      vertex -52.770927737730894 -83.80653065794434 -9
      vertex -53.52264505817233 -84.67405869178397 -9
    endloop
  endfacet
  facet normal 0.7232707862972354 -0.6267177038908535 -0.29000739528287117
    outer loop
      vertex -57.301392929943624 -81.39975502205755 -25.5
      vertex -42.03490620122685 -71.41650131905133 -9
      vertex -52.770927737730894 -83.80653065794434 -9
    endloop
  endfacet
  facet normal -0.6548607339452849 -0.7557495743542584 4.495142434411497e-16
    outer loop
      vertex -57.301392929943624 -81.39975502205755 -17.5
      vertex -53.52264505817233 -84.67405869178397 -9
      vertex -76.19513228880008 -65.02823667342541 9
    endloop
  endfacet
  facet normal -0.6548607339452853 -0.755749574354258 -6.1029378636270616e-18
    outer loop
      vertex -57.301392929943624 -81.39975502205755 -17.5
      vertex -76.19513228880008 -65.02823667342541 9
      vertex -76.19513228880008 -65.02823667342541 -9
    endloop
  endfacet
  facet normal 0.7557495743542545 -0.6548607339452894 5.82717397680749e-19
    outer loop
      vertex -53.52264505817233 -84.67405869178397 -9
      vertex -52.770927737730894 -83.80653065794434 -9
      vertex -52.770927737730894 -83.80653065794434 9
    endloop
  endfacet
  facet normal 0 0 -1
    outer loop
      vertex -49.66897902901245 -68.16543485772537 -25.5
      vertex -60.120464784273864 -55.74527559904457 -25.5
      vertex -58.9858636277694 -56.96198637763777 -25.5
    endloop
  endfacet
  facet normal 0 0 -1
    outer loop
      vertex -49.66897902901245 -68.16543485772537 -25.5
      vertex -52.70858399429622 -62.8156443357562 -25.5
      vertex -50.48424097670398 -64.6168817957512 -25.5
    endloop
  endfacet
  facet normal 0 0 -1
    outer loop
      vertex -49.66897902901245 -68.16543485772537 -25.5
      vertex -56.96198637763777 -58.9858636277694 -25.5
      vertex -54.86870972142638 -60.93787568914633 -25.5
    endloop
  endfacet
  facet normal 0 0 -1
    outer loop
      vertex -49.66897902901245 -68.16543485772537 -25.5
      vertex -58.9858636277694 -56.96198637763777 -25.5
      vertex -56.96198637763777 -58.9858636277694 -25.5
    endloop
  endfacet
  facet normal 0 0 -1
    outer loop
      vertex -49.66897902901245 -68.16543485772537 -25.5
      vertex -54.86870972142638 -60.93787568914633 -25.5
      vertex -52.70858399429622 -62.8156443357562 -25.5
    endloop
  endfacet
  facet normal 0 0 -1
    outer loop
      vertex -62.59347340784951 -56.966296727837964 -25.5
      vertex -60.92864556008331 -55.044982970419206 -25.5
      vertex -49.66897902901245 -68.16543485772537 -25.5
    endloop
  endfacet
  facet normal 0 0 -1
    outer loop
      vertex -49.66897902901245 -68.16543485772537 -25.5
      vertex -60.92864556008331 -55.044982970419206 -25.5
      vertex -60.120464784273864 -55.74527559904457 -25.5
    endloop
  endfacet
  facet normal 0.6548607339452838 0.7557495743542595 0
    outer loop
      vertex -60.92864556008331 -55.044982970419206 -25.5
      vertex -60.92864556008331 -55.044982970419206 -25.4
      vertex -60.120464784273864 -55.74527559904457 -25.5
    endloop
  endfacet
  facet normal 0.6548607339452838 0.7557495743542595 4.820212703938808e-16
    outer loop
      vertex -60.92864556008331 -55.044982970419206 -25.4
      vertex -60.120464784273864 -55.74527559904457 -25.4
      vertex -60.120464784273864 -55.74527559904457 -25.5
    endloop
  endfacet
  facet normal 0.6548607339452864 0.755749574354257 0
    outer loop
      vertex -60.92864556008331 -55.044982970419206 -25.5
      vertex -62.703511984703155 -53.507052458881034 -17.75
      vertex -60.92864556008331 -55.044982970419206 -25.4
    endloop
  endfacet
  facet normal -0.7232707862972347 0.6267177038908543 -0.29000739528287045
    outer loop
      vertex -72.4163844170288 -68.30254034315183 -25.5
      vertex -76.19513228880008 -65.02823667342541 -9
      vertex -62.59347340784951 -56.966296727837964 -25.5
    endloop
  endfacet
  facet normal -0.654860733945285 -0.7557495743542583 0
    outer loop
      vertex -72.4163844170288 -68.30254034315183 -25.5
      vertex -72.4163844170288 -68.30254034315183 -17.5
      vertex -76.19513228880008 -65.02823667342541 -9
    endloop
  endfacet
  facet normal -0.7232707862972354 0.6267177038908531 -0.2900073952828716
    outer loop
      vertex -62.59347340784951 -56.966296727837964 -25.5
      vertex -76.19513228880008 -65.02823667342541 -9
      vertex -60.92864556008331 -55.044982970419206 -25.5
    endloop
  endfacet
  facet normal -0.7232707862972336 0.6267177038908559 -0.29000739528287045
    outer loop
      vertex -60.92864556008331 -55.044982970419206 -25.5
      vertex -63.008205081706286 -53.85868703770438 -17.75
      vertex -62.703511984703155 -53.507052458881034 -17.75
    endloop
  endfacet
  facet normal -0.7232707862972347 0.6267177038908545 -0.2900073952828706
    outer loop
      vertex -60.92864556008331 -55.044982970419206 -25.5
      vertex -68.53777033088436 -56.19116988900157 -9
      vertex -63.008205081706286 -53.85868703770438 -17.75
    endloop
  endfacet
  facet normal 0.6548607339452864 0.7557495743542572 0
    outer loop
      vertex -60.92864556008331 -55.044982970419206 -25.4
      vertex -62.703511984703155 -53.507052458881034 -17.75
      vertex -60.92864556008331 -55.044982970419206 -17.75
    endloop
  endfacet
  facet normal -0.7557495743542553 0.6548607339452887 0
    outer loop
      vertex -76.19513228880008 -65.02823667342541 -9
      vertex -76.19513228880008 -65.02823667342541 9
      vertex -75.44083372888011 -64.15772973042831 -9
    endloop
  endfacet
  facet normal -0.7232707862972337 0.6267177038908577 -0.29000739528286634
    outer loop
      vertex -60.92864556008331 -55.044982970419206 -25.5
      vertex -76.19513228880008 -65.02823667342541 -9
      vertex -75.44083372888011 -64.15772973042831 -9
    endloop
  endfacet
  facet normal -0.7232707862972352 0.6267177038908537 -0.29000739528287084
    outer loop
      vertex -60.92864556008331 -55.044982970419206 -25.5
      vertex -75.44083372888011 -64.15772973042831 -9
      vertex -68.53777033088436 -56.19116988900157 -9
    endloop
  endfacet
  facet normal -0.7232707862972345 0.6267177038908545 -0.2900073952828704
    outer loop
      vertex -63.008205081706286 -53.85868703770438 -17.75
      vertex -68.53777033088436 -56.19116988900157 -9
      vertex -63.50508433456328 -53.28709284301411 -15.275558103570631
    endloop
  endfacet
  facet normal -0.7232707862972348 0.6267177038908543 -0.29000739528287073
    outer loop
      vertex -63.50508433456328 -53.28709284301411 -15.275558103570631
      vertex -68.53777033088436 -56.19116988900157 -9
      vertex -64.49790231317245 -52.06106474427276 -10.15
    endloop
  endfacet
  facet normal -0.72327078629725 0.6267177038908992 -0.29000739528273584
    outer loop
      vertex -68.53777033088436 -56.19116988900157 -9
      vertex -64.44402615594326 -51.99888834434038 -10.15
      vertex -64.49790231317245 -52.06106474427276 -10.15
    endloop
  endfacet
  facet normal -0.7232707862972344 0.6267177038908535 -0.2900073952828738
    outer loop
      vertex -68.53777033088436 -56.19116988900157 -9
      vertex -64.7073934318546 -51.77067930069278 -9
      vertex -64.44402615594326 -51.99888834434038 -10.15
    endloop
  endfacet
  facet normal 0.6548607339452861 0.7557495743542574 -2.6375383461891387e-17
    outer loop
      vertex -63.02949797986478 -53.22458398613353 -9
      vertex -64.44402615594326 -51.99888834434038 -10.15
      vertex -64.7073934318546 -51.77067930069278 -9
    endloop
  endfacet
  facet normal 0.6548607339452861 0.7557495743542573 0
    outer loop
      vertex -63.02949797986478 -53.22458398613353 -10.15
      vertex -64.44402615594326 -51.99888834434038 -10.15
      vertex -63.02949797986478 -53.22458398613353 -9
    endloop
  endfacet
  facet normal 0 0 -1
    outer loop
      vertex -49.66897902901245 -68.16543485772537 -25.5
      vertex -45.81365407299815 -68.14219764932491 -25.5
      vertex -47.478481920764345 -70.06351140674366 -25.5
    endloop
  endfacet
  facet normal 0.7232707862972332 -0.6267177038908558 -0.29000739528287167
    outer loop
      vertex -47.478481920764345 -70.06351140674366 -25.5
      vertex -45.81365407299815 -68.14219764932491 -25.5
      vertex -44.038787648378296 -69.68012816086309 -17.75
    endloop
  endfacet
  facet normal 0.6548607339451706 0.7557495743543574 4.65306537439262e-14
    outer loop
      vertex -45.81365407299815 -68.14219764932491 -25.5
      vertex -45.813654072998155 -68.14219764932491 -25.4
      vertex -44.038787648378296 -69.68012816086309 -17.75
    endloop
  endfacet
  facet normal 0.7232707862972354 -0.6267177038908534 -0.2900073952828712
    outer loop
      vertex -57.301392929943624 -81.39975502205755 -25.5
      vertex -47.478481920764345 -70.06351140674366 -25.5
      vertex -42.03490620122685 -71.41650131905133 -9
    endloop
  endfacet
  facet normal 0.7232707862972266 -0.626717703890865 -0.29000739528286823
    outer loop
      vertex -47.478481920764345 -70.06351140674366 -25.5
      vertex -44.038787648378296 -69.68012816086309 -17.75
      vertex -44.34520312992376 -70.0337504774103 -17.75
    endloop
  endfacet
  facet normal 0.6548607339452851 0.7557495743542582 0
    outer loop
      vertex -45.813654072998155 -68.14219764932491 -25.4
      vertex -45.813654072998155 -68.14219764932491 -17.75
      vertex -44.038787648378296 -69.68012816086309 -17.75
    endloop
  endfacet
  facet normal 0.7232707862972297 -0.6267177038908608 -0.2900073952828695
    outer loop
      vertex -47.478481920764345 -70.06351140674366 -25.5
      vertex -44.34520312992376 -70.0337504774103 -17.75
      vertex -43.930307004932686 -70.30318717136771 -16.13299643263406
    endloop
  endfacet
  facet normal 0.7232707862972313 -0.6267177038908583 -0.29000739528287006
    outer loop
      vertex -47.478481920764345 -70.06351140674366 -25.5
      vertex -43.930307004932686 -70.30318717136771 -16.13299643263406
      vertex -42.352702998308985 -71.25110729136799 -10.15
    endloop
  endfacet
  facet normal 0.723270786297249 -0.6267177038908363 -0.29000739528287445
    outer loop
      vertex -47.478481920764345 -70.06351140674366 -25.5
      vertex -42.352702998308985 -71.25110729136799 -10.15
      vertex -42.03490620122685 -71.41650131905133 -9
    endloop
  endfacet
  facet normal 0.7232707862972091 -0.6267177038908841 -0.29000739528287034
    outer loop
      vertex -42.352702998308985 -71.25110729136799 -10.15
      vertex -42.29827347713819 -71.18829227540374 -10.15
      vertex -42.03490620122685 -71.41650131905133 -9
    endloop
  endfacet
  facet normal 0.6548607339452883 0.7557495743542556 -5.367698821837698e-15
    outer loop
      vertex -43.69511389378549 -69.97792316440334 -10.15
      vertex -42.03490620122685 -71.41650131905133 -9
      vertex -42.29827347713819 -71.18829227540374 -10.15
    endloop
  endfacet
  facet normal 0.6548607339452861 0.7557495743542574 0
    outer loop
      vertex -43.69511389378549 -69.97792316440334 -10.15
      vertex -43.69511389378549 -69.97792316440334 -9
      vertex -42.03490620122685 -71.41650131905133 -9
    endloop
  endfacet
  facet normal 0 0 -1
    outer loop
      vertex -49.66897902901245 -68.16543485772537 -25.5
      vertex -48.198390687982794 -66.3393935387457 -25.5
      vertex -46.61338732591772 -67.4492248409514 -25.5
    endloop
  endfacet
  facet normal 0 0 -1
    outer loop
      vertex -49.66897902901245 -68.16543485772537 -25.5
      vertex -50.48424097670398 -64.6168817957512 -25.5
      vertex -48.198390687982794 -66.3393935387457 -25.5
    endloop
  endfacet
  facet normal 0 0 -1
    outer loop
      vertex -49.66897902901245 -68.16543485772537 -25.5
      vertex -46.61338732591772 -67.4492248409514 -25.5
      vertex -45.81365407299815 -68.14219764932491 -25.5
    endloop
  endfacet
  facet normal 0.654860733945281 0.7557495743542618 4.703326666123861e-14
    outer loop
      vertex -46.61338732591772 -67.4492248409514 -25.5
      vertex -45.813654072998155 -68.14219764932491 -25.4
      vertex -45.81365407299815 -68.14219764932491 -25.5
    endloop
  endfacet
  facet normal 0.6548607339452843 0.7557495743542589 0
    outer loop
      vertex -46.61338732591772 -67.4492248409514 -25.5
      vertex -46.61338732591772 -67.4492248409514 -25.4
      vertex -45.813654072998155 -68.14219764932491 -25.4
    endloop
  endfacet
  facet normal 0.7557495743542545 -0.6548607339452894 0
    outer loop
      vertex -53.52264505817233 -84.67405869178397 -9
      vertex -52.770927737730894 -83.80653065794434 9
      vertex -53.52264505817233 -84.67405869178397 9
    endloop
  endfacet
  facet normal -0.654860733945285 -0.7557495743542582 -4.008760404167095e-18
    outer loop
      vertex -53.52264505817233 -84.67405869178397 -9
      vertex -72.4163844170288 -68.30254034315183 17.5
      vertex -76.19513228880008 -65.02823667342541 9
    endloop
  endfacet
  facet normal -0.6548607339452851 -0.7557495743542582 0
    outer loop
      vertex -53.52264505817233 -84.67405869178397 -9
      vertex -53.52264505817233 -84.67405869178397 9
      vertex -72.4163844170288 -68.30254034315183 17.5
    endloop
  endfacet
  facet normal -0.6548607339452854 -0.7557495743542579 -7.868595994964329e-16
    outer loop
      vertex -53.52264505817233 -84.67405869178397 9
      vertex -57.301392929943624 -81.39975502205755 17.5
      vertex -72.4163844170288 -68.30254034315183 17.5
    endloop
  endfacet
  facet normal 0.7232707862972304 -0.6267177038908569 0.29000739528287617
    outer loop
      vertex -53.52264505817233 -84.67405869178397 9
      vertex -52.770927737730894 -83.80653065794434 9
      vertex -45.81365407299815 -68.14219764932491 25.5
    endloop
  endfacet
  facet normal -0.6548607339452843 -0.7557495743542589 1.9152041888259226e-17
    outer loop
      vertex -53.52264505817233 -84.67405869178397 9
      vertex -57.301392929943624 -81.39975502205755 25.5
      vertex -57.301392929943624 -81.39975502205755 17.5
    endloop
  endfacet
  facet normal 0.7232707862972354 -0.6267177038908534 0.29000739528287073
    outer loop
      vertex -53.52264505817233 -84.67405869178397 9
      vertex -47.478481920764345 -70.06351140674366 25.5
      vertex -57.301392929943624 -81.39975502205755 25.5
    endloop
  endfacet
  facet normal -0.7557495743542553 0.6548607339452887 0
    outer loop
      vertex -75.44083372888011 -64.15772973042831 -9
      vertex -76.19513228880008 -65.02823667342541 9
      vertex -75.44083372888011 -64.15772973042831 9
    endloop
  endfacet
  facet normal 0.6548607339452861 0.7557495743542573 9.238349593882317e-17
    outer loop
      vertex -64.7073934318546 -51.77067930069278 9
      vertex -64.44402615594326 -51.99888834434038 10.15
      vertex -63.02949797986478 -53.22458398613353 10.15
    endloop
  endfacet
  facet normal 0.6548607339452861 0.7557495743542574 0
    outer loop
      vertex -63.02949797986478 -53.22458398613353 9
      vertex -64.7073934318546 -51.77067930069278 9
      vertex -63.02949797986478 -53.22458398613353 10.15
    endloop
  endfacet
  facet normal -0.7232707862972524 0.6267177038908324 0.29000739528287384
    outer loop
      vertex -64.7073934318546 -51.77067930069278 9
      vertex -64.49790231317245 -52.06106474427277 10.15
      vertex -64.44402615594326 -51.99888834434038 10.15
    endloop
  endfacet
  facet normal -0.7232707862972324 0.6267177038908573 0.2900073952828705
    outer loop
      vertex -76.19513228880008 -65.02823667342541 9
      vertex -72.4163844170288 -68.30254034315183 25.5
      vertex -75.44083372888011 -64.15772973042831 9
    endloop
  endfacet
  facet normal -0.7232707862972354 0.6267177038908539 0.2900073952828702
    outer loop
      vertex -75.44083372888011 -64.15772973042831 9
      vertex -72.4163844170288 -68.30254034315183 25.5
      vertex -64.7073934318546 -51.77067930069278 9
    endloop
  endfacet
  facet normal -0.654860733945285 -0.7557495743542583 -2.0939680102641672e-17
    outer loop
      vertex -76.19513228880008 -65.02823667342541 9
      vertex -72.4163844170288 -68.30254034315183 17.5
      vertex -72.4163844170288 -68.30254034315183 25.5
    endloop
  endfacet
  facet normal -0.7232707862971908 0.6267177038909008 0.29000739528287994
    outer loop
      vertex -64.7073934318546 -51.77067930069278 9
      vertex -62.59347340784951 -56.966296727837964 25.5
      vertex -64.49790231317245 -52.06106474427277 10.15
    endloop
  endfacet
  facet normal -0.7232707862972397 0.6267177038908492 0.2900073952828695
    outer loop
      vertex -64.49790231317245 -52.06106474427277 10.15
      vertex -62.59347340784951 -56.966296727837964 25.5
      vertex -63.50508433456328 -53.28709284301411 15.275558103570633
    endloop
  endfacet
  facet normal -0.7232707862972345 0.6267177038908542 0.2900073952828709
    outer loop
      vertex -64.7073934318546 -51.77067930069278 9
      vertex -72.4163844170288 -68.30254034315183 25.5
      vertex -62.59347340784951 -56.966296727837964 25.5
    endloop
  endfacet
  facet normal -0.7232707862972361 0.6267177038908529 0.29000739528287056
    outer loop
      vertex -63.50508433456328 -53.28709284301411 15.275558103570633
      vertex -62.59347340784951 -56.966296727837964 25.5
      vertex -63.008205081706286 -53.85868703770438 17.75
    endloop
  endfacet
  facet normal -0.7232707862972337 0.6267177038908556 0.29000739528287045
    outer loop
      vertex -63.008205081706286 -53.85868703770438 17.75
      vertex -60.92864556008331 -55.044982970419206 25.5
      vertex -62.703511984703155 -53.507052458881034 17.75
    endloop
  endfacet
  facet normal -0.7232707862972357 0.6267177038908534 0.29000739528287073
    outer loop
      vertex -63.008205081706286 -53.85868703770438 17.75
      vertex -62.59347340784951 -56.966296727837964 25.5
      vertex -60.92864556008331 -55.044982970419206 25.5
    endloop
  endfacet
  facet normal 0.6548607339452855 0.7557495743542578 -4.98020702919719e-16
    outer loop
      vertex -62.703511984703155 -53.507052458881034 17.75
      vertex -45.81365407299815 -68.14219764932491 25.5
      vertex -44.038787648378296 -69.68012816086309 17.75
    endloop
  endfacet
  facet normal 0 0 1
    outer loop
      vertex -57.401492211315045 -81.31301850100519 25.5
      vertex -60.402976299601406 -58.86437327685626 25.5
      vertex -62.59347340784951 -56.966296727837964 25.5
    endloop
  endfacet
  facet normal 0 0 1
    outer loop
      vertex -60.402976299601406 -58.86437327685626 25.5
      vertex -47.478481920764345 -70.06351140674366 25.5
      vertex -45.81365407299815 -68.14219764932491 25.5
    endloop
  endfacet
  facet normal 0 0 1
    outer loop
      vertex -60.402976299601406 -58.86437327685626 25.5
      vertex -45.81365407299815 -68.14219764932491 25.5
      vertex -60.92864556008331 -55.044982970419206 25.5
    endloop
  endfacet
  facet normal 0.6548607339452853 0.7557495743542582 4.477523786606562e-16
    outer loop
      vertex -62.703511984703155 -53.507052458881034 17.75
      vertex -60.92864556008331 -55.044982970419206 25.5
      vertex -45.81365407299815 -68.14219764932491 25.5
    endloop
  endfacet
  facet normal 0 0 1
    outer loop
      vertex -62.59347340784951 -56.966296727837964 25.5
      vertex -60.402976299601406 -58.86437327685626 25.5
      vertex -60.92864556008331 -55.044982970419206 25.5
    endloop
  endfacet
  facet normal 0.7232707862972348 -0.626717703890853 0.29000739528287295
    outer loop
      vertex -52.770927737730894 -83.80653065794434 9
      vertex -42.03490620122685 -71.41650131905133 9
      vertex -42.352702998308985 -71.25110729136799 10.15
    endloop
  endfacet
  facet normal 0.7232707862972091 -0.6267177038908841 0.2900073952828704
    outer loop
      vertex -42.03490620122685 -71.41650131905133 9
      vertex -42.29827347713819 -71.18829227540374 10.15
      vertex -42.352702998308985 -71.25110729136799 10.15
    endloop
  endfacet
  facet normal 0.6548607339452861 0.7557495743542574 4.6484637552006664e-15
    outer loop
      vertex -43.69511389378549 -69.97792316440334 9
      vertex -42.29827347713819 -71.18829227540374 10.15
      vertex -42.03490620122685 -71.41650131905133 9
    endloop
  endfacet
  facet normal 0.6548607339452883 0.7557495743542556 0
    outer loop
      vertex -43.69511389378549 -69.97792316440334 9
      vertex -43.69511389378549 -69.97792316440334 10.15
      vertex -42.29827347713819 -71.18829227540374 10.15
    endloop
  endfacet
  facet normal 0.7232707862972357 -0.6267177038908535 0.29000739528287006
    outer loop
      vertex -52.770927737730894 -83.80653065794434 9
      vertex -42.352702998308985 -71.25110729136799 10.15
      vertex -43.930307004932686 -70.30318717136771 16.13299643263407
    endloop
  endfacet
  facet normal 0.7232707862972366 -0.6267177038908532 0.2900073952828685
    outer loop
      vertex -52.770927737730894 -83.80653065794434 9
      vertex -43.930307004932686 -70.30318717136771 16.13299643263407
      vertex -44.34520312992375 -70.0337504774103 17.75
    endloop
  endfacet
  facet normal 0.7232707862972347 -0.6267177038908539 0.29000739528287145
    outer loop
      vertex -52.770927737730894 -83.80653065794434 9
      vertex -44.34520312992375 -70.0337504774103 17.75
      vertex -45.81365407299815 -68.14219764932491 25.5
    endloop
  endfacet
  facet normal 0.7232707862972327 -0.6267177038908553 0.2900073952828735
    outer loop
      vertex -53.52264505817233 -84.67405869178397 9
      vertex -45.81365407299815 -68.14219764932491 25.5
      vertex -47.478481920764345 -70.06351140674366 25.5
    endloop
  endfacet
  facet normal 0.7232707862972331 -0.626717703890856 0.29000739528287167
    outer loop
      vertex -44.34520312992375 -70.0337504774103 17.75
      vertex -44.038787648378296 -69.68012816086309 17.75
      vertex -45.81365407299815 -68.14219764932491 25.5
    endloop
  endfacet
  facet normal -0.959492973614498 -0.2817325568414277 0
    outer loop
      vertex -92.2130293342733 -37.49835956890947 -25.5
      vertex -90.80436655006616 -42.29582443698196 -9
      vertex -92.2130293342733 -37.49835956890947 -17.5
    endloop
  endfacet
  facet normal 0.26962493242068825 -0.9182581916315173 -0.2900073952828707
    outer loop
      vertex -92.2130293342733 -37.49835956890947 -25.5
      vertex -89.69361848434285 -41.96967937790555 -9
      vertex -90.80436655006616 -42.29582443698196 -9
    endloop
  endfacet
  facet normal 0.269624932420689 -0.918258191631517 -0.29000739528287073
    outer loop
      vertex -92.2130293342733 -37.49835956890947 -25.5
      vertex -73.97268899696009 -37.35359798679399 -9
      vertex -89.69361848434285 -41.96967937790555 -9
    endloop
  endfacet
  facet normal 0.2817325568414287 -0.9594929736144977 -9.512081220540227e-19
    outer loop
      vertex -90.80436655006616 -42.29582443698196 -9
      vertex -89.69361848434285 -41.96967937790555 -9
      vertex -89.69361848434285 -41.96967937790555 9
    endloop
  endfacet
  facet normal 0.2696249324207407 -0.9182581916315018 -0.2900073952828704
    outer loop
      vertex -74.07086852434422 -37.01922922326167 -10.15
      vertex -73.97268899696009 -37.35359798679399 -9
      vertex -74.1522583699103 -37.043127438176036 -10.15
    endloop
  endfacet
  facet normal 0.9594929736144963 0.28173255684143383 2.7800080699259452e-15
    outer loop
      vertex -74.61228234020388 -35.17534309963013 -10.15
      vertex -73.97268899696009 -37.35359798679399 -9
      vertex -74.07086852434422 -37.01922922326167 -10.15
    endloop
  endfacet
  facet normal 0.2817325568414287 -0.9594929736144977 0
    outer loop
      vertex -90.80436655006616 -42.29582443698196 -9
      vertex -89.69361848434285 -41.96967937790555 9
      vertex -90.80436655006616 -42.29582443698196 9
    endloop
  endfacet
  facet normal 0.2696249324206891 -0.9182581916315169 0.2900073952828707
    outer loop
      vertex -89.69361848434285 -41.96967937790555 9
      vertex -73.97268899696009 -37.35359798679399 9
      vertex -74.07086852434422 -37.01922922326167 10.15
    endloop
  endfacet
  facet normal 0.2696249324207121 -0.9182581916315611 0.2900073952827093
    outer loop
      vertex -89.69361848434285 -41.96967937790555 9
      vertex -74.07086852434422 -37.01922922326167 10.15
      vertex -74.15225836991031 -37.043127438176036 10.15
    endloop
  endfacet
  facet normal 0.2696249324206891 -0.918258191631517 0.29000739528287034
    outer loop
      vertex -89.69361848434285 -41.96967937790555 9
      vertex -74.15225836991031 -37.043127438176036 10.15
      vertex -74.51002643820095 -36.340968068814526 12.705889249855804
    endloop
  endfacet
  facet normal 0.9594929736144971 0.2817325568414307 -1.846533664187106e-15
    outer loop
      vertex -74.61228234020388 -35.17534309963012 9
      vertex -74.07086852434422 -37.01922922326167 10.15
      vertex -73.97268899696009 -37.35359798679399 9
    endloop
  endfacet
  facet normal -0.959492973614498 -0.2817325568414277 2.380868819312054e-18
    outer loop
      vertex -90.80436655006616 -42.29582443698196 9
      vertex -92.2130293342733 -37.49835956890947 25.5
      vertex -92.2130293342733 -37.49835956890947 17.5
    endloop
  endfacet
  facet normal 0.26962493242068797 -0.918258191631517 0.29000739528287167
    outer loop
      vertex -90.80436655006616 -42.29582443698196 9
      vertex -89.69361848434285 -41.96967937790555 9
      vertex -75.38135178116723 -32.556133118721505 25.5
    endloop
  endfacet
  facet normal 0.2696249324206889 -0.918258191631517 0.29000739528287084
    outer loop
      vertex -89.69361848434285 -41.96967937790555 9
      vertex -74.51002643820095 -36.340968068814526 12.705889249855804
      vertex -75.16341482116658 -34.93977215976415 17.75
    endloop
  endfacet
  facet normal 0.26962493242068886 -0.918258191631517 0.2900073952828709
    outer loop
      vertex -89.69361848434285 -41.96967937790555 9
      vertex -75.16341482116658 -34.93977215976415 17.75
      vertex -75.38135178116723 -32.556133118721505 25.5
    endloop
  endfacet
  facet normal 0.26962493242068925 -0.9182581916315168 0.2900073952828707
    outer loop
      vertex -90.80436655006616 -42.29582443698196 9
      vertex -77.82063473005584 -33.27237121628802 25.5
      vertex -92.2130293342733 -37.49835956890947 25.5
    endloop
  endfacet
  facet normal 0.2696249324206873 -0.9182581916315175 -0.2900073952828706
    outer loop
      vertex -77.82063473005584 -33.27237121628802 -25.5
      vertex -75.38135178116723 -32.556133118721505 -25.5
      vertex -75.3694940211618 -32.596516940653814 -25.36110725555958
    endloop
  endfacet
  facet normal 0.959492973614547 0.2817325568412605 -2.001830216906743e-14
    outer loop
      vertex -75.38135178116723 -32.556133118721505 -25.5
      vertex -75.38135178116723 -32.5561331187215 -25.4
      vertex -75.3694940211618 -32.596516940653814 -25.36110725555958
    endloop
  endfacet
  facet normal 0.26962493242068775 -0.918258191631522 -0.29000739528285574
    outer loop
      vertex -77.82063473005584 -33.27237121628802 -25.5
      vertex -75.3694940211618 -32.596516940653814 -25.36110725555958
      vertex -75.50179410830268 -32.68947514455286 -25.189772900080204
    endloop
  endfacet
  facet normal 0.269624932420689 -0.9182581916315139 -0.2900073952828803
    outer loop
      vertex -77.82063473005584 -33.27237121628802 -25.5
      vertex -75.50179410830268 -32.68947514455286 -25.189772900080204
      vertex -75.69471024123149 -32.85468149778006 -24.8460330869647
    endloop
  endfacet
  facet normal 0.2696249324206849 -0.9182581916315207 -0.2900073952828626
    outer loop
      vertex -77.82063473005584 -33.27237121628802 -25.5
      vertex -75.69471024123149 -32.85468149778006 -24.8460330869647
      vertex -75.8355216197527 -33.012302723315344 -24.47786756828614
    endloop
  endfacet
  facet normal 0.26962493242069163 -0.918258191631514 -0.29000739528287733
    outer loop
      vertex -77.82063473005584 -33.27237121628802 -25.5
      vertex -75.8355216197527 -33.012302723315344 -24.47786756828614
      vertex -75.9212270938028 -33.15897939839057 -24.093123152884512
    endloop
  endfacet
  facet normal 0.9594929736145419 0.2817325568412783 0
    outer loop
      vertex -75.38135178116723 -32.5561331187215 -25.4
      vertex -75.38135178116723 -32.5561331187215 -25.345750941653332
      vertex -75.3694940211618 -32.596516940653814 -25.36110725555958
    endloop
  endfacet
  facet normal 0.269624932420697 -0.918258191631512 -0.29000739528287883
    outer loop
      vertex -77.82063473005584 -33.27237121628802 -25.5
      vertex -75.9212270938028 -33.407294355191254 -23.306876847115486
      vertex -75.8355216197527 -33.50364023472458 -22.92213243171386
    endloop
  endfacet
  facet normal 0.26962493242067875 -0.9182581916315236 -0.29000739528285924
    outer loop
      vertex -77.82063473005584 -33.27237121628802 -25.5
      vertex -75.9212270938028 -33.15897939839057 -24.093123152884512
      vertex -75.95 -33.29158536432924 -23.7
    endloop
  endfacet
  facet normal 0.26962493242070085 -0.9182581916315099 -0.290007395282882
    outer loop
      vertex -77.82063473005584 -33.27237121628802 -25.5
      vertex -75.95 -33.29158536432924 -23.7
      vertex -75.9212270938028 -33.407294355191254 -23.306876847115486
    endloop
  endfacet
  facet normal 0.2696249324206596 -0.9182581916315316 -0.29000739528285174
    outer loop
      vertex -77.82063473005584 -33.27237121628802 -25.5
      vertex -75.8355216197527 -33.50364023472458 -22.92213243171386
      vertex -75.69471024123149 -33.57856955777787 -22.5539669130353
    endloop
  endfacet
  facet normal 0 0 -1
    outer loop
      vertex -77.82063473005584 -33.27237121628802 -25.5
      vertex -78.6372205039715 -30.49133546660499 -25.5
      vertex -75.38135178116723 -32.556133118721505 -25.5
    endloop
  endfacet
  facet normal 0 0 -1
    outer loop
      vertex -75.38135178116723 -32.556133118721505 -25.5
      vertex -78.6372205039715 -30.49133546660499 -25.5
      vertex -75.6789696807423 -31.542539636073673 -25.5
    endloop
  endfacet
  facet normal 0 0 -1
    outer loop
      vertex -75.6789696807423 -31.542539636073673 -25.5
      vertex -78.6372205039715 -30.49133546660499 -25.5
      vertex -76.02907607447656 -30.717740660104784 -25.5
    endloop
  endfacet
  facet normal 0.9594929736144956 0.28173255684143583 -2.0018302169079892e-14
    outer loop
      vertex -75.38135178116723 -32.556133118721505 -25.5
      vertex -75.6789696807423 -31.542539636073673 -25.4
      vertex -75.38135178116723 -32.5561331187215 -25.4
    endloop
  endfacet
  facet normal 0.9594929736144961 0.28173255684143406 1.8816731168203565e-16
    outer loop
      vertex -75.38135178116723 -32.556133118721505 -25.5
      vertex -75.6789696807423 -31.542539636073673 -25.5
      vertex -75.6789696807423 -31.542539636073673 -25.4
    endloop
  endfacet
  facet normal 0 0 -1
    outer loop
      vertex -78.6372205039715 -30.49133546660499 -25.5
      vertex -77.05479490444449 -28.045651752704835 -25.5
      vertex -76.02907607447656 -30.717740660104784 -25.5
    endloop
  endfacet
  facet normal 0 0 -1
    outer loop
      vertex -77.82063473005584 -33.27237121628802 -25.5
      vertex -97.81036490065934 -18.435585258687663 -25.5
      vertex -78.6372205039715 -30.49133546660499 -25.5
    endloop
  endfacet
  facet normal 0 0 -1
    outer loop
      vertex -78.6372205039715 -30.49133546660499 -25.5
      vertex -77.98663433620258 -25.339393538745686 -25.5
      vertex -77.05479490444449 -28.045651752704835 -25.5
    endloop
  endfacet
  facet normal 0 0 -1
    outer loop
      vertex -78.6372205039715 -30.49133546660499 -25.5
      vertex -78.82345906694215 -22.602263176993933 -25.5
      vertex -77.98663433620258 -25.339393538745686 -25.5
    endloop
  endfacet
  facet normal 0 0 -1
    outer loop
      vertex -78.6372205039715 -30.49133546660499 -25.5
      vertex -80.20810326017207 -17.048758647056268 -25.5
      vertex -79.56424955463172 -19.837595439172755 -25.5
    endloop
  endfacet
  facet normal 0 0 -1
    outer loop
      vertex -78.6372205039715 -30.49133546660499 -25.5
      vertex -79.56424955463172 -19.837595439172755 -25.5
      vertex -78.82345906694215 -22.602263176993933 -25.5
    endloop
  endfacet
  facet normal 0 0 -1
    outer loop
      vertex -78.6372205039715 -30.49133546660499 -25.5
      vertex -80.74352751345164 -14.294239654598886 -25.5
      vertex -80.20810326017207 -17.048758647056268 -25.5
    endloop
  endfacet
  facet normal 0.26962493242068925 -0.9182581916315167 -0.29000739528287095
    outer loop
      vertex -92.2130293342733 -37.49835956890947 -25.5
      vertex -77.82063473005584 -33.27237121628802 -25.5
      vertex -73.97268899696009 -37.35359798679399 -9
    endloop
  endfacet
  facet normal 0.26962493242068886 -0.9182581916315167 -0.2900073952828714
    outer loop
      vertex -77.82063473005584 -33.27237121628802 -25.5
      vertex -75.69471024123149 -33.57856955777787 -22.5539669130353
      vertex -75.16341482116658 -34.93977215976415 -17.75
    endloop
  endfacet
  facet normal 0.26962493242066665 -0.9182581916315234 -0.29000739528287084
    outer loop
      vertex -75.69471024123149 -33.57856955777787 -22.5539669130353
      vertex -75.50179410830268 -33.63048533591883 -22.210227099919795
      vertex -75.16341482116658 -34.93977215976415 -17.75
    endloop
  endfacet
  facet normal 0.269624932420695 -0.9182581916315152 -0.29000739528287056
    outer loop
      vertex -75.50179410830268 -33.63048533591883 -22.210227099919795
      vertex -75.26088489340822 -33.65828107446995 -21.898239209699952
      vertex -75.16341482116658 -34.93977215976415 -17.75
    endloop
  endfacet
  facet normal 0.2696249324206862 -0.9182581916315177 -0.2900073952828711
    outer loop
      vertex -75.26088489340822 -33.65828107446995 -21.898239209699952
      vertex -75.05708172830234 -33.6604954997174 -21.701748259231458
      vertex -75.16341482116658 -34.93977215976415 -17.75
    endloop
  endfacet
  facet normal 0.9594929736144975 0.28173255684142967 2.4690409071737293e-15
    outer loop
      vertex -75.26088489340822 -32.96640566107106 -21.898239209699952
      vertex -74.71970714010024 -34.809487829482826 -17.75
      vertex -75.05708172830234 -33.6604954997174 -21.701748259231458
    endloop
  endfacet
  facet normal 0.9594929736144978 0.28173255684142806 0
    outer loop
      vertex -75.38135178116723 -32.5561331187215 -22.054249058346667
      vertex -75.38135178116723 -32.5561331187215 -17.75
      vertex -75.26088489340822 -32.96640566107106 -21.898239209699952
    endloop
  endfacet
  facet normal 0.26962493242069224 -0.918258191631516 -0.29000739528287045
    outer loop
      vertex -75.05708172830234 -33.6604954997174 -21.701748259231458
      vertex -74.71970714010024 -34.809487829482826 -17.75
      vertex -75.16341482116658 -34.93977215976415 -17.75
    endloop
  endfacet
  facet normal 0.26962493242068586 -0.9182581916315179 -0.29000739528287056
    outer loop
      vertex -77.82063473005584 -33.27237121628802 -25.5
      vertex -75.16341482116658 -34.93977215976415 -17.75
      vertex -74.51002643820095 -36.340968068814526 -12.705889249855803
    endloop
  endfacet
  facet normal 0.9594929736144986 0.2817325568414252 3.084174556664579e-16
    outer loop
      vertex -75.26088489340822 -32.96640566107106 -21.898239209699952
      vertex -75.38135178116723 -32.5561331187215 -17.75
      vertex -74.71970714010024 -34.809487829482826 -17.75
    endloop
  endfacet
  facet normal 0.26962493242069496 -0.9182581916315148 -0.29000739528287206
    outer loop
      vertex -77.82063473005584 -33.27237121628802 -25.5
      vertex -74.51002643820095 -36.340968068814526 -12.705889249855803
      vertex -74.1522583699103 -37.043127438176036 -10.15
    endloop
  endfacet
  facet normal 0 0 -1
    outer loop
      vertex -78.6372205039715 -30.49133546660499 -25.5
      vertex -83.45528586688445 -14.08251174399808 -25.5
      vertex -81.01600291799583 -13.366273646431559 -25.5
    endloop
  endfacet
  facet normal 0.9594929736144953 0.2817325568414366 0
    outer loop
      vertex -80.74352751345164 -14.294239654598886 -25.5
      vertex -81.01600291799583 -13.366273646431559 -25.5
      vertex -80.74352751345164 -14.294239654598886 -25.4
    endloop
  endfacet
  facet normal 0.9594929736144955 0.28173255684143617 -4.854258826943726e-15
    outer loop
      vertex -80.74352751345164 -14.294239654598886 -25.4
      vertex -81.01600291799583 -13.366273646431559 -25.5
      vertex -81.01600291799583 -13.366273646431557 -25.4
    endloop
  endfacet
  facet normal 0.9594929736144937 0.28173255684144205 -5.004575542270083e-15
    outer loop
      vertex -81.01600291799583 -13.366273646431559 -25.5
      vertex -81.67764755906282 -11.112918935670239 -17.75
      vertex -81.01600291799583 -13.366273646431557 -25.4
    endloop
  endfacet
  facet normal 0 0 -1
    outer loop
      vertex -78.6372205039715 -30.49133546660499 -25.5
      vertex -81.01600291799583 -13.366273646431559 -25.5
      vertex -80.74352751345164 -14.294239654598886 -25.5
    endloop
  endfacet
  facet normal -0.2696249324206891 0.9182581916315169 -0.29000739528287073
    outer loop
      vertex -97.84768047110191 -18.308500096619525 -25.5
      vertex -99.25634325530905 -13.511035228547037 -9
      vertex -83.45528586688445 -14.08251174399808 -25.5
    endloop
  endfacet
  facet normal -0.2696249324206886 0.9182581916315171 -0.29000739528287023
    outer loop
      vertex -83.45528586688445 -14.08251174399808 -25.5
      vertex -99.25634325530905 -13.511035228547037 -9
      vertex -81.01600291799583 -13.366273646431559 -25.5
    endloop
  endfacet
  facet normal -0.959492973614498 -0.2817325568414277 0
    outer loop
      vertex -97.84768047110191 -18.308500096619525 -25.5
      vertex -97.84768047110191 -18.308500096619525 -17.5
      vertex -99.25634325530905 -13.511035228547037 -9
    endloop
  endfacet
  facet normal -0.2696249324206889 0.9182581916315169 -0.29000739528287073
    outer loop
      vertex -81.01600291799583 -13.366273646431559 -25.5
      vertex -98.15173243076234 -13.186692226073626 -9
      vertex -82.12907359495505 -11.24546957941034 -17.75
    endloop
  endfacet
  facet normal 0.9594929736144966 0.28173255684143217 -1.8478003663424524e-15
    outer loop
      vertex -81.01600291799583 -13.366273646431557 -25.4
      vertex -81.67764755906282 -11.112918935670239 -17.75
      vertex -81.01600291799582 -13.366273646431555 -17.75
    endloop
  endfacet
  facet normal -0.26962493242068536 0.918258191631518 -0.29000739528287045
    outer loop
      vertex -81.01600291799583 -13.366273646431559 -25.5
      vertex -82.12907359495505 -11.24546957941034 -17.75
      vertex -81.67764755906282 -11.112918935670239 -17.75
    endloop
  endfacet
  facet normal -0.9594929736144973 -0.28173255684143045 1.600497518188893e-15
    outer loop
      vertex -92.2130293342733 -37.49835956890947 -17.5
      vertex -99.25634325530905 -13.511035228547037 -9
      vertex -97.84768047110191 -18.308500096619525 -17.5
    endloop
  endfacet
  facet normal 0.26962493242063584 -0.918258191631535 -0.290007395282863
    outer loop
      vertex -77.82063473005584 -33.27237121628802 -25.5
      vertex -74.1522583699103 -37.043127438176036 -10.15
      vertex -73.97268899696009 -37.35359798679399 -9
    endloop
  endfacet
  facet normal -0.9594929736144976 -0.28173255684142906 -8.155934575563491e-16
    outer loop
      vertex -92.2130293342733 -37.49835956890947 -17.5
      vertex -90.80436655006616 -42.29582443698196 -9
      vertex -99.25634325530905 -13.511035228547037 9
    endloop
  endfacet
  facet normal -0.9594929736144973 -0.2817325568414299 -1.4135115661738178e-17
    outer loop
      vertex -92.2130293342733 -37.49835956890947 -17.5
      vertex -99.25634325530905 -13.511035228547037 9
      vertex -99.25634325530905 -13.511035228547037 -9
    endloop
  endfacet
  facet normal -0.2696249324206906 0.918258191631516 -0.29000739528287245
    outer loop
      vertex -81.01600291799583 -13.366273646431559 -25.5
      vertex -99.25634325530905 -13.511035228547037 -9
      vertex -98.15173243076234 -13.186692226073626 -9
    endloop
  endfacet
  facet normal -0.2696249324206889 0.918258191631517 -0.2900073952828707
    outer loop
      vertex -82.12907359495505 -11.24546957941034 -17.75
      vertex -98.15173243076234 -13.186692226073626 -9
      vertex -82.41353262599286 -8.928736686072353 -10.15
    endloop
  endfacet
  facet normal -0.26962493242068886 0.9182581916315169 -0.2900073952828707
    outer loop
      vertex -98.15173243076234 -13.186692226073626 -9
      vertex -82.42466570220297 -8.56880877835907 -9
      vertex -82.41353262599286 -8.928736686072353 -10.15
    endloop
  endfacet
  facet normal -0.2696249324206935 0.9182581916315157 -0.2900073952828704
    outer loop
      vertex -82.41353262599286 -8.928736686072353 -10.15
      vertex -82.42466570220297 -8.56880877835907 -9
      vertex -82.32648617481884 -8.903177541891395 -10.15
    endloop
  endfacet
  facet normal 0.9594929736144968 0.28173255684143195 0
    outer loop
      vertex -81.78894844014904 -10.733862945277744 -10.15
      vertex -82.32648617481884 -8.903177541891395 -10.15
      vertex -81.78894844014904 -10.733862945277744 -9
    endloop
  endfacet
  facet normal 0.959492973614497 0.2817325568414308 -1.8589543425730126e-15
    outer loop
      vertex -81.78894844014904 -10.733862945277744 -9
      vertex -82.32648617481884 -8.903177541891395 -10.15
      vertex -82.42466570220297 -8.56880877835907 -9
    endloop
  endfacet
  facet normal -0.2817325568414316 0.9594929736144968 0
    outer loop
      vertex -99.25634325530905 -13.511035228547037 -9
      vertex -99.25634325530905 -13.511035228547037 9
      vertex -98.15173243076234 -13.186692226073626 -9
    endloop
  endfacet
  facet normal 0.9594929736144967 0.28173255684143245 0
    outer loop
      vertex -74.61228234020388 -35.17534309963013 -10.15
      vertex -74.61228234020388 -35.17534309963013 -9
      vertex -73.97268899696009 -37.35359798679399 -9
    endloop
  endfacet
  facet normal -0.9594929736144973 -0.2817325568414299 0
    outer loop
      vertex -90.80436655006616 -42.29582443698196 -9
      vertex -90.80436655006616 -42.29582443698196 9
      vertex -97.84768047110191 -18.308500096619525 17.5
    endloop
  endfacet
  facet normal -0.9594929736144976 -0.281732556841429 -8.255251657613802e-16
    outer loop
      vertex -90.80436655006616 -42.29582443698196 -9
      vertex -97.84768047110191 -18.308500096619525 17.5
      vertex -99.25634325530905 -13.511035228547037 9
    endloop
  endfacet
  facet normal -0.2817325568414316 0.9594929736144968 0
    outer loop
      vertex -98.15173243076234 -13.186692226073626 -9
      vertex -99.25634325530905 -13.511035228547037 9
      vertex -98.15173243076234 -13.186692226073626 9
    endloop
  endfacet
  facet normal -0.2696249324206764 0.9182581916315208 0.29000739528287034
    outer loop
      vertex -82.42466570220297 -8.56880877835907 9
      vertex -82.41353262599286 -8.928736686072352 10.15
      vertex -82.32648617481884 -8.903177541891395 10.15
    endloop
  endfacet
  facet normal 0.9594929736144974 0.2817325568414293 0
    outer loop
      vertex -81.78894844014904 -10.733862945277757 9
      vertex -82.42466570220297 -8.56880877835907 9
      vertex -81.78894844014904 -10.733862945277757 10.15
    endloop
  endfacet
  facet normal 0.9594929736144973 0.28173255684143017 1.6183253362757755e-15
    outer loop
      vertex -82.42466570220297 -8.56880877835907 9
      vertex -82.32648617481884 -8.903177541891395 10.15
      vertex -81.78894844014904 -10.733862945277757 10.15
    endloop
  endfacet
  facet normal 0.9594929736144967 0.2817325568414318 0
    outer loop
      vertex -74.61228234020388 -35.17534309963012 9
      vertex -74.61228234020388 -35.17534309963012 10.15
      vertex -74.07086852434422 -37.01922922326167 10.15
    endloop
  endfacet
  facet normal -0.9594929736144973 -0.28173255684143045 1.6551749579820024e-15
    outer loop
      vertex -90.80436655006616 -42.29582443698196 9
      vertex -92.2130293342733 -37.49835956890947 17.5
      vertex -97.84768047110191 -18.308500096619525 17.5
    endloop
  endfacet
  facet normal 0.2696249324206874 -0.9182581916315169 0.2900073952828722
    outer loop
      vertex -90.80436655006616 -42.29582443698196 9
      vertex -75.38135178116723 -32.556133118721505 25.5
      vertex -77.82063473005584 -33.27237121628802 25.5
    endloop
  endfacet
  facet normal 0.2696249324206786 -0.9182581916315197 0.29000739528287145
    outer loop
      vertex -75.16341482116658 -34.93977215976415 17.75
      vertex -74.71970714010024 -34.80948782948283 17.75
      vertex -75.38135178116723 -32.556133118721505 25.5
    endloop
  endfacet
  facet normal 0.9594929736144975 0.2817325568414295 -1.3571593627363187e-15
    outer loop
      vertex -74.71970714010024 -34.80948782948283 17.75
      vertex -81.67764755906282 -11.112918935670239 17.75
      vertex -75.38135178116723 -32.556133118721505 25.5
    endloop
  endfacet
  facet normal 0 0 1
    outer loop
      vertex -92.25034490471587 -37.37127440684134 25.5
      vertex -82.63870009296879 -16.863547493681114 25.5
      vertex -83.45528586688445 -14.08251174399808 25.5
    endloop
  endfacet
  facet normal 0 0 1
    outer loop
      vertex -77.82063473005584 -33.27237121628802 25.5
      vertex -75.38135178116723 -32.556133118721505 25.5
      vertex -82.63870009296879 -16.863547493681114 25.5
    endloop
  endfacet
  facet normal 0 0 1
    outer loop
      vertex -75.38135178116723 -32.556133118721505 25.5
      vertex -81.01600291799583 -13.366273646431559 25.5
      vertex -82.63870009296879 -16.863547493681114 25.5
    endloop
  endfacet
  facet normal -0.2696249324206908 0.9182581916315165 0.2900073952828707
    outer loop
      vertex -99.25634325530905 -13.511035228547037 9
      vertex -97.84768047110191 -18.308500096619525 25.5
      vertex -98.15173243076234 -13.186692226073626 9
    endloop
  endfacet
  facet normal -0.26962493242068886 0.918258191631517 0.29000739528287084
    outer loop
      vertex -98.15173243076234 -13.186692226073626 9
      vertex -97.84768047110191 -18.308500096619525 25.5
      vertex -82.42466570220297 -8.56880877835907 9
    endloop
  endfacet
  facet normal -0.959492973614498 -0.2817325568414277 2.380868819312054e-18
    outer loop
      vertex -99.25634325530905 -13.511035228547037 9
      vertex -97.84768047110191 -18.308500096619525 17.5
      vertex -97.84768047110191 -18.308500096619525 25.5
    endloop
  endfacet
  facet normal -0.2696249324207061 0.9182581916315126 0.2900073952828681
    outer loop
      vertex -82.42466570220297 -8.56880877835907 9
      vertex -83.45528586688445 -14.08251174399808 25.5
      vertex -82.41353262599286 -8.928736686072352 10.15
    endloop
  endfacet
  facet normal -0.2696249324206878 0.9182581916315172 0.29000739528287084
    outer loop
      vertex -82.41353262599286 -8.928736686072352 10.15
      vertex -83.45528586688445 -14.08251174399808 25.5
      vertex -82.12907359495505 -11.24546957941034 17.75
    endloop
  endfacet
  facet normal -0.26962493242068913 0.918258191631517 0.2900073952828706
    outer loop
      vertex -82.42466570220297 -8.56880877835907 9
      vertex -97.84768047110191 -18.308500096619525 25.5
      vertex -83.45528586688445 -14.08251174399808 25.5
    endloop
  endfacet
  facet normal -0.2696249324206885 0.9182581916315171 0.2900073952828705
    outer loop
      vertex -81.67764755906282 -11.112918935670239 17.75
      vertex -83.45528586688445 -14.08251174399808 25.5
      vertex -81.01600291799583 -13.366273646431559 25.5
    endloop
  endfacet
  facet normal 0 0 1
    outer loop
      vertex -82.63870009296879 -16.863547493681114 25.5
      vertex -81.01600291799583 -13.366273646431559 25.5
      vertex -83.45528586688445 -14.08251174399808 25.5
    endloop
  endfacet
  facet normal 0.9594929736144973 0.28173255684143045 1.3776474303418328e-15
    outer loop
      vertex -75.38135178116723 -32.556133118721505 25.5
      vertex -81.67764755906282 -11.112918935670239 17.75
      vertex -81.01600291799583 -13.366273646431559 25.5
    endloop
  endfacet
  facet normal -0.26962493242068497 0.9182581916315178 0.2900073952828716
    outer loop
      vertex -82.12907359495505 -11.24546957941034 17.75
      vertex -83.45528586688445 -14.08251174399808 25.5
      vertex -81.67764755906282 -11.112918935670239 17.75
    endloop
  endfacet
  facet normal -1 0 0
    outer loop
      vertex 81.5 -10 -25.5
      vertex 81.5 -10.042088710436499 -25.361107255559556
      vertex 81.5 -10 -25.4
    endloop
  endfacet
  facet normal -1 0 0
    outer loop
      vertex 81.5 -10 -25.5
      vertex 81.5 -10 -25.4
      vertex 81.5 -8.985029486998002 -25.5
    endloop
  endfacet
  facet normal -1 0 0
    outer loop
      vertex 81.5 -10 -25.4
      vertex 81.5 -8.985029486998002 -25.4
      vertex 81.5 -8.985029486998002 -25.5
    endloop
  endfacet
  facet normal -1 0 0
    outer loop
      vertex 81.5 -10 -25.4
      vertex 81.5 -10.042088710436499 -25.361107255559556
      vertex 81.5 -10 -25.345750941653304
    endloop
  endfacet
  facet normal -3.0008972285389866e-15 -0.9570244044334735 -0.2900073952828704
    outer loop
      vertex 81.91824356371148 -10.996900878812184 -22.210227099919795
      vertex 81.9647676091371 -12.348484848484848 -17.75
      vertex 81.69492382923256 -11.091442663727287 -21.898239209699952
    endloop
  endfacet
  facet normal -2.5904521793698068e-15 -0.9570244044334736 -0.29000739528287045
    outer loop
      vertex 81.69492382923256 -11.091442663727287 -21.898239209699952
      vertex 81.9647676091371 -12.348484848484848 -17.75
      vertex 81.5 -11.150985375990462 -21.701748259231472
    endloop
  endfacet
  facet normal -1 0 0
    outer loop
      vertex 81.5 -11.150985375990462 -21.701748259231472
      vertex 81.5 -10 -17.75
      vertex 81.5 -10.42759306595452 -21.898239209699952
    endloop
  endfacet
  facet normal -1 0 0
    outer loop
      vertex 81.5 -10 -22.054249058346695
      vertex 81.5 -10.42759306595452 -21.898239209699952
      vertex 81.5 -10 -17.75
    endloop
  endfacet
  facet normal -1.2623084550413515e-16 -0.9570244044334735 -0.29000739528287073
    outer loop
      vertex 81.5 -11.150985375990462 -21.701748259231472
      vertex 81.9647676091371 -12.348484848484848 -17.75
      vertex 81.5 -12.348484848484848 -17.75
    endloop
  endfacet
  facet normal -1 0 0
    outer loop
      vertex 81.5 -11.150985375990462 -21.701748259231472
      vertex 81.5 -12.348484848484848 -17.75
      vertex 81.5 -10 -17.75
    endloop
  endfacet
  facet normal -2.1894969206127683e-16 -0.9570244044334736 -0.2900073952828705
    outer loop
      vertex 81.91824356371148 -10.996900878812184 -22.210227099919795
      vertex 97.88579744750278 -15 -9
      vertex 81.9647676091371 -12.348484848484848 -17.75
    endloop
  endfacet
  facet normal 3.734875143095074e-15 -0.9570244044334726 -0.29000739528287417
    outer loop
      vertex 81.5 -10 -25.5
      vertex 97.88579744750278 -15 -9
      vertex 81.5 -10.042088710436499 -25.361107255559556
    endloop
  endfacet
  facet normal 5.047333984451012e-14 -0.9570244044334596 -0.2900073952829169
    outer loop
      vertex 81.5 -10.042088710436499 -25.361107255559556
      vertex 97.88579744750278 -15 -9
      vertex 81.6531303564841 -10.09400821209691 -25.189772900080204
    endloop
  endfacet
  facet normal 0 -0.9570244044334736 -0.2900073952828708
    outer loop
      vertex 81.5 -10 -25.5
      vertex 84.04226244065093 -10 -25.5
      vertex 99.04226244065093 -15 -9
    endloop
  endfacet
  facet normal -4.298231202106287e-15 -0.9570244044334747 -0.2900073952828668
    outer loop
      vertex 81.6531303564841 -10.09400821209691 -25.189772900080204
      vertex 97.88579744750278 -15 -9
      vertex 81.88477603882733 -10.19817179182888 -24.8460330869647
    endloop
  endfacet
  facet normal -6.577223351372441e-15 -0.9570244044334754 -0.2900073952828647
    outer loop
      vertex 81.88477603882733 -10.19817179182888 -24.8460330869647
      vertex 97.88579744750278 -15 -9
      vertex 82.06429059800594 -10.309737100519351 -24.47786756828614
    endloop
  endfacet
  facet normal 0 -0.9570244044334736 -0.2900073952828708
    outer loop
      vertex 84.04226244065093 -10 -25.5
      vertex 99.04226244065093 -10 -25.5
      vertex 99.04226244065093 -15 -9
    endloop
  endfacet
  facet normal -1.3938274494724537e-15 -0.957024404433474 -0.29000739528286956
    outer loop
      vertex 82.06429059800594 -10.309737100519351 -24.47786756828614
      vertex 97.88579744750278 -15 -9
      vertex 82.18784799285525 -10.426326317307723 -24.093123152884512
    endloop
  endfacet
  facet normal 8.484315073659844e-17 -0.9570244044334735 -0.2900073952828709
    outer loop
      vertex 82.18784799285525 -10.426326317307723 -24.093123152884512
      vertex 97.88579744750278 -15 -9
      vertex 82.25281481201827 -10.545454545454545 -23.7
    endloop
  endfacet
  facet normal 8.769508163546204e-17 -0.9570244044334735 -0.2900073952828709
    outer loop
      vertex 82.25281481201827 -10.545454545454545 -23.7
      vertex 97.88579744750278 -15 -9
      vertex 82.25780640053668 -10.664582773601367 -23.306876847115486
    endloop
  endfacet
  facet normal 2.7933219813810567e-15 -0.9570244044334728 -0.29000739528287367
    outer loop
      vertex 82.25780640053668 -10.664582773601367 -23.306876847115486
      vertex 97.88579744750278 -15 -9
      vertex 82.20271637136737 -10.78117199038974 -22.92213243171386
    endloop
  endfacet
  facet normal 8.10892548518984e-16 -0.9570244044334733 -0.29000739528287156
    outer loop
      vertex 82.20271637136737 -10.78117199038974 -22.92213243171386
      vertex 97.88579744750278 -15 -9
      vertex 82.08871887283749 -10.892737299080213 -22.5539669130353
    endloop
  endfacet
  facet normal -8.443672140323952e-16 -0.9570244044334739 -0.29000739528286984
    outer loop
      vertex 81.91824356371148 -10.996900878812184 -22.210227099919795
      vertex 82.08871887283749 -10.892737299080213 -22.5539669130353
      vertex 97.88579744750278 -15 -9
    endloop
  endfacet
  facet normal 1 0 0
    outer loop
      vertex 99.04226244065093 -10 -25.5
      vertex 99.04226244065093 -10 -17.5
      vertex 99.04226244065093 -15 -9
    endloop
  endfacet
  facet normal 0 -0.9570244044334737 -0.2900073952828701
    outer loop
      vertex 81.5 -14.651515151515152 -10.15
      vertex 81.59078557743521 -14.651515151515152 -10.15
      vertex 81.5 -15 -9
    endloop
  endfacet
  facet normal -1 0 0
    outer loop
      vertex 81.5 -14.651515151515152 -10.15
      vertex 81.5 -15 -9
      vertex 81.5 -12.726320196681506 -9
    endloop
  endfacet
  facet normal -1 0 0
    outer loop
      vertex 81.5 -14.651515151515152 -10.15
      vertex 81.5 -12.726320196681506 -9
      vertex 81.5 -12.726320196681506 -10.15
    endloop
  endfacet
  facet normal 0 -0.9570244044334736 -0.2900073952828709
    outer loop
      vertex 81.5 -10 -25.5
      vertex 99.04226244065093 -15 -9
      vertex 97.88579744750278 -15 -9
    endloop
  endfacet
  facet normal 2.960337403208166e-17 -0.9570244044334735 -0.2900073952828709
    outer loop
      vertex 81.9647676091371 -12.348484848484848 -17.75
      vertex 97.88579744750278 -15 -9
      vertex 81.64056272471205 -14.395433928588526 -10.995068035657866
    endloop
  endfacet
  facet normal 1.0110881009005744e-16 -0.9570244044334735 -0.2900073952828714
    outer loop
      vertex 81.64056272471205 -14.395433928588526 -10.995068035657866
      vertex 97.88579744750278 -15 -9
      vertex 81.59078557743521 -14.651515151515152 -10.15
    endloop
  endfacet
  facet normal 1.0422783460072301e-18 -0.9570244044334738 -0.2900073952828702
    outer loop
      vertex 81.59078557743521 -14.651515151515152 -10.15
      vertex 97.88579744750278 -15 -9
      vertex 81.5 -15 -9
    endloop
  endfacet
  facet normal 1 0 0
    outer loop
      vertex 99.04226244065093 -10 -17.5
      vertex 99.04226244065093 10 -17.5
      vertex 99.04226244065093 -15 -9
    endloop
  endfacet
  facet normal 0 -1 0
    outer loop
      vertex 97.88579744750278 -15 -9
      vertex 99.04226244065093 -15 -9
      vertex 99.04226244065093 -15 9
    endloop
  endfacet
  facet normal 1 0 0
    outer loop
      vertex 99.04226244065093 -15 -9
      vertex 99.04226244065093 10 -17.5
      vertex 99.04226244065093 -15 9
    endloop
  endfacet
  facet normal 0 0 -1
    outer loop
      vertex 81.5 -10 -25.5
      vertex 81.5 -8.985029486998002 -25.5
      vertex 84.04226244065093 7.101556940842808 -25.5
    endloop
  endfacet
  facet normal 0 0 -1
    outer loop
      vertex 81.5 -8.985029486998002 -25.5
      vertex 81.55079542019841 -8.571333987947584 -25.5
      vertex 84.04226244065093 7.101556940842808 -25.5
    endloop
  endfacet
  facet normal 0 0 -1
    outer loop
      vertex 81.5 -10 -25.5
      vertex 84.04226244065093 7.101556940842808 -25.5
      vertex 84.04226244065093 -10 -25.5
    endloop
  endfacet
  facet normal 0 0 -1
    outer loop
      vertex 81.55079542019841 -8.571333987947584 -25.5
      vertex 81.80025212130559 -5.720030847018275 -25.5
      vertex 84.04226244065093 7.101556940842808 -25.5
    endloop
  endfacet
  facet normal 0 0 -1
    outer loop
      vertex 81.80025212130559 -5.720030847018275 -25.5
      vertex 81.95004781556585 -2.8617587296050795 -25.5
      vertex 84.04226244065093 7.101556940842808 -25.5
    endloop
  endfacet
  facet normal 0 0 -1
    outer loop
      vertex 81.95004781556585 -2.8617587296050795 -25.5
      vertex 82 0 -25.5
      vertex 84.04226244065093 7.101556940842808 -25.5
    endloop
  endfacet
  facet normal 0 0 -1
    outer loop
      vertex 82 0 -25.5
      vertex 81.95004781556585 2.8617587296050795 -25.5
      vertex 84.04226244065093 7.101556940842808 -25.5
    endloop
  endfacet
  facet normal 0 0 -1
    outer loop
      vertex 81.95004781556585 2.8617587296050795 -25.5
      vertex 81.80025212130559 5.720030847018275 -25.5
      vertex 84.04226244065093 7.101556940842808 -25.5
    endloop
  endfacet
  facet normal 0 0 -1
    outer loop
      vertex 81.80025212130559 5.720030847018275 -25.5
      vertex 81.55079542019841 8.571333987947584 -25.5
      vertex 84.04226244065093 7.101556940842808 -25.5
    endloop
  endfacet
  facet normal -1 0 0
    outer loop
      vertex 81.5 8.985029486998 -25.5
      vertex 81.5 8.985029486998002 -25.4
      vertex 81.5 10 -25.5
    endloop
  endfacet
  facet normal 0 0 -1
    outer loop
      vertex 81.55079542019841 8.571333987947584 -25.5
      vertex 81.5 8.985029486998 -25.5
      vertex 84.04226244065093 7.101556940842808 -25.5
    endloop
  endfacet
  facet normal 0 0 -1
    outer loop
      vertex 81.5 8.985029486998 -25.5
      vertex 81.5 10 -25.5
      vertex 84.04226244065093 7.101556940842808 -25.5
    endloop
  endfacet
  facet normal 0 0 -1
    outer loop
      vertex 81.5 10 -25.5
      vertex 84.04226244065093 10 -25.5
      vertex 84.04226244065093 7.101556940842808 -25.5
    endloop
  endfacet
  facet normal -1 0 0
    outer loop
      vertex 81.5 8.985029486998002 -25.4
      vertex 81.5 10 -25.4
      vertex 81.5 10 -25.5
    endloop
  endfacet
  facet normal -1 0 0
    outer loop
      vertex 81.5 10 -25.5
      vertex 81.5 10 -25.4
      vertex 81.5 12.348484848484848 -17.75
    endloop
  endfacet
  facet normal 0 0.9570244044334735 -0.2900073952828707
    outer loop
      vertex 81.5 10 -25.5
      vertex 81.9647676091371 12.348484848484848 -17.75
      vertex 84.04226244065093 10 -25.5
    endloop
  endfacet
  facet normal 0 0 -1
    outer loop
      vertex 99.04226244065093 -9.86754966887418 -25.5
      vertex 84.04226244065093 7.101556940842808 -25.5
      vertex 84.04226244065093 10 -25.5
    endloop
  endfacet
  facet normal -1 0 0
    outer loop
      vertex 81.5 10 -25.4
      vertex 81.5 10 -17.75
      vertex 81.5 12.348484848484848 -17.75
    endloop
  endfacet
  facet normal -2.3598569275467413e-16 0.9570244044334735 -0.2900073952828707
    outer loop
      vertex 81.5 10 -25.5
      vertex 81.5 12.348484848484848 -17.75
      vertex 81.9647676091371 12.348484848484848 -17.75
    endloop
  endfacet
  facet normal -1.6123043881275607e-15 0.9570244044334734 -0.290007395282871
    outer loop
      vertex 84.04226244065093 10 -25.5
      vertex 81.9647676091371 12.348484848484848 -17.75
      vertex 81.64056272471205 14.395433928588526 -10.995068035657868
    endloop
  endfacet
  facet normal 0 0.9570244044334736 -0.2900073952828708
    outer loop
      vertex 84.04226244065093 10 -25.5
      vertex 81.5 15 -9
      vertex 99.04226244065093 10 -25.5
    endloop
  endfacet
  facet normal 1 0 0
    outer loop
      vertex 99.04226244065093 10 -25.5
      vertex 99.04226244065093 15 -9
      vertex 99.04226244065093 10 -17.5
    endloop
  endfacet
  facet normal 1 0 0
    outer loop
      vertex 99.04226244065093 -10 17.5
      vertex 99.04226244065093 10 -17.5
      vertex 99.04226244065093 15 -9
    endloop
  endfacet
  facet normal -1.6782818859339014e-16 0.9570244044334737 -0.2900073952828699
    outer loop
      vertex 84.04226244065093 10 -25.5
      vertex 81.64056272471205 14.395433928588526 -10.995068035657868
      vertex 81.59078557743521 14.651515151515152 -10.15
    endloop
  endfacet
  facet normal 8.347212317407248e-15 0.9570244044334738 -0.2900073952828699
    outer loop
      vertex 84.04226244065093 10 -25.5
      vertex 81.59078557743521 14.651515151515152 -10.15
      vertex 81.5 15 -9
    endloop
  endfacet
  facet normal -1 0 0
    outer loop
      vertex 81.5 12.726320196681506 -10.15
      vertex 81.5 12.726320196681506 -9
      vertex 81.5 15 -9
    endloop
  endfacet
  facet normal -1 0 0
    outer loop
      vertex 81.5 12.726320196681506 -10.15
      vertex 81.5 15 -9
      vertex 81.5 14.651515151515152 -10.15
    endloop
  endfacet
  facet normal 0 0.9570244044334737 -0.2900073952828701
    outer loop
      vertex 81.5 14.651515151515152 -10.15
      vertex 81.5 15 -9
      vertex 81.59078557743521 14.651515151515152 -10.15
    endloop
  endfacet
  facet normal 0 0.9570244044334735 -0.29000739528287073
    outer loop
      vertex 99.04226244065093 10 -25.5
      vertex 81.5 15 -9
      vertex 97.88579744750278 15 -9
    endloop
  endfacet
  facet normal 0 0.9570244044334736 -0.2900073952828708
    outer loop
      vertex 99.04226244065093 10 -25.5
      vertex 97.88579744750278 15 -9
      vertex 99.04226244065093 15 -9
    endloop
  endfacet
  facet normal 0 1 0
    outer loop
      vertex 97.88579744750278 15 -9
      vertex 97.88579744750278 15 9
      vertex 99.04226244065093 15 -9
    endloop
  endfacet
  facet normal 0 -1 0
    outer loop
      vertex 97.88579744750278 -15 -9
      vertex 99.04226244065093 -15 9
      vertex 97.88579744750278 -15 9
    endloop
  endfacet
  facet normal 1 0 0
    outer loop
      vertex 99.04226244065093 -15 9
      vertex 99.04226244065093 10 -17.5
      vertex 99.04226244065093 -10 17.5
    endloop
  endfacet
  facet normal -1.881197690655262e-16 -0.9570244044334737 0.2900073952828701
    outer loop
      vertex 81.5 -15 9
      vertex 81.59078557743521 -14.651515151515152 10.15
      vertex 81.5 -14.651515151515152 10.15
    endloop
  endfacet
  facet normal -1 0 0
    outer loop
      vertex 81.5 -15 9
      vertex 81.5 -12.726320196681506 10.15
      vertex 81.5 -12.726320196681506 9
    endloop
  endfacet
  facet normal -1 0 0
    outer loop
      vertex 81.5 -15 9
      vertex 81.5 -14.651515151515152 10.15
      vertex 81.5 -12.726320196681506 10.15
    endloop
  endfacet
  facet normal 9.539671219893998e-15 -0.9570244044334738 0.2900073952828694
    outer loop
      vertex 81.5 -15 9
      vertex 84.04226244065093 -10 25.5
      vertex 81.59078557743521 -14.651515151515152 10.15
    endloop
  endfacet
  facet normal -2.0364779094685766e-16 -0.9570244044334735 0.2900073952828708
    outer loop
      vertex 81.59078557743521 -14.651515151515152 10.15
      vertex 84.04226244065093 -10 25.5
      vertex 81.64056272471205 -14.395433928588526 10.995068035657868
    endloop
  endfacet
  facet normal -1.5360280500666268e-15 -0.9570244044334736 0.2900073952828711
    outer loop
      vertex 81.64056272471205 -14.395433928588526 10.995068035657868
      vertex 84.04226244065093 -10 25.5
      vertex 81.9647676091371 -12.348484848484848 17.75
    endloop
  endfacet
  facet normal 0 -0.9570244044334735 0.29000739528287073
    outer loop
      vertex 81.5 -15 9
      vertex 97.88579744750278 -15 9
      vertex 99.04226244065093 -10 25.5
    endloop
  endfacet
  facet normal 0 -0.9570244044334736 0.2900073952828708
    outer loop
      vertex 97.88579744750278 -15 9
      vertex 99.04226244065093 -15 9
      vertex 99.04226244065093 -10 25.5
    endloop
  endfacet
  facet normal 1 0 0
    outer loop
      vertex 99.04226244065093 -15 9
      vertex 99.04226244065093 -10 17.5
      vertex 99.04226244065093 -10 25.5
    endloop
  endfacet
  facet normal 0 -0.9570244044334735 0.2900073952828707
    outer loop
      vertex 81.5 -12.348484848484848 17.75
      vertex 81.9647676091371 -12.348484848484848 17.75
      vertex 81.5 -10 25.5
    endloop
  endfacet
  facet normal -4.3142086536144265e-17 -0.9570244044334735 0.2900073952828707
    outer loop
      vertex 81.9647676091371 -12.348484848484848 17.75
      vertex 84.04226244065093 -10 25.5
      vertex 81.5 -10 25.5
    endloop
  endfacet
  facet normal 0 0 1
    outer loop
      vertex 81.5 -10 25.5
      vertex 84.04226244065093 -10 25.5
      vertex 84.04226244065093 -7.101556940842808 25.5
    endloop
  endfacet
  facet normal 0 -0.9570244044334736 0.2900073952828708
    outer loop
      vertex 81.5 -15 9
      vertex 99.04226244065093 -10 25.5
      vertex 84.04226244065093 -10 25.5
    endloop
  endfacet
  facet normal 1 0 0
    outer loop
      vertex 99.04226244065093 -10 17.5
      vertex 99.04226244065093 15 -9
      vertex 99.04226244065093 15 9
    endloop
  endfacet
  facet normal 0 1 0
    outer loop
      vertex 99.04226244065093 15 -9
      vertex 97.88579744750278 15 9
      vertex 99.04226244065093 15 9
    endloop
  endfacet
  facet normal -1 0 0
    outer loop
      vertex 81.5 12.726320196681506 9
      vertex 81.5 12.726320196681506 10.15
      vertex 81.5 14.651515151515152 10.15
    endloop
  endfacet
  facet normal -1 0 0
    outer loop
      vertex 81.5 12.726320196681506 9
      vertex 81.5 14.651515151515152 10.15
      vertex 81.5 15 9
    endloop
  endfacet
  facet normal 1.881197690655262e-16 0.9570244044334737 0.2900073952828701
    outer loop
      vertex 81.5 15 9
      vertex 81.5 14.651515151515152 10.15
      vertex 81.59078557743521 14.651515151515152 10.15
    endloop
  endfacet
  facet normal 0 0.9570244044334738 0.2900073952828702
    outer loop
      vertex 81.5 15 9
      vertex 81.59078557743521 14.651515151515152 10.15
      vertex 97.88579744750278 15 9
    endloop
  endfacet
  facet normal 9.696746195901443e-17 0.9570244044334735 0.29000739528287145
    outer loop
      vertex 81.59078557743521 14.651515151515152 10.15
      vertex 81.64056272471205 14.395433928588526 10.995068035657866
      vertex 97.88579744750278 15 9
    endloop
  endfacet
  facet normal 1 0 0
    outer loop
      vertex 99.04226244065093 -10 17.5
      vertex 99.04226244065093 15 9
      vertex 99.04226244065093 10 17.5
    endloop
  endfacet
  facet normal -1 0 0
    outer loop
      vertex 81.5 -12.348484848484848 17.75
      vertex 81.5 10 25.5
      vertex 81.5 12.348484848484848 17.75
    endloop
  endfacet
  facet normal -1 0 0
    outer loop
      vertex 81.5 -12.348484848484848 17.75
      vertex 81.5 -10 25.5
      vertex 81.5 10 25.5
    endloop
  endfacet
  facet normal 0 0 1
    outer loop
      vertex 81.5 -10 25.5
      vertex 84.04226244065093 -7.101556940842808 25.5
      vertex 81.5 10 25.5
    endloop
  endfacet
  facet normal 0 0 1
    outer loop
      vertex 84.04226244065093 -7.101556940842808 25.5
      vertex 84.04226244065093 10 25.5
      vertex 81.5 10 25.5
    endloop
  endfacet
  facet normal 0 0 1
    outer loop
      vertex 84.04226244065093 -10 25.5
      vertex 99.04226244065093 9.86754966887418 25.5
      vertex 84.04226244065093 -7.101556940842808 25.5
    endloop
  endfacet
  facet normal 3.366910041543985e-17 0.9570244044334735 0.2900073952828709
    outer loop
      vertex 81.64056272471205 14.395433928588526 10.995068035657866
      vertex 81.9647676091371 12.348484848484848 17.75
      vertex 97.88579744750278 15 9
    endloop
  endfacet
  facet normal 0 0.9570244044334736 0.2900073952828708
    outer loop
      vertex 97.88579744750278 15 9
      vertex 81.5 10 25.5
      vertex 99.04226244065093 15 9
    endloop
  endfacet
  facet normal -9.973174485864522e-17 0.9570244044334736 0.2900073952828707
    outer loop
      vertex 97.88579744750278 15 9
      vertex 81.9647676091371 12.348484848484848 17.75
      vertex 81.5 10 25.5
    endloop
  endfacet
  facet normal 1 0 0
    outer loop
      vertex 99.04226244065093 15 9
      vertex 99.04226244065093 10 25.5
      vertex 99.04226244065093 10 17.5
    endloop
  endfacet
  facet normal 0 0.9570244044334735 0.2900073952828707
    outer loop
      vertex 81.5 12.348484848484848 17.75
      vertex 81.5 10 25.5
      vertex 81.9647676091371 12.348484848484848 17.75
    endloop
  endfacet
  facet normal 0 0.9570244044334736 0.29000739528287084
    outer loop
      vertex 99.04226244065093 15 9
      vertex 81.5 10 25.5
      vertex 84.04226244065093 10 25.5
    endloop
  endfacet
  facet normal 0 0.9570244044334736 0.2900073952828708
    outer loop
      vertex 99.04226244065093 15 9
      vertex 84.04226244065093 10 25.5
      vertex 99.04226244065093 10 25.5
    endloop
  endfacet
  facet normal -0.9594929736144974 -0.2817325568414294 0
    outer loop
      vertex 66.11328515075652 3.7793553120547516 -29.7
      vertex 66.11328515075652 3.7793553120547516 -25.7
      vertex 61.966586518270624 17.9017139282315 -29.7
    endloop
  endfacet
  facet normal 0.28173255684143084 -0.9594929736144969 -2.5445245074816284e-15
    outer loop
      vertex 66.11328515075652 3.7793553120547516 -29.7
      vertex 73.67238467470415 5.998907195043568 -26.255387387525545
      vertex 73.32430251946846 5.896701052547284 -26.1012238019828
    endloop
  endfacet
  facet normal 0.28173255684142967 -0.9594929736144974 -3.5211758331698856e-16
    outer loop
      vertex 66.11328515075652 3.7793553120547516 -29.7
      vertex 73.32430251946846 5.896701052547284 -26.1012238019828
      vertex 73.0014669088788 5.801907964414225 -25.895882299986027
    endloop
  endfacet
  facet normal 0.28173255684142956 -0.9594929736144974 0
    outer loop
      vertex 66.11328515075652 3.7793553120547516 -29.7
      vertex 72.77562425199665 5.735594577118038 -25.7
      vertex 66.11328515075652 3.7793553120547516 -25.7
    endloop
  endfacet
  facet normal 0.281732556841427 -0.9594929736144981 4.8344674488691e-15
    outer loop
      vertex 66.11328515075652 3.7793553120547516 -29.7
      vertex 73.0014669088788 5.801907964414225 -25.895882299986027
      vertex 72.77562425199665 5.735594577118038 -25.7
    endloop
  endfacet
  facet normal 0.2817325568414295 -0.9594929736144976 3.392194339740699e-16
    outer loop
      vertex 66.11328515075652 3.7793553120547516 -29.7
      vertex 74.03829460776994 6.106348045420989 -26.35508732743956
      vertex 73.67238467470415 5.998907195043568 -26.255387387525545
    endloop
  endfacet
  facet normal 0.2817325568414284 -0.9594929736144977 1.2574464657770943e-15
    outer loop
      vertex 66.11328515075652 3.7793553120547516 -29.7
      vertex 74.41423358371715 6.216733688487208 -26.398198690599646
      vertex 74.03829460776994 6.106348045420989 -26.35508732743956
    endloop
  endfacet
  facet normal 0.2817325568414307 -0.9594929736144971 -2.8774430596959745e-15
    outer loop
      vertex 66.11328515075652 3.7793553120547516 -29.7
      vertex 74.79218911595997 6.327711445906322 -26.38380263314785
      vertex 74.41423358371715 6.216733688487208 -26.398198690599646
    endloop
  endfacet
  facet normal 0.28173255684142623 -0.9594929736144985 9.873383576786266e-15
    outer loop
      vertex 66.11328515075652 3.7793553120547516 -29.7
      vertex 75.16410573851627 6.43691601945301 -26.312205982055048
      vertex 74.79218911595997 6.327711445906322 -26.38380263314785
    endloop
  endfacet
  facet normal 0.2817325568414525 -0.9594929736144907 -6.653213198389844e-14
    outer loop
      vertex 66.11328515075652 3.7793553120547516 -29.7
      vertex 75.52205669427934 6.542019903237658 -26.18493469563673
      vertex 75.16410573851627 6.43691601945301 -26.312205982055048
    endloop
  endfacet
  facet normal -0.9594929736144974 -0.2817325568414294 -2.0487352147854902e-17
    outer loop
      vertex 66.11328515075652 3.7793553120547516 -25.7
      vertex 61.966586518270624 17.9017139282315 -25.7
      vertex 61.966586518270624 17.9017139282315 -29.7
    endloop
  endfacet
  facet normal 0 0 -1
    outer loop
      vertex 66.11328515075652 3.7793553120547516 -29.7
      vertex 61.966586518270624 17.9017139282315 -29.7
      vertex 78.77590413438689 22.757808352664128 -29.7
    endloop
  endfacet
  facet normal 0 0 -1
    outer loop
      vertex 66.11328515075652 3.7793553120547516 -29.7
      vertex 81.55079542019841 8.571333987947584 -29.7
      vertex 81.5728974139746 8.318707043090443 -29.7
    endloop
  endfacet
  facet normal 0.2817325568414298 -0.9594929736144975 -1.6463908814731019e-15
    outer loop
      vertex 66.11328515075652 3.7793553120547516 -29.7
      vertex 81.5728974139746 8.318707043090443 -29.7
      vertex 81.5728974139746 8.318707043090436 -25.7
    endloop
  endfacet
  facet normal 0.2817325568414291 -0.9594929736144976 1.2091954974372229e-15
    outer loop
      vertex 66.11328515075652 3.7793553120547516 -29.7
      vertex 81.5728974139746 8.318707043090436 -25.7
      vertex 75.52205669427934 6.542019903237658 -26.18493469563673
    endloop
  endfacet
  facet normal 0 0 -1
    outer loop
      vertex 66.11328515075652 3.7793553120547516 -29.7
      vertex 81.20198163680877 11.412194278725366 -29.7
      vertex 81.55079542019841 8.571333987947584 -29.7
    endloop
  endfacet
  facet normal 0 0 -1
    outer loop
      vertex 66.11328515075652 3.7793553120547516 -29.7
      vertex 80.75423574700106 14.239150568688288 -29.7
      vertex 81.20198163680877 11.412194278725366 -29.7
    endloop
  endfacet
  facet normal 0.2817325568414296 -0.9594929736144975 -5.2951176959889424e-15
    outer loop
      vertex 75.52205669427934 6.542019903237658 -26.18493469563673
      vertex 81.5728974139746 8.318707043090436 -25.7
      vertex 75.85841288008376 6.640782990453534 -26.004701340400835
    endloop
  endfacet
  facet normal 0.2817325568414292 -0.9594929736144975 1.2324186120320772e-15
    outer loop
      vertex 75.85841288008376 6.640782990453534 -26.004701340400835
      vertex 81.5728974139746 8.318707043090436 -25.7
      vertex 76.16600544779396 6.731100317364188 -25.775347277402037
    endloop
  endfacet
  facet normal 0.28173255684142895 -0.9594929736144977 2.6773163674036398e-14
    outer loop
      vertex 76.16600544779396 6.731100317364188 -25.775347277402037
      vertex 81.5728974139746 8.318707043090436 -25.7
      vertex 76.24099102414121 6.753118069167994 -25.7
    endloop
  endfacet
  facet normal 0 0 -1
    outer loop
      vertex 66.11328515075652 3.7793553120547516 -29.7
      vertex 80.20810326017207 17.048758647056268 -29.7
      vertex 80.75423574700106 14.239150568688288 -29.7
    endloop
  endfacet
  facet normal 0 0 -1
    outer loop
      vertex 66.11328515075652 3.7793553120547516 -29.7
      vertex 79.56424955463172 19.837595439172755 -29.7
      vertex 80.20810326017207 17.048758647056268 -29.7
    endloop
  endfacet
  facet normal 0 0 -1
    outer loop
      vertex 66.11328515075652 3.7793553120547516 -29.7
      vertex 78.82345906694215 22.602263176993933 -29.7
      vertex 79.56424955463172 19.837595439172755 -29.7
    endloop
  endfacet
  facet normal 0 0 -1
    outer loop
      vertex 66.11328515075652 3.7793553120547516 -29.7
      vertex 78.77590413438689 22.757808352664128 -29.7
      vertex 78.82345906694215 22.602263176993933 -29.7
    endloop
  endfacet
  facet normal 0 0 -1
    outer loop
      vertex -80.75423574700106 -14.239150568688288 -29.7
      vertex -64.5 -15 -29.7
      vertex -80.60634159933544 -15 -29.7
    endloop
  endfacet
  facet normal 0 0 -1
    outer loop
      vertex -80.75423574700106 -14.239150568688288 -29.7
      vertex -81.20198163680877 -11.412194278725366 -29.7
      vertex -64.5 -15 -29.7
    endloop
  endfacet
  facet normal 0 -1 0
    outer loop
      vertex -80.60634159933544 -15 -29.7
      vertex -75.05526840934823 -15 -25.7
      vertex -80.60634159933544 -15 -25.7
    endloop
  endfacet
  facet normal 0 -1 0
    outer loop
      vertex -80.60634159933544 -15 -29.7
      vertex -73.54530226262025 -15 -26.38380263314785
      vertex -73.93292013245754 -15 -26.312205982055048
    endloop
  endfacet
  facet normal 0 -1 0
    outer loop
      vertex -80.60634159933544 -15 -29.7
      vertex -73.93292013245754 -15 -26.312205982055048
      vertex -74.30598274532342 -15 -26.18493469563673
    endloop
  endfacet
  facet normal 0 -1 0
    outer loop
      vertex -80.60634159933544 -15 -29.7
      vertex -74.30598274532342 -15 -26.18493469563673
      vertex -74.65653891931741 -15 -26.004701340400835
    endloop
  endfacet
  facet normal 0 -1 0
    outer loop
      vertex -80.60634159933544 -15 -29.7
      vertex -74.65653891931741 -15 -26.004701340400835
      vertex -74.97711715820901 -15 -25.775347277402037
    endloop
  endfacet
  facet normal 0 -1 0
    outer loop
      vertex -80.60634159933544 -15 -29.7
      vertex -73.15139053774432 -15 -26.398198690599646
      vertex -73.54530226262025 -15 -26.38380263314785
    endloop
  endfacet
  facet normal 0 -1 0
    outer loop
      vertex -80.60634159933544 -15 -29.7
      vertex -74.97711715820901 -15 -25.775347277402037
      vertex -75.05526840934823 -15 -25.7
    endloop
  endfacet
  facet normal 0 0 -1
    outer loop
      vertex -81.20198163680877 -11.412194278725366 -29.7
      vertex -81.55079542019841 -8.571333987947584 -29.7
      vertex -74.19008646194303 -0.323717375334576 -29.7
    endloop
  endfacet
  facet normal 0 0 -1
    outer loop
      vertex -81.55079542019841 -8.571333987947584 -29.7
      vertex -81.80025212130559 -5.720030847018275 -29.7
      vertex -74.19008646194303 -0.323717375334576 -29.7
    endloop
  endfacet
  facet normal 0 -1 0
    outer loop
      vertex -80.60634159933544 -15 -29.7
      vertex -64.5 -15 -29.7
      vertex -64.5 -15 -25.7
    endloop
  endfacet
  facet normal 0 -1 0
    outer loop
      vertex -80.60634159933544 -15 -29.7
      vertex -64.5 -15 -25.7
      vertex -73.15139053774432 -15 -26.398198690599646
    endloop
  endfacet
  facet normal 0 -1 0
    outer loop
      vertex -73.15139053774432 -15 -26.398198690599646
      vertex -64.5 -15 -25.7
      vertex -72.75958050235552 -15 -26.35508732743956
    endloop
  endfacet
  facet normal 0 -1 0
    outer loop
      vertex -72.75958050235552 -15 -26.35508732743956
      vertex -64.5 -15 -25.7
      vertex -72.37822290711709 -15 -26.255387387525545
    endloop
  endfacet
  facet normal 0 -1 0
    outer loop
      vertex -72.37822290711709 -15 -26.255387387525545
      vertex -64.5 -15 -25.7
      vertex -72.01544572707748 -15 -26.1012238019828
    endloop
  endfacet
  facet normal 0 -1 0
    outer loop
      vertex -72.01544572707748 -15 -26.1012238019828
      vertex -64.5 -15 -25.7
      vertex -71.67898092799352 -15 -25.895882299986027
    endloop
  endfacet
  facet normal 0 -1 0
    outer loop
      vertex -71.67898092799352 -15 -25.895882299986027
      vertex -64.5 -15 -25.7
      vertex -71.44360384541692 -15 -25.7
    endloop
  endfacet
  facet normal 0 0 -1
    outer loop
      vertex -81.20198163680877 -11.412194278725366 -29.7
      vertex -64.5 -0.2814361285289883 -29.7
      vertex -64.5 -15 -29.7
    endloop
  endfacet
  facet normal 1 0 0
    outer loop
      vertex -64.5 -15 -29.7
      vertex -64.5 -0.2814361285289883 -25.7
      vertex -64.5 -15 -25.7
    endloop
  endfacet
  facet normal 1 0 0
    outer loop
      vertex -64.5 -15 -29.7
      vertex -64.5 -0.2814361285289883 -29.7
      vertex -64.5 -0.2814361285289883 -25.7
    endloop
  endfacet
  facet normal 0 0 -1
    outer loop
      vertex -81.80025212130559 -5.720030847018275 -29.7
      vertex -81.95004781556585 -2.8617587296050795 -29.7
      vertex -74.19008646194303 -0.323717375334576 -29.7
    endloop
  endfacet
  facet normal 0 0 -1
    outer loop
      vertex -81.95004781556585 -2.8617587296050795 -29.7
      vertex -81.99375514471691 -0.35776751955787517 -29.7
      vertex -74.19008646194303 -0.323717375334576 -29.7
    endloop
  endfacet
  facet normal 0 0 -1
    outer loop
      vertex -81.20198163680877 -11.412194278725366 -29.7
      vertex -74.19008646194303 -0.323717375334576 -29.7
      vertex -64.5 -0.2814361285289883 -29.7
    endloop
  endfacet
  facet normal -0.7547095802227743 -0.6560590289905045 0
    outer loop
      vertex -62.8156443357562 -52.70858399429622 -25.7
      vertex -60.93787568914633 -54.86870972142638 -25.7
      vertex -62.8156443357562 -52.70858399429622 -17.75
    endloop
  endfacet
  facet normal -0.60181502315205 -0.7986355100472915 0
    outer loop
      vertex -50.48424097670398 -64.6168817957512 -25.7
      vertex -48.198390687982794 -66.3393935387457 -25.7
      vertex -50.48424097670398 -64.6168817957512 -25.5
    endloop
  endfacet
  facet normal -0.6819983600625001 -0.7313537016191688 8.493242145614235e-18
    outer loop
      vertex -56.96198637763777 -58.9858636277694 -25.5
      vertex -54.86870972142638 -60.93787568914633 -25.7
      vertex -54.86870972142638 -60.93787568914633 -25.5
    endloop
  endfacet
  facet normal -0.6560590289905046 -0.7547095802227743 -6.363063489313862e-16
    outer loop
      vertex -52.70858399429622 -62.8156443357562 -25.7
      vertex -54.86870972142638 -60.93787568914633 -25.5
      vertex -54.86870972142638 -60.93787568914633 -25.7
    endloop
  endfacet
  facet normal -0.6560590289905046 -0.7547095802227743 0
    outer loop
      vertex -52.70858399429622 -62.8156443357562 -25.7
      vertex -52.70858399429622 -62.8156443357562 -25.5
      vertex -54.86870972142638 -60.93787568914633 -25.5
    endloop
  endfacet
  facet normal -0.6293203910498383 -0.7771459614569702 -2.077122666876069e-17
    outer loop
      vertex -52.70858399429622 -62.8156443357562 -25.5
      vertex -50.48424097670398 -64.6168817957512 -25.7
      vertex -50.48424097670398 -64.6168817957512 -25.5
    endloop
  endfacet
  facet normal -0.6293203910498383 -0.7771459614569702 0
    outer loop
      vertex -52.70858399429622 -62.8156443357562 -25.7
      vertex -50.48424097670398 -64.6168817957512 -25.7
      vertex -52.70858399429622 -62.8156443357562 -25.5
    endloop
  endfacet
  facet normal -0.7313537016191692 -0.6819983600624998 0
    outer loop
      vertex -58.9858636277694 -56.96198637763777 -25.7
      vertex -58.9858636277694 -56.96198637763777 -25.5
      vertex -60.120464784273864 -55.74527559904457 -25.5
    endloop
  endfacet
  facet normal -0.7071067811865475 -0.7071067811865475 6.685823482134985e-16
    outer loop
      vertex -58.9858636277694 -56.96198637763777 -25.5
      vertex -56.96198637763777 -58.9858636277694 -25.7
      vertex -56.96198637763777 -58.9858636277694 -25.5
    endloop
  endfacet
  facet normal -0.6819983600625001 -0.7313537016191688 0
    outer loop
      vertex -56.96198637763777 -58.9858636277694 -25.7
      vertex -54.86870972142638 -60.93787568914633 -25.7
      vertex -56.96198637763777 -58.9858636277694 -25.5
    endloop
  endfacet
  facet normal -0.7071067811865475 -0.7071067811865475 0
    outer loop
      vertex -58.9858636277694 -56.96198637763777 -25.7
      vertex -56.96198637763777 -58.9858636277694 -25.7
      vertex -58.9858636277694 -56.96198637763777 -25.5
    endloop
  endfacet
  facet normal -0.7313537016191661 -0.6819983600625033 3.9494574778919403e-14
    outer loop
      vertex -58.9858636277694 -56.96198637763777 -25.7
      vertex -60.120464784273864 -55.74527559904457 -25.5
      vertex -60.853918247674116 -54.95874305463491 -25.4
    endloop
  endfacet
  facet normal -0.7313537016191689 -0.6819983600625001 1.2151389507601675e-15
    outer loop
      vertex -58.9858636277694 -56.96198637763777 -25.7
      vertex -60.853918247674116 -54.95874305463491 -25.4
      vertex -60.93787568914633 -54.86870972142638 -25.7
    endloop
  endfacet
  facet normal -0.7313537016191686 -0.6819983600625006 3.907780092905912e-16
    outer loop
      vertex -60.853918247674116 -54.95874305463491 -25.4
      vertex -60.120464784273864 -55.74527559904457 -25.5
      vertex -60.120464784273864 -55.74527559904457 -25.4
    endloop
  endfacet
  facet normal -0.7313537016191666 -0.6819983600625027 0
    outer loop
      vertex -60.93787568914633 -54.86870972142638 -25.7
      vertex -60.853918247674116 -54.95874305463491 -25.4
      vertex -60.93787568914633 -54.86870972142638 -17.75
    endloop
  endfacet
  facet normal 0 0 -1
    outer loop
      vertex -52.70858399429622 -62.8156443357562 -25.7
      vertex -49.40986658117408 -41.45980082478178 -25.7
      vertex -50.48424097670398 -64.6168817957512 -25.7
    endloop
  endfacet
  facet normal 0 0 -1
    outer loop
      vertex -52.70858399429622 -62.8156443357562 -25.7
      vertex -54.86870972142638 -60.93787568914633 -25.7
      vertex -52.18159613718411 -37.91214877286452 -25.7
    endloop
  endfacet
  facet normal -0.7313537016191666 -0.6819983600625027 0
    outer loop
      vertex -60.853918247674116 -54.95874305463491 -25.4
      vertex -60.853918247674116 -54.95874305463491 -17.75
      vertex -60.93787568914633 -54.86870972142638 -17.75
    endloop
  endfacet
  facet normal -0.7547095802227743 -0.6560590289905045 0
    outer loop
      vertex -60.93787568914633 -54.86870972142638 -25.7
      vertex -60.93787568914633 -54.86870972142638 -17.75
      vertex -62.8156443357562 -52.70858399429622 -17.75
    endloop
  endfacet
  facet normal -0.7986355100472914 -0.60181502315205 2.937958160094961e-18
    outer loop
      vertex -64.6168817957512 -50.48424097670398 -25.7
      vertex -66.3393935387457 -48.198390687982794 -17.75
      vertex -66.3393935387457 -48.198390687982794 -25.7
    endloop
  endfacet
  facet normal -0.7771459614569701 -0.6293203910498383 0
    outer loop
      vertex -64.6168817957512 -50.48424097670398 -25.7
      vertex -62.8156443357562 -52.70858399429622 -25.7
      vertex -64.6168817957512 -50.48424097670398 -17.75
    endloop
  endfacet
  facet normal -0.819152044288991 -0.5735764363510472 3.7635866268066536e-18
    outer loop
      vertex -66.3393935387457 -48.198390687982794 -25.7
      vertex -67.98108094951343 -45.853818084601244 -17.75
      vertex -67.98108094951343 -45.853818084601244 -25.7
    endloop
  endfacet
  facet normal -0.8386705679454265 -0.5446390350150231 0
    outer loop
      vertex -69.53994388482693 -43.4533796671228 -25.7
      vertex -67.98108094951343 -45.853818084601244 -25.7
      vertex -69.53994388482693 -43.4533796671228 -17.75
    endloop
  endfacet
  facet normal -0.8571673007021118 -0.5150380749100549 0
    outer loop
      vertex -71.01408311032397 -41 -25.7
      vertex -69.53994388482693 -43.4533796671228 -25.7
      vertex -71.01408311032397 -41 -17.75
    endloop
  endfacet
  facet normal 0 0 -1
    outer loop
      vertex -72.40170261443201 -38.49666814844305 -25.7
      vertex -73.70111179653169 -35.94643403670435 -25.7
      vertex -71.4436038454169 -35 -25.7
    endloop
  endfacet
  facet normal -0.8746197071393946 -0.48480962024633917 0
    outer loop
      vertex -72.40170261443201 -38.49666814844305 -25.7
      vertex -71.01408311032397 -41 -25.7
      vertex -72.40170261443201 -38.49666814844305 -17.75
    endloop
  endfacet
  facet normal -0.8910065241883686 -0.4539904997395455 -1.0207799559254235e-18
    outer loop
      vertex -72.40170261443201 -38.49666814844305 -25.7
      vertex -73.70111179653169 -35.94643403670435 -17.75
      vertex -73.70111179653169 -35.94643403670435 -25.7
    endloop
  endfacet
  facet normal 0 0 -1
    outer loop
      vertex -66.3393935387457 -48.198390687982794 -25.7
      vertex -67.98108094951343 -45.853818084601244 -25.7
      vertex -64.5 -15 -25.7
    endloop
  endfacet
  facet normal 0 0 -1
    outer loop
      vertex -64.6168817957512 -50.48424097670398 -25.7
      vertex -62.58407434480177 -15.603962266178568 -25.7
      vertex -62.8156443357562 -52.70858399429622 -25.7
    endloop
  endfacet
  facet normal 0 0 -1
    outer loop
      vertex -64.6168817957512 -50.48424097670398 -25.7
      vertex -66.3393935387457 -48.198390687982794 -25.7
      vertex -64.5 -15 -25.7
    endloop
  endfacet
  facet normal 0 0 -1
    outer loop
      vertex -58.9858636277694 -56.96198637763777 -25.7
      vertex -56.95011973940079 -30.280915799689957 -25.7
      vertex -56.96198637763777 -58.9858636277694 -25.7
    endloop
  endfacet
  facet normal 0 0 -1
    outer loop
      vertex -58.9858636277694 -56.96198637763777 -25.7
      vertex -60.93787568914633 -54.86870972142638 -25.7
      vertex -58.923682017947755 -26.234513478389115 -25.7
    endloop
  endfacet
  facet normal 0 0 -1
    outer loop
      vertex -56.96198637763777 -58.9858636277694 -25.7
      vertex -54.69910220208948 -34.179792543041714 -25.7
      vertex -54.86870972142638 -60.93787568914633 -25.7
    endloop
  endfacet
  facet normal 0 0 -1
    outer loop
      vertex -54.86870972142638 -60.93787568914633 -25.7
      vertex -53.47292342980019 -36.067942273863174 -25.7
      vertex -52.18159613718411 -37.91214877286452 -25.7
    endloop
  endfacet
  facet normal 0 0 -1
    outer loop
      vertex -52.70858399429622 -62.8156443357562 -25.7
      vertex -52.18159613718411 -37.91214877286452 -25.7
      vertex -50.826693607633565 -39.71016515850496 -25.7
    endloop
  endfacet
  facet normal 0 0 -1
    outer loop
      vertex -52.70858399429622 -62.8156443357562 -25.7
      vertex -50.826693607633565 -39.71016515850496 -25.7
      vertex -49.40986658117408 -41.45980082478178 -25.7
    endloop
  endfacet
  facet normal 0 0 -1
    outer loop
      vertex -62.8156443357562 -52.70858399429622 -25.7
      vertex -60.61017404069109 -22.060299244505632 -25.7
      vertex -60.93787568914633 -54.86870972142638 -25.7
    endloop
  endfacet
  facet normal 0 0 -1
    outer loop
      vertex -56.96198637763777 -58.9858636277694 -25.7
      vertex -56.95011973940079 -30.280915799689957 -25.7
      vertex -55.85863854409629 -32.25 -25.7
    endloop
  endfacet
  facet normal 0 0 -1
    outer loop
      vertex -58.9858636277694 -56.96198637763777 -25.7
      vertex -57.97221598629628 -28.274938967895498 -25.7
      vertex -56.95011973940079 -30.280915799689957 -25.7
    endloop
  endfacet
  facet normal 0 0 -1
    outer loop
      vertex -58.9858636277694 -56.96198637763777 -25.7
      vertex -58.923682017947755 -26.234513478389115 -25.7
      vertex -57.97221598629628 -28.274938967895498 -25.7
    endloop
  endfacet
  facet normal 0 0 -1
    outer loop
      vertex -54.86870972142638 -60.93787568914633 -25.7
      vertex -54.69910220208948 -34.179792543041714 -25.7
      vertex -53.47292342980019 -36.067942273863174 -25.7
    endloop
  endfacet
  facet normal 0 0 -1
    outer loop
      vertex -56.96198637763777 -58.9858636277694 -25.7
      vertex -55.85863854409629 -32.25 -25.7
      vertex -54.69910220208948 -34.179792543041714 -25.7
    endloop
  endfacet
  facet normal -0.8386705679454265 -0.5446390350150231 0
    outer loop
      vertex -67.98108094951343 -45.853818084601244 -25.7
      vertex -67.98108094951343 -45.853818084601244 -17.75
      vertex -69.53994388482693 -43.4533796671228 -17.75
    endloop
  endfacet
  facet normal -0.7986355100472914 -0.60181502315205 0
    outer loop
      vertex -64.6168817957512 -50.48424097670398 -25.7
      vertex -64.6168817957512 -50.48424097670398 -17.75
      vertex -66.3393935387457 -48.198390687982794 -17.75
    endloop
  endfacet
  facet normal -0.7771459614569701 -0.6293203910498383 0
    outer loop
      vertex -62.8156443357562 -52.70858399429622 -25.7
      vertex -62.8156443357562 -52.70858399429622 -17.75
      vertex -64.6168817957512 -50.48424097670398 -17.75
    endloop
  endfacet
  facet normal -0.819152044288991 -0.5735764363510472 0
    outer loop
      vertex -66.3393935387457 -48.198390687982794 -25.7
      vertex -66.3393935387457 -48.198390687982794 -17.75
      vertex -67.98108094951343 -45.853818084601244 -17.75
    endloop
  endfacet
  facet normal -0.8571673007021118 -0.5150380749100549 0
    outer loop
      vertex -69.53994388482693 -43.4533796671228 -25.7
      vertex -69.53994388482693 -43.4533796671228 -17.75
      vertex -71.01408311032397 -41 -17.75
    endloop
  endfacet
  facet normal -0.8746197071393946 -0.48480962024633917 0
    outer loop
      vertex -71.01408311032397 -41 -25.7
      vertex -71.01408311032397 -41 -17.75
      vertex -72.40170261443201 -38.49666814844305 -17.75
    endloop
  endfacet
  facet normal -0.8910065241883686 -0.4539904997395455 0
    outer loop
      vertex -72.40170261443201 -38.49666814844305 -25.7
      vertex -72.40170261443201 -38.49666814844305 -17.75
      vertex -73.70111179653169 -35.94643403670435 -17.75
    endloop
  endfacet
  facet normal -0.5446390350150029 -0.8386705679454396 2.286501720176085e-13
    outer loop
      vertex -45.853818084601244 -67.98108094951343 -25.4
      vertex -43.4533796671228 -69.53994388482693 -25.7
      vertex -45.738779552178755 -68.05578784597888 -25.4
    endloop
  endfacet
  facet normal -0.5446390350150231 -0.8386705679454266 0
    outer loop
      vertex -45.853818084601244 -67.98108094951343 -25.7
      vertex -43.4533796671228 -69.53994388482693 -25.7
      vertex -45.853818084601244 -67.98108094951343 -25.4
    endloop
  endfacet
  facet normal -0.5446390350150241 -0.8386705679454259 0
    outer loop
      vertex -45.738779552178755 -68.05578784597888 -25.4
      vertex -43.4533796671228 -69.53994388482693 -25.7
      vertex -45.738779552178755 -68.05578784597888 -17.75
    endloop
  endfacet
  facet normal -0.4539904997395455 -0.8910065241883686 0
    outer loop
      vertex -38.49666814844305 -72.40170261443201 -25.7
      vertex -35.94643403670435 -73.70111179653169 -25.7
      vertex -38.49666814844305 -72.40170261443201 -17.75
    endloop
  endfacet
  facet normal -0.5150380749100549 -0.8571673007021118 0
    outer loop
      vertex -43.4533796671228 -69.53994388482693 -25.7
      vertex -41 -71.01408311032397 -25.7
      vertex -43.4533796671228 -69.53994388482693 -17.75
    endloop
  endfacet
  facet normal -0.48480962024633917 -0.8746197071393946 0
    outer loop
      vertex -41 -71.01408311032397 -25.7
      vertex -38.49666814844305 -72.40170261443201 -25.7
      vertex -41 -71.01408311032397 -17.75
    endloop
  endfacet
  facet normal -0.3583679495453028 -0.9335804264972006 0
    outer loop
      vertex -30.717740660104784 -76.02907607447656 -25.7
      vertex -28.045651752704835 -77.05479490444449 -25.7
      vertex -30.717740660104784 -76.02907607447656 -17.75
    endloop
  endfacet
  facet normal -0.3255681544571524 -0.9455185755993184 0
    outer loop
      vertex -28.045651752704835 -77.05479490444449 -25.7
      vertex -25.339393538745686 -77.98663433620258 -25.7
      vertex -28.045651752704835 -77.05479490444449 -17.75
    endloop
  endfacet
  facet normal -0.4226182617406969 -0.906307787036651 0
    outer loop
      vertex -35.94643403670435 -73.70111179653169 -25.7
      vertex -33.35240473221562 -74.91072752669326 -25.7
      vertex -35.94643403670435 -73.70111179653169 -17.75
    endloop
  endfacet
  facet normal -0.3907311284892749 -0.9205048534524398 -8.952010459942739e-18
    outer loop
      vertex -30.717740660104784 -76.02907607447656 -25.7
      vertex -33.35240473221562 -74.91072752669326 -17.75
      vertex -33.35240473221562 -74.91072752669326 -25.7
    endloop
  endfacet
  facet normal 0 0 -1
    outer loop
      vertex -30.717740660104784 -76.02907607447656 -25.7
      vertex -33.35240473221562 -74.91072752669326 -25.7
      vertex -30.280915799689957 -56.95011973940079 -25.7
    endloop
  endfacet
  facet normal 0 0 -1
    outer loop
      vertex -30.717740660104784 -76.02907607447656 -25.7
      vertex -26.234513478389115 -58.923682017947755 -25.7
      vertex -28.045651752704835 -77.05479490444449 -25.7
    endloop
  endfacet
  facet normal 0 0 -1
    outer loop
      vertex -28.045651752704835 -77.05479490444449 -25.7
      vertex -24.162125275326325 -59.80335861955779 -25.7
      vertex -25.339393538745686 -77.98663433620258 -25.7
    endloop
  endfacet
  facet normal -0.5446390350150241 -0.8386705679454259 0
    outer loop
      vertex -43.4533796671228 -69.53994388482693 -25.7
      vertex -43.4533796671228 -69.53994388482693 -17.75
      vertex -45.738779552178755 -68.05578784597888 -17.75
    endloop
  endfacet
  facet normal -0.5150380749100549 -0.8571673007021118 0
    outer loop
      vertex -41 -71.01408311032397 -25.7
      vertex -41 -71.01408311032397 -17.75
      vertex -43.4533796671228 -69.53994388482693 -17.75
    endloop
  endfacet
  facet normal -0.48480962024633917 -0.8746197071393946 0
    outer loop
      vertex -38.49666814844305 -72.40170261443201 -25.7
      vertex -38.49666814844305 -72.40170261443201 -17.75
      vertex -41 -71.01408311032397 -17.75
    endloop
  endfacet
  facet normal -0.3583679495453028 -0.9335804264972006 0
    outer loop
      vertex -28.045651752704835 -77.05479490444449 -25.7
      vertex -28.045651752704835 -77.05479490444449 -17.75
      vertex -30.717740660104784 -76.02907607447656 -17.75
    endloop
  endfacet
  facet normal -0.3255681544571524 -0.9455185755993184 0
    outer loop
      vertex -25.339393538745686 -77.98663433620258 -25.7
      vertex -25.339393538745686 -77.98663433620258 -17.75
      vertex -28.045651752704835 -77.05479490444449 -17.75
    endloop
  endfacet
  facet normal -0.4226182617406969 -0.906307787036651 0
    outer loop
      vertex -33.35240473221562 -74.91072752669326 -25.7
      vertex -33.35240473221562 -74.91072752669326 -17.75
      vertex -35.94643403670435 -73.70111179653169 -17.75
    endloop
  endfacet
  facet normal -0.4539904997395455 -0.8910065241883686 0
    outer loop
      vertex -35.94643403670435 -73.70111179653169 -25.7
      vertex -35.94643403670435 -73.70111179653169 -17.75
      vertex -38.49666814844305 -72.40170261443201 -17.75
    endloop
  endfacet
  facet normal -0.3907311284892749 -0.9205048534524398 0
    outer loop
      vertex -30.717740660104784 -76.02907607447656 -25.7
      vertex -30.717740660104784 -76.02907607447656 -17.75
      vertex -33.35240473221562 -74.91072752669326 -17.75
    endloop
  endfacet
  facet normal -0.25881904510252407 -0.9659258262890674 -2.8424399794746933e-15
    outer loop
      vertex -21.47920101841464 -79.12438266538342 -25.4
      vertex -19.837595439172755 -79.56424955463172 -25.7
      vertex -20.468840134795162 -79.39510804821326 -25.5
    endloop
  endfacet
  facet normal -0.2588190451025238 -0.9659258262890674 -2.0704504408360268e-16
    outer loop
      vertex -21.47920101841464 -79.12438266538342 -25.4
      vertex -20.468840134795162 -79.39510804821326 -25.5
      vertex -20.468840134795162 -79.39510804821326 -25.4
    endloop
  endfacet
  facet normal -0.2588190451025215 -0.9659258262890681 1.2090287207367734e-14
    outer loop
      vertex -22.602263176993933 -78.82345906694215 -25.7
      vertex -19.837595439172755 -79.56424955463172 -25.7
      vertex -21.47920101841464 -79.12438266538342 -25.4
    endloop
  endfacet
  facet normal -0.25881904510252324 -0.9659258262890676 5.0728117883316656e-18
    outer loop
      vertex -20.468840134795162 -79.39510804821326 -25.5
      vertex -19.837595439172755 -79.56424955463172 -25.7
      vertex -19.837595439172755 -79.56424955463172 -25.5
    endloop
  endfacet
  facet normal -0.22495105434386498 -0.9743700647852352 0
    outer loop
      vertex -19.837595439172755 -79.56424955463172 -25.7
      vertex -17.048758647056268 -80.20810326017207 -25.7
      vertex -19.837595439172755 -79.56424955463172 -25.5
    endloop
  endfacet
  facet normal -0.29237170472274054 -0.9563047559630343 0
    outer loop
      vertex -25.339393538745686 -77.98663433620258 -25.7
      vertex -22.602263176993933 -78.82345906694215 -25.7
      vertex -25.339393538745686 -77.98663433620258 -17.75
    endloop
  endfacet
  facet normal -0.25881904510251846 -0.9659258262890689 0
    outer loop
      vertex -22.602263176993933 -78.82345906694215 -25.7
      vertex -21.47920101841464 -79.12438266538342 -25.4
      vertex -22.602263176993933 -78.82345906694215 -17.75
    endloop
  endfacet
  facet normal -0.19080899537654344 -0.9816271834476641 0
    outer loop
      vertex -17.048758647056268 -80.20810326017207 -25.7
      vertex -14.239150568688288 -80.75423574700106 -25.7
      vertex -17.048758647056268 -80.20810326017207 -25.5
    endloop
  endfacet
  facet normal -0.19080899537654344 -0.9816271834476641 7.593998224820503e-17
    outer loop
      vertex -17.048758647056268 -80.20810326017207 -25.5
      vertex -14.239150568688288 -80.75423574700106 -25.7
      vertex -14.239150568688288 -80.75423574700106 -25.5
    endloop
  endfacet
  facet normal -0.15643446504023126 -0.9876883405951378 0
    outer loop
      vertex -14.239150568688288 -80.75423574700106 -25.7
      vertex -11.412194278725366 -81.20198163680877 -25.7
      vertex -14.239150568688288 -80.75423574700106 -25.5
    endloop
  endfacet
  facet normal -0.22495105434386498 -0.9743700647852352 -1.388006474165684e-16
    outer loop
      vertex -19.837595439172755 -79.56424955463172 -25.5
      vertex -17.048758647056268 -80.20810326017207 -25.7
      vertex -17.048758647056268 -80.20810326017207 -25.5
    endloop
  endfacet
  facet normal 0 0 -1
    outer loop
      vertex -25.339393538745686 -77.98663433620258 -25.7
      vertex -22.060299244505632 -60.61017404069109 -25.7
      vertex -22.602263176993933 -78.82345906694215 -25.7
    endloop
  endfacet
  facet normal 0 0 -1
    outer loop
      vertex -22.602263176993933 -78.82345906694215 -25.7
      vertex -17.778609450196445 -62.00137938802157 -25.7
      vertex -19.837595439172755 -79.56424955463172 -25.7
    endloop
  endfacet
  facet normal 0 0 -1
    outer loop
      vertex -19.837595439172755 -79.56424955463172 -25.7
      vertex -15.603962266178568 -62.58407434480177 -25.7
      vertex -17.048758647056268 -80.20810326017207 -25.7
    endloop
  endfacet
  facet normal 0 0 -1
    outer loop
      vertex -17.048758647056268 -80.20810326017207 -25.7
      vertex -13.410304057745478 -63.09052024733047 -25.7
      vertex -14.239150568688288 -80.75423574700106 -25.7
    endloop
  endfacet
  facet normal 0 0 -1
    outer loop
      vertex -17.048758647056268 -80.20810326017207 -25.7
      vertex -15.603962266178568 -62.58407434480177 -25.7
      vertex -13.410304057745478 -63.09052024733047 -25.7
    endloop
  endfacet
  facet normal 0 0 -1
    outer loop
      vertex -14.239150568688288 -80.75423574700106 -25.7
      vertex -13.410304057745478 -63.09052024733047 -25.7
      vertex -11.200307459517006 -63.520100069287416 -25.7
    endloop
  endfacet
  facet normal -0.15643446504023126 -0.9876883405951378 2.012962842629064e-17
    outer loop
      vertex -14.239150568688288 -80.75423574700106 -25.5
      vertex -11.412194278725366 -81.20198163680877 -25.7
      vertex -11.412194278725366 -81.20198163680877 -25.5
    endloop
  endfacet
  facet normal -0.12186934340514637 -0.9925461516413222 -3.6201225279586014e-17
    outer loop
      vertex -8.571333987947584 -81.55079542019841 -25.7
      vertex -11.412194278725366 -81.20198163680877 -25.5
      vertex -11.412194278725366 -81.20198163680877 -25.7
    endloop
  endfacet
  facet normal -0.12186934340514637 -0.9925461516413222 0
    outer loop
      vertex -8.571333987947584 -81.55079542019841 -25.7
      vertex -8.571333987947584 -81.55079542019841 -25.5
      vertex -11.412194278725366 -81.20198163680877 -25.5
    endloop
  endfacet
  facet normal -0.08715574274765933 -0.9961946980917454 0
    outer loop
      vertex -8.571333987947584 -81.55079542019841 -25.7
      vertex -5.720030847018275 -81.80025212130559 -25.7
      vertex -8.571333987947584 -81.55079542019841 -25.5
    endloop
  endfacet
  facet normal -0.08715574274765933 -0.9961946980917454 1.9154749745759993e-17
    outer loop
      vertex -8.571333987947584 -81.55079542019841 -25.5
      vertex -5.720030847018275 -81.80025212130559 -25.7
      vertex -5.720030847018275 -81.80025212130559 -25.5
    endloop
  endfacet
  facet normal -0.05233595624294425 -0.9986295347545739 0
    outer loop
      vertex -5.720030847018275 -81.80025212130559 -25.7
      vertex -2.8617587296050795 -81.95004781556585 -25.7
      vertex -5.720030847018275 -81.80025212130559 -25.5
    endloop
  endfacet
  facet normal -0.05233595624294425 -0.9986295347545739 -1.6833273960308416e-17
    outer loop
      vertex -5.720030847018275 -81.80025212130559 -25.5
      vertex -2.8617587296050795 -81.95004781556585 -25.7
      vertex -2.8617587296050795 -81.95004781556585 -25.5
    endloop
  endfacet
  facet normal -0.01745240643730769 -0.9998476951563908 0
    outer loop
      vertex -2.8617587296050795 -81.95004781556585 -25.7
      vertex -2.6763324951999348 -81.9532844425268 -25.5
      vertex -2.8617587296050795 -81.95004781556585 -25.5
    endloop
  endfacet
  facet normal -0.017452406437280146 -0.9998476951563913 -2.5545327336823264e-14
    outer loop
      vertex -2.8617587296050795 -81.95004781556585 -25.7
      vertex -1.682764675924702 -81.97062723332283 -25.4
      vertex -2.6763324951999348 -81.9532844425268 -25.5
    endloop
  endfacet
  facet normal -0.017452406437282717 -0.9998476951563913 0
    outer loop
      vertex -2.6763324951999348 -81.9532844425268 -25.5
      vertex -1.682764675924702 -81.97062723332283 -25.4
      vertex -2.6763324951999348 -81.9532844425268 -25.4
    endloop
  endfacet
  facet normal -0.01745240643728252 -0.9998476951563913 -1.6236828146961706e-14
    outer loop
      vertex -2.8617587296050795 -81.95004781556585 -25.7
      vertex 0 -82 -25.7
      vertex -1.682764675924702 -81.97062723332283 -25.4
    endloop
  endfacet
  facet normal -0.017452406437279622 -0.9998476951563914 -1.2266835408981143e-19
    outer loop
      vertex -1.682764675924702 -81.97062723332283 -25.4
      vertex 0 -82 -25.7
      vertex 0 -82 -17.75
    endloop
  endfacet
  facet normal 0 0 -1
    outer loop
      vertex -14.239150568688288 -80.75423574700106 -25.7
      vertex -11.200307459517006 -63.520100069287416 -25.7
      vertex -11.412194278725366 -81.20198163680877 -25.7
    endloop
  endfacet
  facet normal 0 0 -1
    outer loop
      vertex -8.571333987947584 -81.55079542019841 -25.7
      vertex -11.412194278725366 -81.20198163680877 -25.7
      vertex -6.742085880763649 -64.14666225125363 -25.7
    endloop
  endfacet
  facet normal 0 0 -1
    outer loop
      vertex -8.571333987947584 -81.55079542019841 -25.7
      vertex -4.499292556496082 -64.34288124175866 -25.7
      vertex -5.720030847018275 -81.80025212130559 -25.7
    endloop
  endfacet
  facet normal 0 0 -1
    outer loop
      vertex -11.412194278725366 -81.20198163680877 -25.7
      vertex -11.200307459517006 -63.520100069287416 -25.7
      vertex -8.97666501192422 -63.87229043383129 -25.7
    endloop
  endfacet
  facet normal 0 0 -1
    outer loop
      vertex -11.412194278725366 -81.20198163680877 -25.7
      vertex -8.97666501192422 -63.87229043383129 -25.7
      vertex -6.742085880763649 -64.14666225125363 -25.7
    endloop
  endfacet
  facet normal 0 0 -1
    outer loop
      vertex -8.571333987947584 -81.55079542019841 -25.7
      vertex -6.742085880763649 -64.14666225125363 -25.7
      vertex -4.499292556496082 -64.34288124175866 -25.7
    endloop
  endfacet
  facet normal 0 0 -1
    outer loop
      vertex -5.720030847018275 -81.80025212130559 -25.7
      vertex -2.2510175373113124 -64.46070834273168 -25.7
      vertex -2.8617587296050795 -81.95004781556585 -25.7
    endloop
  endfacet
  facet normal 0 0 -1
    outer loop
      vertex -2.8617587296050795 -81.95004781556585 -25.7
      vertex 0 -64.5 -25.7
      vertex 0 -82 -25.7
    endloop
  endfacet
  facet normal 0 0 -1
    outer loop
      vertex -5.720030847018275 -81.80025212130559 -25.7
      vertex -4.499292556496082 -64.34288124175866 -25.7
      vertex -2.2510175373113124 -64.46070834273168 -25.7
    endloop
  endfacet
  facet normal 0 0 -1
    outer loop
      vertex -2.8617587296050795 -81.95004781556585 -25.7
      vertex -2.2510175373113124 -64.46070834273168 -25.7
      vertex 0 -64.5 -25.7
    endloop
  endfacet
  facet normal -0.29237170472274054 -0.9563047559630343 -4.573019152391669e-18
    outer loop
      vertex -25.339393538745686 -77.98663433620258 -17.75
      vertex -22.602263176993933 -78.82345906694215 -25.7
      vertex -22.602263176993933 -78.82345906694215 -17.75
    endloop
  endfacet
  facet normal -0.25881904510251846 -0.9659258262890689 0
    outer loop
      vertex -21.47920101841464 -79.12438266538342 -25.4
      vertex -21.47920101841464 -79.12438266538342 -17.75
      vertex -22.602263176993933 -78.82345906694215 -17.75
    endloop
  endfacet
  facet normal -0.017452406437279622 -0.9998476951563913 0
    outer loop
      vertex -1.682764675924702 -81.97062723332283 -25.4
      vertex 0 -82 -17.75
      vertex -1.682764675924702 -81.97062723332283 -17.75
    endloop
  endfacet
  facet normal -0.5735764363510473 -0.8191520442889911 0
    outer loop
      vertex -48.198390687982794 -66.3393935387457 -25.7
      vertex -45.853818084601244 -67.98108094951343 -25.7
      vertex -48.198390687982794 -66.3393935387457 -25.5
    endloop
  endfacet
  facet normal -0.5735764363510485 -0.81915204428899 -2.477949707142919e-14
    outer loop
      vertex -48.198390687982794 -66.3393935387457 -25.5
      vertex -45.853818084601244 -67.98108094951343 -25.7
      vertex -46.61338732591772 -67.4492248409514 -25.5
    endloop
  endfacet
  facet normal -0.60181502315205 -0.7986355100472915 1.1678383686377512e-16
    outer loop
      vertex -50.48424097670398 -64.6168817957512 -25.5
      vertex -48.198390687982794 -66.3393935387457 -25.7
      vertex -48.198390687982794 -66.3393935387457 -25.5
    endloop
  endfacet
  facet normal -0.5735764363510442 -0.8191520442889932 2.382266444523449e-17
    outer loop
      vertex -46.61338732591772 -67.4492248409514 -25.5
      vertex -45.853818084601244 -67.98108094951343 -25.7
      vertex -45.853818084601244 -67.98108094951343 -25.4
    endloop
  endfacet
  facet normal -0.5735764363510442 -0.8191520442889931 0
    outer loop
      vertex -46.61338732591772 -67.4492248409514 -25.5
      vertex -45.853818084601244 -67.98108094951343 -25.4
      vertex -46.61338732591772 -67.4492248409514 -25.4
    endloop
  endfacet
  facet normal 0 0 -1
    outer loop
      vertex -45.853818084601244 -67.98108094951343 -25.7
      vertex -43.15892411014636 -47.93284124329193 -25.7
      vertex -43.4533796671228 -69.53994388482693 -25.7
    endloop
  endfacet
  facet normal 0 0 -1
    outer loop
      vertex -41 -71.01408311032397 -25.7
      vertex -37.91214877286452 -52.18159613718411 -25.7
      vertex -38.49666814844305 -72.40170261443201 -25.7
    endloop
  endfacet
  facet normal 0 0 -1
    outer loop
      vertex -43.4533796671228 -69.53994388482693 -25.7
      vertex -39.71016515850496 -50.826693607633565 -25.7
      vertex -41 -71.01408311032397 -25.7
    endloop
  endfacet
  facet normal 0 0 -1
    outer loop
      vertex -50.48424097670398 -64.6168817957512 -25.7
      vertex -47.93284124329193 -43.15892411014636 -25.7
      vertex -48.198390687982794 -66.3393935387457 -25.7
    endloop
  endfacet
  facet normal 0 0 -1
    outer loop
      vertex -48.198390687982794 -66.3393935387457 -25.7
      vertex -44.80546489460532 -46.397417121843 -25.7
      vertex -45.853818084601244 -67.98108094951343 -25.7
    endloop
  endfacet
  facet normal 0 0 -1
    outer loop
      vertex -48.198390687982794 -66.3393935387457 -25.7
      vertex -46.397417121843 -44.80546489460532 -25.7
      vertex -44.80546489460532 -46.397417121843 -25.7
    endloop
  endfacet
  facet normal 0 0 -1
    outer loop
      vertex -45.853818084601244 -67.98108094951343 -25.7
      vertex -44.80546489460532 -46.397417121843 -25.7
      vertex -43.15892411014636 -47.93284124329193 -25.7
    endloop
  endfacet
  facet normal 0 0 -1
    outer loop
      vertex -43.4533796671228 -69.53994388482693 -25.7
      vertex -41.45980082478178 -49.40986658117408 -25.7
      vertex -39.71016515850496 -50.826693607633565 -25.7
    endloop
  endfacet
  facet normal 0 0 -1
    outer loop
      vertex -38.49666814844305 -72.40170261443201 -25.7
      vertex -37.91214877286452 -52.18159613718411 -25.7
      vertex -36.067942273863174 -53.47292342980019 -25.7
    endloop
  endfacet
  facet normal 0 0 -1
    outer loop
      vertex -41 -71.01408311032397 -25.7
      vertex -39.71016515850496 -50.826693607633565 -25.7
      vertex -37.91214877286452 -52.18159613718411 -25.7
    endloop
  endfacet
  facet normal 0 0 -1
    outer loop
      vertex -43.4533796671228 -69.53994388482693 -25.7
      vertex -43.15892411014636 -47.93284124329193 -25.7
      vertex -41.45980082478178 -49.40986658117408 -25.7
    endloop
  endfacet
  facet normal 0 0 -1
    outer loop
      vertex -38.49666814844305 -72.40170261443201 -25.7
      vertex -34.179792543041714 -54.69910220208948 -25.7
      vertex -35.94643403670435 -73.70111179653169 -25.7
    endloop
  endfacet
  facet normal 0 0 -1
    outer loop
      vertex -35.94643403670435 -73.70111179653169 -25.7
      vertex -32.25 -55.85863854409629 -25.7
      vertex -33.35240473221562 -74.91072752669326 -25.7
    endloop
  endfacet
  facet normal 0 0 -1
    outer loop
      vertex -33.35240473221562 -74.91072752669326 -25.7
      vertex -32.25 -55.85863854409629 -25.7
      vertex -30.280915799689957 -56.95011973940079 -25.7
    endloop
  endfacet
  facet normal 0 0 -1
    outer loop
      vertex -35.94643403670435 -73.70111179653169 -25.7
      vertex -34.179792543041714 -54.69910220208948 -25.7
      vertex -32.25 -55.85863854409629 -25.7
    endloop
  endfacet
  facet normal 0 0 -1
    outer loop
      vertex -30.717740660104784 -76.02907607447656 -25.7
      vertex -28.274938967895498 -57.97221598629628 -25.7
      vertex -26.234513478389115 -58.923682017947755 -25.7
    endloop
  endfacet
  facet normal 0 0 -1
    outer loop
      vertex -28.045651752704835 -77.05479490444449 -25.7
      vertex -26.234513478389115 -58.923682017947755 -25.7
      vertex -24.162125275326325 -59.80335861955779 -25.7
    endloop
  endfacet
  facet normal 0 0 -1
    outer loop
      vertex -30.717740660104784 -76.02907607447656 -25.7
      vertex -30.280915799689957 -56.95011973940079 -25.7
      vertex -28.274938967895498 -57.97221598629628 -25.7
    endloop
  endfacet
  facet normal 0 0 -1
    outer loop
      vertex -38.49666814844305 -72.40170261443201 -25.7
      vertex -36.067942273863174 -53.47292342980019 -25.7
      vertex -34.179792543041714 -54.69910220208948 -25.7
    endloop
  endfacet
  facet normal 0 0 -1
    outer loop
      vertex -48.198390687982794 -66.3393935387457 -25.7
      vertex -47.93284124329193 -43.15892411014636 -25.7
      vertex -46.397417121843 -44.80546489460532 -25.7
    endloop
  endfacet
  facet normal 0 0 -1
    outer loop
      vertex -50.48424097670398 -64.6168817957512 -25.7
      vertex -49.40986658117408 -41.45980082478178 -25.7
      vertex -47.93284124329193 -43.15892411014636 -25.7
    endloop
  endfacet
  facet normal 0 0 -1
    outer loop
      vertex -25.339393538745686 -77.98663433620258 -25.7
      vertex -24.162125275326325 -59.80335861955779 -25.7
      vertex -22.060299244505632 -60.61017404069109 -25.7
    endloop
  endfacet
  facet normal 0 0 -1
    outer loop
      vertex -22.602263176993933 -78.82345906694215 -25.7
      vertex -22.060299244505632 -60.61017404069109 -25.7
      vertex -19.93159613718411 -61.3431453010374 -25.7
    endloop
  endfacet
  facet normal 0 0 -1
    outer loop
      vertex -22.602263176993933 -78.82345906694215 -25.7
      vertex -19.93159613718411 -61.3431453010374 -25.7
      vertex -17.778609450196445 -62.00137938802157 -25.7
    endloop
  endfacet
  facet normal 0 0 -1
    outer loop
      vertex -19.837595439172755 -79.56424955463172 -25.7
      vertex -17.778609450196445 -62.00137938802157 -25.7
      vertex -15.603962266178568 -62.58407434480177 -25.7
    endloop
  endfacet
  facet normal 0 0 -1
    outer loop
      vertex -75.05526840934823 -33.01188775185468 -25.7
      vertex -76.02907607447656 -30.717740660104784 -25.7
      vertex -77.05479490444449 -28.045651752704835 -25.7
    endloop
  endfacet
  facet normal -0.9205048534524407 -0.3907311284892729 4.088804747568329e-14
    outer loop
      vertex -75.05526840934823 -33.01188775185468 -25.7
      vertex -75.26088489340822 -32.527485671429574 -25.501760790300047
      vertex -76.02907607447656 -30.717740660104784 -25.7
    endloop
  endfacet
  facet normal -0.9205048534524414 -0.3907311284892712 5.887319031130216e-14
    outer loop
      vertex -75.26088489340822 -32.527485671429574 -25.501760790300047
      vertex -75.33946202049141 -32.34236956069098 -25.4
      vertex -76.02907607447656 -30.717740660104784 -25.7
    endloop
  endfacet
  facet normal -0.9205048534524292 -0.39073112848930014 -1.2608506346542092e-13
    outer loop
      vertex -75.33946202049141 -32.34236956069098 -25.4
      vertex -75.6789696807423 -31.542539636073673 -25.5
      vertex -76.02907607447656 -30.717740660104784 -25.7
    endloop
  endfacet
  facet normal -0.9205048534524348 -0.3907311284892868 -2.2940410635495187e-16
    outer loop
      vertex -75.33946202049141 -32.34236956069098 -25.4
      vertex -75.6789696807423 -31.542539636073673 -25.4
      vertex -75.6789696807423 -31.542539636073673 -25.5
    endloop
  endfacet
  facet normal -0.9205048534524402 -0.3907311284892743 1.5083667729125888e-16
    outer loop
      vertex -75.6789696807423 -31.542539636073673 -25.5
      vertex -76.02907607447656 -30.717740660104784 -25.5
      vertex -76.02907607447656 -30.717740660104784 -25.7
    endloop
  endfacet
  facet normal -0.9335804264972009 -0.3583679495453029 0
    outer loop
      vertex -76.02907607447656 -30.717740660104784 -25.7
      vertex -76.02907607447656 -30.717740660104784 -25.5
      vertex -77.05479490444449 -28.045651752704835 -25.5
    endloop
  endfacet
  facet normal -0.9335804264972009 -0.3583679495453029 8.329418722329575e-17
    outer loop
      vertex -76.02907607447656 -30.717740660104784 -25.7
      vertex -77.05479490444449 -28.045651752704835 -25.5
      vertex -77.05479490444449 -28.045651752704835 -25.7
    endloop
  endfacet
  facet normal 0 0 -1
    outer loop
      vertex -75.05526840934823 -33.01188775185468 -25.7
      vertex -77.05479490444449 -28.045651752704835 -25.7
      vertex -77.98663433620258 -25.339393538745686 -25.7
    endloop
  endfacet
  facet normal -0.9455185755993183 -0.3255681544571524 0
    outer loop
      vertex -77.98663433620258 -25.339393538745686 -25.7
      vertex -77.05479490444449 -28.045651752704835 -25.7
      vertex -77.98663433620258 -25.339393538745686 -25.5
    endloop
  endfacet
  facet normal 0 0 -1
    outer loop
      vertex -75.05526840934823 -33.01188775185468 -25.7
      vertex -78.82345906694215 -22.602263176993933 -25.7
      vertex -79.56424955463172 -19.837595439172755 -25.7
    endloop
  endfacet
  facet normal -0.9563047559630343 -0.2923717047227406 0
    outer loop
      vertex -77.98663433620258 -25.339393538745686 -25.7
      vertex -77.98663433620258 -25.339393538745686 -25.5
      vertex -78.82345906694215 -22.602263176993933 -25.5
    endloop
  endfacet
  facet normal 0 0 -1
    outer loop
      vertex -75.05526840934823 -33.01188775185468 -25.7
      vertex -77.98663433620258 -25.339393538745686 -25.7
      vertex -78.82345906694215 -22.602263176993933 -25.7
    endloop
  endfacet
  facet normal -0.9455185755993183 -0.3255681544571524 -2.1016067843245762e-16
    outer loop
      vertex -77.98663433620258 -25.339393538745686 -25.5
      vertex -77.05479490444449 -28.045651752704835 -25.7
      vertex -77.05479490444449 -28.045651752704835 -25.5
    endloop
  endfacet
  facet normal -0.9563047559630343 -0.2923717047227406 -1.817775113075695e-16
    outer loop
      vertex -77.98663433620258 -25.339393538745686 -25.7
      vertex -78.82345906694215 -22.602263176993933 -25.5
      vertex -78.82345906694215 -22.602263176993933 -25.7
    endloop
  endfacet
  facet normal 0 0 -1
    outer loop
      vertex -75.05526840934823 -33.01188775185468 -25.7
      vertex -79.56424955463172 -19.837595439172755 -25.7
      vertex -80.20810326017207 -17.048758647056268 -25.7
    endloop
  endfacet
  facet normal -0.9659258262890681 -0.25881904510252146 4.6964301395196905e-17
    outer loop
      vertex -78.82345906694215 -22.602263176993933 -25.7
      vertex -79.56424955463172 -19.837595439172755 -25.5
      vertex -79.56424955463172 -19.837595439172755 -25.7
    endloop
  endfacet
  facet normal 0 0 -1
    outer loop
      vertex -75.05526840934823 -33.01188775185468 -25.7
      vertex -80.20810326017207 -17.048758647056268 -25.7
      vertex -80.60634159933544 -15 -25.7
    endloop
  endfacet
  facet normal -0.9659258262890681 -0.25881904510252146 0
    outer loop
      vertex -78.82345906694215 -22.602263176993933 -25.7
      vertex -78.82345906694215 -22.602263176993933 -25.5
      vertex -79.56424955463172 -19.837595439172755 -25.5
    endloop
  endfacet
  facet normal 0 0 -1
    outer loop
      vertex -75.05526840934823 -33.01188775185468 -25.7
      vertex -80.60634159933544 -15 -25.7
      vertex -75.05526840934823 -15 -25.7
    endloop
  endfacet
  facet normal -0.9063077870366505 -0.42261826174069855 0
    outer loop
      vertex -74.91072752669326 -33.35240473221562 -21.577155014139095
      vertex -74.65653891931741 -33.89751395984782 -21.395298659599163
      vertex -74.91072752669326 -33.35240473221562 -17.75
    endloop
  endfacet
  facet normal -0.9205048534524538 -0.3907311284892419 0
    outer loop
      vertex -75.26342306141575 -32.52150612232416 -21.9015262474417
      vertex -75.26088489340822 -32.52748567142957 -21.898239209699952
      vertex -75.26342306141575 -32.52150612232416 -17.75
    endloop
  endfacet
  facet normal -0.9205048534524412 -0.39073112848927183 1.013390581065038e-15
    outer loop
      vertex -74.91072752669326 -33.35240473221562 -21.577155014139095
      vertex -75.26342306141575 -32.52150612232416 -17.75
      vertex -74.97711715820901 -33.19600056174308 -21.62465272259796
    endloop
  endfacet
  facet normal -0.9205048534524432 -0.39073112848926717 4.5742406001609656e-17
    outer loop
      vertex -74.97711715820901 -33.19600056174308 -21.62465272259796
      vertex -75.26342306141575 -32.52150612232416 -17.75
      vertex -75.26088489340822 -32.52748567142957 -21.898239209699952
    endloop
  endfacet
  facet normal -0.9063077870366514 -0.4226182617406962 -4.095616475227527e-16
    outer loop
      vertex -74.65653891931741 -33.89751395984782 -21.395298659599163
      vertex -74.30598274532342 -34.6492841010053 -21.215065304363268
      vertex -74.91072752669326 -33.35240473221562 -17.75
    endloop
  endfacet
  facet normal -0.9205048534524428 -0.39073112848926794 0
    outer loop
      vertex -74.91072752669326 -33.35240473221562 -21.577155014139095
      vertex -74.91072752669326 -33.35240473221562 -17.75
      vertex -75.26342306141575 -32.52150612232416 -17.75
    endloop
  endfacet
  facet normal -0.9743700647852352 -0.22495105434386498 0
    outer loop
      vertex -79.56424955463172 -19.837595439172755 -25.7
      vertex -79.56424955463172 -19.837595439172755 -25.5
      vertex -80.20810326017207 -17.048758647056268 -25.5
    endloop
  endfacet
  facet normal -0.9743700647852352 -0.22495105434386498 -1.388006474165684e-16
    outer loop
      vertex -79.56424955463172 -19.837595439172755 -25.7
      vertex -80.20810326017207 -17.048758647056268 -25.5
      vertex -80.20810326017207 -17.048758647056268 -25.7
    endloop
  endfacet
  facet normal 0 0 -1
    outer loop
      vertex -73.70111179653169 -35.94643403670435 -25.7
      vertex -74.14244123578548 -35 -25.7
      vertex -71.4436038454169 -35 -25.7
    endloop
  endfacet
  facet normal 0 0 -1
    outer loop
      vertex -71.01408311032397 -41 -25.7
      vertex -64.5 -15 -25.7
      vertex -69.53994388482693 -43.4533796671228 -25.7
    endloop
  endfacet
  facet normal -0.9063077870366488 -0.4226182617407019 0
    outer loop
      vertex -73.70111179653169 -35.94643403670435 -25.7
      vertex -73.70111179653169 -35.94643403670435 -17.75
      vertex -74.14244123578548 -35 -25.7
    endloop
  endfacet
  facet normal 0 0 -1
    outer loop
      vertex -72.40170261443201 -38.49666814844305 -25.7
      vertex -64.5 -15 -25.7
      vertex -71.01408311032397 -41 -25.7
    endloop
  endfacet
  facet normal 0 0 -1
    outer loop
      vertex -72.40170261443201 -38.49666814844305 -25.7
      vertex -71.4436038454169 -35 -25.7
      vertex -64.5 -15 -25.7
    endloop
  endfacet
  facet normal 0 0 -1
    outer loop
      vertex -69.53994388482693 -43.4533796671228 -25.7
      vertex -64.5 -15 -25.7
      vertex -67.98108094951343 -45.853818084601244 -25.7
    endloop
  endfacet
  facet normal 0 0 -1
    outer loop
      vertex -62.8156443357562 -52.70858399429622 -25.7
      vertex -62.58407434480177 -15.603962266178568 -25.7
      vertex -62.00137938802157 -17.778609450196445 -25.7
    endloop
  endfacet
  facet normal 0 0 -1
    outer loop
      vertex -71.4436038454169 -35 -25.7
      vertex -71.44360384541692 -15 -25.7
      vertex -64.5 -15 -25.7
    endloop
  endfacet
  facet normal 0 0 -1
    outer loop
      vertex -64.6168817957512 -50.48424097670398 -25.7
      vertex -63.09052024733047 -13.410304057745478 -25.7
      vertex -62.58407434480177 -15.603962266178568 -25.7
    endloop
  endfacet
  facet normal 0 0 -1
    outer loop
      vertex -64.6168817957512 -50.48424097670398 -25.7
      vertex -63.520100069287416 -11.200307459517006 -25.7
      vertex -63.09052024733047 -13.410304057745478 -25.7
    endloop
  endfacet
  facet normal 0 0 -1
    outer loop
      vertex -64.6168817957512 -50.48424097670398 -25.7
      vertex -64.5 -15 -25.7
      vertex -63.87229043383129 -8.97666501192422 -25.7
    endloop
  endfacet
  facet normal 0 0 -1
    outer loop
      vertex -64.6168817957512 -50.48424097670398 -25.7
      vertex -63.87229043383129 -8.97666501192422 -25.7
      vertex -63.520100069287416 -11.200307459517006 -25.7
    endloop
  endfacet
  facet normal 0 0 -1
    outer loop
      vertex -60.93787568914633 -54.86870972142638 -25.7
      vertex -59.80335861955779 -24.162125275326325 -25.7
      vertex -58.923682017947755 -26.234513478389115 -25.7
    endloop
  endfacet
  facet normal 0 0 -1
    outer loop
      vertex -60.93787568914633 -54.86870972142638 -25.7
      vertex -60.61017404069109 -22.060299244505632 -25.7
      vertex -59.80335861955779 -24.162125275326325 -25.7
    endloop
  endfacet
  facet normal 0 0 -1
    outer loop
      vertex -62.8156443357562 -52.70858399429622 -25.7
      vertex -61.3431453010374 -19.93159613718411 -25.7
      vertex -60.61017404069109 -22.060299244505632 -25.7
    endloop
  endfacet
  facet normal 0 0 -1
    outer loop
      vertex -62.8156443357562 -52.70858399429622 -25.7
      vertex -62.00137938802157 -17.778609450196445 -25.7
      vertex -61.3431453010374 -19.93159613718411 -25.7
    endloop
  endfacet
  facet normal -0.9063077870366487 -0.42261826174070183 0
    outer loop
      vertex -74.14244123578548 -35 -25.7
      vertex -73.70111179653169 -35.94643403670435 -17.75
      vertex -74.14244123578548 -35 -21.15927269051276
    endloop
  endfacet
  facet normal -0.9063077870366574 -0.42261826174068345 -6.224974529341194e-15
    outer loop
      vertex -74.91072752669326 -33.35240473221562 -17.75
      vertex -74.30598274532342 -34.6492841010053 -21.215065304363268
      vertex -74.14244123578548 -35 -21.15927269051276
    endloop
  endfacet
  facet normal -0.906307787036651 -0.42261826174069694 1.6613188800707081e-15
    outer loop
      vertex -74.91072752669326 -33.35240473221562 -17.75
      vertex -74.14244123578548 -35 -21.15927269051276
      vertex -73.70111179653169 -35.94643403670435 -17.75
    endloop
  endfacet
  facet normal 0 0 -1
    outer loop
      vertex -64.5 -15 -25.7
      vertex -64.14666225125363 -6.742085880763649 -25.7
      vertex -63.87229043383129 -8.97666501192422 -25.7
    endloop
  endfacet
  facet normal 0 0 -1
    outer loop
      vertex -64.5 -15 -25.7
      vertex -64.34288124175866 -4.499292556496082 -25.7
      vertex -64.14666225125363 -6.742085880763649 -25.7
    endloop
  endfacet
  facet normal 0 0 -1
    outer loop
      vertex -64.5 -15 -25.7
      vertex -64.46070834273168 -2.2510175373113124 -25.7
      vertex -64.34288124175866 -4.499292556496082 -25.7
    endloop
  endfacet
  facet normal 0 0 -1
    outer loop
      vertex -64.5 -15 -25.7
      vertex -64.5 -0.2814361285289883 -25.7
      vertex -64.46070834273168 -2.2510175373113124 -25.7
    endloop
  endfacet
  facet normal 0 0 -1
    outer loop
      vertex -64.46070834273168 -2.2510175373113124 -25.7
      vertex -64.5 -0.2814361285289883 -25.7
      vertex -64.49508788822244 -0.28141469526198715 -25.7
    endloop
  endfacet
  facet normal 0.01745240643728252 -0.9998476951563914 0
    outer loop
      vertex 0 -82 -25.7
      vertex 2.8617587296050795 -81.95004781556585 -25.7
      vertex 0 -82 -17.75
    endloop
  endfacet
  facet normal 0.05233595624294424 -0.9986295347545738 0
    outer loop
      vertex 2.8617587296050795 -81.95004781556585 -25.7
      vertex 5.720030847018275 -81.80025212130559 -25.7
      vertex 2.8617587296050795 -81.95004781556585 -17.75
    endloop
  endfacet
  facet normal 0.08715574274765932 -0.9961946980917453 0
    outer loop
      vertex 5.720030847018275 -81.80025212130559 -25.7
      vertex 8.571333987947584 -81.55079542019841 -25.7
      vertex 5.720030847018275 -81.80025212130559 -17.75
    endloop
  endfacet
  facet normal 0.12186934340514637 -0.9925461516413221 0
    outer loop
      vertex 8.571333987947584 -81.55079542019841 -25.7
      vertex 11.412194278725366 -81.20198163680877 -25.7
      vertex 8.571333987947584 -81.55079542019841 -17.75
    endloop
  endfacet
  facet normal 0 0 -1
    outer loop
      vertex 0 -82 -25.7
      vertex 2.2510175373113124 -64.46070834273168 -25.7
      vertex 2.8617587296050795 -81.95004781556585 -25.7
    endloop
  endfacet
  facet normal 0 0 -1
    outer loop
      vertex 2.8617587296050795 -81.95004781556585 -25.7
      vertex 4.499292556496082 -64.34288124175866 -25.7
      vertex 5.720030847018275 -81.80025212130559 -25.7
    endloop
  endfacet
  facet normal 0 0 -1
    outer loop
      vertex 0 -82 -25.7
      vertex 0 -64.5 -25.7
      vertex 2.2510175373113124 -64.46070834273168 -25.7
    endloop
  endfacet
  facet normal 0 0 -1
    outer loop
      vertex 2.8617587296050795 -81.95004781556585 -25.7
      vertex 2.2510175373113124 -64.46070834273168 -25.7
      vertex 4.499292556496082 -64.34288124175866 -25.7
    endloop
  endfacet
  facet normal 0 0 -1
    outer loop
      vertex 5.720030847018275 -81.80025212130559 -25.7
      vertex 4.499292556496082 -64.34288124175866 -25.7
      vertex 6.742085880763649 -64.14666225125363 -25.7
    endloop
  endfacet
  facet normal 0 0 -1
    outer loop
      vertex 5.720030847018275 -81.80025212130559 -25.7
      vertex 6.742085880763649 -64.14666225125363 -25.7
      vertex 8.571333987947584 -81.55079542019841 -25.7
    endloop
  endfacet
  facet normal 0 0 -1
    outer loop
      vertex 8.571333987947584 -81.55079542019841 -25.7
      vertex 8.97666501192422 -63.87229043383129 -25.7
      vertex 11.412194278725366 -81.20198163680877 -25.7
    endloop
  endfacet
  facet normal 0 0 -1
    outer loop
      vertex 8.571333987947584 -81.55079542019841 -25.7
      vertex 6.742085880763649 -64.14666225125363 -25.7
      vertex 8.97666501192422 -63.87229043383129 -25.7
    endloop
  endfacet
  facet normal 0 0 -1
    outer loop
      vertex 11.412194278725366 -81.20198163680877 -25.7
      vertex 8.97666501192422 -63.87229043383129 -25.7
      vertex 11.200307459517006 -63.520100069287416 -25.7
    endloop
  endfacet
  facet normal 0 0 -1
    outer loop
      vertex 11.412194278725366 -81.20198163680877 -25.7
      vertex 11.200307459517006 -63.520100069287416 -25.7
      vertex 13.410304057745478 -63.09052024733047 -25.7
    endloop
  endfacet
  facet normal 0.15643446504023123 -0.9876883405951377 0
    outer loop
      vertex 11.412194278725366 -81.20198163680877 -25.7
      vertex 14.239150568688288 -80.75423574700106 -25.7
      vertex 11.412194278725366 -81.20198163680877 -17.75
    endloop
  endfacet
  facet normal 0.19080899537654344 -0.9816271834476643 0
    outer loop
      vertex 14.239150568688288 -80.75423574700106 -25.7
      vertex 17.048758647056268 -80.20810326017207 -25.7
      vertex 14.239150568688288 -80.75423574700106 -17.75
    endloop
  endfacet
  facet normal 0.22495105434386492 -0.9743700647852351 0
    outer loop
      vertex 17.048758647056268 -80.20810326017207 -25.7
      vertex 19.837595439172755 -79.56424955463172 -25.7
      vertex 17.048758647056268 -80.20810326017207 -17.75
    endloop
  endfacet
  facet normal 0.29237170472274054 -0.9563047559630342 -1.564207006432004e-14
    outer loop
      vertex 22.602263176993933 -78.82345906694215 -25.7
      vertex 25.339393538745686 -77.98663433620258 -25.7
      vertex 24.709757205599075 -78.17913348140664 -25.4
    endloop
  endfacet
  facet normal 0.25881904510252146 -0.9659258262890681 0
    outer loop
      vertex 19.837595439172755 -79.56424955463172 -25.7
      vertex 22.602263176993933 -78.82345906694215 -25.7
      vertex 19.837595439172755 -79.56424955463172 -17.75
    endloop
  endfacet
  facet normal 0.29237170472273855 -0.956304755963035 0
    outer loop
      vertex 22.602263176993933 -78.82345906694215 -25.7
      vertex 24.709757205599075 -78.17913348140664 -25.4
      vertex 22.602263176993933 -78.82345906694215 -17.75
    endloop
  endfacet
  facet normal 0 0 -1
    outer loop
      vertex 11.412194278725366 -81.20198163680877 -25.7
      vertex 13.410304057745478 -63.09052024733047 -25.7
      vertex 14.239150568688288 -80.75423574700106 -25.7
    endloop
  endfacet
  facet normal 0 0 -1
    outer loop
      vertex 14.239150568688288 -80.75423574700106 -25.7
      vertex 15.603962266178568 -62.58407434480177 -25.7
      vertex 17.048758647056268 -80.20810326017207 -25.7
    endloop
  endfacet
  facet normal 0 0 -1
    outer loop
      vertex 17.048758647056268 -80.20810326017207 -25.7
      vertex 17.778609450196445 -62.00137938802157 -25.7
      vertex 19.837595439172755 -79.56424955463172 -25.7
    endloop
  endfacet
  facet normal 0 0 -1
    outer loop
      vertex 14.239150568688288 -80.75423574700106 -25.7
      vertex 13.410304057745478 -63.09052024733047 -25.7
      vertex 15.603962266178568 -62.58407434480177 -25.7
    endloop
  endfacet
  facet normal 0 0 -1
    outer loop
      vertex 17.048758647056268 -80.20810326017207 -25.7
      vertex 15.603962266178568 -62.58407434480177 -25.7
      vertex 17.778609450196445 -62.00137938802157 -25.7
    endloop
  endfacet
  facet normal 0 0 -1
    outer loop
      vertex 19.837595439172755 -79.56424955463172 -25.7
      vertex 22.060299244505632 -60.61017404069109 -25.7
      vertex 22.602263176993933 -78.82345906694215 -25.7
    endloop
  endfacet
  facet normal 0 0 -1
    outer loop
      vertex 22.602263176993933 -78.82345906694215 -25.7
      vertex 24.162125275326325 -59.80335861955779 -25.7
      vertex 25.339393538745686 -77.98663433620258 -25.7
    endloop
  endfacet
  facet normal 0.01745240643728252 -0.9998476951563914 0
    outer loop
      vertex 2.8617587296050795 -81.95004781556585 -25.7
      vertex 2.8617587296050795 -81.95004781556585 -17.75
      vertex 0 -82 -17.75
    endloop
  endfacet
  facet normal 0.05233595624294424 -0.9986295347545738 0
    outer loop
      vertex 5.720030847018275 -81.80025212130559 -25.7
      vertex 5.720030847018275 -81.80025212130559 -17.75
      vertex 2.8617587296050795 -81.95004781556585 -17.75
    endloop
  endfacet
  facet normal 0.08715574274765932 -0.9961946980917453 0
    outer loop
      vertex 8.571333987947584 -81.55079542019841 -25.7
      vertex 8.571333987947584 -81.55079542019841 -17.75
      vertex 5.720030847018275 -81.80025212130559 -17.75
    endloop
  endfacet
  facet normal 0.12186934340514637 -0.9925461516413221 0
    outer loop
      vertex 11.412194278725366 -81.20198163680877 -25.7
      vertex 11.412194278725366 -81.20198163680877 -17.75
      vertex 8.571333987947584 -81.55079542019841 -17.75
    endloop
  endfacet
  facet normal 0.15643446504023123 -0.9876883405951377 0
    outer loop
      vertex 14.239150568688288 -80.75423574700106 -25.7
      vertex 14.239150568688288 -80.75423574700106 -17.75
      vertex 11.412194278725366 -81.20198163680877 -17.75
    endloop
  endfacet
  facet normal 0.19080899537654344 -0.9816271834476643 0
    outer loop
      vertex 17.048758647056268 -80.20810326017207 -25.7
      vertex 17.048758647056268 -80.20810326017207 -17.75
      vertex 14.239150568688288 -80.75423574700106 -17.75
    endloop
  endfacet
  facet normal 0.22495105434386492 -0.9743700647852351 0
    outer loop
      vertex 19.837595439172755 -79.56424955463172 -25.7
      vertex 19.837595439172755 -79.56424955463172 -17.75
      vertex 17.048758647056268 -80.20810326017207 -17.75
    endloop
  endfacet
  facet normal 0.25881904510252146 -0.9659258262890681 0
    outer loop
      vertex 22.602263176993933 -78.82345906694215 -25.7
      vertex 22.602263176993933 -78.82345906694215 -17.75
      vertex 19.837595439172755 -79.56424955463172 -17.75
    endloop
  endfacet
  facet normal 0.2923717047227385 -0.9563047559630349 0
    outer loop
      vertex 24.709757205599075 -78.17913348140664 -25.4
      vertex 24.709757205599075 -78.17913348140664 -17.75
      vertex 22.602263176993933 -78.82345906694215 -17.75
    endloop
  endfacet
  facet normal 0.2923717047227474 -0.9563047559630322 -1.2099420014279384e-17
    outer loop
      vertex 24.709757205599075 -78.17913348140664 -25.4
      vertex 25.339393538745686 -77.98663433620258 -25.7
      vertex 25.339393538745686 -77.98663433620258 -25.4
    endloop
  endfacet
  facet normal 0.3255681544571608 -0.9455185755993153 0
    outer loop
      vertex 25.339393538745686 -77.98663433620258 -25.7
      vertex 25.676932546500247 -77.8704103352703 -25.5
      vertex 25.339393538745686 -77.98663433620258 -25.4
    endloop
  endfacet
  facet normal 0.32556815445716075 -0.9455185755993153 -7.747145207830299e-17
    outer loop
      vertex 25.339393538745686 -77.98663433620258 -25.4
      vertex 25.676932546500247 -77.8704103352703 -25.5
      vertex 25.676932546500247 -77.8704103352703 -25.4
    endloop
  endfacet
  facet normal 0.3255681544571524 -0.9455185755993183 1.5822992288811687e-14
    outer loop
      vertex 25.339393538745686 -77.98663433620258 -25.7
      vertex 28.045651752704835 -77.05479490444449 -25.7
      vertex 25.676932546500247 -77.8704103352703 -25.5
    endloop
  endfacet
  facet normal 0.32556815445715126 -0.9455185755993186 6.777799879359077e-17
    outer loop
      vertex 25.676932546500247 -77.8704103352703 -25.5
      vertex 28.045651752704835 -77.05479490444449 -25.7
      vertex 28.045651752704835 -77.05479490444449 -25.5
    endloop
  endfacet
  facet normal 0.3583679495453029 -0.9335804264972009 0
    outer loop
      vertex 28.045651752704835 -77.05479490444449 -25.7
      vertex 30.717740660104784 -76.02907607447656 -25.7
      vertex 28.045651752704835 -77.05479490444449 -25.5
    endloop
  endfacet
  facet normal 0.3583679495453029 -0.9335804264972009 -8.329418722329575e-17
    outer loop
      vertex 28.045651752704835 -77.05479490444449 -25.5
      vertex 30.717740660104784 -76.02907607447656 -25.7
      vertex 30.717740660104784 -76.02907607447656 -25.5
    endloop
  endfacet
  facet normal 0 0 -1
    outer loop
      vertex 25.339393538745686 -77.98663433620258 -25.7
      vertex 26.234513478389115 -58.923682017947755 -25.7
      vertex 28.045651752704835 -77.05479490444449 -25.7
    endloop
  endfacet
  facet normal 0 0 -1
    outer loop
      vertex 28.045651752704835 -77.05479490444449 -25.7
      vertex 30.280915799689957 -56.95011973940079 -25.7
      vertex 30.717740660104784 -76.02907607447656 -25.7
    endloop
  endfacet
  facet normal 0.39073112848927494 -0.9205048534524399 0
    outer loop
      vertex 30.717740660104784 -76.02907607447656 -25.7
      vertex 33.35240473221562 -74.91072752669326 -25.7
      vertex 30.717740660104784 -76.02907607447656 -25.5
    endloop
  endfacet
  facet normal 0.39073112848927494 -0.9205048534524399 3.5584241578272513e-16
    outer loop
      vertex 30.717740660104784 -76.02907607447656 -25.5
      vertex 33.35240473221562 -74.91072752669326 -25.7
      vertex 33.35240473221562 -74.91072752669326 -25.5
    endloop
  endfacet
  facet normal 0.42261826174069694 -0.9063077870366513 0
    outer loop
      vertex 33.35240473221562 -74.91072752669326 -25.7
      vertex 35.94643403670435 -73.70111179653169 -25.7
      vertex 33.35240473221562 -74.91072752669326 -25.5
    endloop
  endfacet
  facet normal 0.42261826174069694 -0.9063077870366513 2.1302857771679027e-17
    outer loop
      vertex 33.35240473221562 -74.91072752669326 -25.5
      vertex 35.94643403670435 -73.70111179653169 -25.7
      vertex 35.94643403670435 -73.70111179653169 -25.5
    endloop
  endfacet
  facet normal 0.45399049973954547 -0.8910065241883685 0
    outer loop
      vertex 35.94643403670435 -73.70111179653169 -25.7
      vertex 38.49666814844305 -72.40170261443201 -25.7
      vertex 35.94643403670435 -73.70111179653169 -25.5
    endloop
  endfacet
  facet normal 0 0 -1
    outer loop
      vertex 30.717740660104784 -76.02907607447656 -25.7
      vertex 32.25 -55.85863854409629 -25.7
      vertex 33.35240473221562 -74.91072752669326 -25.7
    endloop
  endfacet
  facet normal 0.45399049973954547 -0.8910065241883685 4.057600324803572e-17
    outer loop
      vertex 35.94643403670435 -73.70111179653169 -25.5
      vertex 38.49666814844305 -72.40170261443201 -25.7
      vertex 38.49666814844305 -72.40170261443201 -25.5
    endloop
  endfacet
  facet normal 0.48480962024633917 -0.8746197071393946 0
    outer loop
      vertex 38.49666814844305 -72.40170261443201 -25.7
      vertex 41 -71.01408311032397 -25.7
      vertex 38.49666814844305 -72.40170261443201 -25.5
    endloop
  endfacet
  facet normal 0.48480962024633917 -0.8746197071393946 2.6282581432314076e-16
    outer loop
      vertex 38.49666814844305 -72.40170261443201 -25.5
      vertex 41 -71.01408311032397 -25.7
      vertex 41 -71.01408311032397 -25.5
    endloop
  endfacet
  facet normal 0.5150380749100585 -0.8571673007021097 0
    outer loop
      vertex 41 -71.01408311032397 -25.7
      vertex 41.9813234062109 -70.42444452100185 -25.5
      vertex 41 -71.01408311032397 -25.5
    endloop
  endfacet
  facet normal 0.5150380749100435 -0.8571673007021187 1.0103260699678341e-13
    outer loop
      vertex 41 -71.01408311032397 -25.7
      vertex 42.90245960283096 -69.87097005569203 -25.4
      vertex 41.9813234062109 -70.42444452100185 -25.5
    endloop
  endfacet
  facet normal 0.515038074910055 -0.8571673007021119 1.4698295717600023e-15
    outer loop
      vertex 41 -71.01408311032397 -25.7
      vertex 43.4533796671228 -69.53994388482693 -25.7
      vertex 42.90245960283096 -69.87097005569203 -25.4
    endloop
  endfacet
  facet normal 0.5150380749100515 -0.857167300702114 0
    outer loop
      vertex 41.9813234062109 -70.42444452100185 -25.5
      vertex 42.90245960283096 -69.87097005569203 -25.4
      vertex 41.9813234062109 -70.42444452100185 -25.4
    endloop
  endfacet
  facet normal 0.5150380749100545 -0.857167300702112 -1.2353685884009721e-18
    outer loop
      vertex 42.90245960283096 -69.87097005569203 -25.4
      vertex 43.4533796671228 -69.53994388482693 -25.7
      vertex 43.4533796671228 -69.53994388482693 -17.75
    endloop
  endfacet
  facet normal 0.5446390350150231 -0.8386705679454265 0
    outer loop
      vertex 43.4533796671228 -69.53994388482693 -25.7
      vertex 45.853818084601244 -67.98108094951343 -25.7
      vertex 43.4533796671228 -69.53994388482693 -17.75
    endloop
  endfacet
  facet normal 0.5150380749100545 -0.8571673007021122 0
    outer loop
      vertex 42.90245960283096 -69.87097005569203 -25.4
      vertex 43.4533796671228 -69.53994388482693 -17.75
      vertex 42.90245960283096 -69.87097005569203 -17.75
    endloop
  endfacet
  facet normal 0.5446390350150231 -0.8386705679454265 0
    outer loop
      vertex 45.853818084601244 -67.98108094951343 -25.7
      vertex 45.853818084601244 -67.98108094951343 -17.75
      vertex 43.4533796671228 -69.53994388482693 -17.75
    endloop
  endfacet
  facet normal 0 0 -1
    outer loop
      vertex 19.837595439172755 -79.56424955463172 -25.7
      vertex 17.778609450196445 -62.00137938802157 -25.7
      vertex 19.93159613718411 -61.3431453010374 -25.7
    endloop
  endfacet
  facet normal 0 0 -1
    outer loop
      vertex 19.837595439172755 -79.56424955463172 -25.7
      vertex 19.93159613718411 -61.3431453010374 -25.7
      vertex 22.060299244505632 -60.61017404069109 -25.7
    endloop
  endfacet
  facet normal 0 0 -1
    outer loop
      vertex 22.602263176993933 -78.82345906694215 -25.7
      vertex 22.060299244505632 -60.61017404069109 -25.7
      vertex 24.162125275326325 -59.80335861955779 -25.7
    endloop
  endfacet
  facet normal 0 0 -1
    outer loop
      vertex 24.162125275326325 -59.80335861955779 -25.7
      vertex 26.234513478389115 -58.923682017947755 -25.7
      vertex 25.339393538745686 -77.98663433620258 -25.7
    endloop
  endfacet
  facet normal 0 0 -1
    outer loop
      vertex 28.045651752704835 -77.05479490444449 -25.7
      vertex 26.234513478389115 -58.923682017947755 -25.7
      vertex 28.274938967895498 -57.97221598629628 -25.7
    endloop
  endfacet
  facet normal 0 0 -1
    outer loop
      vertex 28.045651752704835 -77.05479490444449 -25.7
      vertex 28.274938967895498 -57.97221598629628 -25.7
      vertex 30.280915799689957 -56.95011973940079 -25.7
    endloop
  endfacet
  facet normal 0 0 -1
    outer loop
      vertex 33.35240473221562 -74.91072752669326 -25.7
      vertex 34.179792543041714 -54.69910220208948 -25.7
      vertex 35.94643403670435 -73.70111179653169 -25.7
    endloop
  endfacet
  facet normal 0 0 -1
    outer loop
      vertex 30.717740660104784 -76.02907607447656 -25.7
      vertex 30.280915799689957 -56.95011973940079 -25.7
      vertex 32.25 -55.85863854409629 -25.7
    endloop
  endfacet
  facet normal 0 0 -1
    outer loop
      vertex 33.35240473221562 -74.91072752669326 -25.7
      vertex 32.25 -55.85863854409629 -25.7
      vertex 34.179792543041714 -54.69910220208948 -25.7
    endloop
  endfacet
  facet normal 0 0 -1
    outer loop
      vertex 35.94643403670435 -73.70111179653169 -25.7
      vertex 34.179792543041714 -54.69910220208948 -25.7
      vertex 36.067942273863174 -53.47292342980019 -25.7
    endloop
  endfacet
  facet normal 0 0 -1
    outer loop
      vertex 35.94643403670435 -73.70111179653169 -25.7
      vertex 36.067942273863174 -53.47292342980019 -25.7
      vertex 37.91214877286452 -52.18159613718411 -25.7
    endloop
  endfacet
  facet normal 0 0 -1
    outer loop
      vertex 35.94643403670435 -73.70111179653169 -25.7
      vertex 37.91214877286452 -52.18159613718411 -25.7
      vertex 38.49666814844305 -72.40170261443201 -25.7
    endloop
  endfacet
  facet normal 0 0 -1
    outer loop
      vertex 38.49666814844305 -72.40170261443201 -25.7
      vertex 39.71016515850496 -50.826693607633565 -25.7
      vertex 41 -71.01408311032397 -25.7
    endloop
  endfacet
  facet normal 0 0 -1
    outer loop
      vertex 41 -71.01408311032397 -25.7
      vertex 41.45980082478178 -49.40986658117408 -25.7
      vertex 43.4533796671228 -69.53994388482693 -25.7
    endloop
  endfacet
  facet normal 0.5735764363510472 -0.819152044288991 0
    outer loop
      vertex 45.853818084601244 -67.98108094951343 -25.7
      vertex 48.198390687982794 -66.3393935387457 -25.7
      vertex 45.853818084601244 -67.98108094951343 -17.75
    endloop
  endfacet
  facet normal 0.60181502315205 -0.7986355100472914 0
    outer loop
      vertex 48.198390687982794 -66.3393935387457 -25.7
      vertex 50.48424097670398 -64.6168817957512 -25.7
      vertex 48.198390687982794 -66.3393935387457 -17.75
    endloop
  endfacet
  facet normal 0 0 -1
    outer loop
      vertex 43.4533796671228 -69.53994388482693 -25.7
      vertex 44.80546489460532 -46.397417121843 -25.7
      vertex 45.853818084601244 -67.98108094951343 -25.7
    endloop
  endfacet
  facet normal 0 0 -1
    outer loop
      vertex 38.49666814844305 -72.40170261443201 -25.7
      vertex 37.91214877286452 -52.18159613718411 -25.7
      vertex 39.71016515850496 -50.826693607633565 -25.7
    endloop
  endfacet
  facet normal 0 0 -1
    outer loop
      vertex 41 -71.01408311032397 -25.7
      vertex 39.71016515850496 -50.826693607633565 -25.7
      vertex 41.45980082478178 -49.40986658117408 -25.7
    endloop
  endfacet
  facet normal 0 0 -1
    outer loop
      vertex 43.4533796671228 -69.53994388482693 -25.7
      vertex 41.45980082478178 -49.40986658117408 -25.7
      vertex 43.15892411014636 -47.93284124329193 -25.7
    endloop
  endfacet
  facet normal 0 0 -1
    outer loop
      vertex 45.853818084601244 -67.98108094951343 -25.7
      vertex 46.397417121843 -44.80546489460532 -25.7
      vertex 48.198390687982794 -66.3393935387457 -25.7
    endloop
  endfacet
  facet normal 0 0 -1
    outer loop
      vertex 48.198390687982794 -66.3393935387457 -25.7
      vertex 49.40986658117408 -41.45980082478178 -25.7
      vertex 50.48424097670398 -64.6168817957512 -25.7
    endloop
  endfacet
  facet normal 0 0 -1
    outer loop
      vertex 43.4533796671228 -69.53994388482693 -25.7
      vertex 43.15892411014636 -47.93284124329193 -25.7
      vertex 44.80546489460532 -46.397417121843 -25.7
    endloop
  endfacet
  facet normal 0 0 -1
    outer loop
      vertex 45.853818084601244 -67.98108094951343 -25.7
      vertex 44.80546489460532 -46.397417121843 -25.7
      vertex 46.397417121843 -44.80546489460532 -25.7
    endloop
  endfacet
  facet normal 0.5735764363510472 -0.819152044288991 0
    outer loop
      vertex 48.198390687982794 -66.3393935387457 -25.7
      vertex 48.198390687982794 -66.3393935387457 -17.75
      vertex 45.853818084601244 -67.98108094951343 -17.75
    endloop
  endfacet
  facet normal 0 0 -1
    outer loop
      vertex 48.198390687982794 -66.3393935387457 -25.7
      vertex 46.397417121843 -44.80546489460532 -25.7
      vertex 47.93284124329193 -43.15892411014636 -25.7
    endloop
  endfacet
  facet normal 0 0 -1
    outer loop
      vertex 48.198390687982794 -66.3393935387457 -25.7
      vertex 47.93284124329193 -43.15892411014636 -25.7
      vertex 49.40986658117408 -41.45980082478178 -25.7
    endloop
  endfacet
  facet normal 0.6293203910498383 -0.7771459614569701 0
    outer loop
      vertex 50.48424097670398 -64.6168817957512 -25.7
      vertex 52.70858399429622 -62.8156443357562 -25.7
      vertex 50.48424097670398 -64.6168817957512 -17.75
    endloop
  endfacet
  facet normal 0.6560590289905045 -0.7547095802227743 0
    outer loop
      vertex 52.70858399429622 -62.8156443357562 -25.7
      vertex 54.86870972142638 -60.93787568914633 -25.7
      vertex 52.70858399429622 -62.8156443357562 -17.75
    endloop
  endfacet
  facet normal 0.6819983600625003 -0.7313537016191689 0
    outer loop
      vertex 54.86870972142638 -60.93787568914633 -25.7
      vertex 56.96198637763777 -58.9858636277694 -25.7
      vertex 54.86870972142638 -60.93787568914633 -17.75
    endloop
  endfacet
  facet normal 0 0 -1
    outer loop
      vertex 50.48424097670398 -64.6168817957512 -25.7
      vertex 52.18159613718411 -37.91214877286452 -25.7
      vertex 52.70858399429622 -62.8156443357562 -25.7
    endloop
  endfacet
  facet normal 0 0 -1
    outer loop
      vertex 52.70858399429622 -62.8156443357562 -25.7
      vertex 53.47292342980019 -36.067942273863174 -25.7
      vertex 54.86870972142638 -60.93787568914633 -25.7
    endloop
  endfacet
  facet normal 0.7071067811865476 -0.7071067811865476 0
    outer loop
      vertex 56.96198637763777 -58.9858636277694 -25.7
      vertex 58.9858636277694 -56.96198637763777 -25.7
      vertex 56.96198637763777 -58.9858636277694 -17.75
    endloop
  endfacet
  facet normal 0.7313537016191689 -0.6819983600625003 0
    outer loop
      vertex 58.9858636277694 -56.96198637763777 -25.7
      vertex 60.93787568914633 -54.86870972142638 -25.7
      vertex 58.9858636277694 -56.96198637763777 -17.75
    endloop
  endfacet
  facet normal 0.7547095802227743 -0.6560590289905045 0
    outer loop
      vertex 60.93787568914633 -54.86870972142638 -25.7
      vertex 62.8156443357562 -52.70858399429622 -25.7
      vertex 60.93787568914633 -54.86870972142638 -17.75
    endloop
  endfacet
  facet normal 0.77714596145697 -0.6293203910498386 0
    outer loop
      vertex 62.8156443357562 -52.70858399429622 -25.7
      vertex 63.05659439059451 -52.41103545670942 -25.4
      vertex 62.8156443357562 -52.70858399429622 -17.75
    endloop
  endfacet
  facet normal 0.60181502315205 -0.7986355100472914 -2.937958160094961e-18
    outer loop
      vertex 48.198390687982794 -66.3393935387457 -17.75
      vertex 50.48424097670398 -64.6168817957512 -25.7
      vertex 50.48424097670398 -64.6168817957512 -17.75
    endloop
  endfacet
  facet normal 0.6293203910498383 -0.7771459614569701 0
    outer loop
      vertex 52.70858399429622 -62.8156443357562 -25.7
      vertex 52.70858399429622 -62.8156443357562 -17.75
      vertex 50.48424097670398 -64.6168817957512 -17.75
    endloop
  endfacet
  facet normal 0.6560590289905045 -0.7547095802227743 0
    outer loop
      vertex 54.86870972142638 -60.93787568914633 -25.7
      vertex 54.86870972142638 -60.93787568914633 -17.75
      vertex 52.70858399429622 -62.8156443357562 -17.75
    endloop
  endfacet
  facet normal 0.6819983600625003 -0.7313537016191689 0
    outer loop
      vertex 56.96198637763777 -58.9858636277694 -25.7
      vertex 56.96198637763777 -58.9858636277694 -17.75
      vertex 54.86870972142638 -60.93787568914633 -17.75
    endloop
  endfacet
  facet normal 0.7071067811865476 -0.7071067811865476 0
    outer loop
      vertex 58.9858636277694 -56.96198637763777 -25.7
      vertex 58.9858636277694 -56.96198637763777 -17.75
      vertex 56.96198637763777 -58.9858636277694 -17.75
    endloop
  endfacet
  facet normal 0.7313537016191689 -0.6819983600625003 0
    outer loop
      vertex 60.93787568914633 -54.86870972142638 -25.7
      vertex 60.93787568914633 -54.86870972142638 -17.75
      vertex 58.9858636277694 -56.96198637763777 -17.75
    endloop
  endfacet
  facet normal 0.7547095802227743 -0.6560590289905045 0
    outer loop
      vertex 62.8156443357562 -52.70858399429622 -25.7
      vertex 62.8156443357562 -52.70858399429622 -17.75
      vertex 60.93787568914633 -54.86870972142638 -17.75
    endloop
  endfacet
  facet normal 0.77714596145697 -0.6293203910498386 0
    outer loop
      vertex 63.05659439059451 -52.41103545670942 -25.4
      vertex 63.05659439059451 -52.41103545670942 -17.75
      vertex 62.8156443357562 -52.70858399429622 -17.75
    endloop
  endfacet
  facet normal 0 0 -1
    outer loop
      vertex 49.40986658117408 -41.45980082478178 -25.7
      vertex 50.826693607633565 -39.71016515850496 -25.7
      vertex 50.48424097670398 -64.6168817957512 -25.7
    endloop
  endfacet
  facet normal 0 0 -1
    outer loop
      vertex 50.48424097670398 -64.6168817957512 -25.7
      vertex 50.826693607633565 -39.71016515850496 -25.7
      vertex 52.18159613718411 -37.91214877286452 -25.7
    endloop
  endfacet
  facet normal 0 0 -1
    outer loop
      vertex 52.70858399429622 -62.8156443357562 -25.7
      vertex 52.18159613718411 -37.91214877286452 -25.7
      vertex 53.47292342980019 -36.067942273863174 -25.7
    endloop
  endfacet
  facet normal 0 0 -1
    outer loop
      vertex 54.86870972142638 -60.93787568914633 -25.7
      vertex 55.85863854409629 -32.25 -25.7
      vertex 56.96198637763777 -58.9858636277694 -25.7
    endloop
  endfacet
  facet normal 0 0 -1
    outer loop
      vertex 54.86870972142638 -60.93787568914633 -25.7
      vertex 53.47292342980019 -36.067942273863174 -25.7
      vertex 54.69910220208948 -34.179792543041714 -25.7
    endloop
  endfacet
  facet normal 0 0 -1
    outer loop
      vertex 54.86870972142638 -60.93787568914633 -25.7
      vertex 54.69910220208948 -34.179792543041714 -25.7
      vertex 55.85863854409629 -32.25 -25.7
    endloop
  endfacet
  facet normal 0 0 -1
    outer loop
      vertex 56.96198637763777 -58.9858636277694 -25.7
      vertex 55.85863854409629 -32.25 -25.7
      vertex 56.95011973940079 -30.280915799689957 -25.7
    endloop
  endfacet
  facet normal 0 0 -1
    outer loop
      vertex 56.96198637763777 -58.9858636277694 -25.7
      vertex 56.95011973940079 -30.280915799689957 -25.7
      vertex 57.97221598629628 -28.274938967895498 -25.7
    endloop
  endfacet
  facet normal 0 0 -1
    outer loop
      vertex 56.96198637763777 -58.9858636277694 -25.7
      vertex 57.97221598629628 -28.274938967895498 -25.7
      vertex 58.923682017947755 -26.234513478389115 -25.7
    endloop
  endfacet
  facet normal 0 0 -1
    outer loop
      vertex 56.96198637763777 -58.9858636277694 -25.7
      vertex 58.923682017947755 -26.234513478389115 -25.7
      vertex 59.80335861955779 -24.162125275326325 -25.7
    endloop
  endfacet
  facet normal 0 0 -1
    outer loop
      vertex 56.96198637763777 -58.9858636277694 -25.7
      vertex 66.11328515075652 3.7793553120547516 -25.7
      vertex 58.9858636277694 -56.96198637763777 -25.7
    endloop
  endfacet
  facet normal 0.7771459614569702 -0.6293203910498383 -4.295491936480998e-16
    outer loop
      vertex 62.8156443357562 -52.70858399429622 -25.7
      vertex 64.6168817957512 -50.48424097670398 -25.7
      vertex 63.05659439059451 -52.41103545670942 -25.4
    endloop
  endfacet
  facet normal 0.7771459614569691 -0.6293203910498396 -1.0869667705363578e-16
    outer loop
      vertex 63.05659439059451 -52.41103545670942 -25.4
      vertex 63.73551209809521 -51.57264191019552 -25.5
      vertex 63.73551209809521 -51.57264191019552 -25.4
    endloop
  endfacet
  facet normal 0.7771459614569658 -0.6293203910498437 -5.946771765049221e-14
    outer loop
      vertex 63.05659439059451 -52.41103545670942 -25.4
      vertex 64.6168817957512 -50.48424097670398 -25.7
      vertex 63.73551209809521 -51.57264191019552 -25.5
    endloop
  endfacet
  facet normal 0.777145961456971 -0.6293203910498372 1.345635907875216e-16
    outer loop
      vertex 63.73551209809521 -51.57264191019552 -25.5
      vertex 64.6168817957512 -50.48424097670398 -25.7
      vertex 64.6168817957512 -50.48424097670398 -25.5
    endloop
  endfacet
  facet normal 0.7986355100472915 -0.60181502315205 0
    outer loop
      vertex 64.6168817957512 -50.48424097670398 -25.7
      vertex 66.3393935387457 -48.198390687982794 -25.7
      vertex 64.6168817957512 -50.48424097670398 -25.5
    endloop
  endfacet
  facet normal 0.7986355100472915 -0.60181502315205 -1.1678383686377512e-16
    outer loop
      vertex 64.6168817957512 -50.48424097670398 -25.5
      vertex 66.3393935387457 -48.198390687982794 -25.7
      vertex 66.3393935387457 -48.198390687982794 -25.5
    endloop
  endfacet
  facet normal 0.8191520442889911 -0.5735764363510473 0
    outer loop
      vertex 66.3393935387457 -48.198390687982794 -25.7
      vertex 67.98108094951343 -45.853818084601244 -25.7
      vertex 66.3393935387457 -48.198390687982794 -25.5
    endloop
  endfacet
  facet normal 0.8191520442889911 -0.5735764363510473 -1.49602568415565e-16
    outer loop
      vertex 66.3393935387457 -48.198390687982794 -25.5
      vertex 67.98108094951343 -45.853818084601244 -25.7
      vertex 67.98108094951343 -45.853818084601244 -25.5
    endloop
  endfacet
  facet normal 0.8386705679454267 -0.5446390350150232 0
    outer loop
      vertex 67.98108094951343 -45.853818084601244 -25.7
      vertex 69.53994388482693 -43.4533796671228 -25.7
      vertex 67.98108094951343 -45.853818084601244 -25.5
    endloop
  endfacet
  facet normal 0.8386705679454267 -0.5446390350150232 -1.397992577328323e-16
    outer loop
      vertex 67.98108094951343 -45.853818084601244 -25.5
      vertex 69.53994388482693 -43.4533796671228 -25.7
      vertex 69.53994388482693 -43.4533796671228 -25.5
    endloop
  endfacet
  facet normal 0.8571673007021118 -0.5150380749100549 0
    outer loop
      vertex 69.53994388482693 -43.4533796671228 -25.7
      vertex 71.01408311032397 -41 -25.7
      vertex 69.53994388482693 -43.4533796671228 -25.5
    endloop
  endfacet
  facet normal 0.8571673007021118 -0.5150380749100549 -8.851505182296805e-18
    outer loop
      vertex 69.53994388482693 -43.4533796671228 -25.5
      vertex 71.01408311032397 -41 -25.7
      vertex 71.01408311032397 -41 -25.5
    endloop
  endfacet
  facet normal 0.8746197071393946 -0.48480962024633917 0
    outer loop
      vertex 71.01408311032397 -41 -25.7
      vertex 72.40170261443201 -38.49666814844305 -25.7
      vertex 71.01408311032397 -41 -25.5
    endloop
  endfacet
  facet normal 0.8746197071393946 -0.48480962024633917 2.6282581432314076e-16
    outer loop
      vertex 71.01408311032397 -41 -25.5
      vertex 72.40170261443201 -38.49666814844305 -25.7
      vertex 72.40170261443201 -38.49666814844305 -25.5
    endloop
  endfacet
  facet normal 0.8910065241883685 -0.45399049973954547 0
    outer loop
      vertex 72.40170261443201 -38.49666814844305 -25.7
      vertex 73.70111179653169 -35.94643403670435 -25.7
      vertex 72.40170261443201 -38.49666814844305 -25.5
    endloop
  endfacet
  facet normal 0.8910065241883689 -0.4539904997395446 1.5670307205667088e-14
    outer loop
      vertex 72.40170261443201 -38.49666814844305 -25.5
      vertex 73.70111179653169 -35.94643403670435 -25.7
      vertex 73.40736390219656 -36.52294674009649 -25.5
    endloop
  endfacet
  facet normal 0 0 -1
    outer loop
      vertex 56.96198637763777 -58.9858636277694 -25.7
      vertex 59.80335861955779 -24.162125275326325 -25.7
      vertex 60.61017404069109 -22.060299244505632 -25.7
    endloop
  endfacet
  facet normal 0 0 -1
    outer loop
      vertex 56.96198637763777 -58.9858636277694 -25.7
      vertex 60.61017404069109 -22.060299244505632 -25.7
      vertex 61.3431453010374 -19.93159613718411 -25.7
    endloop
  endfacet
  facet normal 0 0 -1
    outer loop
      vertex 56.96198637763777 -58.9858636277694 -25.7
      vertex 61.3431453010374 -19.93159613718411 -25.7
      vertex 62.00137938802157 -17.778609450196445 -25.7
    endloop
  endfacet
  facet normal 0 0 -1
    outer loop
      vertex 56.96198637763777 -58.9858636277694 -25.7
      vertex 62.00137938802157 -17.778609450196445 -25.7
      vertex 62.58407434480177 -15.603962266178568 -25.7
    endloop
  endfacet
  facet normal 0 0 -1
    outer loop
      vertex 56.96198637763777 -58.9858636277694 -25.7
      vertex 62.58407434480177 -15.603962266178568 -25.7
      vertex 63.09052024733047 -13.410304057745478 -25.7
    endloop
  endfacet
  facet normal 0 0 -1
    outer loop
      vertex 56.96198637763777 -58.9858636277694 -25.7
      vertex 63.09052024733047 -13.410304057745478 -25.7
      vertex 63.520100069287416 -11.200307459517006 -25.7
    endloop
  endfacet
  facet normal 0 0 -1
    outer loop
      vertex 58.9858636277694 -56.96198637763777 -25.7
      vertex 66.11328515075652 3.7793553120547516 -25.7
      vertex 60.93787568914633 -54.86870972142638 -25.7
    endloop
  endfacet
  facet normal 0 0 -1
    outer loop
      vertex 60.93787568914633 -54.86870972142638 -25.7
      vertex 66.11328515075652 3.7793553120547516 -25.7
      vertex 62.8156443357562 -52.70858399429622 -25.7
    endloop
  endfacet
  facet normal 0 0 -1
    outer loop
      vertex 62.8156443357562 -52.70858399429622 -25.7
      vertex 66.11328515075652 3.7793553120547516 -25.7
      vertex 64.6168817957512 -50.48424097670398 -25.7
    endloop
  endfacet
  facet normal 0 0 -1
    outer loop
      vertex 64.6168817957512 -50.48424097670398 -25.7
      vertex 66.11328515075652 3.7793553120547516 -25.7
      vertex 66.3393935387457 -48.198390687982794 -25.7
    endloop
  endfacet
  facet normal 0 0 -1
    outer loop
      vertex 66.3393935387457 -48.198390687982794 -25.7
      vertex 78.41027538882524 -13.454264895171907 -25.7
      vertex 67.98108094951343 -45.853818084601244 -25.7
    endloop
  endfacet
  facet normal 0.8910065241883669 -0.45399049973954886 0
    outer loop
      vertex 73.40736390219656 -36.52294674009649 -25.5
      vertex 73.70111179653169 -35.94643403670435 -25.4
      vertex 73.40736390219656 -36.52294674009649 -25.4
    endloop
  endfacet
  facet normal 0.8910065241883668 -0.4539904997395488 -5.741144260412113e-17
    outer loop
      vertex 73.40736390219656 -36.52294674009649 -25.5
      vertex 73.70111179653169 -35.94643403670435 -25.7
      vertex 73.70111179653169 -35.94643403670435 -25.4
    endloop
  endfacet
  facet normal 0.9063077870366509 -0.4226182617406974 0
    outer loop
      vertex 73.70111179653169 -35.94643403670435 -25.7
      vertex 73.86924964007032 -35.585861267636204 -25.4
      vertex 73.70111179653169 -35.94643403670435 -25.4
    endloop
  endfacet
  facet normal 0.906307787036651 -0.42261826174069694 -6.390701277030759e-16
    outer loop
      vertex 73.70111179653169 -35.94643403670435 -25.7
      vertex 74.91072752669326 -33.35240473221562 -25.7
      vertex 73.86924964007032 -35.585861267636204 -25.4
    endloop
  endfacet
  facet normal 0 0 -1
    outer loop
      vertex 67.98108094951343 -45.853818084601244 -25.7
      vertex 78.41027538882524 -13.454264895171907 -25.7
      vertex 69.53994388482693 -43.4533796671228 -25.7
    endloop
  endfacet
  facet normal 0 0 -1
    outer loop
      vertex 69.53994388482693 -43.4533796671228 -25.7
      vertex 78.41027538882524 -13.454264895171907 -25.7
      vertex 71.01408311032397 -41 -25.7
    endloop
  endfacet
  facet normal 0.9063077870366512 -0.42261826174069683 0
    outer loop
      vertex 73.86924964007032 -35.585861267636204 -25.4
      vertex 74.91072752669326 -33.35240473221562 -25.7
      vertex 73.86924964007032 -35.585861267636204 -17.75
    endloop
  endfacet
  facet normal 0 0 -1
    outer loop
      vertex 71.01408311032397 -41 -25.7
      vertex 78.41027538882524 -13.454264895171907 -25.7
      vertex 72.40170261443201 -38.49666814844305 -25.7
    endloop
  endfacet
  facet normal 0 0 -1
    outer loop
      vertex 56.96198637763777 -58.9858636277694 -25.7
      vertex 63.520100069287416 -11.200307459517006 -25.7
      vertex 66.11328515075652 3.7793553120547516 -25.7
    endloop
  endfacet
  facet normal 0 0 -1
    outer loop
      vertex 66.3393935387457 -48.198390687982794 -25.7
      vertex 66.11328515075652 3.7793553120547516 -25.7
      vertex 78.41027538882524 -13.454264895171907 -25.7
    endloop
  endfacet
  facet normal 0 0 -1
    outer loop
      vertex 63.520100069287416 -11.200307459517006 -25.7
      vertex 63.87229043383129 -8.97666501192422 -25.7
      vertex 66.11328515075652 3.7793553120547516 -25.7
    endloop
  endfacet
  facet normal 0.9205048534524398 -0.3907311284892749 0
    outer loop
      vertex 74.91072752669326 -33.35240473221562 -25.7
      vertex 76.02907607447656 -30.717740660104784 -25.7
      vertex 74.91072752669326 -33.35240473221562 -17.75
    endloop
  endfacet
  facet normal 0 0 -1
    outer loop
      vertex 72.40170261443201 -38.49666814844305 -25.7
      vertex 78.41027538882524 -13.454264895171907 -25.7
      vertex 73.70111179653169 -35.94643403670435 -25.7
    endloop
  endfacet
  facet normal 0.9335804264972006 -0.3583679495453028 0
    outer loop
      vertex 76.02907607447656 -30.717740660104784 -25.7
      vertex 77.05479490444449 -28.045651752704835 -25.7
      vertex 76.02907607447656 -30.717740660104784 -17.75
    endloop
  endfacet
  facet normal 0 0 -1
    outer loop
      vertex 73.70111179653169 -35.94643403670435 -25.7
      vertex 78.41027538882524 -13.454264895171907 -25.7
      vertex 74.91072752669326 -33.35240473221562 -25.7
    endloop
  endfacet
  facet normal 0 0 -1
    outer loop
      vertex 74.91072752669326 -33.35240473221562 -25.7
      vertex 78.41027538882524 -13.454264895171907 -25.7
      vertex 76.02907607447656 -30.717740660104784 -25.7
    endloop
  endfacet
  facet normal 0.9455185755993184 -0.3255681544571524 0
    outer loop
      vertex 77.05479490444449 -28.045651752704835 -25.7
      vertex 77.98663433620258 -25.339393538745686 -25.7
      vertex 77.05479490444449 -28.045651752704835 -17.75
    endloop
  endfacet
  facet normal 0.9563047559630343 -0.29237170472274054 0
    outer loop
      vertex 77.98663433620258 -25.339393538745686 -25.7
      vertex 78.82345906694215 -22.602263176993933 -25.7
      vertex 77.98663433620258 -25.339393538745686 -17.75
    endloop
  endfacet
  facet normal 0 0 -1
    outer loop
      vertex 76.02907607447656 -30.717740660104784 -25.7
      vertex 80.99893739817195 -12.694165147964648 -25.7
      vertex 77.05479490444449 -28.045651752704835 -25.7
    endloop
  endfacet
  facet normal 0 0 -1
    outer loop
      vertex 77.05479490444449 -28.045651752704835 -25.7
      vertex 80.99893739817195 -12.694165147964648 -25.7
      vertex 77.98663433620258 -25.339393538745686 -25.7
    endloop
  endfacet
  facet normal 0.9659258262890681 -0.25881904510252146 0
    outer loop
      vertex 78.82345906694215 -22.602263176993933 -25.7
      vertex 79.56424955463172 -19.837595439172755 -25.7
      vertex 78.82345906694215 -22.602263176993933 -17.75
    endloop
  endfacet
  facet normal 0.9063077870366512 -0.4226182617406969 3.598721147484933e-18
    outer loop
      vertex 73.86924964007032 -35.585861267636204 -17.75
      vertex 74.91072752669326 -33.35240473221562 -25.7
      vertex 74.91072752669326 -33.35240473221562 -17.75
    endloop
  endfacet
  facet normal 0.9205048534524398 -0.3907311284892749 0
    outer loop
      vertex 76.02907607447656 -30.717740660104784 -25.7
      vertex 76.02907607447656 -30.717740660104784 -17.75
      vertex 74.91072752669326 -33.35240473221562 -17.75
    endloop
  endfacet
  facet normal 0.9335804264972006 -0.3583679495453028 0
    outer loop
      vertex 77.05479490444449 -28.045651752704835 -25.7
      vertex 77.05479490444449 -28.045651752704835 -17.75
      vertex 76.02907607447656 -30.717740660104784 -17.75
    endloop
  endfacet
  facet normal 0.9455185755993184 -0.3255681544571524 0
    outer loop
      vertex 77.98663433620258 -25.339393538745686 -25.7
      vertex 77.98663433620258 -25.339393538745686 -17.75
      vertex 77.05479490444449 -28.045651752704835 -17.75
    endloop
  endfacet
  facet normal 0.9563047559630343 -0.29237170472274054 4.573019152391669e-18
    outer loop
      vertex 77.98663433620258 -25.339393538745686 -17.75
      vertex 78.82345906694215 -22.602263176993933 -25.7
      vertex 78.82345906694215 -22.602263176993933 -17.75
    endloop
  endfacet
  facet normal 0.9659258262890681 -0.25881904510252146 0
    outer loop
      vertex 79.56424955463172 -19.837595439172755 -25.7
      vertex 79.56424955463172 -19.837595439172755 -17.75
      vertex 78.82345906694215 -22.602263176993933 -17.75
    endloop
  endfacet
  facet normal 0 0 -1
    outer loop
      vertex 76.02907607447656 -30.717740660104784 -25.7
      vertex 78.41027538882524 -13.454264895171907 -25.7
      vertex 80.99893739817195 -12.694165147964648 -25.7
    endloop
  endfacet
  facet normal 0 0 -1
    outer loop
      vertex 77.98663433620258 -25.339393538745686 -25.7
      vertex 80.99893739817195 -12.694165147964648 -25.7
      vertex 78.82345906694215 -22.602263176993933 -25.7
    endloop
  endfacet
  facet normal 0 0 -1
    outer loop
      vertex 78.82345906694215 -22.602263176993933 -25.7
      vertex 80.99893739817195 -12.694165147964648 -25.7
      vertex 79.56424955463172 -19.837595439172755 -25.7
    endloop
  endfacet
  facet normal 0 0 -1
    outer loop
      vertex 79.56424955463172 -19.837595439172755 -25.7
      vertex 80.99893739817195 -12.694165147964648 -25.7
      vertex 80.20810326017207 -17.048758647056268 -25.7
    endloop
  endfacet
  facet normal 0.9743700647852351 -0.22495105434386492 0
    outer loop
      vertex 79.56424955463172 -19.837595439172755 -25.7
      vertex 80.20810326017207 -17.048758647056268 -25.7
      vertex 79.56424955463172 -19.837595439172755 -17.75
    endloop
  endfacet
  facet normal 0.9816271834476643 -0.19080899537654344 0
    outer loop
      vertex 80.20810326017207 -17.048758647056268 -25.7
      vertex 80.75423574700106 -14.239150568688288 -25.7
      vertex 80.20810326017207 -17.048758647056268 -17.75
    endloop
  endfacet
  facet normal 0 0 -1
    outer loop
      vertex 80.20810326017207 -17.048758647056268 -25.7
      vertex 80.99893739817195 -12.694165147964648 -25.7
      vertex 80.75423574700106 -14.239150568688288 -25.7
    endloop
  endfacet
  facet normal 0.9876883405951374 -0.15643446504023298 1.5180873618715384e-18
    outer loop
      vertex 80.75423574700106 -14.239150568688288 -25.7
      vertex 80.99893739817195 -12.694165147964648 -25.7
      vertex 80.99893739817195 -12.694165147964648 -21.158969222944144
    endloop
  endfacet
  facet normal 0.9925461516413223 -0.12186934340514516 -1.570560780507489e-14
    outer loop
      vertex 81.31191464330077 -10.516861789985752 -25.7
      vertex 81.55079542019841 -8.571333987947584 -25.7
      vertex 81.37510308449619 -10.002233234646551 -25.501760790300047
    endloop
  endfacet
  facet normal 0.9925461516413228 -0.12186934340514258 -3.980666305948778e-14
    outer loop
      vertex 81.37510308449619 -10.002233234646551 -25.501760790300047
      vertex 81.5 -8.985029486998002 -25.5
      vertex 81.3992507893687 -9.80556596072441 -25.4
    endloop
  endfacet
  facet normal 0.9925461516413226 -0.12186934340514266 2.6418549509588577e-15
    outer loop
      vertex 81.37510308449619 -10.002233234646551 -25.501760790300047
      vertex 81.55079542019841 -8.571333987947584 -25.7
      vertex 81.5 -8.985029486998002 -25.5
    endloop
  endfacet
  facet normal 0.9925461516413232 -0.1218693434051378 2.7278887892611672e-17
    outer loop
      vertex 81.3992507893687 -9.80556596072441 -25.4
      vertex 81.5 -8.985029486998002 -25.5
      vertex 81.5 -8.985029486998002 -25.4
    endloop
  endfacet
  facet normal 0.9925461516413224 -0.12186934340514391 -1.3591481877172118e-17
    outer loop
      vertex 81.5 -8.985029486998002 -25.5
      vertex 81.55079542019841 -8.571333987947584 -25.7
      vertex 81.55079542019841 -8.571333987947584 -25.5
    endloop
  endfacet
  facet normal 0.9961946980917454 -0.08715574274765933 0
    outer loop
      vertex 81.55079542019841 -8.571333987947584 -25.7
      vertex 81.80025212130559 -5.720030847018275 -25.7
      vertex 81.55079542019841 -8.571333987947584 -25.5
    endloop
  endfacet
  facet normal 0.9961946980917454 -0.08715574274765933 -1.9154749745759993e-17
    outer loop
      vertex 81.55079542019841 -8.571333987947584 -25.5
      vertex 81.80025212130559 -5.720030847018275 -25.7
      vertex 81.80025212130559 -5.720030847018275 -25.5
    endloop
  endfacet
  facet normal 0.9986295347545739 -0.05233595624294425 0
    outer loop
      vertex 81.80025212130559 -5.720030847018275 -25.7
      vertex 81.95004781556585 -2.8617587296050795 -25.7
      vertex 81.80025212130559 -5.720030847018275 -25.5
    endloop
  endfacet
  facet normal 0.9743700647852351 -0.22495105434386492 0
    outer loop
      vertex 80.20810326017207 -17.048758647056268 -25.7
      vertex 80.20810326017207 -17.048758647056268 -17.75
      vertex 79.56424955463172 -19.837595439172755 -17.75
    endloop
  endfacet
  facet normal 0.9876883405951374 -0.156434465040233 0
    outer loop
      vertex 80.75423574700106 -14.239150568688288 -25.7
      vertex 80.99893739817195 -12.694165147964648 -21.158969222944144
      vertex 80.75423574700106 -14.239150568688288 -17.75
    endloop
  endfacet
  facet normal 0.9816271834476643 -0.19080899537654344 0
    outer loop
      vertex 80.75423574700106 -14.239150568688288 -25.7
      vertex 80.75423574700106 -14.239150568688288 -17.75
      vertex 80.20810326017207 -17.048758647056268 -17.75
    endloop
  endfacet
  facet normal 0.9876883405951385 -0.15643446504022582 3.3290738557599298e-15
    outer loop
      vertex 80.99893739817195 -12.694165147964648 -21.158969222944144
      vertex 81.05898637258649 -12.31503084480014 -21.215065304363268
      vertex 80.75423574700106 -14.239150568688288 -17.75
    endloop
  endfacet
  facet normal 0.9876883405951381 -0.15643446504022843 1.8472017943923493e-15
    outer loop
      vertex 80.75423574700106 -14.239150568688288 -17.75
      vertex 81.05898637258649 -12.31503084480014 -21.215065304363268
      vertex 81.18700683636843 -11.506741447687524 -21.395298659599163
    endloop
  endfacet
  facet normal 0.9925461516413207 -0.12186934340515884 0
    outer loop
      vertex 81.20198163680877 -11.412194278725366 -21.42463538710608
      vertex 81.28789781527487 -10.712463157529767 -21.62465272259796
      vertex 81.20198163680877 -11.412194278725366 -17.75
    endloop
  endfacet
  facet normal 0.992546151641323 -0.12186934340514015 3.4238973112814276e-15
    outer loop
      vertex 81.28789781527487 -10.712463157529767 -21.62465272259796
      vertex 81.37510308449619 -10.002233234646555 -21.898239209699952
      vertex 81.20198163680877 -11.412194278725366 -17.75
    endloop
  endfacet
  facet normal 0.9876883405951357 -0.1564344650402433 0
    outer loop
      vertex 81.20198163680877 -11.412194278725366 -21.42463538710608
      vertex 81.20198163680877 -11.412194278725366 -17.75
      vertex 81.18700683636843 -11.506741447687524 -21.395298659599163
    endloop
  endfacet
  facet normal 0.9925461516414057 -0.12186934340446531 0
    outer loop
      vertex 81.37537729123166 -10 -21.8993947437043
      vertex 81.37537729123166 -10 -17.75
      vertex 81.37510308449619 -10.002233234646555 -21.898239209699952
    endloop
  endfacet
  facet normal 0.9876883405951377 -0.15643446504023123 -3.115508343957789e-16
    outer loop
      vertex 80.75423574700106 -14.239150568688288 -17.75
      vertex 81.18700683636843 -11.506741447687524 -21.395298659599163
      vertex 81.20198163680877 -11.412194278725366 -17.75
    endloop
  endfacet
  facet normal 0.9925461516413219 -0.12186934340514899 3.7361713945263054e-16
    outer loop
      vertex 81.37510308449619 -10.002233234646555 -21.898239209699952
      vertex 81.37537729123166 -10 -17.75
      vertex 81.20198163680877 -11.412194278725366 -17.75
    endloop
  endfacet
  facet normal 0 0 -1
    outer loop
      vertex 63.87229043383129 -8.97666501192422 -25.7
      vertex 64.14666225125363 -6.742085880763649 -25.7
      vertex 66.11328515075652 3.7793553120547516 -25.7
    endloop
  endfacet
  facet normal 0 0 -1
    outer loop
      vertex 64.14666225125363 -6.742085880763649 -25.7
      vertex 64.34288124175866 -4.499292556496082 -25.7
      vertex 66.11328515075652 3.7793553120547516 -25.7
    endloop
  endfacet
  facet normal 0 0 -1
    outer loop
      vertex 64.34288124175866 -4.499292556496082 -25.7
      vertex 64.46070834273168 -2.2510175373113124 -25.7
      vertex 66.11328515075652 3.7793553120547516 -25.7
    endloop
  endfacet
  facet normal 0 0 -1
    outer loop
      vertex 64.46070834273168 -2.2510175373113124 -25.7
      vertex 64.5 0 -25.7
      vertex 66.11328515075652 3.7793553120547516 -25.7
    endloop
  endfacet
  facet normal 0 0 -1
    outer loop
      vertex 64.5 0 -25.7
      vertex 64.46070834273168 2.2510175373113124 -25.7
      vertex 66.11328515075652 3.7793553120547516 -25.7
    endloop
  endfacet
  facet normal 0 0 -1
    outer loop
      vertex 64.46070834273168 2.2510175373113124 -25.7
      vertex 64.34288124175866 4.499292556496082 -25.7
      vertex 66.11328515075652 3.7793553120547516 -25.7
    endloop
  endfacet
  facet normal 0 0 -1
    outer loop
      vertex 78.41027538882524 -13.454264895171907 -25.7
      vertex 66.11328515075652 3.7793553120547516 -25.7
      vertex 72.77562425199665 5.735594577118038 -25.7
    endloop
  endfacet
  facet normal 0 0 -1
    outer loop
      vertex 64.34288124175866 4.499292556496082 -25.7
      vertex 64.14666225125363 6.742085880763649 -25.7
      vertex 66.11328515075652 3.7793553120547516 -25.7
    endloop
  endfacet
  facet normal 0 0 -1
    outer loop
      vertex 66.11328515075652 3.7793553120547516 -25.7
      vertex 64.14666225125363 6.742085880763649 -25.7
      vertex 63.87229043383129 8.97666501192422 -25.7
    endloop
  endfacet
  facet normal 0 0 -1
    outer loop
      vertex 66.11328515075652 3.7793553120547516 -25.7
      vertex 63.87229043383129 8.97666501192422 -25.7
      vertex 63.520100069287416 11.200307459517006 -25.7
    endloop
  endfacet
  facet normal 0 0 -1
    outer loop
      vertex 66.11328515075652 3.7793553120547516 -25.7
      vertex 63.520100069287416 11.200307459517006 -25.7
      vertex 63.09052024733047 13.410304057745478 -25.7
    endloop
  endfacet
  facet normal 0 0 -1
    outer loop
      vertex 66.11328515075652 3.7793553120547516 -25.7
      vertex 63.09052024733047 13.410304057745478 -25.7
      vertex 62.58407434480177 15.603962266178568 -25.7
    endloop
  endfacet
  facet normal 0 0 -1
    outer loop
      vertex 66.11328515075652 3.7793553120547516 -25.7
      vertex 62.00137938802157 17.778609450196445 -25.7
      vertex 61.966586518270624 17.9017139282315 -25.7
    endloop
  endfacet
  facet normal 0 0 -1
    outer loop
      vertex 66.11328515075652 3.7793553120547516 -25.7
      vertex 62.58407434480177 15.603962266178568 -25.7
      vertex 62.00137938802157 17.778609450196445 -25.7
    endloop
  endfacet
  facet normal 0 0 -1
    outer loop
      vertex 62.00137938802157 17.778609450196445 -25.7
      vertex 61.963973373999444 17.90095900910776 -25.7
      vertex 61.966586518270624 17.9017139282315 -25.7
    endloop
  endfacet
  facet normal 0 0 -1
    outer loop
      vertex 81.31191464330077 -10.516861789985752 -25.7
      vertex 76.24099102414121 6.753118069167994 -25.7
      vertex 81.55079542019841 -8.571333987947584 -25.7
    endloop
  endfacet
  facet normal 0 0 -1
    outer loop
      vertex 81.55079542019841 -8.571333987947584 -25.7
      vertex 76.24099102414121 6.753118069167994 -25.7
      vertex 81.5728974139746 8.318707043090436 -25.7
    endloop
  endfacet
  facet normal 0.9986295347545739 -0.05233595624294425 1.6833273960308416e-17
    outer loop
      vertex 81.80025212130559 -5.720030847018275 -25.5
      vertex 81.95004781556585 -2.8617587296050795 -25.7
      vertex 81.95004781556585 -2.8617587296050795 -25.5
    endloop
  endfacet
  facet normal 0 0 -1
    outer loop
      vertex 81.55079542019841 -8.571333987947584 -25.7
      vertex 81.80025212130559 5.720030847018275 -25.7
      vertex 81.80025212130559 -5.720030847018275 -25.7
    endloop
  endfacet
  facet normal 0 0 -1
    outer loop
      vertex 81.80025212130559 -5.720030847018275 -25.7
      vertex 81.95004781556585 2.8617587296050795 -25.7
      vertex 81.95004781556585 -2.8617587296050795 -25.7
    endloop
  endfacet
  facet normal 0.9998476951563914 -0.017452406437282516 0
    outer loop
      vertex 81.95004781556585 -2.8617587296050795 -25.7
      vertex 82 0 -25.7
      vertex 81.95004781556585 -2.8617587296050795 -25.5
    endloop
  endfacet
  facet normal 0.9998476951563914 -0.017452406437282516 9.33156236347563e-18
    outer loop
      vertex 81.95004781556585 -2.8617587296050795 -25.5
      vertex 82 0 -25.7
      vertex 82 0 -25.5
    endloop
  endfacet
  facet normal 0 0 -1
    outer loop
      vertex 81.95004781556585 -2.8617587296050795 -25.7
      vertex 81.95004781556585 2.8617587296050795 -25.7
      vertex 82 0 -25.7
    endloop
  endfacet
  facet normal 0 0 -1
    outer loop
      vertex 81.80025212130559 -5.720030847018275 -25.7
      vertex 81.80025212130559 5.720030847018275 -25.7
      vertex 81.95004781556585 2.8617587296050795 -25.7
    endloop
  endfacet
  facet normal 0.9998476951563914 0.017452406437282516 0
    outer loop
      vertex 82 0 -25.7
      vertex 81.95004781556585 2.8617587296050795 -25.7
      vertex 82 0 -25.5
    endloop
  endfacet
  facet normal 0 0 -1
    outer loop
      vertex 81.55079542019841 -8.571333987947584 -25.7
      vertex 81.5728974139746 8.318707043090436 -25.7
      vertex 81.80025212130559 5.720030847018275 -25.7
    endloop
  endfacet
  facet normal 0.9998476951563914 0.017452406437282516 -9.33156236347563e-18
    outer loop
      vertex 82 0 -25.5
      vertex 81.95004781556585 2.8617587296050795 -25.7
      vertex 81.95004781556585 2.8617587296050795 -25.5
    endloop
  endfacet
  facet normal 0.9986295347545739 0.05233595624294425 0
    outer loop
      vertex 81.95004781556585 2.8617587296050795 -25.7
      vertex 81.80025212130559 5.720030847018275 -25.7
      vertex 81.95004781556585 2.8617587296050795 -25.5
    endloop
  endfacet
  facet normal 0.9986295347545739 0.05233595624294425 -1.6833273960308416e-17
    outer loop
      vertex 81.95004781556585 2.8617587296050795 -25.5
      vertex 81.80025212130559 5.720030847018275 -25.7
      vertex 81.80025212130559 5.720030847018275 -25.5
    endloop
  endfacet
  facet normal -0.9876883405951377 -0.1564344650402312 4.0403860448025037e-16
    outer loop
      vertex -80.75423574700106 -14.239150568688288 -29.7
      vertex -80.89797486674689 -13.33161748367498 -25.4
      vertex -81.20198163680877 -11.412194278725366 -29.7
    endloop
  endfacet
  facet normal -0.9816271834476663 -0.19080899537653254 1.614027323319119e-15
    outer loop
      vertex -80.75423574700106 -14.239150568688288 -29.7
      vertex -80.60634159933544 -15 -25.7
      vertex -80.74352751345164 -14.294239654598886 -25.5
    endloop
  endfacet
  facet normal -0.9816271834476432 -0.19080899537665164 -1.2018310953950793e-18
    outer loop
      vertex -80.75423574700106 -14.239150568688288 -29.7
      vertex -80.74352751345164 -14.294239654598886 -25.5
      vertex -80.74352751345164 -14.294239654598886 -25.4
    endloop
  endfacet
  facet normal -0.9816271834476433 -0.1908089953766511 0
    outer loop
      vertex -80.75423574700106 -14.239150568688288 -29.7
      vertex -80.74352751345164 -14.294239654598886 -25.4
      vertex -80.75423574700106 -14.239150568688288 -25.4
    endloop
  endfacet
  facet normal -0.987688340595138 -0.15643446504022937 0
    outer loop
      vertex -80.75423574700106 -14.239150568688288 -29.7
      vertex -80.75423574700106 -14.239150568688288 -25.4
      vertex -80.89797486674689 -13.33161748367498 -25.4
    endloop
  endfacet
  facet normal -0.9816271834476648 -0.19080899537654072 1.9331426377828917e-19
    outer loop
      vertex -80.75423574700106 -14.239150568688288 -29.7
      vertex -80.60634159933544 -15 -29.7
      vertex -80.60634159933544 -15 -25.7
    endloop
  endfacet
  facet normal -0.9816271834476648 -0.19080899537654128 -1.1028648464167577e-16
    outer loop
      vertex -80.74352751345164 -14.294239654598886 -25.5
      vertex -80.20810326017207 -17.048758647056268 -25.7
      vertex -80.20810326017207 -17.048758647056268 -25.5
    endloop
  endfacet
  facet normal -0.981627183447664 -0.19080899537654444 4.52475983763715e-14
    outer loop
      vertex -80.74352751345164 -14.294239654598886 -25.5
      vertex -80.60634159933544 -15 -25.7
      vertex -80.20810326017207 -17.048758647056268 -25.7
    endloop
  endfacet
  facet normal -0.9925461516413221 -0.12186934340514638 -6.058782473570858e-19
    outer loop
      vertex -81.20198163680877 -11.412194278725366 -29.7
      vertex -81.55079542019841 -8.571333987947584 -17.75
      vertex -81.55079542019841 -8.571333987947584 -29.7
    endloop
  endfacet
  facet normal -0.9876883405951377 -0.15643446504023212 -1.8471177939753556e-18
    outer loop
      vertex -80.89797486674689 -13.33161748367498 -25.4
      vertex -81.20198163680877 -11.412194278725366 -17.75
      vertex -81.20198163680877 -11.412194278725366 -29.7
    endloop
  endfacet
  facet normal -0.9961946980917454 -0.08715574274765933 3.2058158570309495e-19
    outer loop
      vertex -81.55079542019841 -8.571333987947584 -29.7
      vertex -81.80025212130559 -5.720030847018275 -17.75
      vertex -81.80025212130559 -5.720030847018275 -29.7
    endloop
  endfacet
  facet normal -0.9876883405951374 -0.15643446504023212 0
    outer loop
      vertex -80.89797486674689 -13.33161748367498 -25.4
      vertex -80.89797486674689 -13.33161748367498 -17.75
      vertex -81.20198163680877 -11.412194278725366 -17.75
    endloop
  endfacet
  facet normal -0.9925461516413221 -0.12186934340514638 0
    outer loop
      vertex -81.20198163680877 -11.412194278725366 -29.7
      vertex -81.20198163680877 -11.412194278725366 -17.75
      vertex -81.55079542019841 -8.571333987947584 -17.75
    endloop
  endfacet
  facet normal -0.9961946980917454 -0.08715574274765933 0
    outer loop
      vertex -81.55079542019841 -8.571333987947584 -29.7
      vertex -81.55079542019841 -8.571333987947584 -17.75
      vertex -81.80025212130559 -5.720030847018275 -17.75
    endloop
  endfacet
  facet normal -0.9986295347545739 -0.05233595624294424 0
    outer loop
      vertex -81.80025212130559 -5.720030847018275 -29.7
      vertex -81.80025212130559 -5.720030847018275 -17.75
      vertex -81.95004781556585 -2.8617587296050795 -17.75
    endloop
  endfacet
  facet normal -0.9986295347545739 -0.05233595624294424 -2.817284344821482e-19
    outer loop
      vertex -81.80025212130559 -5.720030847018275 -29.7
      vertex -81.95004781556585 -2.8617587296050795 -17.75
      vertex -81.95004781556585 -2.8617587296050795 -29.7
    endloop
  endfacet
  facet normal -0.9998476951563913 -0.01745240643728407 0
    outer loop
      vertex -81.95004781556585 -2.8617587296050795 -29.7
      vertex -81.95004781556585 -2.8617587296050795 -17.75
      vertex -81.99375514471691 -0.35776751955787517 -29.7
    endloop
  endfacet
  facet normal -0.9998476951563913 -0.01745240643728407 6.894907959421535e-20
    outer loop
      vertex -81.95004781556585 -2.8617587296050795 -17.75
      vertex -81.99375514471691 -0.35776751955787517 -17.75
      vertex -81.99375514471691 -0.35776751955787517 -29.7
    endloop
  endfacet
  facet normal 0.9961946980917453 0.0871557427476617 1.5481969972281765e-16
    outer loop
      vertex 81.5728974139746 8.318707043090443 -29.7
      vertex 81.55079542019841 8.571333987947584 -29.7
      vertex 81.5728974139746 8.318707043090436 -25.7
    endloop
  endfacet
  facet normal 0.9925461516413221 0.12186934340514637 0
    outer loop
      vertex 81.55079542019841 8.571333987947584 -29.7
      vertex 81.20198163680877 11.412194278725366 -29.7
      vertex 81.55079542019841 8.571333987947584 -25.5
    endloop
  endfacet
  facet normal 0.9961946980917454 0.08715574274765928 0
    outer loop
      vertex 81.55079542019841 8.571333987947584 -29.7
      vertex 81.55079542019841 8.571333987947584 -25.5
      vertex 81.5728974139746 8.318707043090436 -25.7
    endloop
  endfacet
  facet normal 0.9925461516413224 0.12186934340514446 -1.3692784224673083e-15
    outer loop
      vertex 81.20198163680877 11.412194278725366 -29.7
      vertex 81.5 8.985029486998 -25.5
      vertex 81.55079542019841 8.571333987947584 -25.5
    endloop
  endfacet
  facet normal 0.9925461516413224 0.12186934340514365 -1.7671469392714107e-15
    outer loop
      vertex 81.20198163680877 11.412194278725366 -29.7
      vertex 81.37537729123166 10 -25.4
      vertex 81.5 8.985029486998 -25.5
    endloop
  endfacet
  facet normal 0.9961946980917454 0.08715574274765935 0
    outer loop
      vertex 81.80025212130559 5.720030847018275 -25.7
      vertex 81.5728974139746 8.318707043090436 -25.7
      vertex 81.80025212130559 5.720030847018275 -25.5
    endloop
  endfacet
  facet normal 0.9961946980917454 0.08715574274765933 -9.397960918424224e-18
    outer loop
      vertex 81.80025212130559 5.720030847018275 -25.5
      vertex 81.5728974139746 8.318707043090436 -25.7
      vertex 81.55079542019841 8.571333987947584 -25.5
    endloop
  endfacet
  facet normal 0.9925461516413225 0.12186934340514372 -2.164834416709418e-15
    outer loop
      vertex 81.5 8.985029486998 -25.5
      vertex 81.37537729123166 10 -25.4
      vertex 81.5 8.985029486998002 -25.4
    endloop
  endfacet
  facet normal 0.992546151641322 0.12186934340514899 0
    outer loop
      vertex 81.20198163680877 11.412194278725366 -29.7
      vertex 81.20198163680877 11.412194278725366 -17.75
      vertex 81.37537729123166 10 -25.4
    endloop
  endfacet
  facet normal 0.992546151641322 0.12186934340514902 0
    outer loop
      vertex 81.37537729123166 10 -25.4
      vertex 81.20198163680877 11.412194278725366 -17.75
      vertex 81.37537729123166 10 -17.75
    endloop
  endfacet
  facet normal 0.9743700647852351 0.22495105434386495 0
    outer loop
      vertex 80.20810326017207 17.048758647056268 -29.7
      vertex 79.56424955463172 19.837595439172755 -29.7
      vertex 80.20810326017207 17.048758647056268 -17.75
    endloop
  endfacet
  facet normal 0.9876883405951377 0.15643446504023123 0
    outer loop
      vertex 81.20198163680877 11.412194278725366 -29.7
      vertex 80.75423574700106 14.239150568688288 -29.7
      vertex 81.20198163680877 11.412194278725366 -17.75
    endloop
  endfacet
  facet normal 0.9816271834476641 0.19080899537654344 1.2709620459950586e-18
    outer loop
      vertex 80.20810326017207 17.048758647056268 -29.7
      vertex 80.75423574700106 14.239150568688288 -17.75
      vertex 80.75423574700106 14.239150568688288 -29.7
    endloop
  endfacet
  facet normal 0.9659258262890681 0.25881904510252146 0
    outer loop
      vertex 79.56424955463172 19.837595439172755 -29.7
      vertex 78.82345906694215 22.602263176993933 -29.7
      vertex 79.56424955463172 19.837595439172755 -17.75
    endloop
  endfacet
  facet normal 0.956304755963032 0.2923717047227483 2.0488745360742398e-19
    outer loop
      vertex 78.82345906694215 22.602263176993933 -29.7
      vertex 78.77590413438689 22.757808352664128 -29.7
      vertex 78.77590413438689 22.757808352664128 -17.75
    endloop
  endfacet
  facet normal 0.9816271834476641 0.19080899537654344 0
    outer loop
      vertex 80.20810326017207 17.048758647056268 -29.7
      vertex 80.20810326017207 17.048758647056268 -17.75
      vertex 80.75423574700106 14.239150568688288 -17.75
    endloop
  endfacet
  facet normal 0.9743700647852351 0.22495105434386495 0
    outer loop
      vertex 79.56424955463172 19.837595439172755 -29.7
      vertex 79.56424955463172 19.837595439172755 -17.75
      vertex 80.20810326017207 17.048758647056268 -17.75
    endloop
  endfacet
  facet normal 0.9876883405951377 0.15643446504023123 0
    outer loop
      vertex 80.75423574700106 14.239150568688288 -29.7
      vertex 80.75423574700106 14.239150568688288 -17.75
      vertex 81.20198163680877 11.412194278725366 -17.75
    endloop
  endfacet
  facet normal 0.956304755963032 0.2923717047227483 0
    outer loop
      vertex 78.82345906694215 22.602263176993933 -29.7
      vertex 78.77590413438689 22.757808352664128 -17.75
      vertex 78.82345906694215 22.602263176993933 -17.75
    endloop
  endfacet
  facet normal 0.9659258262890681 0.25881904510252146 0
    outer loop
      vertex 78.82345906694215 22.602263176993933 -29.7
      vertex 78.82345906694215 22.602263176993933 -17.75
      vertex 79.56424955463172 19.837595439172755 -17.75
    endloop
  endfacet
  facet normal 0 0 -1
    outer loop
      vertex 81.5 -10 -25.4
      vertex 81.45634177442902 -10 -25.4
      vertex 81.3992507893687 -9.80556596072441 -25.4
    endloop
  endfacet
  facet normal 0 0 -1
    outer loop
      vertex 81.5 -10 -25.4
      vertex 81.3992507893687 -9.80556596072441 -25.4
      vertex 81.5 -8.985029486998002 -25.4
    endloop
  endfacet
  facet normal 0 -1 0
    outer loop
      vertex 81.5 -10 -25.4
      vertex 81.5 -10 -25.345750941653304
      vertex 81.45634177442902 -10 -25.4
    endloop
  endfacet
  facet normal 0 -1 0
    outer loop
      vertex 81.5 -10 -22.054249058346695
      vertex 81.37537729123166 -10 -17.75
      vertex 81.37537729123166 -10 -21.8993947437043
    endloop
  endfacet
  facet normal 0 -1 0
    outer loop
      vertex 81.5 -10 -22.054249058346695
      vertex 81.5 -10 -17.75
      vertex 81.37537729123166 -10 -17.75
    endloop
  endfacet
  facet normal 0 0 -1
    outer loop
      vertex 81.5 8.985029486998002 -25.4
      vertex 81.37537729123166 10 -25.4
      vertex 81.5 10 -25.4
    endloop
  endfacet
  facet normal 0 1 0
    outer loop
      vertex 81.37537729123166 10 -25.4
      vertex 81.5 10 -17.75
      vertex 81.5 10 -25.4
    endloop
  endfacet
  facet normal 0 1 0
    outer loop
      vertex 81.37537729123166 10 -25.4
      vertex 81.37537729123166 10 -17.75
      vertex 81.5 10 -17.75
    endloop
  endfacet
  facet normal 0 0 -1
    outer loop
      vertex -75.38135178116723 -32.5561331187215 -25.4
      vertex -75.33946202049141 -32.34236956069098 -25.4
      vertex -75.33946202049142 -32.543833175204234 -25.4
    endloop
  endfacet
  facet normal 0.2817325568414325 -0.9594929736144966 0
    outer loop
      vertex -75.38135178116723 -32.5561331187215 -25.4
      vertex -75.33946202049142 -32.543833175204234 -25.4
      vertex -75.38135178116723 -32.5561331187215 -25.345750941653332
    endloop
  endfacet
  facet normal 0 0 -1
    outer loop
      vertex -75.38135178116723 -32.5561331187215 -25.4
      vertex -75.6789696807423 -31.542539636073673 -25.4
      vertex -75.33946202049141 -32.34236956069098 -25.4
    endloop
  endfacet
  facet normal 0.28173255684141746 -0.9594929736145009 0
    outer loop
      vertex -75.38135178116723 -32.5561331187215 -22.054249058346667
      vertex -75.26342306141575 -32.52150612232416 -21.9015262474417
      vertex -75.38135178116723 -32.5561331187215 -17.75
    endloop
  endfacet
  facet normal 0.2817325568414175 -0.9594929736145009 0
    outer loop
      vertex -75.26342306141575 -32.52150612232416 -21.9015262474417
      vertex -75.26342306141575 -32.52150612232416 -17.75
      vertex -75.38135178116723 -32.5561331187215 -17.75
    endloop
  endfacet
  facet normal 0 0 -1
    outer loop
      vertex -80.74352751345164 -14.294239654598886 -25.4
      vertex -81.01600291799583 -13.366273646431557 -25.4
      vertex -80.75423574700106 -14.239150568688288 -25.4
    endloop
  endfacet
  facet normal 0 0 -1
    outer loop
      vertex -80.75423574700106 -14.239150568688288 -25.4
      vertex -81.01600291799583 -13.366273646431557 -25.4
      vertex -80.89797486674689 -13.33161748367498 -25.4
    endloop
  endfacet
  facet normal -0.28173255684142706 0.9594929736144981 0
    outer loop
      vertex -80.89797486674689 -13.33161748367498 -25.4
      vertex -81.01600291799583 -13.366273646431557 -25.4
      vertex -80.89797486674689 -13.33161748367498 -17.75
    endloop
  endfacet
  facet normal -0.281732556841445 0.9594929736144929 3.00556670297984e-16
    outer loop
      vertex -81.01600291799583 -13.366273646431557 -25.4
      vertex -81.01600291799582 -13.366273646431555 -17.75
      vertex -80.89797486674689 -13.33161748367498 -17.75
    endloop
  endfacet
  facet normal 0 0 -1
    outer loop
      vertex -60.92864556008331 -55.044982970419206 -25.4
      vertex -60.853918247674116 -54.95874305463491 -25.4
      vertex -60.120464784273864 -55.74527559904457 -25.4
    endloop
  endfacet
  facet normal -0.7557495743542461 0.6548607339452992 -1.7069279691195533e-19
    outer loop
      vertex -60.92864556008331 -55.044982970419206 -25.4
      vertex -60.853918247674116 -54.95874305463491 -17.75
      vertex -60.853918247674116 -54.95874305463491 -25.4
    endloop
  endfacet
  facet normal -0.7557495743542461 0.6548607339452992 0
    outer loop
      vertex -60.92864556008331 -55.044982970419206 -25.4
      vertex -60.92864556008331 -55.044982970419206 -17.75
      vertex -60.853918247674116 -54.95874305463491 -17.75
    endloop
  endfacet
  facet normal 0 0 -1
    outer loop
      vertex -45.813654072998155 -68.14219764932491 -25.4
      vertex -45.853818084601244 -67.98108094951343 -25.4
      vertex -45.738779552178755 -68.05578784597888 -25.4
    endloop
  endfacet
  facet normal 0 0 -1
    outer loop
      vertex -46.61338732591772 -67.4492248409514 -25.4
      vertex -45.853818084601244 -67.98108094951343 -25.4
      vertex -45.813654072998155 -68.14219764932491 -25.4
    endloop
  endfacet
  facet normal 0.7557495743543062 -0.6548607339452298 0
    outer loop
      vertex -45.813654072998155 -68.14219764932491 -25.4
      vertex -45.738779552178755 -68.05578784597888 -25.4
      vertex -45.813654072998155 -68.14219764932491 -17.75
    endloop
  endfacet
  facet normal 0.7557495743543062 -0.6548607339452298 0
    outer loop
      vertex -45.738779552178755 -68.05578784597888 -25.4
      vertex -45.738779552178755 -68.05578784597888 -17.75
      vertex -45.813654072998155 -68.14219764932491 -17.75
    endloop
  endfacet
  facet normal 0 0 -1
    outer loop
      vertex -21.496873738082076 -79.24729913056316 -25.4
      vertex -21.47920101841464 -79.12438266538342 -25.4
      vertex -20.468840134795162 -79.39510804821326 -25.4
    endloop
  endfacet
  facet normal -0.9898214418809305 0.1423148382733005 7.519419330756652e-20
    outer loop
      vertex -21.496873738082076 -79.24729913056316 -25.4
      vertex -21.47920101841464 -79.12438266538342 -17.75
      vertex -21.47920101841464 -79.12438266538342 -25.4
    endloop
  endfacet
  facet normal 0 0 -1
    outer loop
      vertex -2.6763324951999348 -81.9532844425268 -25.4
      vertex -1.682764675924702 -81.97062723332283 -25.4
      vertex -1.7004449004634183 -82.09359589602886 -25.4
    endloop
  endfacet
  facet normal 0.9898214418809325 -0.14231483827328745 2.8730001439055755e-17
    outer loop
      vertex -1.7004449004634183 -82.09359589602886 -25.4
      vertex -1.682764675924702 -81.97062723332283 -25.4
      vertex -1.7004449004634186 -82.09359589602886 -17.75
    endloop
  endfacet
  facet normal -0.9898214418809346 0.1423148382732725 4.596800230248931e-16
    outer loop
      vertex -21.496873738082076 -79.24729913056316 -25.4
      vertex -21.496873738082073 -79.24729913056316 -17.75
      vertex -21.47920101841464 -79.12438266538342 -17.75
    endloop
  endfacet
  facet normal 0.9898214418809322 -0.1423148382732892 0
    outer loop
      vertex -1.682764675924702 -81.97062723332283 -25.4
      vertex -1.682764675924702 -81.97062723332283 -17.75
      vertex -1.7004449004634186 -82.09359589602886 -17.75
    endloop
  endfacet
  facet normal -0.9096319953545157 -0.41541501300189243 0
    outer loop
      vertex 24.709757205599075 -78.17913348140664 -25.4
      vertex 24.760003606108576 -78.28915775141209 -25.4
      vertex 24.709757205599075 -78.17913348140664 -17.75
    endloop
  endfacet
  facet normal 0 0 -1
    outer loop
      vertex 24.709757205599075 -78.17913348140664 -25.4
      vertex 25.339393538745686 -77.98663433620258 -25.4
      vertex 24.760003606108576 -78.28915775141209 -25.4
    endloop
  endfacet
  facet normal 0 0 -1
    outer loop
      vertex 24.760003606108576 -78.28915775141209 -25.4
      vertex 25.339393538745686 -77.98663433620258 -25.4
      vertex 25.676932546500247 -77.8704103352703 -25.4
    endloop
  endfacet
  facet normal 0 0 -1
    outer loop
      vertex 41.9813234062109 -70.42444452100185 -25.4
      vertex 42.90245960283096 -69.87097005569203 -25.4
      vertex 42.95264351319894 -69.98085749137437 -25.4
    endloop
  endfacet
  facet normal 0.9096319953545215 0.41541501300187944 -2.4366631267323555e-19
    outer loop
      vertex 42.90245960283096 -69.87097005569203 -25.4
      vertex 42.95264351319894 -69.98085749137437 -17.75
      vertex 42.95264351319894 -69.98085749137437 -25.4
    endloop
  endfacet
  facet normal -0.9096319953545157 -0.41541501300189243 7.465824517709783e-20
    outer loop
      vertex 24.709757205599075 -78.17913348140664 -17.75
      vertex 24.760003606108576 -78.28915775141209 -25.4
      vertex 24.760003606108576 -78.28915775141209 -17.75
    endloop
  endfacet
  facet normal 0.9096319953545215 0.41541501300187944 0
    outer loop
      vertex 42.90245960283096 -69.87097005569203 -25.4
      vertex 42.90245960283096 -69.87097005569203 -17.75
      vertex 42.95264351319894 -69.98085749137437 -17.75
    endloop
  endfacet
  facet normal -0.5406408174555932 -0.841253532831184 1.0818842132418159e-19
    outer loop
      vertex 63.15575475118527 -52.47476195094304 -25.4
      vertex 63.05659439059451 -52.41103545670942 -17.75
      vertex 63.05659439059451 -52.41103545670942 -25.4
    endloop
  endfacet
  facet normal -0.5406408174555932 -0.841253532831184 0
    outer loop
      vertex 63.15575475118527 -52.47476195094304 -25.4
      vertex 63.15575475118527 -52.47476195094304 -17.75
      vertex 63.05659439059451 -52.41103545670942 -17.75
    endloop
  endfacet
  facet normal 0 0 -1
    outer loop
      vertex 63.15575475118527 -52.47476195094304 -25.4
      vertex 63.05659439059451 -52.41103545670942 -25.4
      vertex 63.73551209809521 -51.57264191019552 -25.4
    endloop
  endfacet
  facet normal 0 0 -1
    outer loop
      vertex 73.40736390219656 -36.52294674009649 -25.4
      vertex 73.70111179653169 -35.94643403670435 -25.4
      vertex 73.96857110029723 -35.64969129431941 -25.4
    endloop
  endfacet
  facet normal 0 0 -1
    outer loop
      vertex 73.70111179653169 -35.94643403670435 -25.4
      vertex 73.86924964007032 -35.585861267636204 -25.4
      vertex 73.96857110029723 -35.64969129431941 -25.4
    endloop
  endfacet
  facet normal 0.5406408174555906 0.8412535328311856 5.317608578687293e-20
    outer loop
      vertex 73.86924964007032 -35.585861267636204 -25.4
      vertex 73.96857110029723 -35.64969129431941 -17.75
      vertex 73.96857110029723 -35.64969129431941 -25.4
    endloop
  endfacet
  facet normal 0.5406408174555906 0.8412535328311856 0
    outer loop
      vertex 73.86924964007032 -35.585861267636204 -25.4
      vertex 73.86924964007032 -35.585861267636204 -17.75
      vertex 73.96857110029723 -35.64969129431941 -17.75
    endloop
  endfacet
  facet normal -0.7547095802227775 -0.6560590289905012 -9.002675221440208e-18
    outer loop
      vertex -63.02949797986478 -53.22458398613353 -10.15
      vertex -63.19866655731568 -53.02997779913949 -9
      vertex -63.19866655731568 -53.02997779913949 -10.15
    endloop
  endfacet
  facet normal -0.7547095802227775 -0.6560590289905012 0
    outer loop
      vertex -63.02949797986478 -53.22458398613353 -10.15
      vertex -63.02949797986478 -53.22458398613353 -9
      vertex -63.19866655731568 -53.02997779913949 -9
    endloop
  endfacet
  facet normal -0.8386705679454259 -0.5446390350150242 0
    outer loop
      vertex -68.39559973579094 -46.133414536336616 -10.15
      vertex -68.39559973579094 -46.133414536336616 -9
      vertex -69.96396793290513 -43.7183392992394 -9
    endloop
  endfacet
  facet normal -0.8386705679454259 -0.5446390350150242 -8.986714008266154e-18
    outer loop
      vertex -68.39559973579094 -46.133414536336616 -10.15
      vertex -69.96396793290513 -43.7183392992394 -9
      vertex -69.96396793290513 -43.7183392992394 -10.15
    endloop
  endfacet
  facet normal -0.7986355100472928 -0.6018150231520483 0
    outer loop
      vertex -65.01088717255456 -50.792071714366806 -10.15
      vertex -65.01088717255456 -50.792071714366806 -9
      vertex -66.74390203593316 -48.49228331412903 -9
    endloop
  endfacet
  facet normal -0.7986355100472928 -0.6018150231520483 -1.6360121684835932e-17
    outer loop
      vertex -65.01088717255456 -50.792071714366806 -10.15
      vertex -66.74390203593316 -48.49228331412903 -9
      vertex -66.74390203593316 -48.49228331412903 -10.15
    endloop
  endfacet
  facet normal -0.7771459614569695 -0.6293203910498392 0
    outer loop
      vertex -65.01088717255456 -50.792071714366806 -10.15
      vertex -63.19866655731568 -53.02997779913949 -10.15
      vertex -65.01088717255456 -50.792071714366806 -9
    endloop
  endfacet
  facet normal -0.7771459614569695 -0.6293203910498392 0
    outer loop
      vertex -63.19866655731568 -53.02997779913949 -10.15
      vertex -63.19866655731568 -53.02997779913949 -9
      vertex -65.01088717255456 -50.792071714366806 -9
    endloop
  endfacet
  facet normal -0.8191520442889915 -0.5735764363510467 4.789819157140342e-18
    outer loop
      vertex -68.39559973579094 -46.133414536336616 -9
      vertex -66.74390203593316 -48.49228331412903 -10.15
      vertex -66.74390203593316 -48.49228331412903 -9
    endloop
  endfacet
  facet normal -0.8191520442889915 -0.5735764363510467 0
    outer loop
      vertex -68.39559973579094 -46.133414536336616 -10.15
      vertex -66.74390203593316 -48.49228331412903 -10.15
      vertex -68.39559973579094 -46.133414536336616 -9
    endloop
  endfacet
  facet normal -0.8746197071393956 -0.4848096202463373 0
    outer loop
      vertex -71.44709581221619 -41.25 -10.15
      vertex -71.44709581221619 -41.25 -9
      vertex -72.84317641086147 -38.73140392983599 -9
    endloop
  endfacet
  facet normal -0.8571673007021103 -0.5150380749100575 5.287718548364899e-17
    outer loop
      vertex -71.44709581221619 -41.25 -9
      vertex -69.96396793290513 -43.7183392992394 -10.15
      vertex -69.96396793290513 -43.7183392992394 -9
    endloop
  endfacet
  facet normal -0.8571673007021103 -0.5150380749100575 0
    outer loop
      vertex -71.44709581221619 -41.25 -10.15
      vertex -69.96396793290513 -43.7183392992394 -10.15
      vertex -71.44709581221619 -41.25 -9
    endloop
  endfacet
  facet normal -0.8746197071393956 -0.4848096202463373 -6.708848899230419e-18
    outer loop
      vertex -71.44709581221619 -41.25 -10.15
      vertex -72.84317641086147 -38.73140392983599 -9
      vertex -72.84317641086147 -38.73140392983599 -10.15
    endloop
  endfacet
  facet normal -0.8910065241883677 -0.4539904997395472 0
    outer loop
      vertex -72.84317641086147 -38.73140392983599 -10.15
      vertex -72.84317641086147 -38.73140392983599 -9
      vertex -74.15050881968128 -36.165619610098894 -9
    endloop
  endfacet
  facet normal -0.8910065241883677 -0.4539904997395472 3.649868104921141e-17
    outer loop
      vertex -72.84317641086147 -38.73140392983599 -10.15
      vertex -74.15050881968128 -36.165619610098894 -9
      vertex -74.15050881968128 -36.165619610098894 -10.15
    endloop
  endfacet
  facet normal -0.4848096202463373 -0.8746197071393956 -6.708848899230419e-18
    outer loop
      vertex -41.25 -71.44709581221619 -9
      vertex -38.73140392983599 -72.84317641086147 -10.15
      vertex -38.73140392983599 -72.84317641086147 -9
    endloop
  endfacet
  facet normal -0.4539904997395472 -0.8910065241883677 0
    outer loop
      vertex -38.73140392983599 -72.84317641086147 -10.15
      vertex -36.165619610098894 -74.15050881968128 -10.15
      vertex -38.73140392983599 -72.84317641086147 -9
    endloop
  endfacet
  facet normal -0.5150380749100586 -0.8571673007021097 0
    outer loop
      vertex -43.69511389378549 -69.97792316440334 -10.15
      vertex -41.25 -71.44709581221619 -10.15
      vertex -43.69511389378549 -69.97792316440334 -9
    endloop
  endfacet
  facet normal -0.5150380749100586 -0.8571673007021097 1.8768940119293254e-17
    outer loop
      vertex -43.69511389378549 -69.97792316440334 -9
      vertex -41.25 -71.44709581221619 -10.15
      vertex -41.25 -71.44709581221619 -9
    endloop
  endfacet
  facet normal -0.4848096202463373 -0.8746197071393956 0
    outer loop
      vertex -41.25 -71.44709581221619 -10.15
      vertex -38.73140392983599 -72.84317641086147 -10.15
      vertex -41.25 -71.44709581221619 -9
    endloop
  endfacet
  facet normal -0.35836794954529955 -0.933580426497202 0
    outer loop
      vertex -30.90504395681274 -76.49266800175997 -10.15
      vertex -28.21666182436767 -77.52464121483744 -10.15
      vertex -30.90504395681274 -76.49266800175997 -9
    endloop
  endfacet
  facet normal -0.35836794954529955 -0.933580426497202 0
    outer loop
      vertex -28.21666182436767 -77.52464121483744 -10.15
      vertex -28.21666182436767 -77.52464121483744 -9
      vertex -30.90504395681274 -76.49266800175997 -9
    endloop
  endfacet
  facet normal -0.29237170472274393 -0.9563047559630332 0
    outer loop
      vertex -25.49390203593316 -78.46216259435016 -10.15
      vertex -24.194442177426787 -78.8594473424195 -10.15
      vertex -25.49390203593316 -78.46216259435016 -9
    endloop
  endfacet
  facet normal -0.32556815445715304 -0.9455185755993181 0
    outer loop
      vertex -28.21666182436767 -77.52464121483744 -10.15
      vertex -25.49390203593316 -78.46216259435016 -10.15
      vertex -28.21666182436767 -77.52464121483744 -9
    endloop
  endfacet
  facet normal -0.32556815445715304 -0.9455185755993181 5.784304045820702e-17
    outer loop
      vertex -28.21666182436767 -77.52464121483744 -9
      vertex -25.49390203593316 -78.46216259435016 -10.15
      vertex -25.49390203593316 -78.46216259435016 -9
    endloop
  endfacet
  facet normal -0.4226182617406978 -0.9063077870366507 -3.115034361896374e-17
    outer loop
      vertex -33.55577305375352 -75.36750025551457 -10.15
      vertex -36.165619610098894 -74.15050881968128 -9
      vertex -36.165619610098894 -74.15050881968128 -10.15
    endloop
  endfacet
  facet normal -0.4226182617406978 -0.9063077870366507 0
    outer loop
      vertex -33.55577305375352 -75.36750025551457 -10.15
      vertex -33.55577305375352 -75.36750025551457 -9
      vertex -36.165619610098894 -74.15050881968128 -9
    endloop
  endfacet
  facet normal -0.4539904997395472 -0.8910065241883677 3.649868104921141e-17
    outer loop
      vertex -38.73140392983599 -72.84317641086147 -9
      vertex -36.165619610098894 -74.15050881968128 -10.15
      vertex -36.165619610098894 -74.15050881968128 -9
    endloop
  endfacet
  facet normal -0.3907311284892757 -0.9205048534524395 0
    outer loop
      vertex -33.55577305375352 -75.36750025551457 -10.15
      vertex -30.90504395681274 -76.49266800175997 -10.15
      vertex -33.55577305375352 -75.36750025551457 -9
    endloop
  endfacet
  facet normal -0.3907311284892757 -0.9205048534524395 5.588614123027994e-17
    outer loop
      vertex -33.55577305375352 -75.36750025551457 -9
      vertex -30.90504395681274 -76.49266800175997 -10.15
      vertex -30.90504395681274 -76.49266800175997 -9
    endloop
  endfacet
  facet normal -0.29237170472274393 -0.9563047559630332 -1.483751751396166e-17
    outer loop
      vertex -25.49390203593316 -78.46216259435016 -9
      vertex -24.194442177426787 -78.8594473424195 -10.15
      vertex -24.194442177426787 -78.8594473424195 -9
    endloop
  endfacet
  facet normal -0.7547095802227775 -0.6560590289905012 -9.002675221440208e-18
    outer loop
      vertex -63.02949797986478 -53.22458398613353 9
      vertex -63.19866655731568 -53.02997779913949 10.15
      vertex -63.19866655731568 -53.02997779913949 9
    endloop
  endfacet
  facet normal -0.7547095802227775 -0.6560590289905012 0
    outer loop
      vertex -63.02949797986478 -53.22458398613353 9
      vertex -63.02949797986478 -53.22458398613353 10.15
      vertex -63.19866655731568 -53.02997779913949 10.15
    endloop
  endfacet
  facet normal -0.8386705679454259 -0.5446390350150242 0
    outer loop
      vertex -68.39559973579094 -46.133414536336616 9
      vertex -68.39559973579094 -46.133414536336616 10.15
      vertex -69.96396793290513 -43.7183392992394 10.15
    endloop
  endfacet
  facet normal -0.8386705679454259 -0.5446390350150242 -8.986714008266154e-18
    outer loop
      vertex -68.39559973579094 -46.133414536336616 9
      vertex -69.96396793290513 -43.7183392992394 10.15
      vertex -69.96396793290513 -43.7183392992394 9
    endloop
  endfacet
  facet normal -0.7986355100472928 -0.6018150231520483 0
    outer loop
      vertex -65.01088717255456 -50.792071714366806 9
      vertex -65.01088717255456 -50.792071714366806 10.15
      vertex -66.74390203593316 -48.49228331412903 10.15
    endloop
  endfacet
  facet normal -0.7986355100472928 -0.6018150231520483 -1.6360121684835932e-17
    outer loop
      vertex -65.01088717255456 -50.792071714366806 9
      vertex -66.74390203593316 -48.49228331412903 10.15
      vertex -66.74390203593316 -48.49228331412903 9
    endloop
  endfacet
  facet normal -0.7771459614569695 -0.6293203910498392 0
    outer loop
      vertex -65.01088717255456 -50.792071714366806 9
      vertex -63.19866655731568 -53.02997779913949 9
      vertex -65.01088717255456 -50.792071714366806 10.15
    endloop
  endfacet
  facet normal -0.7771459614569695 -0.6293203910498392 0
    outer loop
      vertex -63.19866655731568 -53.02997779913949 9
      vertex -63.19866655731568 -53.02997779913949 10.15
      vertex -65.01088717255456 -50.792071714366806 10.15
    endloop
  endfacet
  facet normal -0.8191520442889915 -0.5735764363510467 4.789819157140342e-18
    outer loop
      vertex -68.39559973579094 -46.133414536336616 10.15
      vertex -66.74390203593316 -48.49228331412903 9
      vertex -66.74390203593316 -48.49228331412903 10.15
    endloop
  endfacet
  facet normal -0.8191520442889915 -0.5735764363510467 0
    outer loop
      vertex -68.39559973579094 -46.133414536336616 9
      vertex -66.74390203593316 -48.49228331412903 9
      vertex -68.39559973579094 -46.133414536336616 10.15
    endloop
  endfacet
  facet normal -0.8746197071393956 -0.4848096202463373 0
    outer loop
      vertex -71.44709581221619 -41.25 9
      vertex -71.44709581221619 -41.25 10.15
      vertex -72.84317641086147 -38.73140392983599 10.15
    endloop
  endfacet
  facet normal -0.8571673007021103 -0.5150380749100575 0
    outer loop
      vertex -69.96396793290513 -43.7183392992394 9
      vertex -69.96396793290513 -43.7183392992394 10.15
      vertex -71.44709581221619 -41.25 10.15
    endloop
  endfacet
  facet normal -0.8571673007021103 -0.5150380749100575 0
    outer loop
      vertex -71.44709581221619 -41.25 9
      vertex -69.96396793290513 -43.7183392992394 9
      vertex -71.44709581221619 -41.25 10.15
    endloop
  endfacet
  facet normal -0.8746197071393956 -0.4848096202463373 -6.708848899230419e-18
    outer loop
      vertex -71.44709581221619 -41.25 9
      vertex -72.84317641086147 -38.73140392983599 10.15
      vertex -72.84317641086147 -38.73140392983599 9
    endloop
  endfacet
  facet normal -0.8910065241883677 -0.4539904997395472 0
    outer loop
      vertex -72.84317641086147 -38.73140392983599 9
      vertex -72.84317641086147 -38.73140392983599 10.15
      vertex -74.15050881968128 -36.165619610098894 10.15
    endloop
  endfacet
  facet normal -0.8910065241883677 -0.4539904997395472 3.649868104921141e-17
    outer loop
      vertex -72.84317641086147 -38.73140392983599 9
      vertex -74.15050881968128 -36.165619610098894 10.15
      vertex -74.15050881968128 -36.165619610098894 9
    endloop
  endfacet
  facet normal -0.4848096202463373 -0.8746197071393956 0
    outer loop
      vertex -38.73140392983599 -72.84317641086147 9
      vertex -38.73140392983599 -72.84317641086147 10.15
      vertex -41.25 -71.44709581221619 10.15
    endloop
  endfacet
  facet normal -0.4539904997395472 -0.8910065241883677 0
    outer loop
      vertex -38.73140392983599 -72.84317641086147 9
      vertex -36.165619610098894 -74.15050881968128 9
      vertex -38.73140392983599 -72.84317641086147 10.15
    endloop
  endfacet
  facet normal -0.5150380749100586 -0.8571673007021097 0
    outer loop
      vertex -43.69511389378549 -69.97792316440334 9
      vertex -41.25 -71.44709581221619 9
      vertex -43.69511389378549 -69.97792316440334 10.15
    endloop
  endfacet
  facet normal -0.5150380749100586 -0.8571673007021097 1.8768940119293254e-17
    outer loop
      vertex -43.69511389378549 -69.97792316440334 10.15
      vertex -41.25 -71.44709581221619 9
      vertex -41.25 -71.44709581221619 10.15
    endloop
  endfacet
  facet normal -0.4848096202463373 -0.8746197071393956 0
    outer loop
      vertex -41.25 -71.44709581221619 9
      vertex -38.73140392983599 -72.84317641086147 9
      vertex -41.25 -71.44709581221619 10.15
    endloop
  endfacet
  facet normal -0.35836794954529955 -0.933580426497202 -1.1071119272984983e-15
    outer loop
      vertex -30.90504395681274 -76.49266800175997 9
      vertex -28.21666182436767 -77.52464121483744 9
      vertex -30.905043956812744 -76.49266800175997 10.15
    endloop
  endfacet
  facet normal -0.35836794954529916 -0.9335804264972022 0
    outer loop
      vertex -28.21666182436767 -77.52464121483744 9
      vertex -28.21666182436767 -77.52464121483744 10.15
      vertex -30.905043956812744 -76.49266800175997 10.15
    endloop
  endfacet
  facet normal -0.29237170472274393 -0.9563047559630332 0
    outer loop
      vertex -25.49390203593316 -78.46216259435016 9
      vertex -24.194442177426787 -78.8594473424195 9
      vertex -25.49390203593316 -78.46216259435016 10.15
    endloop
  endfacet
  facet normal -0.32556815445715304 -0.9455185755993181 0
    outer loop
      vertex -28.21666182436767 -77.52464121483744 9
      vertex -25.49390203593316 -78.46216259435016 9
      vertex -28.21666182436767 -77.52464121483744 10.15
    endloop
  endfacet
  facet normal -0.32556815445715304 -0.9455185755993181 0
    outer loop
      vertex -25.49390203593316 -78.46216259435016 9
      vertex -25.49390203593316 -78.46216259435016 10.15
      vertex -28.21666182436767 -77.52464121483744 10.15
    endloop
  endfacet
  facet normal -0.4226182617406978 -0.9063077870366507 -3.115034361896374e-17
    outer loop
      vertex -33.55577305375352 -75.36750025551457 9
      vertex -36.165619610098894 -74.15050881968128 10.15
      vertex -36.165619610098894 -74.15050881968128 9
    endloop
  endfacet
  facet normal -0.4226182617406978 -0.9063077870366507 0
    outer loop
      vertex -33.55577305375352 -75.36750025551457 9
      vertex -33.55577305375352 -75.36750025551457 10.15
      vertex -36.165619610098894 -74.15050881968128 10.15
    endloop
  endfacet
  facet normal -0.4539904997395472 -0.8910065241883677 3.649868104921141e-17
    outer loop
      vertex -38.73140392983599 -72.84317641086147 10.15
      vertex -36.165619610098894 -74.15050881968128 9
      vertex -36.165619610098894 -74.15050881968128 10.15
    endloop
  endfacet
  facet normal -0.3907311284892757 -0.9205048534524395 0
    outer loop
      vertex -33.55577305375352 -75.36750025551457 9
      vertex -30.90504395681274 -76.49266800175997 9
      vertex -33.55577305375352 -75.36750025551457 10.15
    endloop
  endfacet
  facet normal -0.39073112848927616 -0.9205048534524393 -1.1510259204661297e-15
    outer loop
      vertex -33.55577305375352 -75.36750025551457 10.15
      vertex -30.90504395681274 -76.49266800175997 9
      vertex -30.905043956812744 -76.49266800175997 10.15
    endloop
  endfacet
  facet normal -0.29237170472274393 -0.9563047559630332 -1.483751751396166e-17
    outer loop
      vertex -25.49390203593316 -78.46216259435016 10.15
      vertex -24.194442177426787 -78.8594473424195 9
      vertex -24.194442177426787 -78.8594473424195 10.15
    endloop
  endfacet
  facet normal -0.9063077870366476 -0.4226182617407045 0
    outer loop
      vertex -74.61228234020388 -35.17534309963013 -10.15
      vertex -74.15050881968128 -36.165619610098894 -10.15
      vertex -74.61228234020388 -35.17534309963013 -9
    endloop
  endfacet
  facet normal -0.9925461516413222 -0.12186934340514619 0
    outer loop
      vertex -81.78894844014904 -10.733862945277744 -10.15
      vertex -81.78894844014904 -10.733862945277744 -9
      vertex -82.04805636788255 -8.623598219581412 -9
    endloop
  endfacet
  facet normal -0.9925461516413222 -0.12186934340514619 -9.222887020989733e-18
    outer loop
      vertex -81.78894844014904 -10.733862945277744 -10.15
      vertex -82.04805636788255 -8.623598219581412 -9
      vertex -82.04805636788255 -8.623598219581412 -10.15
    endloop
  endfacet
  facet normal -0.9961946980917454 -0.08715574274765839 -3.5808350169110255e-18
    outer loop
      vertex -82.04805636788255 -8.623598219581412 -10.15
      vertex -82.2990341464355 -5.754909083890338 -9
      vertex -82.2990341464355 -5.754909083890338 -10.15
    endloop
  endfacet
  facet normal -0.9961946980917454 -0.08715574274765839 0
    outer loop
      vertex -82.04805636788255 -8.623598219581412 -10.15
      vertex -82.04805636788255 -8.623598219581412 -9
      vertex -82.2990341464355 -5.754909083890338 -9
    endloop
  endfacet
  facet normal -0.9986295347545739 -0.05233595624294207 0
    outer loop
      vertex -82.2990341464355 -5.754909083890338 -10.15
      vertex -82.2990341464355 -5.754909083890338 -9
      vertex -82.4497432290754 -2.87920847795633 -9
    endloop
  endfacet
  facet normal -0.9063077870366476 -0.4226182617407045 1.7379796825552622e-17
    outer loop
      vertex -74.61228234020388 -35.17534309963013 -9
      vertex -74.15050881968128 -36.165619610098894 -10.15
      vertex -74.15050881968128 -36.165619610098894 -9
    endloop
  endfacet
  facet normal -0.9986295347545739 -0.05233595624294207 6.7972743540483674e-18
    outer loop
      vertex -82.2990341464355 -5.754909083890338 -10.15
      vertex -82.4497432290754 -2.87920847795633 -9
      vertex -82.4497432290754 -2.87920847795633 -10.15
    endloop
  endfacet
  facet normal -0.9998476951563912 -0.01745240643728723 0
    outer loop
      vertex -82.4497432290754 -2.87920847795633 -10.15
      vertex -82.4497432290754 -2.87920847795633 -9
      vertex -82.49371706633104 -0.35994902882347196 -10.15
    endloop
  endfacet
  facet normal -0.9998476951563912 -0.01745240643728723 7.458123093005356e-19
    outer loop
      vertex -82.4497432290754 -2.87920847795633 -9
      vertex -82.49371706633104 -0.35994902882347196 -9
      vertex -82.49371706633104 -0.35994902882347196 -10.15
    endloop
  endfacet
  facet normal -0.9063077870366499 -0.4226182617406995 0
    outer loop
      vertex -74.61228234020388 -35.17534309963012 9
      vertex -74.15050881968128 -36.165619610098894 9
      vertex -74.61228234020388 -35.17534309963012 10.15
    endloop
  endfacet
  facet normal -0.9925461516413222 -0.12186934340514546 0
    outer loop
      vertex -81.78894844014904 -10.733862945277757 9
      vertex -81.78894844014904 -10.733862945277757 10.15
      vertex -82.04805636788255 -8.623598219581412 10.15
    endloop
  endfacet
  facet normal -0.9925461516413222 -0.12186934340514546 -1.0135025612363239e-17
    outer loop
      vertex -81.78894844014904 -10.733862945277757 9
      vertex -82.04805636788255 -8.623598219581412 10.15
      vertex -82.04805636788255 -8.623598219581412 9
    endloop
  endfacet
  facet normal -0.9961946980917454 -0.08715574274765839 -3.5808350169110255e-18
    outer loop
      vertex -82.04805636788255 -8.623598219581412 9
      vertex -82.2990341464355 -5.754909083890338 10.15
      vertex -82.2990341464355 -5.754909083890338 9
    endloop
  endfacet
  facet normal -0.9961946980917454 -0.08715574274765839 0
    outer loop
      vertex -82.04805636788255 -8.623598219581412 9
      vertex -82.04805636788255 -8.623598219581412 10.15
      vertex -82.2990341464355 -5.754909083890338 10.15
    endloop
  endfacet
  facet normal -0.9986295347545739 -0.05233595624294207 0
    outer loop
      vertex -82.2990341464355 -5.754909083890338 9
      vertex -82.2990341464355 -5.754909083890338 10.15
      vertex -82.4497432290754 -2.87920847795633 10.15
    endloop
  endfacet
  facet normal -0.9063077870366499 -0.4226182617406995 7.924862173190864e-18
    outer loop
      vertex -74.61228234020388 -35.17534309963012 10.15
      vertex -74.15050881968128 -36.165619610098894 9
      vertex -74.15050881968128 -36.165619610098894 10.15
    endloop
  endfacet
  facet normal -0.9986295347545739 -0.05233595624294207 6.7972743540483674e-18
    outer loop
      vertex -82.2990341464355 -5.754909083890338 9
      vertex -82.4497432290754 -2.87920847795633 10.15
      vertex -82.4497432290754 -2.87920847795633 9
    endloop
  endfacet
  facet normal -0.9998476951563912 -0.01745240643728723 0
    outer loop
      vertex -82.4497432290754 -2.87920847795633 9
      vertex -82.4497432290754 -2.87920847795633 10.15
      vertex -82.49371706633104 -0.35994902882347196 9
    endloop
  endfacet
  facet normal -0.9998476951563912 -0.01745240643728723 7.458123093005356e-19
    outer loop
      vertex -82.4497432290754 -2.87920847795633 10.15
      vertex -82.49371706633104 -0.35994902882347196 10.15
      vertex -82.49371706633104 -0.35994902882347196 9
    endloop
  endfacet
  facet normal 0.01745240643728567 -0.9998476951563912 0
    outer loop
      vertex 1.0042403025740838 -82.48247092031504 -10.15
      vertex 2.87920847795633 -82.4497432290754 -10.15
      vertex 1.0042403025740838 -82.48247092031504 -9
    endloop
  endfacet
  facet normal 0.01745240643728567 -0.9998476951563912 0
    outer loop
      vertex 2.87920847795633 -82.4497432290754 -10.15
      vertex 2.87920847795633 -82.4497432290754 -9
      vertex 1.0042403025740838 -82.48247092031504 -9
    endloop
  endfacet
  facet normal 0.05233595624294207 -0.9986295347545739 0
    outer loop
      vertex 2.87920847795633 -82.4497432290754 -10.15
      vertex 5.754909083890338 -82.2990341464355 -10.15
      vertex 2.87920847795633 -82.4497432290754 -9
    endloop
  endfacet
  facet normal 0.05233595624294207 -0.9986295347545739 -6.7972743540483674e-18
    outer loop
      vertex 2.87920847795633 -82.4497432290754 -9
      vertex 5.754909083890338 -82.2990341464355 -10.15
      vertex 5.754909083890338 -82.2990341464355 -9
    endloop
  endfacet
  facet normal 0.08715574274765839 -0.9961946980917454 0
    outer loop
      vertex 5.754909083890338 -82.2990341464355 -10.15
      vertex 8.623598219581412 -82.04805636788255 -10.15
      vertex 5.754909083890338 -82.2990341464355 -9
    endloop
  endfacet
  facet normal 0.08715574274765839 -0.9961946980917454 3.5808350169110255e-18
    outer loop
      vertex 5.754909083890338 -82.2990341464355 -9
      vertex 8.623598219581412 -82.04805636788255 -10.15
      vertex 8.623598219581412 -82.04805636788255 -9
    endloop
  endfacet
  facet normal 0.1218693434051449 -0.9925461516413223 0
    outer loop
      vertex 8.623598219581412 -82.04805636788255 -10.15
      vertex 11.4817808292054 -81.69711567117956 -10.15
      vertex 8.623598219581412 -82.04805636788255 -9
    endloop
  endfacet
  facet normal 0.12186934340514498 -0.9925461516413223 2.1425170231551526e-16
    outer loop
      vertex 8.623598219581412 -82.04805636788255 -9
      vertex 11.4817808292054 -81.69711567117956 -10.15
      vertex 11.481780829205398 -81.69711567117956 -9
    endloop
  endfacet
  facet normal 0.15643446504023426 -0.9876883405951372 2.4163776686272993e-16
    outer loop
      vertex 11.4817808292054 -81.69711567117956 -10.15
      vertex 14.325974657521753 -81.24663962350716 -10.15
      vertex 11.481780829205398 -81.69711567117956 -9
    endloop
  endfacet
  facet normal 0.15643446504023417 -0.9876883405951372 1.951278558587721e-17
    outer loop
      vertex 11.481780829205398 -81.69711567117956 -9
      vertex 14.325974657521753 -81.24663962350716 -10.15
      vertex 14.325974657521753 -81.24663962350716 -9
    endloop
  endfacet
  facet normal 0.19080899537654536 -0.9816271834476639 0
    outer loop
      vertex 14.325974657521753 -81.24663962350716 -10.15
      vertex 17.152714492465147 -80.69717706053896 -10.15
      vertex 14.325974657521753 -81.24663962350716 -9
    endloop
  endfacet
  facet normal 0.19080899537654536 -0.9816271834476639 -1.581438648899753e-17
    outer loop
      vertex 14.325974657521753 -81.24663962350716 -9
      vertex 17.152714492465147 -80.69717706053896 -10.15
      vertex 17.152714492465147 -80.69717706053896 -9
    endloop
  endfacet
  facet normal 0.22495105434386334 -0.9743700647852356 0
    outer loop
      vertex 17.152714492465147 -80.69717706053896 -10.15
      vertex 19.95855638697259 -80.04939741776971 -10.15
      vertex 17.152714492465147 -80.69717706053896 -9
    endloop
  endfacet
  facet normal 0.22495105434386334 -0.9743700647852356 -2.5730093100623923e-17
    outer loop
      vertex 17.152714492465147 -80.69717706053896 -9
      vertex 19.95855638697259 -80.04939741776971 -10.15
      vertex 19.95855638697259 -80.04939741776971 -9
    endloop
  endfacet
  facet normal 0.25881904510251946 -0.9659258262890688 0
    outer loop
      vertex 19.95855638697259 -80.04939741776971 -10.15
      vertex 22.250164451553403 -79.43536288749664 -10.15
      vertex 19.95855638697259 -80.04939741776971 -9
    endloop
  endfacet
  facet normal 0.25881904510251946 -0.9659258262890688 -2.8486033917951994e-17
    outer loop
      vertex 19.95855638697259 -80.04939741776971 -9
      vertex 22.250164451553403 -79.43536288749664 -10.15
      vertex 22.250164451553403 -79.43536288749664 -9
    endloop
  endfacet
  facet normal 0.5446390350150262 -0.8386705679454246 0
    outer loop
      vertex 45.44512941287428 -68.84257732125226 -10.15
      vertex 46.133414536336616 -68.39559973579094 -10.15
      vertex 45.44512941287428 -68.84257732125226 -9
    endloop
  endfacet
  facet normal 0.5446390350150262 -0.8386705679454246 0
    outer loop
      vertex 46.133414536336616 -68.39559973579094 -10.15
      vertex 46.133414536336616 -68.39559973579094 -9
      vertex 45.44512941287428 -68.84257732125226 -9
    endloop
  endfacet
  facet normal 0.5735764363510467 -0.8191520442889915 0
    outer loop
      vertex 46.133414536336616 -68.39559973579094 -10.15
      vertex 48.49228331412903 -66.74390203593316 -10.15
      vertex 46.133414536336616 -68.39559973579094 -9
    endloop
  endfacet
  facet normal 0.5735764363510467 -0.8191520442889915 -4.789819157140342e-18
    outer loop
      vertex 46.133414536336616 -68.39559973579094 -9
      vertex 48.49228331412903 -66.74390203593316 -10.15
      vertex 48.49228331412903 -66.74390203593316 -9
    endloop
  endfacet
  facet normal 0.6018150231520483 -0.7986355100472928 0
    outer loop
      vertex 48.49228331412903 -66.74390203593316 -10.15
      vertex 50.792071714366806 -65.01088717255456 -10.15
      vertex 48.49228331412903 -66.74390203593316 -9
    endloop
  endfacet
  facet normal 0.6018150231520483 -0.7986355100472928 1.6360121684835932e-17
    outer loop
      vertex 48.49228331412903 -66.74390203593316 -9
      vertex 50.792071714366806 -65.01088717255456 -10.15
      vertex 50.792071714366806 -65.01088717255456 -9
    endloop
  endfacet
  facet normal 0.6293203910498392 -0.7771459614569695 0
    outer loop
      vertex 50.792071714366806 -65.01088717255456 -10.15
      vertex 53.02997779913949 -63.19866655731568 -10.15
      vertex 50.792071714366806 -65.01088717255456 -9
    endloop
  endfacet
  facet normal 0.6293203910498392 -0.7771459614569695 -8.062668214447132e-17
    outer loop
      vertex 50.792071714366806 -65.01088717255456 -9
      vertex 53.02997779913949 -63.19866655731568 -10.15
      vertex 53.02997779913949 -63.19866655731568 -9
    endloop
  endfacet
  facet normal 0.6560590289905052 -0.7547095802227737 0
    outer loop
      vertex 53.02997779913949 -63.19866655731568 -10.15
      vertex 55.2032750246058 -61.309448101885025 -10.15
      vertex 53.02997779913949 -63.19866655731568 -9
    endloop
  endfacet
  facet normal 0.6560590289905052 -0.7547095802227737 -1.2139623100050255e-16
    outer loop
      vertex 53.02997779913949 -63.19866655731568 -9
      vertex 55.2032750246058 -61.309448101885025 -10.15
      vertex 55.2032750246058 -61.309448101885025 -9
    endloop
  endfacet
  facet normal 0.6819983600624981 -0.7313537016191709 0
    outer loop
      vertex 55.2032750246058 -61.309448101885025 -10.15
      vertex 57.309315562867276 -59.34553352793872 -10.15
      vertex 55.2032750246058 -61.309448101885025 -9
    endloop
  endfacet
  facet normal 0.6819983600624981 -0.7313537016191709 -2.6195625624100727e-17
    outer loop
      vertex 55.2032750246058 -61.309448101885025 -9
      vertex 57.309315562867276 -59.34553352793872 -10.15
      vertex 57.309315562867276 -59.34553352793872 -9
    endloop
  endfacet
  facet normal 0.7071067811865475 -0.7071067811865475 0
    outer loop
      vertex 57.309315562867276 -59.34553352793872 -10.15
      vertex 59.34553352793872 -57.309315562867276 -10.15
      vertex 57.309315562867276 -59.34553352793872 -9
    endloop
  endfacet
  facet normal 0.7071067811865475 -0.7071067811865475 1.0816953350036543e-17
    outer loop
      vertex 57.309315562867276 -59.34553352793872 -9
      vertex 59.34553352793872 -57.309315562867276 -10.15
      vertex 59.34553352793872 -57.309315562867276 -9
    endloop
  endfacet
  facet normal 0.7313537016191709 -0.6819983600624981 0
    outer loop
      vertex 59.34553352793872 -57.309315562867276 -10.15
      vertex 61.309448101885025 -55.2032750246058 -10.15
      vertex 59.34553352793872 -57.309315562867276 -9
    endloop
  endfacet
  facet normal 0.7313537016191709 -0.6819983600624981 -2.6195625624100727e-17
    outer loop
      vertex 59.34553352793872 -57.309315562867276 -9
      vertex 61.309448101885025 -55.2032750246058 -10.15
      vertex 61.309448101885025 -55.2032750246058 -9
    endloop
  endfacet
  facet normal 0.7547095802227736 -0.6560590289905055 0
    outer loop
      vertex 61.309448101885025 -55.2032750246058 -10.15
      vertex 61.66540000929738 -54.79379919582857 -10.15
      vertex 61.309448101885025 -55.2032750246058 -9
    endloop
  endfacet
  facet normal 0.7547095802227736 -0.6560590289905055 0
    outer loop
      vertex 61.66540000929738 -54.79379919582857 -10.15
      vertex 61.66540000929738 -54.79379919582857 -9
      vertex 61.309448101885025 -55.2032750246058 -9
    endloop
  endfacet
  facet normal 0.01745240643728567 -0.9998476951563912 0
    outer loop
      vertex 1.0042403025740838 -82.48247092031504 9
      vertex 2.87920847795633 -82.4497432290754 9
      vertex 1.0042403025740838 -82.48247092031504 10.15
    endloop
  endfacet
  facet normal 0.01745240643728567 -0.9998476951563912 0
    outer loop
      vertex 2.87920847795633 -82.4497432290754 9
      vertex 2.87920847795633 -82.4497432290754 10.15
      vertex 1.0042403025740838 -82.48247092031504 10.15
    endloop
  endfacet
  facet normal 0.05233595624294207 -0.9986295347545739 0
    outer loop
      vertex 2.87920847795633 -82.4497432290754 9
      vertex 5.754909083890338 -82.2990341464355 9
      vertex 2.87920847795633 -82.4497432290754 10.15
    endloop
  endfacet
  facet normal 0.05233595624294207 -0.9986295347545739 0
    outer loop
      vertex 5.754909083890338 -82.2990341464355 9
      vertex 5.754909083890338 -82.2990341464355 10.15
      vertex 2.87920847795633 -82.4497432290754 10.15
    endloop
  endfacet
  facet normal 0.08715574274765839 -0.9961946980917454 0
    outer loop
      vertex 5.754909083890338 -82.2990341464355 9
      vertex 8.623598219581412 -82.04805636788255 9
      vertex 5.754909083890338 -82.2990341464355 10.15
    endloop
  endfacet
  facet normal 0.08715574274765839 -0.9961946980917454 3.5808350169110255e-18
    outer loop
      vertex 5.754909083890338 -82.2990341464355 10.15
      vertex 8.623598219581412 -82.04805636788255 9
      vertex 8.623598219581412 -82.04805636788255 10.15
    endloop
  endfacet
  facet normal 0.12186934340514498 -0.9925461516413223 0
    outer loop
      vertex 8.623598219581412 -82.04805636788255 9
      vertex 11.481780829205398 -81.69711567117956 9
      vertex 8.623598219581412 -82.04805636788255 10.15
    endloop
  endfacet
  facet normal 0.12186934340514498 -0.9925461516413223 0
    outer loop
      vertex 11.481780829205398 -81.69711567117956 9
      vertex 11.481780829205398 -81.69711567117956 10.15
      vertex 8.623598219581412 -82.04805636788255 10.15
    endloop
  endfacet
  facet normal 0.15643446504023417 -0.9876883405951372 0
    outer loop
      vertex 11.481780829205398 -81.69711567117956 9
      vertex 14.325974657521753 -81.24663962350716 9
      vertex 11.481780829205398 -81.69711567117956 10.15
    endloop
  endfacet
  facet normal 0.15643446504023417 -0.9876883405951372 1.951278558587721e-17
    outer loop
      vertex 11.481780829205398 -81.69711567117956 10.15
      vertex 14.325974657521753 -81.24663962350716 9
      vertex 14.325974657521753 -81.24663962350716 10.15
    endloop
  endfacet
  facet normal 0.19080899537654536 -0.9816271834476639 0
    outer loop
      vertex 14.325974657521753 -81.24663962350716 9
      vertex 17.152714492465147 -80.69717706053896 9
      vertex 14.325974657521753 -81.24663962350716 10.15
    endloop
  endfacet
  facet normal 0.19080899537654558 -0.9816271834476639 5.894693286195085e-16
    outer loop
      vertex 17.152714492465147 -80.69717706053896 9
      vertex 17.152714492465144 -80.69717706053896 10.15
      vertex 14.325974657521753 -81.24663962350716 10.15
    endloop
  endfacet
  facet normal 0.22495105434386334 -0.9743700647852356 6.949449459374242e-16
    outer loop
      vertex 17.152714492465147 -80.69717706053896 9
      vertex 19.95855638697259 -80.04939741776971 9
      vertex 17.152714492465144 -80.69717706053896 10.15
    endloop
  endfacet
  facet normal 0.22495105434386312 -0.9743700647852357 -1.2918481056509932e-18
    outer loop
      vertex 17.152714492465144 -80.69717706053896 10.15
      vertex 19.95855638697259 -80.04939741776971 9
      vertex 19.95855638697259 -80.04939741776971 10.15
    endloop
  endfacet
  facet normal 0.25881904510251946 -0.9659258262890688 0
    outer loop
      vertex 19.95855638697259 -80.04939741776971 9
      vertex 22.250164451553403 -79.43536288749664 9
      vertex 19.95855638697259 -80.04939741776971 10.15
    endloop
  endfacet
  facet normal 0.25881904510251946 -0.9659258262890688 0
    outer loop
      vertex 22.250164451553403 -79.43536288749664 9
      vertex 22.250164451553403 -79.43536288749664 10.15
      vertex 19.95855638697259 -80.04939741776971 10.15
    endloop
  endfacet
  facet normal 0.544639035015026 -0.8386705679454248 0
    outer loop
      vertex 45.4451294128743 -68.84257732125225 9
      vertex 46.133414536336616 -68.39559973579094 9
      vertex 45.4451294128743 -68.84257732125225 10.15
    endloop
  endfacet
  facet normal 0.544639035015026 -0.8386705679454248 0
    outer loop
      vertex 46.133414536336616 -68.39559973579094 9
      vertex 46.133414536336616 -68.39559973579094 10.15
      vertex 45.4451294128743 -68.84257732125225 10.15
    endloop
  endfacet
  facet normal 0.5735764363510467 -0.8191520442889915 0
    outer loop
      vertex 46.133414536336616 -68.39559973579094 9
      vertex 48.49228331412903 -66.74390203593316 9
      vertex 46.133414536336616 -68.39559973579094 10.15
    endloop
  endfacet
  facet normal 0.5735764363510467 -0.8191520442889915 0
    outer loop
      vertex 48.49228331412903 -66.74390203593316 9
      vertex 48.49228331412903 -66.74390203593316 10.15
      vertex 46.133414536336616 -68.39559973579094 10.15
    endloop
  endfacet
  facet normal 0.6018150231520483 -0.7986355100472928 0
    outer loop
      vertex 48.49228331412903 -66.74390203593316 9
      vertex 50.792071714366806 -65.01088717255456 9
      vertex 48.49228331412903 -66.74390203593316 10.15
    endloop
  endfacet
  facet normal 0.6018150231520483 -0.7986355100472928 1.6360121684835932e-17
    outer loop
      vertex 48.49228331412903 -66.74390203593316 10.15
      vertex 50.792071714366806 -65.01088717255456 9
      vertex 50.792071714366806 -65.01088717255456 10.15
    endloop
  endfacet
  facet normal 0.6293203910498392 -0.7771459614569695 0
    outer loop
      vertex 50.792071714366806 -65.01088717255456 9
      vertex 53.02997779913949 -63.19866655731568 9
      vertex 50.792071714366806 -65.01088717255456 10.15
    endloop
  endfacet
  facet normal 0.6293203910498392 -0.7771459614569695 0
    outer loop
      vertex 53.02997779913949 -63.19866655731568 9
      vertex 53.02997779913949 -63.19866655731568 10.15
      vertex 50.792071714366806 -65.01088717255456 10.15
    endloop
  endfacet
  facet normal 0.6560590289905052 -0.7547095802227737 0
    outer loop
      vertex 53.02997779913949 -63.19866655731568 9
      vertex 55.2032750246058 -61.309448101885025 9
      vertex 53.02997779913949 -63.19866655731568 10.15
    endloop
  endfacet
  facet normal 0.6560590289905052 -0.7547095802227737 -1.2139623100050255e-16
    outer loop
      vertex 53.02997779913949 -63.19866655731568 10.15
      vertex 55.2032750246058 -61.309448101885025 9
      vertex 55.2032750246058 -61.309448101885025 10.15
    endloop
  endfacet
  facet normal 0.6819983600624981 -0.7313537016191709 0
    outer loop
      vertex 55.2032750246058 -61.309448101885025 9
      vertex 57.309315562867276 -59.34553352793872 9
      vertex 55.2032750246058 -61.309448101885025 10.15
    endloop
  endfacet
  facet normal 0.6819983600624981 -0.7313537016191709 -2.6195625624100727e-17
    outer loop
      vertex 55.2032750246058 -61.309448101885025 10.15
      vertex 57.309315562867276 -59.34553352793872 9
      vertex 57.309315562867276 -59.34553352793872 10.15
    endloop
  endfacet
  facet normal 0.7071067811865475 -0.7071067811865475 0
    outer loop
      vertex 57.309315562867276 -59.34553352793872 9
      vertex 59.34553352793872 -57.309315562867276 9
      vertex 57.309315562867276 -59.34553352793872 10.15
    endloop
  endfacet
  facet normal 0.7071067811865475 -0.7071067811865475 0
    outer loop
      vertex 59.34553352793872 -57.309315562867276 9
      vertex 59.34553352793872 -57.309315562867276 10.15
      vertex 57.309315562867276 -59.34553352793872 10.15
    endloop
  endfacet
  facet normal 0.7313537016191709 -0.6819983600624981 0
    outer loop
      vertex 59.34553352793872 -57.309315562867276 9
      vertex 61.309448101885025 -55.2032750246058 9
      vertex 59.34553352793872 -57.309315562867276 10.15
    endloop
  endfacet
  facet normal 0.7313537016191709 -0.6819983600624981 -2.6195625624100727e-17
    outer loop
      vertex 59.34553352793872 -57.309315562867276 10.15
      vertex 61.309448101885025 -55.2032750246058 9
      vertex 61.309448101885025 -55.2032750246058 10.15
    endloop
  endfacet
  facet normal 0.7547095802227736 -0.6560590289905055 0
    outer loop
      vertex 61.309448101885025 -55.2032750246058 9
      vertex 61.66540000929738 -54.79379919582857 9
      vertex 61.309448101885025 -55.2032750246058 10.15
    endloop
  endfacet
  facet normal 0.7547095802227736 -0.6560590289905055 0
    outer loop
      vertex 61.66540000929738 -54.79379919582857 9
      vertex 61.66540000929738 -54.79379919582857 10.15
      vertex 61.309448101885025 -55.2032750246058 10.15
    endloop
  endfacet
  facet normal 0.920504853452439 -0.3907311284892769 0
    outer loop
      vertex 75.47109582469626 -33.311717187007964 -10.15
      vertex 76.49266800175997 -30.90504395681274 -10.15
      vertex 75.47109582469626 -33.311717187007964 -9
    endloop
  endfacet
  facet normal 0.920504853452439 -0.3907311284892769 -4.230201225825572e-17
    outer loop
      vertex 75.47109582469626 -33.311717187007964 -9
      vertex 76.49266800175997 -30.90504395681274 -10.15
      vertex 76.49266800175997 -30.90504395681274 -9
    endloop
  endfacet
  facet normal 0.933580426497202 -0.35836794954529955 0
    outer loop
      vertex 76.49266800175997 -30.90504395681274 -10.15
      vertex 77.52464121483744 -28.21666182436767 -10.15
      vertex 76.49266800175997 -30.90504395681274 -9
    endloop
  endfacet
  facet normal 0.933580426497202 -0.35836794954529955 5.431350240231412e-17
    outer loop
      vertex 76.49266800175997 -30.90504395681274 -9
      vertex 77.52464121483744 -28.21666182436767 -10.15
      vertex 77.52464121483744 -28.21666182436767 -9
    endloop
  endfacet
  facet normal 0.9455185755993181 -0.32556815445715304 0
    outer loop
      vertex 77.52464121483744 -28.21666182436767 -10.15
      vertex 78.46216259435016 -25.49390203593316 -10.15
      vertex 77.52464121483744 -28.21666182436767 -9
    endloop
  endfacet
  facet normal 0.9455185755993181 -0.32556815445715304 -5.784304045820702e-17
    outer loop
      vertex 77.52464121483744 -28.21666182436767 -9
      vertex 78.46216259435016 -25.49390203593316 -10.15
      vertex 78.46216259435016 -25.49390203593316 -9
    endloop
  endfacet
  facet normal 0.9563047559630337 -0.2923717047227425 0
    outer loop
      vertex 78.46216259435016 -25.49390203593316 -10.15
      vertex 79.30408991491132 -22.74008185490243 -10.15
      vertex 78.46216259435016 -25.49390203593316 -9
    endloop
  endfacet
  facet normal 0.9563047559630337 -0.2923717047227425 -3.9858815737223457e-17
    outer loop
      vertex 78.46216259435016 -25.49390203593316 -9
      vertex 79.30408991491132 -22.74008185490243 -10.15
      vertex 79.30408991491132 -22.74008185490243 -9
    endloop
  endfacet
  facet normal 0.9659258262890689 -0.2588190451025186 0
    outer loop
      vertex 79.30408991491132 -22.74008185490243 -10.15
      vertex 80.04939741776971 -19.95855638697259 -10.15
      vertex 79.30408991491132 -22.74008185490243 -9
    endloop
  endfacet
  facet normal 0.9659258262890689 -0.2588190451025186 3.429287349242471e-17
    outer loop
      vertex 79.30408991491132 -22.74008185490243 -9
      vertex 80.04939741776971 -19.95855638697259 -10.15
      vertex 80.04939741776971 -19.95855638697259 -9
    endloop
  endfacet
  facet normal 0.9743700647852356 -0.22495105434386334 0
    outer loop
      vertex 80.04939741776971 -19.95855638697259 -10.15
      vertex 80.69717706053896 -17.152714492465147 -10.15
      vertex 80.04939741776971 -19.95855638697259 -9
    endloop
  endfacet
  facet normal 0.9743700647852356 -0.22495105434386334 -2.5730093100623923e-17
    outer loop
      vertex 80.04939741776971 -19.95855638697259 -9
      vertex 80.69717706053896 -17.152714492465147 -10.15
      vertex 80.69717706053896 -17.152714492465147 -9
    endloop
  endfacet
  facet normal 0.9816271834476639 -0.19080899537654536 0
    outer loop
      vertex 80.69717706053896 -17.152714492465147 -10.15
      vertex 81.24663962350716 -14.325974657521753 -10.15
      vertex 80.69717706053896 -17.152714492465147 -9
    endloop
  endfacet
  facet normal 0.9816271834476639 -0.19080899537654536 -1.581438648899753e-17
    outer loop
      vertex 80.69717706053896 -17.152714492465147 -9
      vertex 81.24663962350716 -14.325974657521753 -10.15
      vertex 81.24663962350716 -14.325974657521753 -9
    endloop
  endfacet
  facet normal 0.9876883405951372 -0.15643446504023414 0
    outer loop
      vertex 81.24663962350716 -14.325974657521753 -10.15
      vertex 81.5 -12.726320196681506 -10.15
      vertex 81.24663962350716 -14.325974657521753 -9
    endloop
  endfacet
  facet normal 0.9876883405951372 -0.15643446504023414 0
    outer loop
      vertex 81.5 -12.726320196681506 -10.15
      vertex 81.5 -12.726320196681506 -9
      vertex 81.24663962350716 -14.325974657521753 -9
    endloop
  endfacet
  facet normal 0.9743700647852356 0.22495105434386334 2.5730093100623923e-17
    outer loop
      vertex 80.04939741776971 19.95855638697259 -10.15
      vertex 80.69717706053896 17.152714492465147 -9
      vertex 80.69717706053896 17.152714492465147 -10.15
    endloop
  endfacet
  facet normal 0.9743700647852356 0.22495105434386334 0
    outer loop
      vertex 80.04939741776971 19.95855638697259 -10.15
      vertex 80.04939741776971 19.95855638697259 -9
      vertex 80.69717706053896 17.152714492465147 -9
    endloop
  endfacet
  facet normal 0.9876883405951372 0.15643446504023414 0
    outer loop
      vertex 81.5 12.726320196681506 -10.15
      vertex 81.24663962350716 14.325974657521753 -10.15
      vertex 81.5 12.726320196681506 -9
    endloop
  endfacet
  facet normal 0.9876883405951372 0.15643446504023414 0
    outer loop
      vertex 81.24663962350716 14.325974657521753 -10.15
      vertex 81.24663962350716 14.325974657521753 -9
      vertex 81.5 12.726320196681506 -9
    endloop
  endfacet
  facet normal 0.9816271834476639 0.19080899537654536 0
    outer loop
      vertex 81.24663962350716 14.325974657521753 -10.15
      vertex 80.69717706053896 17.152714492465147 -10.15
      vertex 81.24663962350716 14.325974657521753 -9
    endloop
  endfacet
  facet normal 0.9816271834476639 0.19080899537654536 1.581438648899753e-17
    outer loop
      vertex 81.24663962350716 14.325974657521753 -9
      vertex 80.69717706053896 17.152714492465147 -10.15
      vertex 80.69717706053896 17.152714492465147 -9
    endloop
  endfacet
  facet normal 0.9659258262890689 0.2588190451025186 0
    outer loop
      vertex 80.04939741776971 19.95855638697259 -10.15
      vertex 79.30408991491132 22.74008185490243 -10.15
      vertex 80.04939741776971 19.95855638697259 -9
    endloop
  endfacet
  facet normal 0.9659258262890689 0.2588190451025186 -3.429287349242471e-17
    outer loop
      vertex 80.04939741776971 19.95855638697259 -9
      vertex 79.30408991491132 22.74008185490243 -10.15
      vertex 79.30408991491132 22.74008185490243 -9
    endloop
  endfacet
  facet normal 0.9563047559630302 0.292371704722754 -6.856236466544822e-19
    outer loop
      vertex 79.30408991491132 22.74008185490243 -10.15
      vertex 79.25624501325511 22.896575476765737 -10.15
      vertex 79.25624501325511 22.896575476765737 -9
    endloop
  endfacet
  facet normal 0.9563047559630302 0.292371704722754 0
    outer loop
      vertex 79.30408991491132 22.74008185490243 -10.15
      vertex 79.25624501325511 22.896575476765737 -9
      vertex 79.30408991491132 22.74008185490243 -9
    endloop
  endfacet
  facet normal 0.920504853452439 -0.3907311284892769 0
    outer loop
      vertex 75.47109582469626 -33.311717187007964 9
      vertex 76.49266800175997 -30.90504395681274 9
      vertex 75.47109582469626 -33.311717187007964 10.15
    endloop
  endfacet
  facet normal 0.920504853452439 -0.3907311284892769 -4.230201225825572e-17
    outer loop
      vertex 75.47109582469626 -33.311717187007964 10.15
      vertex 76.49266800175997 -30.90504395681274 9
      vertex 76.49266800175997 -30.90504395681274 10.15
    endloop
  endfacet
  facet normal 0.933580426497202 -0.35836794954529955 0
    outer loop
      vertex 76.49266800175997 -30.90504395681274 9
      vertex 77.52464121483744 -28.21666182436767 9
      vertex 76.49266800175997 -30.90504395681274 10.15
    endloop
  endfacet
  facet normal 0.933580426497202 -0.35836794954529955 0
    outer loop
      vertex 77.52464121483744 -28.21666182436767 9
      vertex 77.52464121483744 -28.21666182436767 10.15
      vertex 76.49266800175997 -30.90504395681274 10.15
    endloop
  endfacet
  facet normal 0.9455185755993181 -0.32556815445715304 0
    outer loop
      vertex 77.52464121483744 -28.21666182436767 9
      vertex 78.46216259435016 -25.49390203593316 9
      vertex 77.52464121483744 -28.21666182436767 10.15
    endloop
  endfacet
  facet normal 0.9455185755993181 -0.32556815445715304 0
    outer loop
      vertex 78.46216259435016 -25.49390203593316 9
      vertex 78.46216259435016 -25.49390203593316 10.15
      vertex 77.52464121483744 -28.21666182436767 10.15
    endloop
  endfacet
  facet normal 0.9563047559630337 -0.2923717047227425 0
    outer loop
      vertex 78.46216259435016 -25.49390203593316 9
      vertex 79.30408991491132 -22.74008185490243 9
      vertex 78.46216259435016 -25.49390203593316 10.15
    endloop
  endfacet
  facet normal 0.9563047559630337 -0.2923717047227425 -3.9858815737223457e-17
    outer loop
      vertex 78.46216259435016 -25.49390203593316 10.15
      vertex 79.30408991491132 -22.74008185490243 9
      vertex 79.30408991491132 -22.74008185490243 10.15
    endloop
  endfacet
  facet normal 0.9659258262890689 -0.2588190451025186 0
    outer loop
      vertex 79.30408991491132 -22.74008185490243 9
      vertex 80.04939741776971 -19.95855638697259 9
      vertex 79.30408991491132 -22.74008185490243 10.15
    endloop
  endfacet
  facet normal 0.9659258262890689 -0.2588190451025186 0
    outer loop
      vertex 80.04939741776971 -19.95855638697259 9
      vertex 80.04939741776971 -19.95855638697259 10.15
      vertex 79.30408991491132 -22.74008185490243 10.15
    endloop
  endfacet
  facet normal 0.9743700647852356 -0.22495105434386334 0
    outer loop
      vertex 80.04939741776971 -19.95855638697259 9
      vertex 80.69717706053896 -17.152714492465147 9
      vertex 80.04939741776971 -19.95855638697259 10.15
    endloop
  endfacet
  facet normal 0.9743700647852356 -0.22495105434386334 -2.5730093100623923e-17
    outer loop
      vertex 80.04939741776971 -19.95855638697259 10.15
      vertex 80.69717706053896 -17.152714492465147 9
      vertex 80.69717706053896 -17.152714492465147 10.15
    endloop
  endfacet
  facet normal 0.9816271834476639 -0.19080899537654536 0
    outer loop
      vertex 80.69717706053896 -17.152714492465147 9
      vertex 81.24663962350716 -14.325974657521753 9
      vertex 80.69717706053896 -17.152714492465147 10.15
    endloop
  endfacet
  facet normal 0.9816271834476639 -0.19080899537654536 0
    outer loop
      vertex 81.24663962350716 -14.325974657521753 9
      vertex 81.24663962350716 -14.325974657521753 10.15
      vertex 80.69717706053896 -17.152714492465147 10.15
    endloop
  endfacet
  facet normal 0.9876883405951372 -0.15643446504023414 0
    outer loop
      vertex 81.24663962350716 -14.325974657521753 9
      vertex 81.5 -12.726320196681506 9
      vertex 81.24663962350716 -14.325974657521753 10.15
    endloop
  endfacet
  facet normal 0.9876883405951372 -0.15643446504023414 0
    outer loop
      vertex 81.5 -12.726320196681506 9
      vertex 81.5 -12.726320196681506 10.15
      vertex 81.24663962350716 -14.325974657521753 10.15
    endloop
  endfacet
  facet normal 0.9743700647852356 0.22495105434386334 2.5730093100623923e-17
    outer loop
      vertex 80.04939741776971 19.95855638697259 9
      vertex 80.69717706053896 17.152714492465147 10.15
      vertex 80.69717706053896 17.152714492465147 9
    endloop
  endfacet
  facet normal 0.9743700647852356 0.22495105434386334 0
    outer loop
      vertex 80.04939741776971 19.95855638697259 9
      vertex 80.04939741776971 19.95855638697259 10.15
      vertex 80.69717706053896 17.152714492465147 10.15
    endloop
  endfacet
  facet normal 0.9876883405951372 0.15643446504023414 0
    outer loop
      vertex 81.5 12.726320196681506 9
      vertex 81.24663962350716 14.325974657521753 9
      vertex 81.5 12.726320196681506 10.15
    endloop
  endfacet
  facet normal 0.9876883405951372 0.15643446504023414 0
    outer loop
      vertex 81.24663962350716 14.325974657521753 9
      vertex 81.24663962350716 14.325974657521753 10.15
      vertex 81.5 12.726320196681506 10.15
    endloop
  endfacet
  facet normal 0.9816271834476639 0.19080899537654536 0
    outer loop
      vertex 81.24663962350716 14.325974657521753 9
      vertex 80.69717706053896 17.152714492465147 9
      vertex 81.24663962350716 14.325974657521753 10.15
    endloop
  endfacet
  facet normal 0.9816271834476639 0.19080899537654536 0
    outer loop
      vertex 80.69717706053896 17.152714492465147 9
      vertex 80.69717706053896 17.152714492465147 10.15
      vertex 81.24663962350716 14.325974657521753 10.15
    endloop
  endfacet
  facet normal 0.9659258262890689 0.2588190451025186 0
    outer loop
      vertex 80.04939741776971 19.95855638697259 9
      vertex 79.30408991491132 22.74008185490243 9
      vertex 80.04939741776971 19.95855638697259 10.15
    endloop
  endfacet
  facet normal 0.9659258262890689 0.2588190451025186 0
    outer loop
      vertex 79.30408991491132 22.74008185490243 9
      vertex 79.30408991491132 22.74008185490243 10.15
      vertex 80.04939741776971 19.95855638697259 10.15
    endloop
  endfacet
  facet normal 0.9563047559630302 0.292371704722754 -6.856236466544822e-19
    outer loop
      vertex 79.30408991491132 22.74008185490243 9
      vertex 79.25624501325511 22.896575476765737 9
      vertex 79.25624501325511 22.896575476765737 10.15
    endloop
  endfacet
  facet normal 0.9563047559630302 0.292371704722754 0
    outer loop
      vertex 79.30408991491132 22.74008185490243 9
      vertex 79.25624501325511 22.896575476765737 10.15
      vertex 79.30408991491132 22.74008185490243 10.15
    endloop
  endfacet
  facet normal 0 0 -1
    outer loop
      vertex -52.770927737730894 -83.80653065794434 -9
      vertex -49.521131220325465 -85.77311532188907 -9
      vertex -52.484402840541726 -83.99260210181912 -9
    endloop
  endfacet
  facet normal -0.5150380749100552 -0.8571673007021118 2.598594353050002e-18
    outer loop
      vertex -52.484402840541726 -83.99260210181912 -9
      vertex -49.521131220325465 -85.77311532188907 -9
      vertex -49.521131220325465 -85.77311532188907 9
    endloop
  endfacet
  facet normal -0.5446390350150254 -0.838670567945425 0
    outer loop
      vertex -52.770927737730894 -83.80653065794434 -9
      vertex -52.484402840541726 -83.99260210181912 -9
      vertex -52.770927737730894 -83.80653065794434 9
    endloop
  endfacet
  facet normal 0 0 -1
    outer loop
      vertex -75.87077477659211 -63.663139132172915 -9
      vertex -78.04636786477207 -60.97650541380219 -9
      vertex -89.69361848434285 -41.96967937790555 -9
    endloop
  endfacet
  facet normal 0 0 -1
    outer loop
      vertex -78.04636786477207 -60.97650541380219 -9
      vertex -80.12687347583017 -58.21558121629534 -9
      vertex -89.69361848434285 -41.96967937790555 -9
    endloop
  endfacet
  facet normal 0 0 -1
    outer loop
      vertex -75.87077477659211 -63.663139132172915 -9
      vertex -89.69361848434285 -41.96967937790555 -9
      vertex -68.53777033088436 -56.19116988900157 -9
    endloop
  endfacet
  facet normal -0.7547095802227765 -0.6560590289905022 0
    outer loop
      vertex -75.87077477659211 -63.663139132172915 -9
      vertex -75.44083372888011 -64.15772973042831 -9
      vertex -75.87077477659211 -63.663139132172915 9
    endloop
  endfacet
  facet normal -0.7771459614569703 -0.6293203910498382 5.372868127445598e-18
    outer loop
      vertex -75.87077477659211 -63.663139132172915 -9
      vertex -78.04636786477207 -60.97650541380219 9
      vertex -78.04636786477207 -60.97650541380219 -9
    endloop
  endfacet
  facet normal -0.8191520442889919 -0.573576436351046 0
    outer loop
      vertex -82.10975683415663 -55.383730300499295 -9
      vertex -80.12687347583017 -58.21558121629534 -9
      vertex -82.10975683415663 -55.383730300499295 9
    endloop
  endfacet
  facet normal -0.838670567945425 -0.5446390350150256 0
    outer loop
      vertex -83.99260210181912 -52.484402840541726 -9
      vertex -82.10975683415663 -55.383730300499295 -9
      vertex -83.99260210181912 -52.484402840541726 9
    endloop
  endfacet
  facet normal -0.7986355100472914 -0.6018150231520502 1.0322482862467252e-18
    outer loop
      vertex -78.04636786477207 -60.97650541380219 -9
      vertex -80.12687347583017 -58.21558121629534 9
      vertex -80.12687347583017 -58.21558121629534 -9
    endloop
  endfacet
  facet normal 0 0 -1
    outer loop
      vertex -87.44912721327485 -46.49752572986273 -9
      vertex -89.69361848434285 -41.96967937790555 -9
      vertex -85.77311532188907 -49.521131220325465 -9
    endloop
  endfacet
  facet normal 0 0 -1
    outer loop
      vertex -87.44912721327485 -46.49752572986273 -9
      vertex -89.01859581365666 -43.41727016669292 -9
      vertex -89.69361848434285 -41.96967937790555 -9
    endloop
  endfacet
  facet normal 0 0 -1
    outer loop
      vertex -82.10975683415663 -55.383730300499295 -9
      vertex -89.69361848434285 -41.96967937790555 -9
      vertex -80.12687347583017 -58.21558121629534 -9
    endloop
  endfacet
  facet normal 0 0 -1
    outer loop
      vertex -83.99260210181912 -52.484402840541726 -9
      vertex -89.69361848434285 -41.96967937790555 -9
      vertex -82.10975683415663 -55.383730300499295 -9
    endloop
  endfacet
  facet normal 0 0 -1
    outer loop
      vertex -83.99260210181912 -52.484402840541726 -9
      vertex -85.77311532188907 -49.521131220325465 -9
      vertex -89.69361848434285 -41.96967937790555 -9
    endloop
  endfacet
  facet normal 0 0 -1
    outer loop
      vertex -68.53777033088436 -56.19116988900157 -9
      vertex -89.69361848434285 -41.96967937790555 -9
      vertex -73.97268899696009 -37.35359798679399 -9
    endloop
  endfacet
  facet normal -0.8746197071393957 -0.4848096202463372 0
    outer loop
      vertex -87.44912721327485 -46.49752572986273 -9
      vertex -85.77311532188907 -49.521131220325465 -9
      vertex -87.44912721327485 -46.49752572986273 9
    endloop
  endfacet
  facet normal -0.8910065241883679 -0.4539904997395467 3.038353082004376e-18
    outer loop
      vertex -87.44912721327485 -46.49752572986273 -9
      vertex -89.01859581365666 -43.41727016669292 9
      vertex -89.01859581365666 -43.41727016669292 -9
    endloop
  endfacet
  facet normal -0.9063077870366494 -0.4226182617407006 -3.86909661504229e-19
    outer loop
      vertex -89.01859581365666 -43.41727016669292 -9
      vertex -89.69361848434285 -41.96967937790555 9
      vertex -89.69361848434285 -41.96967937790555 -9
    endloop
  endfacet
  facet normal -0.8571673007021118 -0.5150380749100552 2.598594353050002e-18
    outer loop
      vertex -83.99260210181912 -52.484402840541726 -9
      vertex -85.77311532188907 -49.521131220325465 9
      vertex -85.77311532188907 -49.521131220325465 -9
    endloop
  endfacet
  facet normal 0 0 -1
    outer loop
      vertex -75.87077477659211 -63.663139132172915 -9
      vertex -68.53777033088436 -56.19116988900157 -9
      vertex -75.44083372888011 -64.15772973042831 -9
    endloop
  endfacet
  facet normal 0 0 -1
    outer loop
      vertex -63.02949797986478 -53.22458398613353 -9
      vertex -64.7073934318546 -51.77067930069278 -9
      vertex -63.19866655731568 -53.02997779913949 -9
    endloop
  endfacet
  facet normal 0 0 -1
    outer loop
      vertex -68.53777033088436 -56.19116988900157 -9
      vertex -69.96396793290513 -43.7183392992394 -9
      vertex -68.39559973579094 -46.133414536336616 -9
    endloop
  endfacet
  facet normal 0 0 -1
    outer loop
      vertex -68.53777033088436 -56.19116988900157 -9
      vertex -71.44709581221619 -41.25 -9
      vertex -69.96396793290513 -43.7183392992394 -9
    endloop
  endfacet
  facet normal 0 0 -1
    outer loop
      vertex -68.53777033088436 -56.19116988900157 -9
      vertex -72.84317641086147 -38.73140392983599 -9
      vertex -71.44709581221619 -41.25 -9
    endloop
  endfacet
  facet normal 0 0 -1
    outer loop
      vertex -68.53777033088436 -56.19116988900157 -9
      vertex -66.74390203593316 -48.49228331412903 -9
      vertex -64.7073934318546 -51.77067930069278 -9
    endloop
  endfacet
  facet normal 0 0 -1
    outer loop
      vertex -64.7073934318546 -51.77067930069278 -9
      vertex -66.74390203593316 -48.49228331412903 -9
      vertex -65.01088717255456 -50.792071714366806 -9
    endloop
  endfacet
  facet normal 0 0 -1
    outer loop
      vertex -68.53777033088436 -56.19116988900157 -9
      vertex -68.39559973579094 -46.133414536336616 -9
      vertex -66.74390203593316 -48.49228331412903 -9
    endloop
  endfacet
  facet normal 0 0 -1
    outer loop
      vertex -64.7073934318546 -51.77067930069278 -9
      vertex -65.01088717255456 -50.792071714366806 -9
      vertex -63.19866655731568 -53.02997779913949 -9
    endloop
  endfacet
  facet normal 0 0 -1
    outer loop
      vertex -68.53777033088436 -56.19116988900157 -9
      vertex -74.15050881968128 -36.165619610098894 -9
      vertex -72.84317641086147 -38.73140392983599 -9
    endloop
  endfacet
  facet normal 0 0 -1
    outer loop
      vertex -68.53777033088436 -56.19116988900157 -9
      vertex -73.97268899696009 -37.35359798679399 -9
      vertex -74.15050881968128 -36.165619610098894 -9
    endloop
  endfacet
  facet normal 0 0 -1
    outer loop
      vertex -52.770927737730894 -83.80653065794434 -9
      vertex -43.41727016669292 -89.01859581365666 -9
      vertex -46.49752572986273 -87.44912721327485 -9
    endloop
  endfacet
  facet normal 0 0 -1
    outer loop
      vertex -52.770927737730894 -83.80653065794434 -9
      vertex -46.49752572986273 -87.44912721327485 -9
      vertex -49.521131220325465 -85.77311532188907 -9
    endloop
  endfacet
  facet normal 0 0 -1
    outer loop
      vertex -40.28411734774277 -90.47960896730304 -9
      vertex -38.73140392983599 -72.84317641086147 -9
      vertex -37.10188453709698 -91.83038665473808 -9
    endloop
  endfacet
  facet normal 0 0 -1
    outer loop
      vertex -37.10188453709698 -91.83038665473808 -9
      vertex -36.165619610098894 -74.15050881968128 -9
      vertex -33.874448795249926 -93.06928316142101 -9
    endloop
  endfacet
  facet normal 0 0 -1
    outer loop
      vertex -33.874448795249926 -93.06928316142101 -9
      vertex -30.90504395681274 -76.49266800175997 -9
      vertex -30.60574225550469 -94.19478908279581 -9
    endloop
  endfacet
  facet normal 0 0 -1
    outer loop
      vertex -30.60574225550469 -94.19478908279581 -9
      vertex -26.44598094748674 -78.53572493919674 -9
      vertex -28.77776755610778 -94.75365703333162 -9
    endloop
  endfacet
  facet normal -0.4539904997395467 -0.8910065241883679 0
    outer loop
      vertex -43.41727016669292 -89.01859581365666 -9
      vertex -43.41727016669292 -89.01859581365666 9
      vertex -46.49752572986273 -87.44912721327485 -9
    endloop
  endfacet
  facet normal -0.4848096202463372 -0.8746197071393957 9.450168595288567e-19
    outer loop
      vertex -49.521131220325465 -85.77311532188907 -9
      vertex -46.49752572986273 -87.44912721327485 -9
      vertex -46.49752572986273 -87.44912721327485 9
    endloop
  endfacet
  facet normal -0.4226182617406993 -0.9063077870366499 -4.038367804714466e-18
    outer loop
      vertex -43.41727016669292 -89.01859581365666 -9
      vertex -40.28411734774277 -90.47960896730304 -9
      vertex -40.28411734774277 -90.47960896730304 9
    endloop
  endfacet
  facet normal -0.39073112848927233 -0.9205048534524409 2.5756217933605606e-18
    outer loop
      vertex -40.28411734774277 -90.47960896730304 -9
      vertex -37.10188453709698 -91.83038665473808 -9
      vertex -37.10188453709698 -91.83038665473808 9
    endloop
  endfacet
  facet normal -0.35836794954530127 -0.9335804264972014 2.5816478413143722e-18
    outer loop
      vertex -37.10188453709698 -91.83038665473808 -9
      vertex -33.874448795249926 -93.06928316142101 -9
      vertex -33.874448795249926 -93.06928316142101 9
    endloop
  endfacet
  facet normal -0.32556815445715626 -0.945518575599317 -1.4850171262209392e-18
    outer loop
      vertex -33.874448795249926 -93.06928316142101 -9
      vertex -30.60574225550469 -94.19478908279581 -9
      vertex -30.60574225550469 -94.19478908279581 9
    endloop
  endfacet
  facet normal -0.2923717047227393 -0.9563047559630347 0
    outer loop
      vertex -30.60574225550469 -94.19478908279581 -9
      vertex -28.77776755610778 -94.75365703333162 -9
      vertex -30.60574225550469 -94.19478908279581 9
    endloop
  endfacet
  facet normal 0 0 -1
    outer loop
      vertex -52.770927737730894 -83.80653065794434 -9
      vertex -42.03490620122685 -71.41650131905133 -9
      vertex -43.41727016669292 -89.01859581365666 -9
    endloop
  endfacet
  facet normal 0 0 -1
    outer loop
      vertex -43.41727016669292 -89.01859581365666 -9
      vertex -41.25 -71.44709581221619 -9
      vertex -40.28411734774277 -90.47960896730304 -9
    endloop
  endfacet
  facet normal 0 0 -1
    outer loop
      vertex -43.41727016669292 -89.01859581365666 -9
      vertex -42.03490620122685 -71.41650131905133 -9
      vertex -41.25 -71.44709581221619 -9
    endloop
  endfacet
  facet normal 0 0 -1
    outer loop
      vertex -40.28411734774277 -90.47960896730304 -9
      vertex -41.25 -71.44709581221619 -9
      vertex -38.73140392983599 -72.84317641086147 -9
    endloop
  endfacet
  facet normal 0 0 -1
    outer loop
      vertex -37.10188453709698 -91.83038665473808 -9
      vertex -38.73140392983599 -72.84317641086147 -9
      vertex -36.165619610098894 -74.15050881968128 -9
    endloop
  endfacet
  facet normal 0 0 -1
    outer loop
      vertex -43.69511389378549 -69.97792316440334 -9
      vertex -41.25 -71.44709581221619 -9
      vertex -42.03490620122685 -71.41650131905133 -9
    endloop
  endfacet
  facet normal 0 0 -1
    outer loop
      vertex -33.874448795249926 -93.06928316142101 -9
      vertex -36.165619610098894 -74.15050881968128 -9
      vertex -33.55577305375352 -75.36750025551457 -9
    endloop
  endfacet
  facet normal 0 0 -1
    outer loop
      vertex -33.874448795249926 -93.06928316142101 -9
      vertex -33.55577305375352 -75.36750025551457 -9
      vertex -30.90504395681274 -76.49266800175997 -9
    endloop
  endfacet
  facet normal 0 0 -1
    outer loop
      vertex -30.60574225550469 -94.19478908279581 -9
      vertex -30.90504395681274 -76.49266800175997 -9
      vertex -26.44598094748674 -78.53572493919674 -9
    endloop
  endfacet
  facet normal 0 0 -1
    outer loop
      vertex -30.90504395681274 -76.49266800175997 -9
      vertex -28.21666182436767 -77.52464121483744 -9
      vertex -26.44598094748674 -78.53572493919674 -9
    endloop
  endfacet
  facet normal 0 0 -1
    outer loop
      vertex -26.44598094748674 -78.53572493919674 -9
      vertex -25.49390203593316 -78.46216259435016 -9
      vertex -24.194442177426787 -78.8594473424195 -9
    endloop
  endfacet
  facet normal 0 0 -1
    outer loop
      vertex -28.21666182436767 -77.52464121483744 -9
      vertex -25.49390203593316 -78.46216259435016 -9
      vertex -26.44598094748674 -78.53572493919674 -9
    endloop
  endfacet
  facet normal -0.5150380749100552 -0.8571673007021118 0
    outer loop
      vertex -52.484402840541726 -83.99260210181912 -9
      vertex -49.521131220325465 -85.77311532188907 9
      vertex -52.484402840541726 -83.99260210181912 9
    endloop
  endfacet
  facet normal -0.5446390350150254 -0.838670567945425 0
    outer loop
      vertex -52.484402840541726 -83.99260210181912 -9
      vertex -52.484402840541726 -83.99260210181912 9
      vertex -52.770927737730894 -83.80653065794434 9
    endloop
  endfacet
  facet normal -0.7771459614569703 -0.6293203910498382 0
    outer loop
      vertex -75.87077477659211 -63.663139132172915 -9
      vertex -75.87077477659211 -63.663139132172915 9
      vertex -78.04636786477207 -60.97650541380219 9
    endloop
  endfacet
  facet normal -0.7547095802227765 -0.6560590289905022 0
    outer loop
      vertex -75.44083372888011 -64.15772973042831 -9
      vertex -75.44083372888011 -64.15772973042831 9
      vertex -75.87077477659211 -63.663139132172915 9
    endloop
  endfacet
  facet normal -0.8191520442889919 -0.573576436351046 0
    outer loop
      vertex -80.12687347583017 -58.21558121629534 -9
      vertex -80.12687347583017 -58.21558121629534 9
      vertex -82.10975683415663 -55.383730300499295 9
    endloop
  endfacet
  facet normal -0.838670567945425 -0.5446390350150256 0
    outer loop
      vertex -82.10975683415663 -55.383730300499295 -9
      vertex -82.10975683415663 -55.383730300499295 9
      vertex -83.99260210181912 -52.484402840541726 9
    endloop
  endfacet
  facet normal -0.7986355100472914 -0.6018150231520502 0
    outer loop
      vertex -78.04636786477207 -60.97650541380219 -9
      vertex -78.04636786477207 -60.97650541380219 9
      vertex -80.12687347583017 -58.21558121629534 9
    endloop
  endfacet
  facet normal 0 0 1
    outer loop
      vertex -75.87077477659211 -63.663139132172915 9
      vertex -75.44083372888011 -64.15772973042831 9
      vertex -73.97268899696009 -37.35359798679399 9
    endloop
  endfacet
  facet normal 0 0 1
    outer loop
      vertex -75.87077477659211 -63.663139132172915 9
      vertex -73.97268899696009 -37.35359798679399 9
      vertex -78.04636786477207 -60.97650541380219 9
    endloop
  endfacet
  facet normal -0.8910065241883679 -0.4539904997395467 0
    outer loop
      vertex -87.44912721327485 -46.49752572986273 -9
      vertex -87.44912721327485 -46.49752572986273 9
      vertex -89.01859581365666 -43.41727016669292 9
    endloop
  endfacet
  facet normal -0.9063077870366494 -0.4226182617407006 0
    outer loop
      vertex -89.01859581365666 -43.41727016669292 -9
      vertex -89.01859581365666 -43.41727016669292 9
      vertex -89.69361848434285 -41.96967937790555 9
    endloop
  endfacet
  facet normal -0.8571673007021118 -0.5150380749100552 0
    outer loop
      vertex -83.99260210181912 -52.484402840541726 -9
      vertex -83.99260210181912 -52.484402840541726 9
      vertex -85.77311532188907 -49.521131220325465 9
    endloop
  endfacet
  facet normal -0.8746197071393957 -0.4848096202463372 0
    outer loop
      vertex -85.77311532188907 -49.521131220325465 -9
      vertex -85.77311532188907 -49.521131220325465 9
      vertex -87.44912721327485 -46.49752572986273 9
    endloop
  endfacet
  facet normal 0 0 1
    outer loop
      vertex -83.99260210181912 -52.484402840541726 9
      vertex -73.97268899696009 -37.35359798679399 9
      vertex -85.77311532188907 -49.521131220325465 9
    endloop
  endfacet
  facet normal 0 0 1
    outer loop
      vertex -87.44912721327485 -46.49752572986273 9
      vertex -85.77311532188907 -49.521131220325465 9
      vertex -73.97268899696009 -37.35359798679399 9
    endloop
  endfacet
  facet normal 0 0 1
    outer loop
      vertex -82.10975683415663 -55.383730300499295 9
      vertex -80.12687347583017 -58.21558121629534 9
      vertex -73.97268899696009 -37.35359798679399 9
    endloop
  endfacet
  facet normal 0 0 1
    outer loop
      vertex -83.99260210181912 -52.484402840541726 9
      vertex -82.10975683415663 -55.383730300499295 9
      vertex -73.97268899696009 -37.35359798679399 9
    endloop
  endfacet
  facet normal 0 0 1
    outer loop
      vertex -78.04636786477207 -60.97650541380219 9
      vertex -73.97268899696009 -37.35359798679399 9
      vertex -80.12687347583017 -58.21558121629534 9
    endloop
  endfacet
  facet normal 0 0 1
    outer loop
      vertex -89.01859581365666 -43.41727016669292 9
      vertex -73.97268899696009 -37.35359798679399 9
      vertex -89.69361848434285 -41.96967937790555 9
    endloop
  endfacet
  facet normal 0 0 1
    outer loop
      vertex -87.44912721327485 -46.49752572986273 9
      vertex -73.97268899696009 -37.35359798679399 9
      vertex -89.01859581365666 -43.41727016669292 9
    endloop
  endfacet
  facet normal 0 0 1
    outer loop
      vertex -75.44083372888011 -64.15772973042831 9
      vertex -64.7073934318546 -51.77067930069278 9
      vertex -65.01088717255456 -50.792071714366806 9
    endloop
  endfacet
  facet normal 0 0 1
    outer loop
      vertex -75.44083372888011 -64.15772973042831 9
      vertex -65.01088717255456 -50.792071714366806 9
      vertex -66.74390203593316 -48.49228331412903 9
    endloop
  endfacet
  facet normal 0 0 1
    outer loop
      vertex -75.44083372888011 -64.15772973042831 9
      vertex -66.74390203593316 -48.49228331412903 9
      vertex -68.39559973579094 -46.133414536336616 9
    endloop
  endfacet
  facet normal 0 0 1
    outer loop
      vertex -63.02949797986478 -53.22458398613353 9
      vertex -63.19866655731568 -53.02997779913949 9
      vertex -64.7073934318546 -51.77067930069278 9
    endloop
  endfacet
  facet normal 0 0 1
    outer loop
      vertex -75.44083372888011 -64.15772973042831 9
      vertex -69.96396793290513 -43.7183392992394 9
      vertex -71.44709581221619 -41.25 9
    endloop
  endfacet
  facet normal 0 0 1
    outer loop
      vertex -75.44083372888011 -64.15772973042831 9
      vertex -68.39559973579094 -46.133414536336616 9
      vertex -69.96396793290513 -43.7183392992394 9
    endloop
  endfacet
  facet normal 0 0 1
    outer loop
      vertex -75.44083372888011 -64.15772973042831 9
      vertex -71.44709581221619 -41.25 9
      vertex -72.84317641086147 -38.73140392983599 9
    endloop
  endfacet
  facet normal 0 0 1
    outer loop
      vertex -75.44083372888011 -64.15772973042831 9
      vertex -72.84317641086147 -38.73140392983599 9
      vertex -73.97268899696009 -37.35359798679399 9
    endloop
  endfacet
  facet normal 0 0 1
    outer loop
      vertex -64.7073934318546 -51.77067930069278 9
      vertex -63.19866655731568 -53.02997779913949 9
      vertex -65.01088717255456 -50.792071714366806 9
    endloop
  endfacet
  facet normal 0 0 1
    outer loop
      vertex -72.84317641086147 -38.73140392983599 9
      vertex -74.15050881968128 -36.165619610098894 9
      vertex -73.97268899696009 -37.35359798679399 9
    endloop
  endfacet
  facet normal -0.4848096202463372 -0.8746197071393957 0
    outer loop
      vertex -49.521131220325465 -85.77311532188907 -9
      vertex -46.49752572986273 -87.44912721327485 9
      vertex -49.521131220325465 -85.77311532188907 9
    endloop
  endfacet
  facet normal -0.4539904997395467 -0.8910065241883679 0
    outer loop
      vertex -46.49752572986273 -87.44912721327485 -9
      vertex -43.41727016669292 -89.01859581365666 9
      vertex -46.49752572986273 -87.44912721327485 9
    endloop
  endfacet
  facet normal -0.4226182617406993 -0.9063077870366499 0
    outer loop
      vertex -43.41727016669292 -89.01859581365666 -9
      vertex -40.28411734774277 -90.47960896730304 9
      vertex -43.41727016669292 -89.01859581365666 9
    endloop
  endfacet
  facet normal -0.39073112848927233 -0.9205048534524409 0
    outer loop
      vertex -40.28411734774277 -90.47960896730304 -9
      vertex -37.10188453709698 -91.83038665473808 9
      vertex -40.28411734774277 -90.47960896730304 9
    endloop
  endfacet
  facet normal -0.35836794954530127 -0.9335804264972014 0
    outer loop
      vertex -37.10188453709698 -91.83038665473808 -9
      vertex -33.874448795249926 -93.06928316142101 9
      vertex -37.10188453709698 -91.83038665473808 9
    endloop
  endfacet
  facet normal -0.32556815445715626 -0.945518575599317 0
    outer loop
      vertex -33.874448795249926 -93.06928316142101 -9
      vertex -30.60574225550469 -94.19478908279581 9
      vertex -33.874448795249926 -93.06928316142101 9
    endloop
  endfacet
  facet normal -0.2923717047227393 -0.9563047559630347 0
    outer loop
      vertex -28.77776755610778 -94.75365703333162 -9
      vertex -28.77776755610778 -94.75365703333162 9
      vertex -30.60574225550469 -94.19478908279581 9
    endloop
  endfacet
  facet normal 0 0 1
    outer loop
      vertex -40.28411734774277 -90.47960896730304 9
      vertex -37.10188453709698 -91.83038665473808 9
      vertex -36.165619610098894 -74.15050881968128 9
    endloop
  endfacet
  facet normal 0 0 1
    outer loop
      vertex -37.10188453709698 -91.83038665473808 9
      vertex -33.874448795249926 -93.06928316142101 9
      vertex -33.55577305375352 -75.36750025551457 9
    endloop
  endfacet
  facet normal 0 0 1
    outer loop
      vertex -33.874448795249926 -93.06928316142101 9
      vertex -30.60574225550469 -94.19478908279581 9
      vertex -30.90504395681274 -76.49266800175997 9
    endloop
  endfacet
  facet normal 0 0 1
    outer loop
      vertex -30.60574225550469 -94.19478908279581 9
      vertex -28.77776755610778 -94.75365703333162 9
      vertex -28.21666182436767 -77.52464121483744 9
    endloop
  endfacet
  facet normal 0 0 1
    outer loop
      vertex -52.484402840541726 -83.99260210181912 9
      vertex -49.521131220325465 -85.77311532188907 9
      vertex -42.03490620122685 -71.41650131905133 9
    endloop
  endfacet
  facet normal 0 0 1
    outer loop
      vertex -43.41727016669292 -89.01859581365666 9
      vertex -42.03490620122685 -71.41650131905133 9
      vertex -46.49752572986273 -87.44912721327485 9
    endloop
  endfacet
  facet normal 0 0 1
    outer loop
      vertex -49.521131220325465 -85.77311532188907 9
      vertex -46.49752572986273 -87.44912721327485 9
      vertex -42.03490620122685 -71.41650131905133 9
    endloop
  endfacet
  facet normal 0 0 1
    outer loop
      vertex -52.770927737730894 -83.80653065794434 9
      vertex -52.484402840541726 -83.99260210181912 9
      vertex -42.03490620122685 -71.41650131905133 9
    endloop
  endfacet
  facet normal 0 0 1
    outer loop
      vertex -43.41727016669292 -89.01859581365666 9
      vertex -40.28411734774277 -90.47960896730304 9
      vertex -38.73140392983599 -72.84317641086147 9
    endloop
  endfacet
  facet normal 0 0 1
    outer loop
      vertex -43.41727016669292 -89.01859581365666 9
      vertex -41.25 -71.44709581221619 9
      vertex -42.03490620122685 -71.41650131905133 9
    endloop
  endfacet
  facet normal 0 0 1
    outer loop
      vertex -43.41727016669292 -89.01859581365666 9
      vertex -38.73140392983599 -72.84317641086147 9
      vertex -41.25 -71.44709581221619 9
    endloop
  endfacet
  facet normal 0 0 1
    outer loop
      vertex -40.28411734774277 -90.47960896730304 9
      vertex -36.165619610098894 -74.15050881968128 9
      vertex -38.73140392983599 -72.84317641086147 9
    endloop
  endfacet
  facet normal 0 0 1
    outer loop
      vertex -43.69511389378549 -69.97792316440334 9
      vertex -42.03490620122685 -71.41650131905133 9
      vertex -41.25 -71.44709581221619 9
    endloop
  endfacet
  facet normal 0 0 1
    outer loop
      vertex -37.10188453709698 -91.83038665473808 9
      vertex -33.55577305375352 -75.36750025551457 9
      vertex -36.165619610098894 -74.15050881968128 9
    endloop
  endfacet
  facet normal 0 0 1
    outer loop
      vertex -33.874448795249926 -93.06928316142101 9
      vertex -30.90504395681274 -76.49266800175997 9
      vertex -33.55577305375352 -75.36750025551457 9
    endloop
  endfacet
  facet normal 0 0 1
    outer loop
      vertex -30.60574225550469 -94.19478908279581 9
      vertex -28.21666182436767 -77.52464121483744 9
      vertex -30.90504395681274 -76.49266800175997 9
    endloop
  endfacet
  facet normal 0 0 1
    outer loop
      vertex -28.77776755610778 -94.75365703333162 9
      vertex -26.44598094748674 -78.53572493919674 9
      vertex -28.21666182436767 -77.52464121483744 9
    endloop
  endfacet
  facet normal 0 0 1
    outer loop
      vertex -26.44598094748674 -78.53572493919674 9
      vertex -24.194442177426787 -78.8594473424195 9
      vertex -25.49390203593316 -78.46216259435016 9
    endloop
  endfacet
  facet normal 0 0 1
    outer loop
      vertex -28.21666182436767 -77.52464121483744 9
      vertex -26.44598094748674 -78.53572493919674 9
      vertex -25.49390203593316 -78.46216259435016 9
    endloop
  endfacet
  facet normal 0 0 -1
    outer loop
      vertex -98.49969856403811 -10.352735491472876 -9
      vertex -98.8010004671922 -6.908838979500034 -9
      vertex -82.49371706633104 -0.35994902882347196 -9
    endloop
  endfacet
  facet normal 0 0 -1
    outer loop
      vertex -98.15173243076234 -13.186692226073626 -9
      vertex -98.49969856403811 -10.352735491472876 -9
      vertex -82.42466570220297 -8.56880877835907 -9
    endloop
  endfacet
  facet normal 0 0 -1
    outer loop
      vertex -98.49969856403811 -10.352735491472876 -9
      vertex -82.49371706633104 -0.35994902882347196 -9
      vertex -82.42466570220297 -8.56880877835907 -9
    endloop
  endfacet
  facet normal 0 0 -1
    outer loop
      vertex -81.78894844014904 -10.733862945277744 -9
      vertex -82.42466570220297 -8.56880877835907 -9
      vertex -82.04805636788255 -8.623598219581412 -9
    endloop
  endfacet
  facet normal 0 0 -1
    outer loop
      vertex -82.42466570220297 -8.56880877835907 -9
      vertex -82.2990341464355 -5.754909083890338 -9
      vertex -82.04805636788255 -8.623598219581412 -9
    endloop
  endfacet
  facet normal 0 0 -1
    outer loop
      vertex -82.42466570220297 -8.56880877835907 -9
      vertex -82.4497432290754 -2.87920847795633 -9
      vertex -82.2990341464355 -5.754909083890338 -9
    endloop
  endfacet
  facet normal -0.9925461516413222 -0.12186934340514514 6.518864094481201e-19
    outer loop
      vertex -98.15173243076234 -13.186692226073626 -9
      vertex -98.49969856403811 -10.352735491472876 9
      vertex -98.49969856403811 -10.352735491472876 -9
    endloop
  endfacet
  facet normal -0.9961946980917459 -0.08715574274765482 -9.69256986167237e-19
    outer loop
      vertex -98.49969856403811 -10.352735491472876 -9
      vertex -98.8010004671922 -6.908838979500034 9
      vertex -98.8010004671922 -6.908838979500034 -9
    endloop
  endfacet
  facet normal -0.9986295347545735 -0.052335956242949296 7.741331783954771e-19
    outer loop
      vertex -98.8010004671922 -6.908838979500034 -9
      vertex -98.98192857040446 -3.4565251114557327 9
      vertex -98.98192857040446 -3.4565251114557327 -9
    endloop
  endfacet
  facet normal 0 0 -1
    outer loop
      vertex -74.61228234020388 -35.17534309963013 -9
      vertex -74.15050881968128 -36.165619610098894 -9
      vertex -73.97268899696009 -37.35359798679399 -9
    endloop
  endfacet
  facet normal 0 0 -1
    outer loop
      vertex -98.8010004671922 -6.908838979500034 -9
      vertex -98.98192857040446 -3.4565251114557327 -9
      vertex -82.49371706633104 -0.35994902882347196 -9
    endloop
  endfacet
  facet normal 0 0 -1
    outer loop
      vertex -98.98192857040446 -3.4565251114557327 -9
      vertex -99.03471970167713 -0.4321232263998998 -9
      vertex -82.49371706633104 -0.35994902882347196 -9
    endloop
  endfacet
  facet normal 0 0 -1
    outer loop
      vertex -82.42466570220297 -8.56880877835907 -9
      vertex -82.49371706633104 -0.35994902882347196 -9
      vertex -82.4497432290754 -2.87920847795633 -9
    endloop
  endfacet
  facet normal -0.9998476951563913 -0.01745240643728248 0
    outer loop
      vertex -98.98192857040446 -3.4565251114557327 -9
      vertex -98.98192857040446 -3.4565251114557327 9
      vertex -99.03471970167713 -0.4321232263998998 -9
    endloop
  endfacet
  facet normal -0.9925461516413222 -0.12186934340514514 0
    outer loop
      vertex -98.15173243076234 -13.186692226073626 -9
      vertex -98.15173243076234 -13.186692226073626 9
      vertex -98.49969856403811 -10.352735491472876 9
    endloop
  endfacet
  facet normal -0.9961946980917459 -0.08715574274765482 0
    outer loop
      vertex -98.49969856403811 -10.352735491472876 -9
      vertex -98.49969856403811 -10.352735491472876 9
      vertex -98.8010004671922 -6.908838979500034 9
    endloop
  endfacet
  facet normal -0.9986295347545735 -0.052335956242949296 0
    outer loop
      vertex -98.8010004671922 -6.908838979500034 -9
      vertex -98.8010004671922 -6.908838979500034 9
      vertex -98.98192857040446 -3.4565251114557327 9
    endloop
  endfacet
  facet normal 0 0 1
    outer loop
      vertex -98.15173243076234 -13.186692226073626 9
      vertex -99.03471970167713 -0.4321232263998998 9
      vertex -98.49969856403811 -10.352735491472876 9
    endloop
  endfacet
  facet normal 0 0 1
    outer loop
      vertex -98.49969856403811 -10.352735491472876 9
      vertex -99.03471970167713 -0.4321232263998998 9
      vertex -98.8010004671922 -6.908838979500034 9
    endloop
  endfacet
  facet normal 0 0 1
    outer loop
      vertex -98.15173243076234 -13.186692226073626 9
      vertex -82.4497432290754 -2.87920847795633 9
      vertex -99.03471970167713 -0.4321232263998998 9
    endloop
  endfacet
  facet normal 0 0 1
    outer loop
      vertex -98.15173243076234 -13.186692226073626 9
      vertex -82.42466570220297 -8.56880877835907 9
      vertex -82.2990341464355 -5.754909083890338 9
    endloop
  endfacet
  facet normal 0 0 1
    outer loop
      vertex -98.15173243076234 -13.186692226073626 9
      vertex -82.2990341464355 -5.754909083890338 9
      vertex -82.4497432290754 -2.87920847795633 9
    endloop
  endfacet
  facet normal 0 0 1
    outer loop
      vertex -81.78894844014904 -10.733862945277757 9
      vertex -82.04805636788255 -8.623598219581412 9
      vertex -82.42466570220297 -8.56880877835907 9
    endloop
  endfacet
  facet normal 0 0 1
    outer loop
      vertex -82.42466570220297 -8.56880877835907 9
      vertex -82.04805636788255 -8.623598219581412 9
      vertex -82.2990341464355 -5.754909083890338 9
    endloop
  endfacet
  facet normal 0 0 1
    outer loop
      vertex -74.61228234020388 -35.17534309963012 9
      vertex -73.97268899696009 -37.35359798679399 9
      vertex -74.15050881968128 -36.165619610098894 9
    endloop
  endfacet
  facet normal -0.9998476951563913 -0.01745240643728248 -2.3831319993667815e-19
    outer loop
      vertex -98.98192857040446 -3.4565251114557327 9
      vertex -99.03471970167713 -0.4321232263998998 9
      vertex -99.03471970167713 -0.4321232263998998 -9
    endloop
  endfacet
  facet normal 0 0 1
    outer loop
      vertex -98.8010004671922 -6.908838979500034 9
      vertex -99.03471970167713 -0.4321232263998998 9
      vertex -98.98192857040446 -3.4565251114557327 9
    endloop
  endfacet
  facet normal 0 0 1
    outer loop
      vertex -82.4497432290754 -2.87920847795633 9
      vertex -82.49371706633104 -0.35994902882347196 9
      vertex -99.03471970167713 -0.4321232263998998 9
    endloop
  endfacet
  facet normal 0 0 -1
    outer loop
      vertex 0.9164207750158831 -99.02626625652147 -9
      vertex 3.2486623089412436 -82.80517008739528 -9
      vertex 3.4565251114557327 -98.98192857040446 -9
    endloop
  endfacet
  facet normal 0 0 -1
    outer loop
      vertex 3.4565251114557327 -98.98192857040446 -9
      vertex 5.754909083890338 -82.2990341464355 -9
      vertex 6.908838979500034 -98.8010004671922 -9
    endloop
  endfacet
  facet normal 0 0 -1
    outer loop
      vertex 6.908838979500034 -98.8010004671922 -9
      vertex 5.754909083890338 -82.2990341464355 -9
      vertex 10.352735491472876 -98.49969856403811 -9
    endloop
  endfacet
  facet normal 0 0 -1
    outer loop
      vertex 10.352735491472876 -98.49969856403811 -9
      vertex 8.623598219581412 -82.04805636788255 -9
      vertex 13.784018789966009 -98.07838995089917 -9
    endloop
  endfacet
  facet normal 0 0 -1
    outer loop
      vertex 3.4565251114557327 -98.98192857040446 -9
      vertex 3.2486623089412436 -82.80517008739528 -9
      vertex 5.754909083890338 -82.2990341464355 -9
    endloop
  endfacet
  facet normal 0 0 -1
    outer loop
      vertex 10.352735491472876 -98.49969856403811 -9
      vertex 5.754909083890338 -82.2990341464355 -9
      vertex 8.623598219581412 -82.04805636788255 -9
    endloop
  endfacet
  facet normal 0 0 -1
    outer loop
      vertex 8.623598219581412 -82.04805636788255 -9
      vertex 11.481780829205398 -81.69711567117956 -9
      vertex 13.784018789966009 -98.07838995089917 -9
    endloop
  endfacet
  facet normal 0 0 -1
    outer loop
      vertex 11.481780829205398 -81.69711567117956 -9
      vertex 17.198508384828894 -97.53758792742285 -9
      vertex 13.784018789966009 -98.07838995089917 -9
    endloop
  endfacet
  facet normal 0 0 -1
    outer loop
      vertex 17.198508384828894 -97.53758792742285 -9
      vertex 17.152714492465147 -80.69717706053896 -9
      vertex 20.592044246451994 -96.87795137757062 -9
    endloop
  endfacet
  facet normal 0 0 -1
    outer loop
      vertex 11.481780829205398 -81.69711567117956 -9
      vertex 14.325974657521753 -81.24663962350716 -9
      vertex 17.198508384828894 -97.53758792742285 -9
    endloop
  endfacet
  facet normal 0 0 -1
    outer loop
      vertex 17.198508384828894 -97.53758792742285 -9
      vertex 14.325974657521753 -81.24663962350716 -9
      vertex 17.152714492465147 -80.69717706053896 -9
    endloop
  endfacet
  facet normal 0 0 -1
    outer loop
      vertex 20.592044246451994 -96.87795137757062 -9
      vertex 20.211843629335988 -80.36623281642153 -9
      vertex 23.960491874122045 -96.10028396686924 -9
    endloop
  endfacet
  facet normal 0 0 -1
    outer loop
      vertex 23.960491874122045 -96.10028396686924 -9
      vertex 20.211843629335988 -80.36623281642153 -9
      vertex 27.02263481232438 -95.27978523946926 -9
    endloop
  endfacet
  facet normal 0 0 -1
    outer loop
      vertex 20.592044246451994 -96.87795137757062 -9
      vertex 17.152714492465147 -80.69717706053896 -9
      vertex 19.95855638697259 -80.04939741776971 -9
    endloop
  endfacet
  facet normal 0 0 -1
    outer loop
      vertex 20.592044246451994 -96.87795137757062 -9
      vertex 19.95855638697259 -80.04939741776971 -9
      vertex 20.211843629335988 -80.36623281642153 -9
    endloop
  endfacet
  facet normal 0.01745240643728316 -0.9998476951563914 0
    outer loop
      vertex 0.9164207750158831 -99.02626625652147 -9
      vertex 3.4565251114557327 -98.98192857040446 -9
      vertex 0.9164207750158831 -99.02626625652147 9
    endloop
  endfacet
  facet normal 0.052335956242949296 -0.9986295347545735 -7.741331783954771e-19
    outer loop
      vertex 3.4565251114557327 -98.98192857040446 -9
      vertex 6.908838979500034 -98.8010004671922 -9
      vertex 6.908838979500034 -98.8010004671922 9
    endloop
  endfacet
  facet normal 0.08715574274765482 -0.9961946980917459 9.69256986167237e-19
    outer loop
      vertex 6.908838979500034 -98.8010004671922 -9
      vertex 10.352735491472876 -98.49969856403811 -9
      vertex 10.352735491472876 -98.49969856403811 9
    endloop
  endfacet
  facet normal 0.1218693434051469 -0.9925461516413221 -1.2374807418560565e-18
    outer loop
      vertex 10.352735491472876 -98.49969856403811 -9
      vertex 13.784018789966009 -98.07838995089917 -9
      vertex 13.784018789966009 -98.07838995089917 9
    endloop
  endfacet
  facet normal 0.15643446504023265 -0.9876883405951374 1.509197469244257e-18
    outer loop
      vertex 13.784018789966009 -98.07838995089917 -9
      vertex 17.198508384828894 -97.53758792742285 -9
      vertex 17.198508384828894 -97.53758792742285 9
    endloop
  endfacet
  facet normal 0.19080899537654236 -0.9816271834476644 1.7139356220228797e-18
    outer loop
      vertex 17.198508384828894 -97.53758792742285 -9
      vertex 20.592044246451994 -96.87795137757062 -9
      vertex 20.592044246451994 -96.87795137757062 9
    endloop
  endfacet
  facet normal 0.22495105434386617 -0.9743700647852349 -2.4397325808631656e-18
    outer loop
      vertex 20.592044246451994 -96.87795137757062 -9
      vertex 23.960491874122045 -96.10028396686924 -9
      vertex 23.960491874122045 -96.10028396686924 9
    endloop
  endfacet
  facet normal 0 0 -1
    outer loop
      vertex 1.0042403025740838 -82.48247092031504 -9
      vertex 2.87920847795633 -82.4497432290754 -9
      vertex 3.2486623089412436 -82.80517008739528 -9
    endloop
  endfacet
  facet normal 0 0 -1
    outer loop
      vertex 2.87920847795633 -82.4497432290754 -9
      vertex 5.754909083890338 -82.2990341464355 -9
      vertex 3.2486623089412436 -82.80517008739528 -9
    endloop
  endfacet
  facet normal 0 0 -1
    outer loop
      vertex 19.95855638697259 -80.04939741776971 -9
      vertex 22.250164451553403 -79.43536288749664 -9
      vertex 20.211843629335988 -80.36623281642153 -9
    endloop
  endfacet
  facet normal 0.25881904510252024 -0.9659258262890684 0
    outer loop
      vertex 23.960491874122045 -96.10028396686924 -9
      vertex 27.02263481232438 -95.27978523946926 -9
      vertex 23.960491874122045 -96.10028396686924 9
    endloop
  endfacet
  facet normal 0 0 -1
    outer loop
      vertex 45.44512941287428 -68.84257732125226 -9
      vertex 46.133414536336616 -68.39559973579094 -9
      vertex 47.50080348997153 -67.90378242636493 -9
    endloop
  endfacet
  facet normal 0 0 -1
    outer loop
      vertex 46.133414536336616 -68.39559973579094 -9
      vertex 48.49228331412903 -66.74390203593316 -9
      vertex 47.50080348997153 -67.90378242636493 -9
    endloop
  endfacet
  facet normal 0 0 -1
    outer loop
      vertex 47.50080348997153 -67.90378242636493 -9
      vertex 48.49228331412903 -66.74390203593316 -9
      vertex 54.30760573660915 -82.80860029717324 -9
    endloop
  endfacet
  facet normal 0 0 -1
    outer loop
      vertex 54.30760573660915 -82.80860029717324 -9
      vertex 55.2032750246058 -61.309448101885025 -9
      vertex 55.383730300499295 -82.10975683415663 -9
    endloop
  endfacet
  facet normal 0 0 -1
    outer loop
      vertex 48.49228331412903 -66.74390203593316 -9
      vertex 50.792071714366806 -65.01088717255456 -9
      vertex 54.30760573660915 -82.80860029717324 -9
    endloop
  endfacet
  facet normal 0 0 -1
    outer loop
      vertex 54.30760573660915 -82.80860029717324 -9
      vertex 50.792071714366806 -65.01088717255456 -9
      vertex 53.02997779913949 -63.19866655731568 -9
    endloop
  endfacet
  facet normal 0 0 -1
    outer loop
      vertex 54.30760573660915 -82.80860029717324 -9
      vertex 53.02997779913949 -63.19866655731568 -9
      vertex 55.2032750246058 -61.309448101885025 -9
    endloop
  endfacet
  facet normal 0 0 -1
    outer loop
      vertex 55.383730300499295 -82.10975683415663 -9
      vertex 55.2032750246058 -61.309448101885025 -9
      vertex 58.21558121629534 -80.12687347583017 -9
    endloop
  endfacet
  facet normal 0 0 -1
    outer loop
      vertex 58.21558121629534 -80.12687347583017 -9
      vertex 57.309315562867276 -59.34553352793872 -9
      vertex 60.97650541380219 -78.04636786477207 -9
    endloop
  endfacet
  facet normal 0 0 -1
    outer loop
      vertex 60.97650541380219 -78.04636786477207 -9
      vertex 60.45255066390728 -56.68102961509894 -9
      vertex 63.663139132172915 -75.87077477659211 -9
    endloop
  endfacet
  facet normal 0 0 -1
    outer loop
      vertex 63.663139132172915 -75.87077477659211 -9
      vertex 60.45255066390728 -56.68102961509894 -9
      vertex 66.27220912206593 -73.60274483634382 -9
    endloop
  endfacet
  facet normal 0.5446390350150239 -0.838670567945426 0
    outer loop
      vertex 54.30760573660915 -82.80860029717324 -9
      vertex 55.383730300499295 -82.10975683415663 -9
      vertex 54.30760573660915 -82.80860029717324 9
    endloop
  endfacet
  facet normal 0.573576436351046 -0.8191520442889919 -6.306815772661926e-18
    outer loop
      vertex 55.383730300499295 -82.10975683415663 -9
      vertex 58.21558121629534 -80.12687347583017 -9
      vertex 58.21558121629534 -80.12687347583017 9
    endloop
  endfacet
  facet normal 0.6018150231520502 -0.7986355100472914 -1.0322482862467252e-18
    outer loop
      vertex 58.21558121629534 -80.12687347583017 -9
      vertex 60.97650541380219 -78.04636786477207 -9
      vertex 60.97650541380219 -78.04636786477207 9
    endloop
  endfacet
  facet normal 0.6293203910498382 -0.7771459614569703 -5.372868127445598e-18
    outer loop
      vertex 60.97650541380219 -78.04636786477207 -9
      vertex 63.663139132172915 -75.87077477659211 -9
      vertex 63.663139132172915 -75.87077477659211 9
    endloop
  endfacet
  facet normal 0.6560590289905044 -0.7547095802227746 5.4506195916775655e-18
    outer loop
      vertex 63.663139132172915 -75.87077477659211 -9
      vertex 66.27220912206593 -73.60274483634382 -9
      vertex 66.27220912206593 -73.60274483634382 9
    endloop
  endfacet
  facet normal 0.6819983600625009 -0.7313537016191682 3.784169602168555e-18
    outer loop
      vertex 66.27220912206593 -73.60274483634382 -9
      vertex 68.80053663359492 -71.24504128914613 -9
      vertex 68.80053663359492 -71.24504128914613 9
    endloop
  endfacet
  facet normal 0.7071067811865476 -0.7071067811865476 0
    outer loop
      vertex 68.80053663359492 -71.24504128914613 -9
      vertex 71.24504128914613 -68.80053663359492 -9
      vertex 68.80053663359492 -71.24504128914613 9
    endloop
  endfacet
  facet normal 0 0 -1
    outer loop
      vertex 58.21558121629534 -80.12687347583017 -9
      vertex 55.2032750246058 -61.309448101885025 -9
      vertex 57.309315562867276 -59.34553352793872 -9
    endloop
  endfacet
  facet normal 0 0 -1
    outer loop
      vertex 60.97650541380219 -78.04636786477207 -9
      vertex 57.309315562867276 -59.34553352793872 -9
      vertex 60.45255066390728 -56.68102961509894 -9
    endloop
  endfacet
  facet normal 0 0 -1
    outer loop
      vertex 57.309315562867276 -59.34553352793872 -9
      vertex 59.34553352793872 -57.309315562867276 -9
      vertex 60.45255066390728 -56.68102961509894 -9
    endloop
  endfacet
  facet normal 0 0 -1
    outer loop
      vertex 59.34553352793872 -57.309315562867276 -9
      vertex 61.309448101885025 -55.2032750246058 -9
      vertex 60.45255066390728 -56.68102961509894 -9
    endloop
  endfacet
  facet normal 0 0 -1
    outer loop
      vertex 60.45255066390728 -56.68102961509894 -9
      vertex 61.309448101885025 -55.2032750246058 -9
      vertex 61.66540000929738 -54.79379919582857 -9
    endloop
  endfacet
  facet normal 0 0 -1
    outer loop
      vertex 60.45255066390728 -56.68102961509894 -9
      vertex 68.80053663359492 -71.24504128914613 -9
      vertex 66.27220912206593 -73.60274483634382 -9
    endloop
  endfacet
  facet normal 0 0 -1
    outer loop
      vertex 60.45255066390728 -56.68102961509894 -9
      vertex 71.24504128914613 -68.80053663359492 -9
      vertex 68.80053663359492 -71.24504128914613 -9
    endloop
  endfacet
  facet normal 0 0 -1
    outer loop
      vertex 60.45255066390728 -56.68102961509894 -9
      vertex 73.60274483634382 -66.27220912206593 -9
      vertex 71.24504128914613 -68.80053663359492 -9
    endloop
  endfacet
  facet normal 0 0 -1
    outer loop
      vertex 60.45255066390728 -56.68102961509894 -9
      vertex 74.23857539220718 -65.54076973825494 -9
      vertex 73.60274483634382 -66.27220912206593 -9
    endloop
  endfacet
  facet normal 0.7313537016191682 -0.6819983600625009 0
    outer loop
      vertex 71.24504128914613 -68.80053663359492 -9
      vertex 73.60274483634382 -66.27220912206593 -9
      vertex 71.24504128914613 -68.80053663359492 9
    endloop
  endfacet
  facet normal 0.7547095802227746 -0.6560590289905043 0
    outer loop
      vertex 73.60274483634382 -66.27220912206593 -9
      vertex 74.23857539220718 -65.54076973825494 -9
      vertex 73.60274483634382 -66.27220912206593 9
    endloop
  endfacet
  facet normal 0.906307787036639 -0.4226182617407229 0
    outer loop
      vertex 90.46774666367 -40.309556139977005 -9
      vertex 90.47960896730304 -40.28411734774277 -9
      vertex 90.46774666367 -40.309556139977005 9
    endloop
  endfacet
  facet normal 0.9205048534524409 -0.39073112848927233 0
    outer loop
      vertex 90.47960896730304 -40.28411734774277 -9
      vertex 91.83038665473808 -37.10188453709698 -9
      vertex 90.47960896730304 -40.28411734774277 9
    endloop
  endfacet
  facet normal 0.01745240643728316 -0.9998476951563914 0
    outer loop
      vertex 3.4565251114557327 -98.98192857040446 -9
      vertex 3.4565251114557327 -98.98192857040446 9
      vertex 0.9164207750158831 -99.02626625652147 9
    endloop
  endfacet
  facet normal 0.052335956242949296 -0.9986295347545735 0
    outer loop
      vertex 3.4565251114557327 -98.98192857040446 -9
      vertex 6.908838979500034 -98.8010004671922 9
      vertex 3.4565251114557327 -98.98192857040446 9
    endloop
  endfacet
  facet normal 0.08715574274765482 -0.9961946980917459 0
    outer loop
      vertex 6.908838979500034 -98.8010004671922 -9
      vertex 10.352735491472876 -98.49969856403811 9
      vertex 6.908838979500034 -98.8010004671922 9
    endloop
  endfacet
  facet normal 0.1218693434051469 -0.9925461516413221 0
    outer loop
      vertex 10.352735491472876 -98.49969856403811 -9
      vertex 13.784018789966009 -98.07838995089917 9
      vertex 10.352735491472876 -98.49969856403811 9
    endloop
  endfacet
  facet normal 0.15643446504023265 -0.9876883405951374 0
    outer loop
      vertex 13.784018789966009 -98.07838995089917 -9
      vertex 17.198508384828894 -97.53758792742285 9
      vertex 13.784018789966009 -98.07838995089917 9
    endloop
  endfacet
  facet normal 0.19080899537654236 -0.9816271834476644 0
    outer loop
      vertex 17.198508384828894 -97.53758792742285 -9
      vertex 20.592044246451994 -96.87795137757062 9
      vertex 17.198508384828894 -97.53758792742285 9
    endloop
  endfacet
  facet normal 0.22495105434386617 -0.9743700647852349 0
    outer loop
      vertex 20.592044246451994 -96.87795137757062 -9
      vertex 23.960491874122045 -96.10028396686924 9
      vertex 20.592044246451994 -96.87795137757062 9
    endloop
  endfacet
  facet normal 0 0 1
    outer loop
      vertex 0.9164207750158831 -99.02626625652147 9
      vertex 3.4565251114557327 -98.98192857040446 9
      vertex 3.2486623089412436 -82.80517008739528 9
    endloop
  endfacet
  facet normal 0 0 1
    outer loop
      vertex 3.4565251114557327 -98.98192857040446 9
      vertex 6.908838979500034 -98.8010004671922 9
      vertex 5.754909083890338 -82.2990341464355 9
    endloop
  endfacet
  facet normal 0 0 1
    outer loop
      vertex 6.908838979500034 -98.8010004671922 9
      vertex 10.352735491472876 -98.49969856403811 9
      vertex 8.623598219581412 -82.04805636788255 9
    endloop
  endfacet
  facet normal 0 0 1
    outer loop
      vertex 10.352735491472876 -98.49969856403811 9
      vertex 13.784018789966009 -98.07838995089917 9
      vertex 11.481780829205398 -81.69711567117956 9
    endloop
  endfacet
  facet normal 0 0 1
    outer loop
      vertex 3.4565251114557327 -98.98192857040446 9
      vertex 5.754909083890338 -82.2990341464355 9
      vertex 3.2486623089412436 -82.80517008739528 9
    endloop
  endfacet
  facet normal 0 0 1
    outer loop
      vertex 6.908838979500034 -98.8010004671922 9
      vertex 8.623598219581412 -82.04805636788255 9
      vertex 5.754909083890338 -82.2990341464355 9
    endloop
  endfacet
  facet normal 0 0 1
    outer loop
      vertex 10.352735491472876 -98.49969856403811 9
      vertex 11.481780829205398 -81.69711567117956 9
      vertex 8.623598219581412 -82.04805636788255 9
    endloop
  endfacet
  facet normal 0 0 1
    outer loop
      vertex 13.784018789966009 -98.07838995089917 9
      vertex 17.198508384828894 -97.53758792742285 9
      vertex 14.325974657521753 -81.24663962350716 9
    endloop
  endfacet
  facet normal 0 0 1
    outer loop
      vertex 20.592044246451994 -96.87795137757062 9
      vertex 23.960491874122045 -96.10028396686924 9
      vertex 27.02263481232438 -95.27978523946926 9
    endloop
  endfacet
  facet normal 0 0 1
    outer loop
      vertex 11.481780829205398 -81.69711567117956 9
      vertex 13.784018789966009 -98.07838995089917 9
      vertex 14.325974657521753 -81.24663962350716 9
    endloop
  endfacet
  facet normal 0 0 1
    outer loop
      vertex 17.198508384828894 -97.53758792742285 9
      vertex 17.152714492465147 -80.69717706053896 9
      vertex 14.325974657521753 -81.24663962350716 9
    endloop
  endfacet
  facet normal 0 0 1
    outer loop
      vertex 17.198508384828894 -97.53758792742285 9
      vertex 19.95855638697259 -80.04939741776971 9
      vertex 17.152714492465147 -80.69717706053896 9
    endloop
  endfacet
  facet normal 0 0 1
    outer loop
      vertex 17.198508384828894 -97.53758792742285 9
      vertex 20.592044246451994 -96.87795137757062 9
      vertex 19.95855638697259 -80.04939741776971 9
    endloop
  endfacet
  facet normal 0 0 1
    outer loop
      vertex 20.592044246451994 -96.87795137757062 9
      vertex 27.02263481232438 -95.27978523946926 9
      vertex 20.211843629335988 -80.36623281642153 9
    endloop
  endfacet
  facet normal 0 0 1
    outer loop
      vertex 20.592044246451994 -96.87795137757062 9
      vertex 20.211843629335988 -80.36623281642153 9
      vertex 19.95855638697259 -80.04939741776971 9
    endloop
  endfacet
  facet normal 0 0 1
    outer loop
      vertex 1.0042403025740838 -82.48247092031504 9
      vertex 3.2486623089412436 -82.80517008739528 9
      vertex 2.87920847795633 -82.4497432290754 9
    endloop
  endfacet
  facet normal 0 0 1
    outer loop
      vertex 2.87920847795633 -82.4497432290754 9
      vertex 3.2486623089412436 -82.80517008739528 9
      vertex 5.754909083890338 -82.2990341464355 9
    endloop
  endfacet
  facet normal 0 0 1
    outer loop
      vertex 19.95855638697259 -80.04939741776971 9
      vertex 20.211843629335988 -80.36623281642153 9
      vertex 22.250164451553403 -79.43536288749664 9
    endloop
  endfacet
  facet normal 0.25881904510252024 -0.9659258262890684 0
    outer loop
      vertex 27.02263481232438 -95.27978523946926 -9
      vertex 27.02263481232438 -95.27978523946926 9
      vertex 23.960491874122045 -96.10028396686924 9
    endloop
  endfacet
  facet normal 0 0 1
    outer loop
      vertex 45.4451294128743 -68.84257732125225 9
      vertex 47.50080348997153 -67.90378242636493 9
      vertex 46.133414536336616 -68.39559973579094 9
    endloop
  endfacet
  facet normal 0 0 1
    outer loop
      vertex 46.133414536336616 -68.39559973579094 9
      vertex 47.50080348997153 -67.90378242636493 9
      vertex 48.49228331412903 -66.74390203593316 9
    endloop
  endfacet
  facet normal 0 0 1
    outer loop
      vertex 47.50080348997153 -67.90378242636493 9
      vertex 50.792071714366806 -65.01088717255456 9
      vertex 48.49228331412903 -66.74390203593316 9
    endloop
  endfacet
  facet normal 0.5446390350150239 -0.838670567945426 0
    outer loop
      vertex 55.383730300499295 -82.10975683415663 -9
      vertex 55.383730300499295 -82.10975683415663 9
      vertex 54.30760573660915 -82.80860029717324 9
    endloop
  endfacet
  facet normal 0.573576436351046 -0.8191520442889919 0
    outer loop
      vertex 55.383730300499295 -82.10975683415663 -9
      vertex 58.21558121629534 -80.12687347583017 9
      vertex 55.383730300499295 -82.10975683415663 9
    endloop
  endfacet
  facet normal 0.6018150231520502 -0.7986355100472914 0
    outer loop
      vertex 58.21558121629534 -80.12687347583017 -9
      vertex 60.97650541380219 -78.04636786477207 9
      vertex 58.21558121629534 -80.12687347583017 9
    endloop
  endfacet
  facet normal 0.6293203910498382 -0.7771459614569703 0
    outer loop
      vertex 60.97650541380219 -78.04636786477207 -9
      vertex 63.663139132172915 -75.87077477659211 9
      vertex 60.97650541380219 -78.04636786477207 9
    endloop
  endfacet
  facet normal 0.6560590289905044 -0.7547095802227746 0
    outer loop
      vertex 63.663139132172915 -75.87077477659211 -9
      vertex 66.27220912206593 -73.60274483634382 9
      vertex 63.663139132172915 -75.87077477659211 9
    endloop
  endfacet
  facet normal 0.6819983600625009 -0.7313537016191682 0
    outer loop
      vertex 66.27220912206593 -73.60274483634382 -9
      vertex 68.80053663359492 -71.24504128914613 9
      vertex 66.27220912206593 -73.60274483634382 9
    endloop
  endfacet
  facet normal 0.7071067811865476 -0.7071067811865476 0
    outer loop
      vertex 71.24504128914613 -68.80053663359492 -9
      vertex 71.24504128914613 -68.80053663359492 9
      vertex 68.80053663359492 -71.24504128914613 9
    endloop
  endfacet
  facet normal 0 0 1
    outer loop
      vertex 54.30760573660915 -82.80860029717324 9
      vertex 55.383730300499295 -82.10975683415663 9
      vertex 55.2032750246058 -61.309448101885025 9
    endloop
  endfacet
  facet normal 0 0 1
    outer loop
      vertex 47.50080348997153 -67.90378242636493 9
      vertex 54.30760573660915 -82.80860029717324 9
      vertex 53.02997779913949 -63.19866655731568 9
    endloop
  endfacet
  facet normal 0 0 1
    outer loop
      vertex 54.30760573660915 -82.80860029717324 9
      vertex 55.2032750246058 -61.309448101885025 9
      vertex 53.02997779913949 -63.19866655731568 9
    endloop
  endfacet
  facet normal 0 0 1
    outer loop
      vertex 55.383730300499295 -82.10975683415663 9
      vertex 58.21558121629534 -80.12687347583017 9
      vertex 57.309315562867276 -59.34553352793872 9
    endloop
  endfacet
  facet normal 0 0 1
    outer loop
      vertex 58.21558121629534 -80.12687347583017 9
      vertex 60.97650541380219 -78.04636786477207 9
      vertex 59.34553352793872 -57.309315562867276 9
    endloop
  endfacet
  facet normal 0 0 1
    outer loop
      vertex 60.97650541380219 -78.04636786477207 9
      vertex 63.663139132172915 -75.87077477659211 9
      vertex 74.23857539220718 -65.54076973825494 9
    endloop
  endfacet
  facet normal 0 0 1
    outer loop
      vertex 63.663139132172915 -75.87077477659211 9
      vertex 66.27220912206593 -73.60274483634382 9
      vertex 74.23857539220718 -65.54076973825494 9
    endloop
  endfacet
  facet normal 0 0 1
    outer loop
      vertex 66.27220912206593 -73.60274483634382 9
      vertex 68.80053663359492 -71.24504128914613 9
      vertex 74.23857539220718 -65.54076973825494 9
    endloop
  endfacet
  facet normal 0 0 1
    outer loop
      vertex 68.80053663359492 -71.24504128914613 9
      vertex 71.24504128914613 -68.80053663359492 9
      vertex 74.23857539220718 -65.54076973825494 9
    endloop
  endfacet
  facet normal 0.7313537016191682 -0.6819983600625009 0
    outer loop
      vertex 73.60274483634382 -66.27220912206593 -9
      vertex 73.60274483634382 -66.27220912206593 9
      vertex 71.24504128914613 -68.80053663359492 9
    endloop
  endfacet
  facet normal 0.7547095802227746 -0.6560590289905043 0
    outer loop
      vertex 74.23857539220718 -65.54076973825494 -9
      vertex 74.23857539220718 -65.54076973825494 9
      vertex 73.60274483634382 -66.27220912206593 9
    endloop
  endfacet
  facet normal 0 0 1
    outer loop
      vertex 47.50080348997153 -67.90378242636493 9
      vertex 53.02997779913949 -63.19866655731568 9
      vertex 50.792071714366806 -65.01088717255456 9
    endloop
  endfacet
  facet normal 0 0 1
    outer loop
      vertex 55.383730300499295 -82.10975683415663 9
      vertex 57.309315562867276 -59.34553352793872 9
      vertex 55.2032750246058 -61.309448101885025 9
    endloop
  endfacet
  facet normal 0 0 1
    outer loop
      vertex 58.21558121629534 -80.12687347583017 9
      vertex 59.34553352793872 -57.309315562867276 9
      vertex 57.309315562867276 -59.34553352793872 9
    endloop
  endfacet
  facet normal 0 0 1
    outer loop
      vertex 60.97650541380219 -78.04636786477207 9
      vertex 60.45255066390728 -56.68102961509894 9
      vertex 59.34553352793872 -57.309315562867276 9
    endloop
  endfacet
  facet normal 0 0 1
    outer loop
      vertex 59.34553352793872 -57.309315562867276 9
      vertex 60.45255066390728 -56.68102961509894 9
      vertex 61.309448101885025 -55.2032750246058 9
    endloop
  endfacet
  facet normal 0 0 1
    outer loop
      vertex 60.45255066390728 -56.68102961509894 9
      vertex 61.66540000929738 -54.79379919582857 9
      vertex 61.309448101885025 -55.2032750246058 9
    endloop
  endfacet
  facet normal 0 0 1
    outer loop
      vertex 60.97650541380219 -78.04636786477207 9
      vertex 74.23857539220718 -65.54076973825494 9
      vertex 60.45255066390728 -56.68102961509894 9
    endloop
  endfacet
  facet normal 0 0 1
    outer loop
      vertex 71.24504128914613 -68.80053663359492 9
      vertex 73.60274483634382 -66.27220912206593 9
      vertex 74.23857539220718 -65.54076973825494 9
    endloop
  endfacet
  facet normal 0.906307787036639 -0.4226182617407229 0
    outer loop
      vertex 90.47960896730304 -40.28411734774277 -9
      vertex 90.47960896730304 -40.28411734774277 9
      vertex 90.46774666367 -40.309556139977005 9
    endloop
  endfacet
  facet normal 0.9205048534524409 -0.39073112848927233 0
    outer loop
      vertex 91.83038665473808 -37.10188453709698 -9
      vertex 91.83038665473808 -37.10188453709698 9
      vertex 90.47960896730304 -40.28411734774277 9
    endloop
  endfacet
  facet normal 0 0 -1
    outer loop
      vertex 75.47109582469626 -33.311717187007964 -9
      vertex 76.49266800175997 -30.90504395681274 -9
      vertex 76.67177518757522 -31.443423630163515 -9
    endloop
  endfacet
  facet normal 0 0 -1
    outer loop
      vertex 76.67177518757522 -31.443423630163515 -9
      vertex 76.49266800175997 -30.90504395681274 -9
      vertex 77.52464121483744 -28.21666182436767 -9
    endloop
  endfacet
  facet normal 0 0 -1
    outer loop
      vertex 76.67177518757522 -31.443423630163515 -9
      vertex 77.52464121483744 -28.21666182436767 -9
      vertex 90.46774666367 -40.309556139977005 -9
    endloop
  endfacet
  facet normal 0 0 -1
    outer loop
      vertex 77.52464121483744 -28.21666182436767 -9
      vertex 78.46216259435016 -25.49390203593316 -9
      vertex 90.46774666367 -40.309556139977005 -9
    endloop
  endfacet
  facet normal 0 0 -1
    outer loop
      vertex 78.46216259435016 -25.49390203593316 -9
      vertex 79.30408991491132 -22.74008185490243 -9
      vertex 90.46774666367 -40.309556139977005 -9
    endloop
  endfacet
  facet normal 0 0 -1
    outer loop
      vertex 90.46774666367 -40.309556139977005 -9
      vertex 79.30408991491132 -22.74008185490243 -9
      vertex 80.04939741776971 -19.95855638697259 -9
    endloop
  endfacet
  facet normal 0 0 -1
    outer loop
      vertex 90.46774666367 -40.309556139977005 -9
      vertex 80.04939741776971 -19.95855638697259 -9
      vertex 80.69717706053896 -17.152714492465147 -9
    endloop
  endfacet
  facet normal 0 0 -1
    outer loop
      vertex 90.46774666367 -40.309556139977005 -9
      vertex 80.69717706053896 -17.152714492465147 -9
      vertex 81.5 -15 -9
    endloop
  endfacet
  facet normal 0 0 -1
    outer loop
      vertex 90.46774666367 -40.309556139977005 -9
      vertex 81.5 -15 -9
      vertex 90.47960896730304 -40.28411734774277 -9
    endloop
  endfacet
  facet normal 0 0 -1
    outer loop
      vertex 90.47960896730304 -40.28411734774277 -9
      vertex 81.5 -15 -9
      vertex 91.83038665473808 -37.10188453709698 -9
    endloop
  endfacet
  facet normal 0 0 -1
    outer loop
      vertex 91.83038665473808 -37.10188453709698 -9
      vertex 81.5 -15 -9
      vertex 93.06928316142101 -33.874448795249926 -9
    endloop
  endfacet
  facet normal 0 0 -1
    outer loop
      vertex 93.06928316142101 -33.874448795249926 -9
      vertex 81.5 -15 -9
      vertex 94.19478908279581 -30.60574225550469 -9
    endloop
  endfacet
  facet normal 0 0 -1
    outer loop
      vertex 94.19478908279581 -30.60574225550469 -9
      vertex 81.5 -15 -9
      vertex 95.20553316326817 -27.29974733327431 -9
    endloop
  endfacet
  facet normal 0 0 -1
    outer loop
      vertex 95.20553316326817 -27.29974733327431 -9
      vertex 81.5 -15 -9
      vertex 96.10028396686924 -23.960491874122045 -9
    endloop
  endfacet
  facet normal 0.9335804264972014 -0.35836794954530127 0
    outer loop
      vertex 91.83038665473808 -37.10188453709698 -9
      vertex 93.06928316142101 -33.874448795249926 -9
      vertex 91.83038665473808 -37.10188453709698 9
    endloop
  endfacet
  facet normal 0.945518575599317 -0.32556815445715626 0
    outer loop
      vertex 93.06928316142101 -33.874448795249926 -9
      vertex 94.19478908279581 -30.60574225550469 -9
      vertex 93.06928316142101 -33.874448795249926 9
    endloop
  endfacet
  facet normal 0.9563047559630355 -0.2923717047227365 0
    outer loop
      vertex 94.19478908279581 -30.60574225550469 -9
      vertex 95.20553316326817 -27.29974733327431 -9
      vertex 94.19478908279581 -30.60574225550469 9
    endloop
  endfacet
  facet normal 0.9659258262890681 -0.2588190451025215 0
    outer loop
      vertex 95.20553316326817 -27.29974733327431 -9
      vertex 96.10028396686924 -23.960491874122045 -9
      vertex 95.20553316326817 -27.29974733327431 9
    endloop
  endfacet
  facet normal 0.9743700647852349 -0.22495105434386617 0
    outer loop
      vertex 96.10028396686924 -23.960491874122045 -9
      vertex 96.87795137757062 -20.592044246451994 -9
      vertex 96.10028396686924 -23.960491874122045 9
    endloop
  endfacet
  facet normal 0 0 -1
    outer loop
      vertex 80.69717706053896 -17.152714492465147 -9
      vertex 81.24663962350716 -14.325974657521753 -9
      vertex 81.5 -15 -9
    endloop
  endfacet
  facet normal 0 0 -1
    outer loop
      vertex 81.24663962350716 -14.325974657521753 -9
      vertex 81.5 -12.726320196681506 -9
      vertex 81.5 -15 -9
    endloop
  endfacet
  facet normal 0 0 -1
    outer loop
      vertex 81.5 -15 -9
      vertex 96.87795137757062 -20.592044246451994 -9
      vertex 96.10028396686924 -23.960491874122045 -9
    endloop
  endfacet
  facet normal 0 0 -1
    outer loop
      vertex 81.5 -15 -9
      vertex 97.53758792742285 -17.198508384828894 -9
      vertex 96.87795137757062 -20.592044246451994 -9
    endloop
  endfacet
  facet normal 0 0 -1
    outer loop
      vertex 81.5 -15 -9
      vertex 97.88579744750278 -15 -9
      vertex 97.53758792742285 -17.198508384828894 -9
    endloop
  endfacet
  facet normal 0.9816271834476644 -0.19080899537654236 0
    outer loop
      vertex 96.87795137757062 -20.592044246451994 -9
      vertex 97.53758792742285 -17.198508384828894 -9
      vertex 96.87795137757062 -20.592044246451994 9
    endloop
  endfacet
  facet normal 0.987688340595137 -0.15643446504023473 0
    outer loop
      vertex 97.53758792742285 -17.198508384828894 -9
      vertex 97.88579744750278 -15 -9
      vertex 97.53758792742285 -17.198508384828894 9
    endloop
  endfacet
  facet normal 0 0 -1
    outer loop
      vertex 81.5 12.726320196681506 -9
      vertex 81.24663962350716 14.325974657521753 -9
      vertex 81.5 15 -9
    endloop
  endfacet
  facet normal 0 0 -1
    outer loop
      vertex 81.24663962350716 14.325974657521753 -9
      vertex 84.87285876959496 24.51917595164779 -9
      vertex 81.5 15 -9
    endloop
  endfacet
  facet normal 0 0 -1
    outer loop
      vertex 81.24663962350716 14.325974657521753 -9
      vertex 80.69717706053896 17.152714492465147 -9
      vertex 84.87285876959496 24.51917595164779 -9
    endloop
  endfacet
  facet normal 0 0 -1
    outer loop
      vertex 80.04939741776971 19.95855638697259 -9
      vertex 84.87285876959496 24.51917595164779 -9
      vertex 80.69717706053896 17.152714492465147 -9
    endloop
  endfacet
  facet normal 0 0 -1
    outer loop
      vertex 80.04939741776971 19.95855638697259 -9
      vertex 79.30408991491132 22.74008185490243 -9
      vertex 84.87285876959496 24.51917595164779 -9
    endloop
  endfacet
  facet normal 0 0 -1
    outer loop
      vertex 79.30408991491132 22.74008185490243 -9
      vertex 79.25624501325511 22.896575476765737 -9
      vertex 84.87285876959496 24.51917595164779 -9
    endloop
  endfacet
  facet normal 0 0 -1
    outer loop
      vertex 81.5 15 -9
      vertex 84.87285876959496 24.51917595164779 -9
      vertex 97.88579744750278 15 -9
    endloop
  endfacet
  facet normal 0 0 -1
    outer loop
      vertex 97.88579744750278 15 -9
      vertex 96.87795137757062 20.592044246451994 -9
      vertex 97.53758792742285 17.198508384828894 -9
    endloop
  endfacet
  facet normal 0 0 -1
    outer loop
      vertex 97.88579744750278 15 -9
      vertex 84.87285876959496 24.51917595164779 -9
      vertex 95.1480947716769 27.487619846812173 -9
    endloop
  endfacet
  facet normal 0 0 -1
    outer loop
      vertex 97.88579744750278 15 -9
      vertex 96.10028396686924 23.960491874122045 -9
      vertex 96.87795137757062 20.592044246451994 -9
    endloop
  endfacet
  facet normal 0 0 -1
    outer loop
      vertex 97.88579744750278 15 -9
      vertex 95.20553316326817 27.29974733327431 -9
      vertex 96.10028396686924 23.960491874122045 -9
    endloop
  endfacet
  facet normal 0 0 -1
    outer loop
      vertex 97.88579744750278 15 -9
      vertex 95.1480947716769 27.487619846812173 -9
      vertex 95.20553316326817 27.29974733327431 -9
    endloop
  endfacet
  facet normal 0.987688340595137 0.15643446504023473 0
    outer loop
      vertex 97.88579744750278 15 -9
      vertex 97.53758792742285 17.198508384828894 -9
      vertex 97.88579744750278 15 9
    endloop
  endfacet
  facet normal 0.9816271834476644 0.19080899537654236 0
    outer loop
      vertex 97.53758792742285 17.198508384828894 -9
      vertex 96.87795137757062 20.592044246451994 -9
      vertex 97.53758792742285 17.198508384828894 9
    endloop
  endfacet
  facet normal 0.9743700647852349 0.22495105434386617 0
    outer loop
      vertex 96.87795137757062 20.592044246451994 -9
      vertex 96.10028396686924 23.960491874122045 -9
      vertex 96.87795137757062 20.592044246451994 9
    endloop
  endfacet
  facet normal 0.9659258262890681 0.2588190451025215 0
    outer loop
      vertex 96.10028396686924 23.960491874122045 -9
      vertex 95.20553316326817 27.29974733327431 -9
      vertex 96.10028396686924 23.960491874122045 9
    endloop
  endfacet
  facet normal 0.9563047559630435 0.2923717047227104 -1.2815152258279746e-19
    outer loop
      vertex 95.20553316326817 27.29974733327431 -9
      vertex 95.1480947716769 27.487619846812173 -9
      vertex 95.1480947716769 27.487619846812173 9
    endloop
  endfacet
  facet normal 0.9335804264972014 -0.35836794954530127 0
    outer loop
      vertex 93.06928316142101 -33.874448795249926 -9
      vertex 93.06928316142101 -33.874448795249926 9
      vertex 91.83038665473808 -37.10188453709698 9
    endloop
  endfacet
  facet normal 0.945518575599317 -0.32556815445715626 0
    outer loop
      vertex 94.19478908279581 -30.60574225550469 -9
      vertex 94.19478908279581 -30.60574225550469 9
      vertex 93.06928316142101 -33.874448795249926 9
    endloop
  endfacet
  facet normal 0.9563047559630355 -0.2923717047227365 0
    outer loop
      vertex 95.20553316326817 -27.29974733327431 -9
      vertex 95.20553316326817 -27.29974733327431 9
      vertex 94.19478908279581 -30.60574225550469 9
    endloop
  endfacet
  facet normal 0.9659258262890681 -0.2588190451025215 0
    outer loop
      vertex 96.10028396686924 -23.960491874122045 -9
      vertex 96.10028396686924 -23.960491874122045 9
      vertex 95.20553316326817 -27.29974733327431 9
    endloop
  endfacet
  facet normal 0.9743700647852349 -0.22495105434386617 0
    outer loop
      vertex 96.87795137757062 -20.592044246451994 -9
      vertex 96.87795137757062 -20.592044246451994 9
      vertex 96.10028396686924 -23.960491874122045 9
    endloop
  endfacet
  facet normal 0 0 1
    outer loop
      vertex 75.47109582469626 -33.311717187007964 9
      vertex 76.67177518757522 -31.443423630163515 9
      vertex 76.49266800175997 -30.90504395681274 9
    endloop
  endfacet
  facet normal 0 0 1
    outer loop
      vertex 76.67177518757522 -31.443423630163515 9
      vertex 77.52464121483744 -28.21666182436767 9
      vertex 76.49266800175997 -30.90504395681274 9
    endloop
  endfacet
  facet normal 0 0 1
    outer loop
      vertex 76.67177518757522 -31.443423630163515 9
      vertex 78.46216259435016 -25.49390203593316 9
      vertex 77.52464121483744 -28.21666182436767 9
    endloop
  endfacet
  facet normal 0 0 1
    outer loop
      vertex 76.67177518757522 -31.443423630163515 9
      vertex 90.46774666367 -40.309556139977005 9
      vertex 78.46216259435016 -25.49390203593316 9
    endloop
  endfacet
  facet normal 0 0 1
    outer loop
      vertex 78.46216259435016 -25.49390203593316 9
      vertex 90.46774666367 -40.309556139977005 9
      vertex 79.30408991491132 -22.74008185490243 9
    endloop
  endfacet
  facet normal 0 0 1
    outer loop
      vertex 90.46774666367 -40.309556139977005 9
      vertex 80.04939741776971 -19.95855638697259 9
      vertex 79.30408991491132 -22.74008185490243 9
    endloop
  endfacet
  facet normal 0 0 1
    outer loop
      vertex 90.46774666367 -40.309556139977005 9
      vertex 80.69717706053896 -17.152714492465147 9
      vertex 80.04939741776971 -19.95855638697259 9
    endloop
  endfacet
  facet normal 0 0 1
    outer loop
      vertex 90.46774666367 -40.309556139977005 9
      vertex 81.24663962350716 -14.325974657521753 9
      vertex 80.69717706053896 -17.152714492465147 9
    endloop
  endfacet
  facet normal 0 0 1
    outer loop
      vertex 90.46774666367 -40.309556139977005 9
      vertex 81.5 -15 9
      vertex 81.24663962350716 -14.325974657521753 9
    endloop
  endfacet
  facet normal 0 0 1
    outer loop
      vertex 90.46774666367 -40.309556139977005 9
      vertex 90.47960896730304 -40.28411734774277 9
      vertex 97.88579744750278 -15 9
    endloop
  endfacet
  facet normal 0 0 1
    outer loop
      vertex 90.47960896730304 -40.28411734774277 9
      vertex 91.83038665473808 -37.10188453709698 9
      vertex 97.88579744750278 -15 9
    endloop
  endfacet
  facet normal 0 0 1
    outer loop
      vertex 91.83038665473808 -37.10188453709698 9
      vertex 93.06928316142101 -33.874448795249926 9
      vertex 97.88579744750278 -15 9
    endloop
  endfacet
  facet normal 0 0 1
    outer loop
      vertex 90.46774666367 -40.309556139977005 9
      vertex 97.88579744750278 -15 9
      vertex 81.5 -15 9
    endloop
  endfacet
  facet normal 0 0 1
    outer loop
      vertex 93.06928316142101 -33.874448795249926 9
      vertex 94.19478908279581 -30.60574225550469 9
      vertex 97.88579744750278 -15 9
    endloop
  endfacet
  facet normal 0 0 1
    outer loop
      vertex 94.19478908279581 -30.60574225550469 9
      vertex 95.20553316326817 -27.29974733327431 9
      vertex 97.88579744750278 -15 9
    endloop
  endfacet
  facet normal 0 0 1
    outer loop
      vertex 95.20553316326817 -27.29974733327431 9
      vertex 96.10028396686924 -23.960491874122045 9
      vertex 97.88579744750278 -15 9
    endloop
  endfacet
  facet normal 0.9816271834476644 -0.19080899537654236 0
    outer loop
      vertex 97.53758792742285 -17.198508384828894 -9
      vertex 97.53758792742285 -17.198508384828894 9
      vertex 96.87795137757062 -20.592044246451994 9
    endloop
  endfacet
  facet normal 0.987688340595137 -0.15643446504023473 0
    outer loop
      vertex 97.88579744750278 -15 -9
      vertex 97.88579744750278 -15 9
      vertex 97.53758792742285 -17.198508384828894 9
    endloop
  endfacet
  facet normal 0 0 1
    outer loop
      vertex 81.24663962350716 -14.325974657521753 9
      vertex 81.5 -15 9
      vertex 81.5 -12.726320196681506 9
    endloop
  endfacet
  facet normal 0 0 1
    outer loop
      vertex 96.10028396686924 -23.960491874122045 9
      vertex 96.87795137757062 -20.592044246451994 9
      vertex 97.88579744750278 -15 9
    endloop
  endfacet
  facet normal 0 0 1
    outer loop
      vertex 96.87795137757062 -20.592044246451994 9
      vertex 97.53758792742285 -17.198508384828894 9
      vertex 97.88579744750278 -15 9
    endloop
  endfacet
  facet normal 0.987688340595137 0.15643446504023473 0
    outer loop
      vertex 97.53758792742285 17.198508384828894 -9
      vertex 97.53758792742285 17.198508384828894 9
      vertex 97.88579744750278 15 9
    endloop
  endfacet
  facet normal 0.9816271834476644 0.19080899537654236 0
    outer loop
      vertex 96.87795137757062 20.592044246451994 -9
      vertex 96.87795137757062 20.592044246451994 9
      vertex 97.53758792742285 17.198508384828894 9
    endloop
  endfacet
  facet normal 0.9743700647852349 0.22495105434386617 0
    outer loop
      vertex 96.10028396686924 23.960491874122045 -9
      vertex 96.10028396686924 23.960491874122045 9
      vertex 96.87795137757062 20.592044246451994 9
    endloop
  endfacet
  facet normal 0.9659258262890681 0.2588190451025215 0
    outer loop
      vertex 95.20553316326817 27.29974733327431 -9
      vertex 95.20553316326817 27.29974733327431 9
      vertex 96.10028396686924 23.960491874122045 9
    endloop
  endfacet
  facet normal 0.9563047559630435 0.2923717047227104 0
    outer loop
      vertex 95.20553316326817 27.29974733327431 -9
      vertex 95.1480947716769 27.487619846812173 9
      vertex 95.20553316326817 27.29974733327431 9
    endloop
  endfacet
  facet normal 0 0 1
    outer loop
      vertex 81.5 12.726320196681506 9
      vertex 81.5 15 9
      vertex 81.24663962350716 14.325974657521753 9
    endloop
  endfacet
  facet normal 0 0 1
    outer loop
      vertex 81.24663962350716 14.325974657521753 9
      vertex 81.5 15 9
      vertex 80.69717706053896 17.152714492465147 9
    endloop
  endfacet
  facet normal 0 0 1
    outer loop
      vertex 81.5 15 9
      vertex 95.1480947716769 27.487619846812173 9
      vertex 80.69717706053896 17.152714492465147 9
    endloop
  endfacet
  facet normal 0 0 1
    outer loop
      vertex 80.04939741776971 19.95855638697259 9
      vertex 95.1480947716769 27.487619846812173 9
      vertex 79.30408991491132 22.74008185490243 9
    endloop
  endfacet
  facet normal 0 0 1
    outer loop
      vertex 80.04939741776971 19.95855638697259 9
      vertex 80.69717706053896 17.152714492465147 9
      vertex 95.1480947716769 27.487619846812173 9
    endloop
  endfacet
  facet normal 0 0 1
    outer loop
      vertex 79.30408991491132 22.74008185490243 9
      vertex 95.1480947716769 27.487619846812173 9
      vertex 79.25624501325511 22.896575476765737 9
    endloop
  endfacet
  facet normal 0 0 1
    outer loop
      vertex 81.5 15 9
      vertex 97.88579744750278 15 9
      vertex 97.53758792742285 17.198508384828894 9
    endloop
  endfacet
  facet normal 0 0 1
    outer loop
      vertex 81.5 15 9
      vertex 97.53758792742285 17.198508384828894 9
      vertex 96.87795137757062 20.592044246451994 9
    endloop
  endfacet
  facet normal 0 0 1
    outer loop
      vertex 81.5 15 9
      vertex 96.87795137757062 20.592044246451994 9
      vertex 96.10028396686924 23.960491874122045 9
    endloop
  endfacet
  facet normal 0 0 1
    outer loop
      vertex 81.5 15 9
      vertex 96.10028396686924 23.960491874122045 9
      vertex 95.20553316326817 27.29974733327431 9
    endloop
  endfacet
  facet normal 0 0 1
    outer loop
      vertex 81.5 15 9
      vertex 95.20553316326817 27.29974733327431 9
      vertex 95.1480947716769 27.487619846812173 9
    endloop
  endfacet
  facet normal 0 0 1
    outer loop
      vertex -63.50508433456328 -53.28709284301411 10.15
      vertex -63.02949797986478 -53.22458398613353 10.15
      vertex -64.49790231317245 -52.06106474427277 10.15
    endloop
  endfacet
  facet normal 0 0 1
    outer loop
      vertex -63.02949797986478 -53.22458398613353 10.15
      vertex -64.44402615594326 -51.99888834434038 10.15
      vertex -64.49790231317245 -52.06106474427277 10.15
    endloop
  endfacet
  facet normal 0 0 1
    outer loop
      vertex -63.50508433456328 -53.28709284301411 10.15
      vertex -61.606706032075984 -55.47092726714935 10.15
      vertex -63.02949797986478 -53.22458398613353 10.15
    endloop
  endfacet
  facet normal 0 0 1
    outer loop
      vertex -53.28709284301411 -63.50508433456328 10.15
      vertex -51.03833630449708 -65.32609147399725 10.15
      vertex -49.98405629500671 -55.512918463161355 10.15
    endloop
  endfacet
  facet normal 0 0 1
    outer loop
      vertex -59.63326944807419 -57.58717891105088 10.15
      vertex -58.864403294422125 -45.98991220682667 10.15
      vertex -61.606706032075984 -55.47092726714935 10.15
    endloop
  endfacet
  facet normal 0 0 1
    outer loop
      vertex -59.63326944807419 -57.58717891105088 10.15
      vertex -57.58717891105088 -59.63326944807419 10.15
      vertex -57.22351990098766 -48.01623444358449 10.15
    endloop
  endfacet
  facet normal 0 0 1
    outer loop
      vertex -57.58717891105088 -59.63326944807419 10.15
      vertex -55.512918463161355 -49.98405629500671 10.15
      vertex -57.22351990098766 -48.01623444358449 10.15
    endloop
  endfacet
  facet normal 0 0 1
    outer loop
      vertex -53.28709284301411 -63.50508433456328 10.15
      vertex -51.8909802732871 -53.73468308529725 10.15
      vertex -55.47092726714935 -61.606706032075984 10.15
    endloop
  endfacet
  facet normal 0 0 1
    outer loop
      vertex -57.58717891105088 -59.63326944807419 10.15
      vertex -55.47092726714935 -61.606706032075984 10.15
      vertex -53.73468308529725 -51.8909802732871 10.15
    endloop
  endfacet
  facet normal 0 0 1
    outer loop
      vertex -51.03833630449708 -65.32609147399725 10.15
      vertex -48.01623444358449 -57.22351990098766 10.15
      vertex -49.98405629500671 -55.512918463161355 10.15
    endloop
  endfacet
  facet normal 0 0 1
    outer loop
      vertex -53.28709284301411 -63.50508433456328 10.15
      vertex -49.98405629500671 -55.512918463161355 10.15
      vertex -51.8909802732871 -53.73468308529725 10.15
    endloop
  endfacet
  facet normal 0 0 1
    outer loop
      vertex -55.47092726714935 -61.606706032075984 10.15
      vertex -51.8909802732871 -53.73468308529725 10.15
      vertex -53.73468308529725 -51.8909802732871 10.15
    endloop
  endfacet
  facet normal 0 0 1
    outer loop
      vertex -57.58717891105088 -59.63326944807419 10.15
      vertex -53.73468308529725 -51.8909802732871 10.15
      vertex -55.512918463161355 -49.98405629500671 10.15
    endloop
  endfacet
  facet normal 0 0 1
    outer loop
      vertex -63.02949797986478 -53.22458398613353 10.15
      vertex -60.433569479808575 -43.90755834624775 10.15
      vertex -63.19866655731568 -53.02997779913949 10.15
    endloop
  endfacet
  facet normal 0 0 1
    outer loop
      vertex -65.01088717255456 -50.792071714366806 10.15
      vertex -63.19866655731568 -53.02997779913949 10.15
      vertex -60.433569479808575 -43.90755834624775 10.15
    endloop
  endfacet
  facet normal 0 0 1
    outer loop
      vertex -65.01088717255456 -50.792071714366806 10.15
      vertex -63.34919278288502 -39.58496903822041 10.15
      vertex -66.74390203593316 -48.49228331412903 10.15
    endloop
  endfacet
  facet normal 0 0 1
    outer loop
      vertex -65.01088717255456 -50.792071714366806 10.15
      vertex -60.433569479808575 -43.90755834624775 10.15
      vertex -61.92910666986162 -41.7717098892648 10.15
    endloop
  endfacet
  facet normal 0 0 1
    outer loop
      vertex -74.51002643820095 -36.340968068814526 10.15
      vertex -74.15225836991031 -37.043127438176036 10.15
      vertex -74.07086852434422 -37.01922922326167 10.15
    endloop
  endfacet
  facet normal 0.8910065241883726 0.45399049973953753 0
    outer loop
      vertex -74.51002643820095 -36.340968068814526 10.15
      vertex -74.51002643820095 -36.340968068814526 12.705889249855804
      vertex -74.15225836991031 -37.043127438176036 10.15
    endloop
  endfacet
  facet normal 0 0 1
    outer loop
      vertex -71.44709581221619 -41.25 10.15
      vertex -69.96396793290513 -43.7183392992394 10.15
      vertex -68.24184568590229 -30.383227237762277 10.15
    endloop
  endfacet
  facet normal 0 0 1
    outer loop
      vertex -68.39559973579094 -46.133414536336616 10.15
      vertex -66.74390203593316 -48.49228331412903 10.15
      vertex -64.69209766269756 -37.35 10.15
    endloop
  endfacet
  facet normal 0 0 1
    outer loop
      vertex -68.39559973579094 -46.133414536336616 10.15
      vertex -65.95618518656185 -35.069525740106045 10.15
      vertex -69.96396793290513 -43.7183392992394 10.15
    endloop
  endfacet
  facet normal 0 0 1
    outer loop
      vertex -65.01088717255456 -50.792071714366806 10.15
      vertex -61.92910666986162 -41.7717098892648 10.15
      vertex -63.34919278288502 -39.58496903822041 10.15
    endloop
  endfacet
  facet normal 0 0 1
    outer loop
      vertex -66.74390203593316 -48.49228331412903 10.15
      vertex -63.34919278288502 -39.58496903822041 10.15
      vertex -64.69209766269756 -37.35 10.15
    endloop
  endfacet
  facet normal 0 0 1
    outer loop
      vertex -68.39559973579094 -46.133414536336616 10.15
      vertex -64.69209766269756 -37.35 10.15
      vertex -65.95618518656185 -35.069525740106045 10.15
    endloop
  endfacet
  facet normal 0 0 1
    outer loop
      vertex -69.96396793290513 -43.7183392992394 10.15
      vertex -65.95618518656185 -35.069525740106045 10.15
      vertex -67.13991525854777 -32.74632466514409 10.15
    endloop
  endfacet
  facet normal 0 0 1
    outer loop
      vertex -63.02949797986478 -53.22458398613353 10.15
      vertex -61.606706032075984 -55.47092726714935 10.15
      vertex -60.433569479808575 -43.90755834624775 10.15
    endloop
  endfacet
  facet normal 0 0 1
    outer loop
      vertex -61.606706032075984 -55.47092726714935 10.15
      vertex -58.864403294422125 -45.98991220682667 10.15
      vertex -60.433569479808575 -43.90755834624775 10.15
    endloop
  endfacet
  facet normal 0 0 1
    outer loop
      vertex -59.63326944807419 -57.58717891105088 10.15
      vertex -57.22351990098766 -48.01623444358449 10.15
      vertex -58.864403294422125 -45.98991220682667 10.15
    endloop
  endfacet
  facet normal 0.7771459614569707 0.6293203910498374 0
    outer loop
      vertex -63.50508433456328 -53.28709284301411 10.15
      vertex -64.49790231317245 -52.06106474427277 10.15
      vertex -63.50508433456328 -53.28709284301411 15.275558103570633
    endloop
  endfacet
  facet normal 0.7547095802227732 0.6560590289905058 0
    outer loop
      vertex -63.50508433456328 -53.28709284301411 10.15
      vertex -63.50508433456328 -53.28709284301411 15.275558103570633
      vertex -61.606706032075984 -55.47092726714935 10.15
    endloop
  endfacet
  facet normal 0.7547095802227731 0.6560590289905058 0
    outer loop
      vertex -61.606706032075984 -55.47092726714935 10.15
      vertex -63.50508433456328 -53.28709284301411 15.275558103570633
      vertex -61.606706032075984 -55.47092726714935 17.75
    endloop
  endfacet
  facet normal 0.7547095802227722 0.6560590289905069 1.7542541198724805e-15
    outer loop
      vertex -63.50508433456328 -53.28709284301411 15.275558103570633
      vertex -63.008205081706286 -53.85868703770438 17.75
      vertex -61.606706032075984 -55.47092726714935 17.75
    endloop
  endfacet
  facet normal 0 0 -1
    outer loop
      vertex -63.008205081706286 -53.85868703770438 17.75
      vertex -62.703511984703155 -53.507052458881034 17.75
      vertex -61.606706032075984 -55.47092726714935 17.75
    endloop
  endfacet
  facet normal 0.6819983600624974 0.7313537016191713 8.796100565752684e-18
    outer loop
      vertex -57.58717891105088 -59.63326944807419 10.15
      vertex -55.47092726714935 -61.606706032075984 17.75
      vertex -55.47092726714935 -61.606706032075984 10.15
    endloop
  endfacet
  facet normal 0.6293203910498396 0.7771459614569689 8.63699262597836e-18
    outer loop
      vertex -53.28709284301411 -63.50508433456328 10.15
      vertex -51.03833630449708 -65.32609147399725 17.75
      vertex -51.03833630449708 -65.32609147399725 10.15
    endloop
  endfacet
  facet normal 0.6560590289905058 0.7547095802227731 0
    outer loop
      vertex -53.28709284301411 -63.50508433456328 10.15
      vertex -55.47092726714935 -61.606706032075984 10.15
      vertex -53.28709284301411 -63.50508433456328 17.75
    endloop
  endfacet
  facet normal 0.6819983600624974 0.7313537016191713 0
    outer loop
      vertex -57.58717891105088 -59.63326944807419 10.15
      vertex -57.58717891105088 -59.63326944807419 17.75
      vertex -55.47092726714935 -61.606706032075984 17.75
    endloop
  endfacet
  facet normal 0.6018150231520492 0.7986355100472922 0
    outer loop
      vertex -51.03833630449708 -65.32609147399725 10.15
      vertex -51.03833630449708 -65.32609147399725 17.75
      vertex -48.72739741504603 -67.06750883368315 17.75
    endloop
  endfacet
  facet normal 0.6560590289905058 0.7547095802227731 0
    outer loop
      vertex -55.47092726714935 -61.606706032075984 10.15
      vertex -55.47092726714935 -61.606706032075984 17.75
      vertex -53.28709284301411 -63.50508433456328 17.75
    endloop
  endfacet
  facet normal 0.6293203910498396 0.7771459614569689 0
    outer loop
      vertex -53.28709284301411 -63.50508433456328 10.15
      vertex -53.28709284301411 -63.50508433456328 17.75
      vertex -51.03833630449708 -65.32609147399725 17.75
    endloop
  endfacet
  facet normal 0 0 -1
    outer loop
      vertex -62.703511984703155 -53.507052458881034 17.75
      vertex -51.03833630449708 -65.32609147399725 17.75
      vertex -53.28709284301411 -63.50508433456328 17.75
    endloop
  endfacet
  facet normal 0 0 -1
    outer loop
      vertex -62.703511984703155 -53.507052458881034 17.75
      vertex -48.72739741504603 -67.06750883368315 17.75
      vertex -51.03833630449708 -65.32609147399725 17.75
    endloop
  endfacet
  facet normal 0 0 -1
    outer loop
      vertex -62.703511984703155 -53.507052458881034 17.75
      vertex -46.35709169772492 -68.72721476481297 17.75
      vertex -48.72739741504603 -67.06750883368315 17.75
    endloop
  endfacet
  facet normal 0 0 -1
    outer loop
      vertex -62.703511984703155 -53.507052458881034 17.75
      vertex -44.038787648378296 -69.68012816086309 17.75
      vertex -46.35709169772492 -68.72721476481297 17.75
    endloop
  endfacet
  facet normal 0.7071067811865475 0.7071067811865475 0
    outer loop
      vertex -59.63326944807419 -57.58717891105088 10.15
      vertex -59.63326944807419 -57.58717891105088 17.75
      vertex -57.58717891105088 -59.63326944807419 10.15
    endloop
  endfacet
  facet normal 0.7313537016191713 0.6819983600624974 8.796100565752684e-18
    outer loop
      vertex -59.63326944807419 -57.58717891105088 10.15
      vertex -61.606706032075984 -55.47092726714935 10.15
      vertex -61.606706032075984 -55.47092726714935 17.75
    endloop
  endfacet
  facet normal 0.7313537016191713 0.6819983600624974 0
    outer loop
      vertex -59.63326944807419 -57.58717891105088 10.15
      vertex -61.606706032075984 -55.47092726714935 17.75
      vertex -59.63326944807419 -57.58717891105088 17.75
    endloop
  endfacet
  facet normal 0.7071067811865475 0.7071067811865475 0
    outer loop
      vertex -57.58717891105088 -59.63326944807419 10.15
      vertex -59.63326944807419 -57.58717891105088 17.75
      vertex -57.58717891105088 -59.63326944807419 17.75
    endloop
  endfacet
  facet normal 0 0 -1
    outer loop
      vertex -62.703511984703155 -53.507052458881034 17.75
      vertex -57.58717891105088 -59.63326944807419 17.75
      vertex -59.63326944807419 -57.58717891105088 17.75
    endloop
  endfacet
  facet normal 0 0 -1
    outer loop
      vertex -62.703511984703155 -53.507052458881034 17.75
      vertex -53.28709284301411 -63.50508433456328 17.75
      vertex -55.47092726714935 -61.606706032075984 17.75
    endloop
  endfacet
  facet normal 0 0 -1
    outer loop
      vertex -62.703511984703155 -53.507052458881034 17.75
      vertex -55.47092726714935 -61.606706032075984 17.75
      vertex -57.58717891105088 -59.63326944807419 17.75
    endloop
  endfacet
  facet normal 0 0 -1
    outer loop
      vertex -62.703511984703155 -53.507052458881034 17.75
      vertex -59.63326944807419 -57.58717891105088 17.75
      vertex -61.606706032075984 -55.47092726714935 17.75
    endloop
  endfacet
  facet normal 0 0 1
    outer loop
      vertex -43.930307004932686 -70.30318717136771 10.15
      vertex -42.352702998308985 -71.25110729136799 10.15
      vertex -42.29827347713819 -71.18829227540374 10.15
    endloop
  endfacet
  facet normal 0 0 1
    outer loop
      vertex -43.930307004932686 -70.30318717136771 10.15
      vertex -42.29827347713819 -71.18829227540374 10.15
      vertex -43.69511389378549 -69.97792316440334 10.15
    endloop
  endfacet
  facet normal 0 0 1
    outer loop
      vertex -43.69511389378549 -69.97792316440334 10.15
      vertex -41.25 -71.44709581221619 10.15
      vertex -37.35 -64.69209766269756 10.15
    endloop
  endfacet
  facet normal 0 0 1
    outer loop
      vertex -41.25 -71.44709581221619 10.15
      vertex -38.73140392983599 -72.84317641086147 10.15
      vertex -35.069525740106045 -65.95618518656185 10.15
    endloop
  endfacet
  facet normal 0 0 1
    outer loop
      vertex -26.113478505662382 -78.67180914745157 10.15
      vertex -25.61750883368314 -78.84258520086823 10.15
      vertex -24.194442177426787 -78.8594473424195 10.15
    endloop
  endfacet
  facet normal 0 0 1
    outer loop
      vertex -26.113478505662382 -78.67180914745157 10.15
      vertex -24.194442177426787 -78.8594473424195 10.15
      vertex -26.101043172285806 -78.58531950404955 10.15
    endloop
  endfacet
  facet normal 0.3255681544571376 0.9455185755993233 -4.167572595590522e-18
    outer loop
      vertex -26.113478505662382 -78.67180914745157 10.15
      vertex -25.61750883368314 -78.84258520086823 11.850243761493143
      vertex -25.61750883368314 -78.84258520086823 10.15
    endloop
  endfacet
  facet normal 0 0 1
    outer loop
      vertex -33.55577305375352 -75.36750025551457 10.15
      vertex -30.383227237762277 -68.24184568590229 10.15
      vertex -36.165619610098894 -74.15050881968128 10.15
    endloop
  endfacet
  facet normal 0 0 1
    outer loop
      vertex -38.73140392983599 -72.84317641086147 10.15
      vertex -36.165619610098894 -74.15050881968128 10.15
      vertex -32.74632466514409 -67.13991525854777 10.15
    endloop
  endfacet
  facet normal 0 0 1
    outer loop
      vertex -38.73140392983599 -72.84317641086147 10.15
      vertex -32.74632466514409 -67.13991525854777 10.15
      vertex -35.069525740106045 -65.95618518656185 10.15
    endloop
  endfacet
  facet normal 0 0 1
    outer loop
      vertex -36.165619610098894 -74.15050881968128 10.15
      vertex -30.383227237762277 -68.24184568590229 10.15
      vertex -32.74632466514409 -67.13991525854777 10.15
    endloop
  endfacet
  facet normal 0 0 1
    outer loop
      vertex -30.905043956812744 -76.49266800175997 10.15
      vertex -28.21666182436767 -77.52464121483744 10.15
      vertex -25.548904706427454 -70.19503877270736 10.15
    endloop
  endfacet
  facet normal 0 0 1
    outer loop
      vertex -33.55577305375352 -75.36750025551457 10.15
      vertex -30.905043956812744 -76.49266800175997 10.15
      vertex -27.98311252816863 -69.26063393613903 10.15
    endloop
  endfacet
  facet normal 0 0 1
    outer loop
      vertex -28.21666182436767 -77.52464121483744 10.15
      vertex -25.49390203593316 -78.46216259435016 10.15
      vertex -23.08356947980857 -71.04392176724797 10.15
    endloop
  endfacet
  facet normal 0 0 1
    outer loop
      vertex -28.21666182436767 -77.52464121483744 10.15
      vertex -23.08356947980857 -71.04392176724797 10.15
      vertex -25.548904706427454 -70.19503877270736 10.15
    endloop
  endfacet
  facet normal 0 0 1
    outer loop
      vertex -33.55577305375352 -75.36750025551457 10.15
      vertex -27.98311252816863 -69.26063393613903 10.15
      vertex -30.383227237762277 -68.24184568590229 10.15
    endloop
  endfacet
  facet normal 0 0 1
    outer loop
      vertex -30.905043956812744 -76.49266800175997 10.15
      vertex -25.548904706427454 -70.19503877270736 10.15
      vertex -27.98311252816863 -69.26063393613903 10.15
    endloop
  endfacet
  facet normal 0 0 1
    outer loop
      vertex -25.61750883368314 -78.84258520086823 10.15
      vertex -22.850336797229232 -79.68859459328664 10.15
      vertex -24.194442177426787 -78.8594473424195 10.15
    endloop
  endfacet
  facet normal 0 0 1
    outer loop
      vertex -25.49390203593316 -78.46216259435016 10.15
      vertex -24.194442177426787 -78.8594473424195 10.15
      vertex -20.590110479529837 -71.80624868659243 10.15
    endloop
  endfacet
  facet normal 0 0 1
    outer loop
      vertex -24.194442177426787 -78.8594473424195 10.15
      vertex -22.850336797229232 -79.68859459328664 10.15
      vertex -20.590110479529837 -71.80624868659243 10.15
    endloop
  endfacet
  facet normal 0 0 1
    outer loop
      vertex -22.850336797229232 -79.68859459328664 10.15
      vertex -20.055325145212457 -80.43751570828012 10.15
      vertex -18.07156560129518 -72.48109075281694 10.15
    endloop
  endfacet
  facet normal 0 0 1
    outer loop
      vertex -20.055325145212457 -80.43751570828012 10.15
      vertex -17.235879168792252 -81.0884361008325 10.15
      vertex -15.531003304086623 -73.06762577481528 10.15
    endloop
  endfacet
  facet normal 0 0 1
    outer loop
      vertex -14.395433928588526 -81.64056272471205 10.15
      vertex -12.971518871719697 -73.56513915001194 10.15
      vertex -17.235879168792252 -81.0884361008325 10.15
    endloop
  endfacet
  facet normal 0 0 1
    outer loop
      vertex -14.395433928588526 -81.64056272471205 10.15
      vertex -10.396230641716889 -73.9730247349953 10.15
      vertex -12.971518871719697 -73.56513915001194 10.15
    endloop
  endfacet
  facet normal 0 0 1
    outer loop
      vertex -25.49390203593316 -78.46216259435016 10.15
      vertex -20.590110479529837 -71.80624868659243 10.15
      vertex -23.08356947980857 -71.04392176724797 10.15
    endloop
  endfacet
  facet normal 0 0 1
    outer loop
      vertex -22.850336797229232 -79.68859459328664 10.15
      vertex -18.07156560129518 -72.48109075281694 10.15
      vertex -20.590110479529837 -71.80624868659243 10.15
    endloop
  endfacet
  facet normal 0 0 1
    outer loop
      vertex -20.055325145212457 -80.43751570828012 10.15
      vertex -15.531003304086623 -73.06762577481528 10.15
      vertex -18.07156560129518 -72.48109075281694 10.15
    endloop
  endfacet
  facet normal 0 0 1
    outer loop
      vertex -17.235879168792252 -81.0884361008325 10.15
      vertex -12.971518871719697 -73.56513915001194 10.15
      vertex -15.531003304086623 -73.06762577481528 10.15
    endloop
  endfacet
  facet normal 0 0 1
    outer loop
      vertex -14.395433928588526 -81.64056272471205 10.15
      vertex -11.537450069589426 -82.09322289867619 10.15
      vertex -10.396230641716889 -73.9730247349953 10.15
    endloop
  endfacet
  facet normal 0 0 1
    outer loop
      vertex -11.537450069589426 -82.09322289867619 10.15
      vertex -7.808276206093715 -74.29078558401002 10.15
      vertex -10.396230641716889 -73.9730247349953 10.15
    endloop
  endfacet
  facet normal 0 0 1
    outer loop
      vertex -11.537450069589426 -82.09322289867619 10.15
      vertex -8.665409604888474 -82.44586512602986 10.15
      vertex -7.808276206093715 -74.29078558401002 10.15
    endloop
  endfacet
  facet normal 0 0 1
    outer loop
      vertex -8.665409604888474 -82.44586512602986 10.15
      vertex -5.782811673387988 -82.69805976653943 10.15
      vertex -5.21080858868616 -74.51803455440887 10.15
    endloop
  endfacet
  facet normal 0 0 1
    outer loop
      vertex -8.665409604888474 -82.44586512602986 10.15
      vertex -5.21080858868616 -74.51803455440887 10.15
      vertex -7.808276206093715 -74.29078558401002 10.15
    endloop
  endfacet
  facet normal 0 0 1
    outer loop
      vertex -5.782811673387988 -82.69805976653943 10.15
      vertex -2.8931682766373306 -82.84949955988304 10.15
      vertex -2.606992403676822 -74.65449477832645 10.15
    endloop
  endfacet
  facet normal 0 0 1
    outer loop
      vertex -5.782811673387988 -82.69805976653943 10.15
      vertex -2.606992403676822 -74.65449477832645 10.15
      vertex -5.21080858868616 -74.51803455440887 10.15
    endloop
  endfacet
  facet normal 0 0 1
    outer loop
      vertex -2.8931682766373306 -82.84949955988304 10.15
      vertex 0 -82.9 10.15
      vertex 0 -74.7 10.15
    endloop
  endfacet
  facet normal 0 0 1
    outer loop
      vertex -2.8931682766373306 -82.84949955988304 10.15
      vertex 0 -74.7 10.15
      vertex -2.606992403676822 -74.65449477832645 10.15
    endloop
  endfacet
  facet normal 0.5446390350150214 0.8386705679454277 0
    outer loop
      vertex -43.930307004932686 -70.30318717136771 10.15
      vertex -46.35709169772492 -68.72721476481297 10.15
      vertex -43.930307004932686 -70.30318717136771 16.13299643263407
    endloop
  endfacet
  facet normal 0.5446390350150204 0.8386705679454283 5.4060753805085e-16
    outer loop
      vertex -46.35709169772492 -68.72721476481297 10.15
      vertex -44.34520312992375 -70.0337504774103 17.75
      vertex -43.930307004932686 -70.30318717136771 16.13299643263407
    endloop
  endfacet
  facet normal 0.5150380749100539 0.8571673007021124 0
    outer loop
      vertex -43.930307004932686 -70.30318717136771 10.15
      vertex -43.930307004932686 -70.30318717136771 16.13299643263407
      vertex -42.352702998308985 -71.25110729136799 10.15
    endloop
  endfacet
  facet normal 0.5446390350150219 0.8386705679454273 0
    outer loop
      vertex -46.35709169772492 -68.72721476481297 10.15
      vertex -46.35709169772492 -68.72721476481297 17.75
      vertex -44.34520312992375 -70.0337504774103 17.75
    endloop
  endfacet
  facet normal 0 0 -1
    outer loop
      vertex -44.34520312992375 -70.0337504774103 17.75
      vertex -46.35709169772492 -68.72721476481297 17.75
      vertex -44.038787648378296 -69.68012816086309 17.75
    endloop
  endfacet
  facet normal 0.2923717047227391 0.9563047559630349 -6.178162064902979e-18
    outer loop
      vertex -25.61750883368314 -78.84258520086823 10.15
      vertex -22.850336797229232 -79.68859459328664 17.75
      vertex -22.850336797229232 -79.68859459328664 10.15
    endloop
  endfacet
  facet normal 0.2923717047227391 0.9563047559630348 0
    outer loop
      vertex -25.61750883368314 -78.84258520086823 10.15
      vertex -25.61750883368314 -78.84258520086823 11.850243761493143
      vertex -22.850336797229232 -79.68859459328664 17.75
    endloop
  endfacet
  facet normal 0.2588190451025226 0.9659258262890678 -5.859141138967711e-19
    outer loop
      vertex -22.850336797229232 -79.68859459328664 10.15
      vertex -20.055325145212457 -80.43751570828012 17.75
      vertex -20.055325145212457 -80.43751570828012 10.15
    endloop
  endfacet
  facet normal 0.2249510543438648 0.9743700647852354 -3.647835009909217e-18
    outer loop
      vertex -20.055325145212457 -80.43751570828012 10.15
      vertex -17.235879168792252 -81.0884361008325 17.75
      vertex -17.235879168792252 -81.0884361008325 10.15
    endloop
  endfacet
  facet normal 0.19080899537654405 0.9816271834476642 0
    outer loop
      vertex -14.395433928588526 -81.64056272471205 10.15
      vertex -17.235879168792252 -81.0884361008325 10.15
      vertex -14.395433928588526 -81.64056272471205 17.75
    endloop
  endfacet
  facet normal 0.15643446504023176 0.9876883405951375 -4.849626574771415e-18
    outer loop
      vertex -14.395433928588526 -81.64056272471205 10.15
      vertex -11.537450069589426 -82.09322289867619 17.75
      vertex -11.537450069589426 -82.09322289867619 10.15
    endloop
  endfacet
  facet normal 0.2249510543438648 0.9743700647852354 0
    outer loop
      vertex -20.055325145212457 -80.43751570828012 10.15
      vertex -20.055325145212457 -80.43751570828012 17.75
      vertex -17.235879168792252 -81.0884361008325 17.75
    endloop
  endfacet
  facet normal 0.2923717047227402 0.9563047559630344 -6.308586683834073e-16
    outer loop
      vertex -25.61750883368314 -78.84258520086823 11.850243761493143
      vertex -23.887371893398797 -79.37154114663817 17.75
      vertex -22.850336797229232 -79.68859459328664 17.75
    endloop
  endfacet
  facet normal 0.2588190451025226 0.9659258262890678 0
    outer loop
      vertex -22.850336797229232 -79.68859459328664 10.15
      vertex -22.850336797229232 -79.68859459328664 17.75
      vertex -20.055325145212457 -80.43751570828012 17.75
    endloop
  endfacet
  facet normal 0 0 -1
    outer loop
      vertex -23.887371893398797 -79.37154114663817 17.75
      vertex -23.82145439704487 -78.91307488916378 17.75
      vertex -22.850336797229232 -79.68859459328664 17.75
    endloop
  endfacet
  facet normal 0 0 -1
    outer loop
      vertex -23.82145439704487 -78.91307488916378 17.75
      vertex -20.055325145212457 -80.43751570828012 17.75
      vertex -22.850336797229232 -79.68859459328664 17.75
    endloop
  endfacet
  facet normal 0 0 -1
    outer loop
      vertex -23.82145439704487 -78.91307488916378 17.75
      vertex -17.235879168792252 -81.0884361008325 17.75
      vertex -20.055325145212457 -80.43751570828012 17.75
    endloop
  endfacet
  facet normal 0.19080899537654405 0.9816271834476642 0
    outer loop
      vertex -17.235879168792252 -81.0884361008325 10.15
      vertex -17.235879168792252 -81.0884361008325 17.75
      vertex -14.395433928588526 -81.64056272471205 17.75
    endloop
  endfacet
  facet normal 0.15643446504023176 0.9876883405951375 0
    outer loop
      vertex -14.395433928588526 -81.64056272471205 10.15
      vertex -14.395433928588526 -81.64056272471205 17.75
      vertex -11.537450069589426 -82.09322289867619 17.75
    endloop
  endfacet
  facet normal 0 0 -1
    outer loop
      vertex -23.82145439704487 -78.91307488916378 17.75
      vertex -14.395433928588526 -81.64056272471205 17.75
      vertex -17.235879168792252 -81.0884361008325 17.75
    endloop
  endfacet
  facet normal 0 0 -1
    outer loop
      vertex -23.82145439704487 -78.91307488916378 17.75
      vertex -11.537450069589426 -82.09322289867619 17.75
      vertex -14.395433928588526 -81.64056272471205 17.75
    endloop
  endfacet
  facet normal 0 0 -1
    outer loop
      vertex -23.82145439704487 -78.91307488916378 17.75
      vertex -8.665409604888474 -82.44586512602986 17.75
      vertex -11.537450069589426 -82.09322289867619 17.75
    endloop
  endfacet
  facet normal 0 0 -1
    outer loop
      vertex -23.82145439704487 -78.91307488916378 17.75
      vertex -5.782811673387988 -82.69805976653943 17.75
      vertex -8.665409604888474 -82.44586512602986 17.75
    endloop
  endfacet
  facet normal 0.12186934340514378 0.9925461516413224 -2.0758249852624596e-18
    outer loop
      vertex -11.537450069589426 -82.09322289867619 10.15
      vertex -8.665409604888474 -82.44586512602986 17.75
      vertex -8.665409604888474 -82.44586512602986 10.15
    endloop
  endfacet
  facet normal 0.08715574274765861 0.9961946980917454 1.2580623995418991e-18
    outer loop
      vertex -8.665409604888474 -82.44586512602986 10.15
      vertex -5.782811673387988 -82.69805976653943 17.75
      vertex -5.782811673387988 -82.69805976653943 10.15
    endloop
  endfacet
  facet normal 0.05233595624294624 0.9986295347545737 1.0634400234193853e-18
    outer loop
      vertex -5.782811673387988 -82.69805976653943 10.15
      vertex -2.8931682766373306 -82.84949955988304 17.75
      vertex -2.8931682766373306 -82.84949955988304 10.15
    endloop
  endfacet
  facet normal 0.017452406437283127 0.9998476951563913 2.9983506680680776e-20
    outer loop
      vertex -2.8931682766373306 -82.84949955988304 10.15
      vertex 0 -82.9 17.75
      vertex 0 -82.9 10.15
    endloop
  endfacet
  facet normal 0.12186934340514378 0.9925461516413224 0
    outer loop
      vertex -11.537450069589426 -82.09322289867619 10.15
      vertex -11.537450069589426 -82.09322289867619 17.75
      vertex -8.665409604888474 -82.44586512602986 17.75
    endloop
  endfacet
  facet normal 0.08715574274765861 0.9961946980917454 0
    outer loop
      vertex -8.665409604888474 -82.44586512602986 10.15
      vertex -8.665409604888474 -82.44586512602986 17.75
      vertex -5.782811673387988 -82.69805976653943 17.75
    endloop
  endfacet
  facet normal 0 0 -1
    outer loop
      vertex -23.82145439704487 -78.91307488916378 17.75
      vertex -2.8931682766373306 -82.84949955988304 17.75
      vertex -5.782811673387988 -82.69805976653943 17.75
    endloop
  endfacet
  facet normal 0 0 -1
    outer loop
      vertex -23.82145439704487 -78.91307488916378 17.75
      vertex 0 -82.9 17.75
      vertex -2.8931682766373306 -82.84949955988304 17.75
    endloop
  endfacet
  facet normal 0 0 -1
    outer loop
      vertex -23.82145439704487 -78.91307488916378 17.75
      vertex 0.6241357584993765 -82.42782013742824 17.75
      vertex 0 -82.9 17.75
    endloop
  endfacet
  facet normal 0.05233595624294624 0.9986295347545737 0
    outer loop
      vertex -5.782811673387988 -82.69805976653943 10.15
      vertex -5.782811673387988 -82.69805976653943 17.75
      vertex -2.8931682766373306 -82.84949955988304 17.75
    endloop
  endfacet
  facet normal 0.017452406437283127 0.9998476951563913 0
    outer loop
      vertex -2.8931682766373306 -82.84949955988304 10.15
      vertex -2.8931682766373306 -82.84949955988304 17.75
      vertex 0 -82.9 17.75
    endloop
  endfacet
  facet normal 0 0 1
    outer loop
      vertex -43.930307004932686 -70.30318717136771 10.15
      vertex -41.7717098892648 -61.92910666986162 10.15
      vertex -46.35709169772492 -68.72721476481297 10.15
    endloop
  endfacet
  facet normal 0 0 1
    outer loop
      vertex -48.72739741504603 -67.06750883368315 10.15
      vertex -46.35709169772492 -68.72721476481297 10.15
      vertex -43.90755834624775 -60.433569479808575 10.15
    endloop
  endfacet
  facet normal 0 0 1
    outer loop
      vertex -51.03833630449708 -65.32609147399725 10.15
      vertex -48.72739741504603 -67.06750883368315 10.15
      vertex -48.01623444358449 -57.22351990098766 10.15
    endloop
  endfacet
  facet normal 0 0 1
    outer loop
      vertex -48.72739741504603 -67.06750883368315 10.15
      vertex -45.98991220682667 -58.864403294422125 10.15
      vertex -48.01623444358449 -57.22351990098766 10.15
    endloop
  endfacet
  facet normal 0 0 1
    outer loop
      vertex -46.35709169772492 -68.72721476481297 10.15
      vertex -41.7717098892648 -61.92910666986162 10.15
      vertex -43.90755834624775 -60.433569479808575 10.15
    endloop
  endfacet
  facet normal 0 0 1
    outer loop
      vertex -48.72739741504603 -67.06750883368315 10.15
      vertex -43.90755834624775 -60.433569479808575 10.15
      vertex -45.98991220682667 -58.864403294422125 10.15
    endloop
  endfacet
  facet normal 0 0 1
    outer loop
      vertex -43.930307004932686 -70.30318717136771 10.15
      vertex -43.69511389378549 -69.97792316440334 10.15
      vertex -39.58496903822041 -63.34919278288502 10.15
    endloop
  endfacet
  facet normal 0 0 1
    outer loop
      vertex -43.930307004932686 -70.30318717136771 10.15
      vertex -39.58496903822041 -63.34919278288502 10.15
      vertex -41.7717098892648 -61.92910666986162 10.15
    endloop
  endfacet
  facet normal 0 0 1
    outer loop
      vertex -41.25 -71.44709581221619 10.15
      vertex -35.069525740106045 -65.95618518656185 10.15
      vertex -37.35 -64.69209766269756 10.15
    endloop
  endfacet
  facet normal 0 0 1
    outer loop
      vertex -43.69511389378549 -69.97792316440334 10.15
      vertex -37.35 -64.69209766269756 10.15
      vertex -39.58496903822041 -63.34919278288502 10.15
    endloop
  endfacet
  facet normal 0.6018150231520492 0.7986355100472922 6.79972686808847e-18
    outer loop
      vertex -51.03833630449708 -65.32609147399725 10.15
      vertex -48.72739741504603 -67.06750883368315 17.75
      vertex -48.72739741504603 -67.06750883368315 10.15
    endloop
  endfacet
  facet normal 0.5735764363510477 0.8191520442889907 -9.991420791116263e-18
    outer loop
      vertex -48.72739741504603 -67.06750883368315 10.15
      vertex -46.35709169772492 -68.72721476481297 17.75
      vertex -46.35709169772492 -68.72721476481297 10.15
    endloop
  endfacet
  facet normal 0.5735764363510477 0.8191520442889907 0
    outer loop
      vertex -48.72739741504603 -67.06750883368315 10.15
      vertex -48.72739741504603 -67.06750883368315 17.75
      vertex -46.35709169772492 -68.72721476481297 17.75
    endloop
  endfacet
  facet normal 0 0 1
    outer loop
      vertex -74.51002643820095 -36.340968068814526 10.15
      vertex -74.07086852434422 -37.01922922326167 10.15
      vertex -75.73291843857162 -33.71846771098384 10.15
    endloop
  endfacet
  facet normal 0 0 1
    outer loop
      vertex -74.61228234020388 -35.17534309963012 10.15
      vertex -75.73291843857162 -33.71846771098384 10.15
      vertex -74.07086852434422 -37.01922922326167 10.15
    endloop
  endfacet
  facet normal 0 0 1
    outer loop
      vertex -74.61228234020388 -35.17534309963012 10.15
      vertex -74.29078558401002 -7.808276206093715 10.15
      vertex -75.73291843857162 -33.71846771098384 10.15
    endloop
  endfacet
  facet normal 0 0 1
    outer loop
      vertex -75.73291843857162 -33.71846771098384 10.15
      vertex -74.69431108915064 -0.3259174842801619 10.15
      vertex -76.86354154358668 -31.05488659417911 10.15
    endloop
  endfacet
  facet normal 0 0 1
    outer loop
      vertex -77.90051826315181 -28.353469881697936 10.15
      vertex -76.86354154358668 -31.05488659417911 10.15
      vertex -74.69431108915064 -0.3259174842801619 10.15
    endloop
  endfacet
  facet normal 0 0 1
    outer loop
      vertex -77.90051826315181 -28.353469881697936 10.15
      vertex -74.69431108915064 -0.3259174842801619 10.15
      vertex -78.84258520086823 -25.61750883368314 10.15
    endloop
  endfacet
  facet normal 0 0 1
    outer loop
      vertex -78.84258520086823 -25.61750883368314 10.15
      vertex -74.69431108915064 -0.3259174842801619 10.15
      vertex -79.68859459328664 -22.850336797229232 10.15
    endloop
  endfacet
  facet normal 0 0 1
    outer loop
      vertex -79.68859459328664 -22.850336797229232 10.15
      vertex -74.69431108915064 -0.3259174842801619 10.15
      vertex -80.43751570828012 -20.055325145212457 10.15
    endloop
  endfacet
  facet normal 0 0 1
    outer loop
      vertex -81.0884361008325 -17.235879168792252 10.15
      vertex -80.43751570828012 -20.055325145212457 10.15
      vertex -74.69431108915064 -0.3259174842801619 10.15
    endloop
  endfacet
  facet normal 0 0 1
    outer loop
      vertex -75.73291843857162 -33.71846771098384 10.15
      vertex -74.29078558401002 -7.808276206093715 10.15
      vertex -74.51803455440887 -5.21080858868616 10.15
    endloop
  endfacet
  facet normal 0 0 1
    outer loop
      vertex -75.73291843857162 -33.71846771098384 10.15
      vertex -74.51803455440887 -5.21080858868616 10.15
      vertex -74.65449477832645 -2.6069924036768226 10.15
    endloop
  endfacet
  facet normal 0 0 1
    outer loop
      vertex -81.64056272471205 -14.395433928588526 10.15
      vertex -81.78894844014904 -10.733862945277757 10.15
      vertex -82.09322289867619 -11.537450069589426 10.15
    endloop
  endfacet
  facet normal 0 0 1
    outer loop
      vertex -82.09322289867619 -11.537450069589426 10.15
      vertex -81.78894844014904 -10.733862945277757 10.15
      vertex -82.41353262599286 -8.928736686072352 10.15
    endloop
  endfacet
  facet normal 0 0 1
    outer loop
      vertex -81.78894844014904 -10.733862945277757 10.15
      vertex -82.32648617481884 -8.903177541891395 10.15
      vertex -82.41353262599286 -8.928736686072352 10.15
    endloop
  endfacet
  facet normal 0 0 1
    outer loop
      vertex -81.0884361008325 -17.235879168792252 10.15
      vertex -74.69431108915064 -0.3259174842801619 10.15
      vertex -81.64056272471205 -14.395433928588526 10.15
    endloop
  endfacet
  facet normal 0 0 1
    outer loop
      vertex -81.64056272471205 -14.395433928588526 10.15
      vertex -74.69431108915064 -0.3259174842801619 10.15
      vertex -81.78894844014904 -10.733862945277757 10.15
    endloop
  endfacet
  facet normal 0 0 1
    outer loop
      vertex -75.73291843857162 -33.71846771098384 10.15
      vertex -74.65449477832645 -2.6069924036768226 10.15
      vertex -74.69431108915064 -0.3259174842801619 10.15
    endloop
  endfacet
  facet normal 0 0 1
    outer loop
      vertex -81.78894844014904 -10.733862945277757 10.15
      vertex -74.69431108915064 -0.3259174842801619 10.15
      vertex -82.04805636788255 -8.623598219581412 10.15
    endloop
  endfacet
  facet normal 0 0 1
    outer loop
      vertex -82.04805636788255 -8.623598219581412 10.15
      vertex -74.69431108915064 -0.3259174842801619 10.15
      vertex -82.2990341464355 -5.754909083890338 10.15
    endloop
  endfacet
  facet normal 0 0 1
    outer loop
      vertex -71.44709581221619 -41.25 10.15
      vertex -70.19503877270736 -25.548904706427454 10.15
      vertex -72.84317641086147 -38.73140392983599 10.15
    endloop
  endfacet
  facet normal 0 0 1
    outer loop
      vertex -72.84317641086147 -38.73140392983599 10.15
      vertex -71.04392176724797 -23.08356947980857 10.15
      vertex -74.15050881968128 -36.165619610098894 10.15
    endloop
  endfacet
  facet normal 0 0 1
    outer loop
      vertex -69.96396793290513 -43.7183392992394 10.15
      vertex -67.13991525854777 -32.74632466514409 10.15
      vertex -68.24184568590229 -30.383227237762277 10.15
    endloop
  endfacet
  facet normal 0 0 1
    outer loop
      vertex -71.44709581221619 -41.25 10.15
      vertex -68.24184568590229 -30.383227237762277 10.15
      vertex -69.26063393613903 -27.98311252816863 10.15
    endloop
  endfacet
  facet normal 0 0 1
    outer loop
      vertex -74.61228234020388 -35.17534309963012 10.15
      vertex -74.15050881968128 -36.165619610098894 10.15
      vertex -73.06762577481528 -15.531003304086623 10.15
    endloop
  endfacet
  facet normal 0 0 1
    outer loop
      vertex -72.84317641086147 -38.73140392983599 10.15
      vertex -70.19503877270736 -25.548904706427454 10.15
      vertex -71.04392176724797 -23.08356947980857 10.15
    endloop
  endfacet
  facet normal 0 0 1
    outer loop
      vertex -71.44709581221619 -41.25 10.15
      vertex -69.26063393613903 -27.98311252816863 10.15
      vertex -70.19503877270736 -25.548904706427454 10.15
    endloop
  endfacet
  facet normal 0 0 1
    outer loop
      vertex -74.15050881968128 -36.165619610098894 10.15
      vertex -71.04392176724797 -23.08356947980857 10.15
      vertex -71.80624868659243 -20.590110479529837 10.15
    endloop
  endfacet
  facet normal 0 0 1
    outer loop
      vertex -74.15050881968128 -36.165619610098894 10.15
      vertex -71.80624868659243 -20.590110479529837 10.15
      vertex -72.48109075281694 -18.07156560129518 10.15
    endloop
  endfacet
  facet normal 0 0 1
    outer loop
      vertex -74.15050881968128 -36.165619610098894 10.15
      vertex -72.48109075281694 -18.07156560129518 10.15
      vertex -73.06762577481528 -15.531003304086623 10.15
    endloop
  endfacet
  facet normal 0 0 1
    outer loop
      vertex -74.61228234020388 -35.17534309963012 10.15
      vertex -73.06762577481528 -15.531003304086623 10.15
      vertex -73.56513915001194 -12.971518871719697 10.15
    endloop
  endfacet
  facet normal 0 0 1
    outer loop
      vertex -74.61228234020388 -35.17534309963012 10.15
      vertex -73.56513915001194 -12.971518871719697 10.15
      vertex -73.9730247349953 -10.396230641716889 10.15
    endloop
  endfacet
  facet normal 0 0 1
    outer loop
      vertex -74.61228234020388 -35.17534309963012 10.15
      vertex -73.9730247349953 -10.396230641716889 10.15
      vertex -74.29078558401002 -7.808276206093715 10.15
    endloop
  endfacet
  facet normal 0.9063077870366514 0.4226182617406964 7.99474459605995e-18
    outer loop
      vertex -74.51002643820095 -36.340968068814526 10.15
      vertex -75.73291843857162 -33.71846771098384 10.15
      vertex -75.73291843857162 -33.71846771098384 17.75
    endloop
  endfacet
  facet normal 0.9063077870366515 0.42261826174069644 0
    outer loop
      vertex -74.51002643820095 -36.340968068814526 10.15
      vertex -75.73291843857162 -33.71846771098384 17.75
      vertex -74.51002643820095 -36.340968068814526 12.705889249855804
    endloop
  endfacet
  facet normal 0.9205048534524403 0.390731128489274 3.2179061927633208e-18
    outer loop
      vertex -75.73291843857162 -33.71846771098384 10.15
      vertex -76.86354154358668 -31.05488659417911 10.15
      vertex -76.86354154358668 -31.05488659417911 17.75
    endloop
  endfacet
  facet normal 0.9335804264972016 0.3583679495453007 0
    outer loop
      vertex -77.90051826315181 -28.353469881697936 10.15
      vertex -77.90051826315181 -28.353469881697936 17.75
      vertex -76.86354154358668 -31.05488659417911 10.15
    endloop
  endfacet
  facet normal 0.9063077870366493 0.42261826174070083 -2.8639499666774188e-15
    outer loop
      vertex -74.51002643820095 -36.340968068814526 12.705889249855804
      vertex -75.73291843857162 -33.71846771098384 17.75
      vertex -75.16341482116658 -34.93977215976415 17.75
    endloop
  endfacet
  facet normal 0.9205048534524403 0.390731128489274 0
    outer loop
      vertex -75.73291843857162 -33.71846771098384 10.15
      vertex -76.86354154358668 -31.05488659417911 17.75
      vertex -75.73291843857162 -33.71846771098384 17.75
    endloop
  endfacet
  facet normal 0 0 -1
    outer loop
      vertex -75.16341482116658 -34.93977215976415 17.75
      vertex -75.73291843857162 -33.71846771098384 17.75
      vertex -74.71970714010024 -34.80948782948283 17.75
    endloop
  endfacet
  facet normal 0.9335804264972016 0.3583679495453007 0
    outer loop
      vertex -76.86354154358668 -31.05488659417911 10.15
      vertex -77.90051826315181 -28.353469881697936 17.75
      vertex -76.86354154358668 -31.05488659417911 17.75
    endloop
  endfacet
  facet normal 0.9455185755993175 0.3255681544571543 3.793669103404918e-18
    outer loop
      vertex -77.90051826315181 -28.353469881697936 10.15
      vertex -78.84258520086823 -25.61750883368314 10.15
      vertex -78.84258520086823 -25.61750883368314 17.75
    endloop
  endfacet
  facet normal 0.9563047559630349 0.2923717047227391 -6.178162064902979e-18
    outer loop
      vertex -78.84258520086823 -25.61750883368314 10.15
      vertex -79.68859459328664 -22.850336797229232 10.15
      vertex -79.68859459328664 -22.850336797229232 17.75
    endloop
  endfacet
  facet normal 0.9659258262890678 0.2588190451025226 -5.859141138967711e-19
    outer loop
      vertex -79.68859459328664 -22.850336797229232 10.15
      vertex -80.43751570828012 -20.055325145212457 10.15
      vertex -80.43751570828012 -20.055325145212457 17.75
    endloop
  endfacet
  facet normal 0.9455185755993175 0.3255681544571543 0
    outer loop
      vertex -77.90051826315181 -28.353469881697936 10.15
      vertex -78.84258520086823 -25.61750883368314 17.75
      vertex -77.90051826315181 -28.353469881697936 17.75
    endloop
  endfacet
  facet normal 0.9563047559630349 0.2923717047227391 0
    outer loop
      vertex -78.84258520086823 -25.61750883368314 10.15
      vertex -79.68859459328664 -22.850336797229232 17.75
      vertex -78.84258520086823 -25.61750883368314 17.75
    endloop
  endfacet
  facet normal 0 0 -1
    outer loop
      vertex -75.73291843857162 -33.71846771098384 17.75
      vertex -76.86354154358668 -31.05488659417911 17.75
      vertex -81.67764755906282 -11.112918935670239 17.75
    endloop
  endfacet
  facet normal 0 0 -1
    outer loop
      vertex -74.71970714010024 -34.80948782948283 17.75
      vertex -75.73291843857162 -33.71846771098384 17.75
      vertex -81.67764755906282 -11.112918935670239 17.75
    endloop
  endfacet
  facet normal 0.9659258262890678 0.2588190451025226 0
    outer loop
      vertex -79.68859459328664 -22.850336797229232 10.15
      vertex -80.43751570828012 -20.055325145212457 17.75
      vertex -79.68859459328664 -22.850336797229232 17.75
    endloop
  endfacet
  facet normal 0 0 -1
    outer loop
      vertex -77.90051826315181 -28.353469881697936 17.75
      vertex -81.67764755906282 -11.112918935670239 17.75
      vertex -76.86354154358668 -31.05488659417911 17.75
    endloop
  endfacet
  facet normal 0 0 -1
    outer loop
      vertex -77.90051826315181 -28.353469881697936 17.75
      vertex -78.84258520086823 -25.61750883368314 17.75
      vertex -81.67764755906282 -11.112918935670239 17.75
    endloop
  endfacet
  facet normal 0.9743700647852354 0.2249510543438648 0
    outer loop
      vertex -81.0884361008325 -17.235879168792252 10.15
      vertex -81.0884361008325 -17.235879168792252 17.75
      vertex -80.43751570828012 -20.055325145212457 10.15
    endloop
  endfacet
  facet normal 0.9816271834476642 0.19080899537654405 -1.4648556462281723e-18
    outer loop
      vertex -81.0884361008325 -17.235879168792252 10.15
      vertex -81.64056272471205 -14.395433928588526 10.15
      vertex -81.64056272471205 -14.395433928588526 17.75
    endloop
  endfacet
  facet normal 0.9876883405951375 0.15643446504023176 -4.849626574771415e-18
    outer loop
      vertex -81.64056272471205 -14.395433928588526 10.15
      vertex -82.09322289867619 -11.537450069589426 10.15
      vertex -82.09322289867619 -11.537450069589426 17.75
    endloop
  endfacet
  facet normal 0.9816271834476642 0.19080899537654405 0
    outer loop
      vertex -81.0884361008325 -17.235879168792252 10.15
      vertex -81.64056272471205 -14.395433928588526 17.75
      vertex -81.0884361008325 -17.235879168792252 17.75
    endloop
  endfacet
  facet normal 0.9876883405951375 0.15643446504023176 0
    outer loop
      vertex -81.64056272471205 -14.395433928588526 10.15
      vertex -82.09322289867619 -11.537450069589426 17.75
      vertex -81.64056272471205 -14.395433928588526 17.75
    endloop
  endfacet
  facet normal 0 0 -1
    outer loop
      vertex -81.0884361008325 -17.235879168792252 17.75
      vertex -81.67764755906282 -11.112918935670239 17.75
      vertex -80.43751570828012 -20.055325145212457 17.75
    endloop
  endfacet
  facet normal 0 0 -1
    outer loop
      vertex -81.0884361008325 -17.235879168792252 17.75
      vertex -81.64056272471205 -14.395433928588526 17.75
      vertex -81.67764755906282 -11.112918935670239 17.75
    endloop
  endfacet
  facet normal 0.9743700647852354 0.2249510543438648 0
    outer loop
      vertex -80.43751570828012 -20.055325145212457 10.15
      vertex -81.0884361008325 -17.235879168792252 17.75
      vertex -80.43751570828012 -20.055325145212457 17.75
    endloop
  endfacet
  facet normal 0 0 -1
    outer loop
      vertex -78.84258520086823 -25.61750883368314 17.75
      vertex -79.68859459328664 -22.850336797229232 17.75
      vertex -81.67764755906282 -11.112918935670239 17.75
    endloop
  endfacet
  facet normal 0 0 -1
    outer loop
      vertex -79.68859459328664 -22.850336797229232 17.75
      vertex -80.43751570828012 -20.055325145212457 17.75
      vertex -81.67764755906282 -11.112918935670239 17.75
    endloop
  endfacet
  facet normal 0.9925461516413223 0.12186934340514548 0
    outer loop
      vertex -82.09322289867619 -11.537450069589426 10.15
      vertex -82.41353262599286 -8.928736686072352 10.15
      vertex -82.09322289867619 -11.537450069589426 17.75
    endloop
  endfacet
  facet normal 0.9925461516413209 0.12186934340515705 4.052846539827739e-15
    outer loop
      vertex -82.41353262599286 -8.928736686072352 10.15
      vertex -82.12907359495505 -11.24546957941034 17.75
      vertex -82.09322289867619 -11.537450069589426 17.75
    endloop
  endfacet
  facet normal 0 0 -1
    outer loop
      vertex -81.64056272471205 -14.395433928588526 17.75
      vertex -82.09322289867619 -11.537450069589426 17.75
      vertex -82.12907359495505 -11.24546957941034 17.75
    endloop
  endfacet
  facet normal 0 0 -1
    outer loop
      vertex -81.64056272471205 -14.395433928588526 17.75
      vertex -82.12907359495505 -11.24546957941034 17.75
      vertex -81.67764755906282 -11.112918935670239 17.75
    endloop
  endfacet
  facet normal 0 0 1
    outer loop
      vertex -82.2990341464355 -5.754909083890338 10.15
      vertex -82.49371706633104 -0.35994902882347196 10.15
      vertex -82.4497432290754 -2.87920847795633 10.15
    endloop
  endfacet
  facet normal 0 0 1
    outer loop
      vertex -82.2990341464355 -5.754909083890338 10.15
      vertex -74.69431108915064 -0.3259174842801619 10.15
      vertex -82.49371706633104 -0.35994902882347196 10.15
    endloop
  endfacet
  facet normal 0 0 1
    outer loop
      vertex 0 -82.9 10.15
      vertex 2.8902128788443444 -82.8495511465434 10.15
      vertex 1.0042403025740838 -82.48247092031504 10.15
    endloop
  endfacet
  facet normal 0 0 1
    outer loop
      vertex 1.0042403025740838 -82.48247092031504 10.15
      vertex 2.8902128788443444 -82.8495511465434 10.15
      vertex 2.9037245337403124 -82.75557552254247 10.15
    endloop
  endfacet
  facet normal 0 0 1
    outer loop
      vertex 0 -82.9 10.15
      vertex 1.0042403025740838 -82.48247092031504 10.15
      vertex 2.6069924036768226 -74.65449477832645 10.15
    endloop
  endfacet
  facet normal 0 0 1
    outer loop
      vertex 1.0042403025740838 -82.48247092031504 10.15
      vertex 2.87920847795633 -82.4497432290754 10.15
      vertex 2.6069924036768226 -74.65449477832645 10.15
    endloop
  endfacet
  facet normal 0 0 1
    outer loop
      vertex 0 -82.9 10.15
      vertex 2.6069924036768226 -74.65449477832645 10.15
      vertex 0 -74.7 10.15
    endloop
  endfacet
  facet normal 0 0 1
    outer loop
      vertex 2.87920847795633 -82.4497432290754 10.15
      vertex 5.754909083890338 -82.2990341464355 10.15
      vertex 5.21080858868616 -74.51803455440887 10.15
    endloop
  endfacet
  facet normal 0 0 1
    outer loop
      vertex 2.87920847795633 -82.4497432290754 10.15
      vertex 5.21080858868616 -74.51803455440887 10.15
      vertex 2.6069924036768226 -74.65449477832645 10.15
    endloop
  endfacet
  facet normal 0 0 1
    outer loop
      vertex 5.754909083890338 -82.2990341464355 10.15
      vertex 8.623598219581412 -82.04805636788255 10.15
      vertex 7.8082762060937165 -74.29078558401002 10.15
    endloop
  endfacet
  facet normal 0 0 1
    outer loop
      vertex 5.754909083890338 -82.2990341464355 10.15
      vertex 7.8082762060937165 -74.29078558401002 10.15
      vertex 5.21080858868616 -74.51803455440887 10.15
    endloop
  endfacet
  facet normal 0 0 1
    outer loop
      vertex 8.623598219581412 -82.04805636788255 10.15
      vertex 10.396230641716889 -73.9730247349953 10.15
      vertex 7.8082762060937165 -74.29078558401002 10.15
    endloop
  endfacet
  facet normal 0 0 1
    outer loop
      vertex 8.623598219581412 -82.04805636788255 10.15
      vertex 11.481780829205398 -81.69711567117956 10.15
      vertex 10.396230641716889 -73.9730247349953 10.15
    endloop
  endfacet
  facet normal 0 0 1
    outer loop
      vertex 11.481780829205398 -81.69711567117956 10.15
      vertex 12.971518871719697 -73.56513915001194 10.15
      vertex 10.396230641716889 -73.9730247349953 10.15
    endloop
  endfacet
  facet normal 0 0 1
    outer loop
      vertex 11.481780829205398 -81.69711567117956 10.15
      vertex 14.325974657521753 -81.24663962350716 10.15
      vertex 12.971518871719697 -73.56513915001194 10.15
    endloop
  endfacet
  facet normal 0 0 1
    outer loop
      vertex 14.325974657521753 -81.24663962350716 10.15
      vertex 17.152714492465144 -80.69717706053896 10.15
      vertex 15.531003304086623 -73.06762577481528 10.15
    endloop
  endfacet
  facet normal 0 0 1
    outer loop
      vertex 17.152714492465144 -80.69717706053896 10.15
      vertex 19.95855638697259 -80.04939741776971 10.15
      vertex 18.07156560129518 -72.48109075281694 10.15
    endloop
  endfacet
  facet normal 0 0 1
    outer loop
      vertex 20.528836597414077 -80.22146697855723 10.15
      vertex 20.565120016563775 -80.300916584196 10.15
      vertex 22.250164451553403 -79.43536288749664 10.15
    endloop
  endfacet
  facet normal 0 0 1
    outer loop
      vertex 20.565120016563775 -80.300916584196 10.15
      vertex 22.850336797229232 -79.68859459328664 10.15
      vertex 22.250164451553403 -79.43536288749664 10.15
    endloop
  endfacet
  facet normal 0 0 1
    outer loop
      vertex 19.95855638697259 -80.04939741776971 10.15
      vertex 22.250164451553403 -79.43536288749664 10.15
      vertex 23.08356947980857 -71.04392176724797 10.15
    endloop
  endfacet
  facet normal 0 0 1
    outer loop
      vertex 22.250164451553403 -79.43536288749664 10.15
      vertex 22.850336797229232 -79.68859459328664 10.15
      vertex 23.08356947980857 -71.04392176724797 10.15
    endloop
  endfacet
  facet normal 0 0 1
    outer loop
      vertex 22.850336797229232 -79.68859459328664 10.15
      vertex 25.61750883368314 -78.84258520086823 10.15
      vertex 25.548904706427454 -70.19503877270736 10.15
    endloop
  endfacet
  facet normal 0 0 1
    outer loop
      vertex 14.325974657521753 -81.24663962350716 10.15
      vertex 15.531003304086623 -73.06762577481528 10.15
      vertex 12.971518871719697 -73.56513915001194 10.15
    endloop
  endfacet
  facet normal 0 0 1
    outer loop
      vertex 17.152714492465144 -80.69717706053896 10.15
      vertex 18.07156560129518 -72.48109075281694 10.15
      vertex 15.531003304086623 -73.06762577481528 10.15
    endloop
  endfacet
  facet normal 0 0 1
    outer loop
      vertex 19.95855638697259 -80.04939741776971 10.15
      vertex 20.590110479529837 -71.80624868659243 10.15
      vertex 18.07156560129518 -72.48109075281694 10.15
    endloop
  endfacet
  facet normal 0 0 1
    outer loop
      vertex 19.95855638697259 -80.04939741776971 10.15
      vertex 23.08356947980857 -71.04392176724797 10.15
      vertex 20.590110479529837 -71.80624868659243 10.15
    endloop
  endfacet
  facet normal 0 0 1
    outer loop
      vertex 22.850336797229232 -79.68859459328664 10.15
      vertex 25.548904706427454 -70.19503877270736 10.15
      vertex 23.08356947980857 -71.04392176724797 10.15
    endloop
  endfacet
  facet normal 0 0 1
    outer loop
      vertex 25.61750883368314 -78.84258520086823 10.15
      vertex 28.353469881697936 -77.90051826315181 10.15
      vertex 27.98311252816863 -69.26063393613903 10.15
    endloop
  endfacet
  facet normal 0 0 1
    outer loop
      vertex 25.61750883368314 -78.84258520086823 10.15
      vertex 27.98311252816863 -69.26063393613903 10.15
      vertex 25.548904706427454 -70.19503877270736 10.15
    endloop
  endfacet
  facet normal 0 0 1
    outer loop
      vertex 28.353469881697936 -77.90051826315181 10.15
      vertex 31.05488659417911 -76.86354154358668 10.15
      vertex 30.383227237762277 -68.24184568590229 10.15
    endloop
  endfacet
  facet normal 0 0 1
    outer loop
      vertex 28.353469881697936 -77.90051826315181 10.15
      vertex 30.383227237762277 -68.24184568590229 10.15
      vertex 27.98311252816863 -69.26063393613903 10.15
    endloop
  endfacet
  facet normal 0 0 1
    outer loop
      vertex 31.05488659417911 -76.86354154358668 10.15
      vertex 33.71846771098384 -75.73291843857162 10.15
      vertex 32.74632466514409 -67.13991525854777 10.15
    endloop
  endfacet
  facet normal 0 0 1
    outer loop
      vertex 31.05488659417911 -76.86354154358668 10.15
      vertex 32.74632466514409 -67.13991525854777 10.15
      vertex 30.383227237762277 -68.24184568590229 10.15
    endloop
  endfacet
  facet normal 0 0 1
    outer loop
      vertex 33.71846771098384 -75.73291843857162 10.15
      vertex 35.069525740106045 -65.95618518656185 10.15
      vertex 32.74632466514409 -67.13991525854777 10.15
    endloop
  endfacet
  facet normal 0 0 1
    outer loop
      vertex 33.71846771098384 -75.73291843857162 10.15
      vertex 36.340968068814526 -74.51002643820095 10.15
      vertex 35.069525740106045 -65.95618518656185 10.15
    endloop
  endfacet
  facet normal 0 0 1
    outer loop
      vertex 36.340968068814526 -74.51002643820095 10.15
      vertex 37.35 -64.69209766269756 10.15
      vertex 35.069525740106045 -65.95618518656185 10.15
    endloop
  endfacet
  facet normal 0 0 1
    outer loop
      vertex 36.340968068814526 -74.51002643820095 10.15
      vertex 38.91919255495035 -73.19635544800505 10.15
      vertex 37.35 -64.69209766269756 10.15
    endloop
  endfacet
  facet normal 0 0 1
    outer loop
      vertex 38.91919255495035 -73.19635544800505 10.15
      vertex 41.45 -71.79350597372996 10.15
      vertex 39.58496903822041 -63.34919278288502 10.15
    endloop
  endfacet
  facet normal 0 0 1
    outer loop
      vertex 43.930307004932686 -70.30318717136771 10.15
      vertex 47.18381052189344 -68.04854826422923 10.15
      vertex 45.4451294128743 -68.84257732125225 10.15
    endloop
  endfacet
  facet normal 0 0 1
    outer loop
      vertex 43.930307004932686 -70.30318717136771 10.15
      vertex 46.35709169772492 -68.72721476481297 10.15
      vertex 47.18381052189344 -68.04854826422923 10.15
    endloop
  endfacet
  facet normal -0.5446390350150214 0.8386705679454278 -2.333961523561971e-19
    outer loop
      vertex 43.930307004932686 -70.30318717136771 10.15
      vertex 46.35709169772492 -68.72721476481297 13.561995884405341
      vertex 46.35709169772492 -68.72721476481297 10.15
    endloop
  endfacet
  facet normal 0 0 1
    outer loop
      vertex 46.35709169772492 -68.72721476481297 10.15
      vertex 47.218341708219675 -68.12416101518134 10.15
      vertex 47.18381052189344 -68.04854826422923 10.15
    endloop
  endfacet
  facet normal -0.5735764363510502 0.8191520442889888 0
    outer loop
      vertex 46.35709169772492 -68.72721476481297 10.15
      vertex 46.35709169772492 -68.72721476481297 13.561995884405341
      vertex 47.218341708219675 -68.12416101518134 10.15
    endloop
  endfacet
  facet normal -0.01745240643728423 0.9998476951563913 -3.9071182062425025e-16
    outer loop
      vertex 0 -82.9 10.15
      vertex 0.5576460450706692 -82.89026625207633 17.75
      vertex 2.8902128788443444 -82.8495511465434 10.15
    endloop
  endfacet
  facet normal -0.017452406437289555 0.9998476951563912 0
    outer loop
      vertex 0 -82.9 10.15
      vertex 0 -82.9 17.75
      vertex 0.5576460450706692 -82.89026625207633 17.75
    endloop
  endfacet
  facet normal 0 0 -1
    outer loop
      vertex 0 -82.9 17.75
      vertex 0.6241357584993765 -82.42782013742824 17.75
      vertex 0.5576460450706692 -82.89026625207633 17.75
    endloop
  endfacet
  facet normal -0.2588190451025229 0.9659258262890678 -5.9005438669946136e-18
    outer loop
      vertex 20.565120016563775 -80.300916584196 10.15
      vertex 22.850336797229232 -79.68859459328664 17.75
      vertex 22.850336797229232 -79.68859459328664 10.15
    endloop
  endfacet
  facet normal -0.2923717047227391 0.9563047559630349 6.178162064902979e-18
    outer loop
      vertex 22.850336797229232 -79.68859459328664 10.15
      vertex 25.61750883368314 -78.84258520086823 17.75
      vertex 25.61750883368314 -78.84258520086823 10.15
    endloop
  endfacet
  facet normal -0.2588190451025786 0.9659258262890528 1.7886390396694944e-14
    outer loop
      vertex 20.565120016563775 -80.300916584196 10.15
      vertex 22.82090932584975 -79.69647966047806 17.75
      vertex 22.850336797229232 -79.68859459328664 17.75
    endloop
  endfacet
  facet normal -0.2923717047227391 0.9563047559630349 0
    outer loop
      vertex 22.850336797229232 -79.68859459328664 10.15
      vertex 22.850336797229232 -79.68859459328664 17.75
      vertex 25.61750883368314 -78.84258520086823 17.75
    endloop
  endfacet
  facet normal 0 0 -1
    outer loop
      vertex 22.62374664732145 -79.26475361528017 17.75
      vertex 22.850336797229232 -79.68859459328664 17.75
      vertex 22.82090932584975 -79.69647966047806 17.75
    endloop
  endfacet
  facet normal 0 0 -1
    outer loop
      vertex 22.62374664732145 -79.26475361528017 17.75
      vertex 25.61750883368314 -78.84258520086823 17.75
      vertex 22.850336797229232 -79.68859459328664 17.75
    endloop
  endfacet
  facet normal -0.3255681544571543 0.9455185755993175 -3.793669103404918e-18
    outer loop
      vertex 25.61750883368314 -78.84258520086823 10.15
      vertex 28.353469881697936 -77.90051826315181 17.75
      vertex 28.353469881697936 -77.90051826315181 10.15
    endloop
  endfacet
  facet normal -0.3583679495453007 0.9335804264972016 -1.398504634971009e-18
    outer loop
      vertex 28.353469881697936 -77.90051826315181 10.15
      vertex 31.05488659417911 -76.86354154358668 17.75
      vertex 31.05488659417911 -76.86354154358668 10.15
    endloop
  endfacet
  facet normal -0.3255681544571543 0.9455185755993175 0
    outer loop
      vertex 25.61750883368314 -78.84258520086823 10.15
      vertex 25.61750883368314 -78.84258520086823 17.75
      vertex 28.353469881697936 -77.90051826315181 17.75
    endloop
  endfacet
  facet normal -0.3583679495453007 0.9335804264972016 0
    outer loop
      vertex 28.353469881697936 -77.90051826315181 10.15
      vertex 28.353469881697936 -77.90051826315181 17.75
      vertex 31.05488659417911 -76.86354154358668 17.75
    endloop
  endfacet
  facet normal 0 0 -1
    outer loop
      vertex 22.62374664732145 -79.26475361528017 17.75
      vertex 28.353469881697936 -77.90051826315181 17.75
      vertex 25.61750883368314 -78.84258520086823 17.75
    endloop
  endfacet
  facet normal 0 0 -1
    outer loop
      vertex 22.62374664732145 -79.26475361528017 17.75
      vertex 31.05488659417911 -76.86354154358668 17.75
      vertex 28.353469881697936 -77.90051826315181 17.75
    endloop
  endfacet
  facet normal 0 0 -1
    outer loop
      vertex 22.62374664732145 -79.26475361528017 17.75
      vertex 33.71846771098384 -75.73291843857162 17.75
      vertex 31.05488659417911 -76.86354154358668 17.75
    endloop
  endfacet
  facet normal 0 0 -1
    outer loop
      vertex 22.62374664732145 -79.26475361528017 17.75
      vertex 36.340968068814526 -74.51002643820095 17.75
      vertex 33.71846771098384 -75.73291843857162 17.75
    endloop
  endfacet
  facet normal -0.390731128489274 0.9205048534524403 0
    outer loop
      vertex 31.05488659417911 -76.86354154358668 10.15
      vertex 31.05488659417911 -76.86354154358668 17.75
      vertex 33.71846771098384 -75.73291843857162 17.75
    endloop
  endfacet
  facet normal -0.390731128489274 0.9205048534524403 -3.2179061927633208e-18
    outer loop
      vertex 31.05488659417911 -76.86354154358668 10.15
      vertex 33.71846771098384 -75.73291843857162 17.75
      vertex 33.71846771098384 -75.73291843857162 10.15
    endloop
  endfacet
  facet normal -0.4226182617406964 0.9063077870366514 -7.99474459605995e-18
    outer loop
      vertex 33.71846771098384 -75.73291843857162 10.15
      vertex 36.340968068814526 -74.51002643820095 17.75
      vertex 36.340968068814526 -74.51002643820095 10.15
    endloop
  endfacet
  facet normal -0.4226182617406964 0.9063077870366514 0
    outer loop
      vertex 33.71846771098384 -75.73291843857162 10.15
      vertex 33.71846771098384 -75.73291843857162 17.75
      vertex 36.340968068814526 -74.51002643820095 17.75
    endloop
  endfacet
  facet normal 0 0 -1
    outer loop
      vertex 22.62374664732145 -79.26475361528017 17.75
      vertex 38.91919255495035 -73.19635544800505 17.75
      vertex 36.340968068814526 -74.51002643820095 17.75
    endloop
  endfacet
  facet normal 0 0 -1
    outer loop
      vertex 22.62374664732145 -79.26475361528017 17.75
      vertex 41.45 -71.79350597372996 17.75
      vertex 38.91919255495035 -73.19635544800505 17.75
    endloop
  endfacet
  facet normal 0 0 -1
    outer loop
      vertex 22.62374664732145 -79.26475361528017 17.75
      vertex 43.930307004932686 -70.30318717136771 17.75
      vertex 41.45 -71.79350597372996 17.75
    endloop
  endfacet
  facet normal -0.4539904997395479 0.8910065241883673 3.859422289059926e-18
    outer loop
      vertex 36.340968068814526 -74.51002643820095 10.15
      vertex 38.91919255495035 -73.19635544800505 17.75
      vertex 38.91919255495035 -73.19635544800505 10.15
    endloop
  endfacet
  facet normal -0.48480962024633906 0.8746197071393946 4.394618000583309e-18
    outer loop
      vertex 38.91919255495035 -73.19635544800505 10.15
      vertex 41.45 -71.79350597372996 17.75
      vertex 41.45 -71.79350597372996 10.15
    endloop
  endfacet
  facet normal -0.5150380749100559 0.8571673007021113 2.7775202413564605e-18
    outer loop
      vertex 41.45 -71.79350597372996 10.15
      vertex 43.930307004932686 -70.30318717136771 17.75
      vertex 43.930307004932686 -70.30318717136771 10.15
    endloop
  endfacet
  facet normal -0.5446390350150209 0.838670567945428 -5.596953319352633e-16
    outer loop
      vertex 43.930307004932686 -70.30318717136771 10.15
      vertex 45.28104789004888 -69.42600578413094 17.75
      vertex 46.35709169772492 -68.72721476481297 13.561995884405341
    endloop
  endfacet
  facet normal -0.4539904997395479 0.8910065241883673 0
    outer loop
      vertex 36.340968068814526 -74.51002643820095 10.15
      vertex 36.340968068814526 -74.51002643820095 17.75
      vertex 38.91919255495035 -73.19635544800505 17.75
    endloop
  endfacet
  facet normal -0.48480962024633906 0.8746197071393946 0
    outer loop
      vertex 38.91919255495035 -73.19635544800505 10.15
      vertex 38.91919255495035 -73.19635544800505 17.75
      vertex 41.45 -71.79350597372996 17.75
    endloop
  endfacet
  facet normal 0 0 -1
    outer loop
      vertex 22.62374664732145 -79.26475361528017 17.75
      vertex 45.28104789004888 -69.42600578413094 17.75
      vertex 43.930307004932686 -70.30318717136771 17.75
    endloop
  endfacet
  facet normal 0 0 -1
    outer loop
      vertex 22.62374664732145 -79.26475361528017 17.75
      vertex 45.08890047198607 -69.0052616275063 17.75
      vertex 45.28104789004888 -69.42600578413094 17.75
    endloop
  endfacet
  facet normal -0.5150380749100559 0.8571673007021113 0
    outer loop
      vertex 41.45 -71.79350597372996 10.15
      vertex 41.45 -71.79350597372996 17.75
      vertex 43.930307004932686 -70.30318717136771 17.75
    endloop
  endfacet
  facet normal -0.5446390350150231 0.8386705679454267 0
    outer loop
      vertex 43.930307004932686 -70.30318717136771 10.15
      vertex 43.930307004932686 -70.30318717136771 17.75
      vertex 45.28104789004888 -69.42600578413094 17.75
    endloop
  endfacet
  facet normal 0 0 1
    outer loop
      vertex 38.91919255495035 -73.19635544800505 10.15
      vertex 39.58496903822041 -63.34919278288502 10.15
      vertex 37.35 -64.69209766269756 10.15
    endloop
  endfacet
  facet normal 0 0 1
    outer loop
      vertex 41.45 -71.79350597372996 10.15
      vertex 43.930307004932686 -70.30318717136771 10.15
      vertex 43.90755834624775 -60.433569479808575 10.15
    endloop
  endfacet
  facet normal 0 0 1
    outer loop
      vertex 41.45 -71.79350597372996 10.15
      vertex 41.7717098892648 -61.92910666986162 10.15
      vertex 39.58496903822041 -63.34919278288502 10.15
    endloop
  endfacet
  facet normal 0 0 1
    outer loop
      vertex 41.45 -71.79350597372996 10.15
      vertex 43.90755834624775 -60.433569479808575 10.15
      vertex 41.7717098892648 -61.92910666986162 10.15
    endloop
  endfacet
  facet normal 0 0 1
    outer loop
      vertex 43.930307004932686 -70.30318717136771 10.15
      vertex 45.4451294128743 -68.84257732125225 10.15
      vertex 45.98991220682667 -58.864403294422125 10.15
    endloop
  endfacet
  facet normal 0 0 1
    outer loop
      vertex 45.4451294128743 -68.84257732125225 10.15
      vertex 46.133414536336616 -68.39559973579094 10.15
      vertex 45.98991220682667 -58.864403294422125 10.15
    endloop
  endfacet
  facet normal 0 0 1
    outer loop
      vertex 43.930307004932686 -70.30318717136771 10.15
      vertex 45.98991220682667 -58.864403294422125 10.15
      vertex 43.90755834624775 -60.433569479808575 10.15
    endloop
  endfacet
  facet normal 0 0 1
    outer loop
      vertex 46.133414536336616 -68.39559973579094 10.15
      vertex 48.49228331412903 -66.74390203593316 10.15
      vertex 48.01623444358449 -57.22351990098766 10.15
    endloop
  endfacet
  facet normal 0 0 1
    outer loop
      vertex 46.133414536336616 -68.39559973579094 10.15
      vertex 48.01623444358449 -57.22351990098766 10.15
      vertex 45.98991220682667 -58.864403294422125 10.15
    endloop
  endfacet
  facet normal 0 0 1
    outer loop
      vertex 48.49228331412903 -66.74390203593316 10.15
      vertex 49.98405629500671 -55.512918463161355 10.15
      vertex 48.01623444358449 -57.22351990098766 10.15
    endloop
  endfacet
  facet normal 0 0 1
    outer loop
      vertex 48.49228331412903 -66.74390203593316 10.15
      vertex 50.792071714366806 -65.01088717255456 10.15
      vertex 49.98405629500671 -55.512918463161355 10.15
    endloop
  endfacet
  facet normal 0 0 1
    outer loop
      vertex 50.792071714366806 -65.01088717255456 10.15
      vertex 53.02997779913949 -63.19866655731568 10.15
      vertex 51.8909802732871 -53.73468308529725 10.15
    endloop
  endfacet
  facet normal 0 0 1
    outer loop
      vertex 50.792071714366806 -65.01088717255456 10.15
      vertex 51.8909802732871 -53.73468308529725 10.15
      vertex 49.98405629500671 -55.512918463161355 10.15
    endloop
  endfacet
  facet normal 0 0 1
    outer loop
      vertex 53.02997779913949 -63.19866655731568 10.15
      vertex 55.2032750246058 -61.309448101885025 10.15
      vertex 55.512918463161355 -49.98405629500671 10.15
    endloop
  endfacet
  facet normal 0 0 1
    outer loop
      vertex 53.02997779913949 -63.19866655731568 10.15
      vertex 53.73468308529725 -51.8909802732871 10.15
      vertex 51.8909802732871 -53.73468308529725 10.15
    endloop
  endfacet
  facet normal 0 0 1
    outer loop
      vertex 53.02997779913949 -63.19866655731568 10.15
      vertex 55.512918463161355 -49.98405629500671 10.15
      vertex 53.73468308529725 -51.8909802732871 10.15
    endloop
  endfacet
  facet normal 0 0 1
    outer loop
      vertex 55.2032750246058 -61.309448101885025 10.15
      vertex 57.309315562867276 -59.34553352793872 10.15
      vertex 57.22351990098766 -48.01623444358449 10.15
    endloop
  endfacet
  facet normal 0 0 1
    outer loop
      vertex 55.2032750246058 -61.309448101885025 10.15
      vertex 57.22351990098766 -48.01623444358449 10.15
      vertex 55.512918463161355 -49.98405629500671 10.15
    endloop
  endfacet
  facet normal 0 0 1
    outer loop
      vertex 57.309315562867276 -59.34553352793872 10.15
      vertex 59.34553352793872 -57.309315562867276 10.15
      vertex 58.864403294422125 -45.98991220682667 10.15
    endloop
  endfacet
  facet normal 0 0 1
    outer loop
      vertex 60.64095579726302 -56.387865505172925 10.15
      vertex 60.710168649014356 -56.432345904112054 10.15
      vertex 61.606706032075984 -55.47092726714935 10.15
    endloop
  endfacet
  facet normal 0 0 1
    outer loop
      vertex 60.64095579726302 -56.387865505172925 10.15
      vertex 61.606706032075984 -55.47092726714935 10.15
      vertex 61.66540000929738 -54.79379919582857 10.15
    endloop
  endfacet
  facet normal -0.7313537016191716 0.6819983600624973 -6.621506327548583e-19
    outer loop
      vertex 60.710168649014356 -56.432345904112054 10.15
      vertex 61.606706032075984 -55.47092726714935 14.41855504415741
      vertex 61.606706032075984 -55.47092726714935 10.15
    endloop
  endfacet
  facet normal -0.7547095802227732 0.6560590289905058 0
    outer loop
      vertex 61.606706032075984 -55.47092726714935 10.15
      vertex 61.606706032075984 -55.47092726714935 14.41855504415741
      vertex 63.50508433456328 -53.28709284301411 10.15
    endloop
  endfacet
  facet normal 0 0 1
    outer loop
      vertex 57.309315562867276 -59.34553352793872 10.15
      vertex 58.864403294422125 -45.98991220682667 10.15
      vertex 57.22351990098766 -48.01623444358449 10.15
    endloop
  endfacet
  facet normal 0 0 1
    outer loop
      vertex 59.34553352793872 -57.309315562867276 10.15
      vertex 61.309448101885025 -55.2032750246058 10.15
      vertex 60.433569479808575 -43.90755834624775 10.15
    endloop
  endfacet
  facet normal 0 0 1
    outer loop
      vertex 61.309448101885025 -55.2032750246058 10.15
      vertex 61.66540000929738 -54.79379919582857 10.15
      vertex 61.92910666986162 -41.7717098892648 10.15
    endloop
  endfacet
  facet normal 0 0 1
    outer loop
      vertex 59.34553352793872 -57.309315562867276 10.15
      vertex 60.433569479808575 -43.90755834624775 10.15
      vertex 58.864403294422125 -45.98991220682667 10.15
    endloop
  endfacet
  facet normal 0 0 1
    outer loop
      vertex 61.309448101885025 -55.2032750246058 10.15
      vertex 61.92910666986162 -41.7717098892648 10.15
      vertex 60.433569479808575 -43.90755834624775 10.15
    endloop
  endfacet
  facet normal 0 0 1
    outer loop
      vertex 61.606706032075984 -55.47092726714935 10.15
      vertex 63.34919278288502 -39.58496903822041 10.15
      vertex 61.66540000929738 -54.79379919582857 10.15
    endloop
  endfacet
  facet normal 0 0 1
    outer loop
      vertex 61.606706032075984 -55.47092726714935 10.15
      vertex 63.50508433456328 -53.28709284301411 10.15
      vertex 63.34919278288502 -39.58496903822041 10.15
    endloop
  endfacet
  facet normal 0 0 1
    outer loop
      vertex 63.50508433456328 -53.28709284301411 10.15
      vertex 65.32609147399725 -51.03833630449708 10.15
      vertex 64.69209766269756 -37.35 10.15
    endloop
  endfacet
  facet normal 0 0 1
    outer loop
      vertex 61.66540000929738 -54.79379919582857 10.15
      vertex 63.34919278288502 -39.58496903822041 10.15
      vertex 61.92910666986162 -41.7717098892648 10.15
    endloop
  endfacet
  facet normal 0 0 1
    outer loop
      vertex 65.32609147399725 -51.03833630449708 10.15
      vertex 67.06750883368315 -48.72739741504603 10.15
      vertex 65.95618518656185 -35.069525740106045 10.15
    endloop
  endfacet
  facet normal 0 0 1
    outer loop
      vertex 63.50508433456328 -53.28709284301411 10.15
      vertex 64.69209766269756 -37.35 10.15
      vertex 63.34919278288502 -39.58496903822041 10.15
    endloop
  endfacet
  facet normal 0 0 1
    outer loop
      vertex 65.32609147399725 -51.03833630449708 10.15
      vertex 65.95618518656185 -35.069525740106045 10.15
      vertex 64.69209766269756 -37.35 10.15
    endloop
  endfacet
  facet normal 0 0 1
    outer loop
      vertex 67.06750883368315 -48.72739741504603 10.15
      vertex 68.72721476481297 -46.35709169772492 10.15
      vertex 68.24184568590229 -30.383227237762277 10.15
    endloop
  endfacet
  facet normal 0 0 1
    outer loop
      vertex 67.06750883368315 -48.72739741504603 10.15
      vertex 67.13991525854777 -32.74632466514409 10.15
      vertex 65.95618518656185 -35.069525740106045 10.15
    endloop
  endfacet
  facet normal 0 0 1
    outer loop
      vertex 67.06750883368315 -48.72739741504603 10.15
      vertex 68.24184568590229 -30.383227237762277 10.15
      vertex 67.13991525854777 -32.74632466514409 10.15
    endloop
  endfacet
  facet normal 0 0 1
    outer loop
      vertex 68.72721476481297 -46.35709169772492 10.15
      vertex 70.30318717136771 -43.930307004932686 10.15
      vertex 69.26063393613903 -27.98311252816863 10.15
    endloop
  endfacet
  facet normal -0.7771459614569689 0.6293203910498396 0
    outer loop
      vertex 63.50508433456328 -53.28709284301411 10.15
      vertex 63.50508433456328 -53.28709284301411 17.75
      vertex 65.32609147399725 -51.03833630449708 10.15
    endloop
  endfacet
  facet normal -0.7547095802227731 0.6560590289905058 0
    outer loop
      vertex 63.50508433456328 -53.28709284301411 10.15
      vertex 61.606706032075984 -55.47092726714935 14.41855504415741
      vertex 63.50508433456328 -53.28709284301411 17.75
    endloop
  endfacet
  facet normal -0.7547095802227728 0.6560590289905063 -5.049745129884622e-16
    outer loop
      vertex 61.606706032075984 -55.47092726714935 14.41855504415741
      vertex 62.27598071066058 -54.701014821152626 17.75
      vertex 63.50508433456328 -53.28709284301411 17.75
    endloop
  endfacet
  facet normal 0 0 -1
    outer loop
      vertex 61.88606798291834 -54.450433126531415 17.75
      vertex 63.50508433456328 -53.28709284301411 17.75
      vertex 62.27598071066058 -54.701014821152626 17.75
    endloop
  endfacet
  facet normal 0 0 -1
    outer loop
      vertex 61.88606798291834 -54.450433126531415 17.75
      vertex 65.32609147399725 -51.03833630449708 17.75
      vertex 63.50508433456328 -53.28709284301411 17.75
    endloop
  endfacet
  facet normal -0.7986355100472922 0.6018150231520492 0
    outer loop
      vertex 65.32609147399725 -51.03833630449708 10.15
      vertex 65.32609147399725 -51.03833630449708 17.75
      vertex 67.06750883368315 -48.72739741504603 10.15
    endloop
  endfacet
  facet normal -0.8191520442889907 0.5735764363510477 0
    outer loop
      vertex 67.06750883368315 -48.72739741504603 10.15
      vertex 67.06750883368315 -48.72739741504603 17.75
      vertex 68.72721476481297 -46.35709169772492 10.15
    endloop
  endfacet
  facet normal -0.8386705679454277 0.5446390350150214 0
    outer loop
      vertex 68.72721476481297 -46.35709169772492 10.15
      vertex 68.72721476481297 -46.35709169772492 17.75
      vertex 70.30318717136771 -43.930307004932686 10.15
    endloop
  endfacet
  facet normal -0.7771459614569689 0.6293203910498396 0
    outer loop
      vertex 65.32609147399725 -51.03833630449708 10.15
      vertex 63.50508433456328 -53.28709284301411 17.75
      vertex 65.32609147399725 -51.03833630449708 17.75
    endloop
  endfacet
  facet normal -0.7986355100472922 0.6018150231520492 -6.79972686808847e-18
    outer loop
      vertex 65.32609147399725 -51.03833630449708 17.75
      vertex 67.06750883368315 -48.72739741504603 17.75
      vertex 67.06750883368315 -48.72739741504603 10.15
    endloop
  endfacet
  facet normal 0 0 -1
    outer loop
      vertex 61.88606798291834 -54.450433126531415 17.75
      vertex 67.06750883368315 -48.72739741504603 17.75
      vertex 65.32609147399725 -51.03833630449708 17.75
    endloop
  endfacet
  facet normal 0 0 -1
    outer loop
      vertex 61.88606798291834 -54.450433126531415 17.75
      vertex 68.72721476481297 -46.35709169772492 17.75
      vertex 67.06750883368315 -48.72739741504603 17.75
    endloop
  endfacet
  facet normal 0 0 -1
    outer loop
      vertex 61.88606798291834 -54.450433126531415 17.75
      vertex 70.30318717136771 -43.930307004932686 17.75
      vertex 68.72721476481297 -46.35709169772492 17.75
    endloop
  endfacet
  facet normal 0 0 -1
    outer loop
      vertex 61.88606798291834 -54.450433126531415 17.75
      vertex 71.79350597372996 -41.45 17.75
      vertex 70.30318717136771 -43.930307004932686 17.75
    endloop
  endfacet
  facet normal -0.8191520442889907 0.5735764363510477 0
    outer loop
      vertex 68.72721476481297 -46.35709169772492 10.15
      vertex 67.06750883368315 -48.72739741504603 17.75
      vertex 68.72721476481297 -46.35709169772492 17.75
    endloop
  endfacet
  facet normal -0.8386705679454277 0.5446390350150214 0
    outer loop
      vertex 70.30318717136771 -43.930307004932686 10.15
      vertex 68.72721476481297 -46.35709169772492 17.75
      vertex 70.30318717136771 -43.930307004932686 17.75
    endloop
  endfacet
  facet normal 0 0 -1
    outer loop
      vertex 61.88606798291834 -54.450433126531415 17.75
      vertex 73.19635544800505 -38.91919255495035 17.75
      vertex 71.79350597372996 -41.45 17.75
    endloop
  endfacet
  facet normal -0.8571673007021113 0.5150380749100559 0
    outer loop
      vertex 70.30318717136771 -43.930307004932686 10.15
      vertex 70.30318717136771 -43.930307004932686 17.75
      vertex 71.79350597372996 -41.45 10.15
    endloop
  endfacet
  facet normal -0.8746197071393946 0.48480962024633906 0
    outer loop
      vertex 71.79350597372996 -41.45 10.15
      vertex 71.79350597372996 -41.45 17.75
      vertex 73.19635544800505 -38.91919255495035 10.15
    endloop
  endfacet
  facet normal -0.8910065241883673 0.4539904997395479 0
    outer loop
      vertex 73.19635544800505 -38.91919255495035 10.15
      vertex 73.19635544800505 -38.91919255495035 17.75
      vertex 74.51002643820095 -36.340968068814526 10.15
    endloop
  endfacet
  facet normal -0.8571673007021113 0.5150380749100559 0
    outer loop
      vertex 71.79350597372996 -41.45 10.15
      vertex 70.30318717136771 -43.930307004932686 17.75
      vertex 71.79350597372996 -41.45 17.75
    endloop
  endfacet
  facet normal 0 0 -1
    outer loop
      vertex 61.88606798291834 -54.450433126531415 17.75
      vertex 74.51002643820095 -36.340968068814526 17.75
      vertex 73.19635544800505 -38.91919255495035 17.75
    endloop
  endfacet
  facet normal 0 0 -1
    outer loop
      vertex 61.88606798291834 -54.450433126531415 17.75
      vertex 75.63480757368161 -33.92886713971763 17.75
      vertex 74.51002643820095 -36.340968068814526 17.75
    endloop
  endfacet
  facet normal 0 0 -1
    outer loop
      vertex 61.88606798291834 -54.450433126531415 17.75
      vertex 75.23825786856416 -33.67402011873104 17.75
      vertex 75.63480757368161 -33.92886713971763 17.75
    endloop
  endfacet
  facet normal -0.8746197071393946 0.48480962024633906 0
    outer loop
      vertex 73.19635544800505 -38.91919255495035 10.15
      vertex 71.79350597372996 -41.45 17.75
      vertex 73.19635544800505 -38.91919255495035 17.75
    endloop
  endfacet
  facet normal -0.8910065241883673 0.4539904997395479 0
    outer loop
      vertex 74.51002643820095 -36.340968068814526 10.15
      vertex 73.19635544800505 -38.91919255495035 17.75
      vertex 74.51002643820095 -36.340968068814526 17.75
    endloop
  endfacet
  facet normal 0 0 1
    outer loop
      vertex 68.72721476481297 -46.35709169772492 10.15
      vertex 69.26063393613903 -27.98311252816863 10.15
      vertex 68.24184568590229 -30.383227237762277 10.15
    endloop
  endfacet
  facet normal 0 0 1
    outer loop
      vertex 70.30318717136771 -43.930307004932686 10.15
      vertex 71.79350597372996 -41.45 10.15
      vertex 71.04392176724797 -23.08356947980857 10.15
    endloop
  endfacet
  facet normal 0 0 1
    outer loop
      vertex 70.30318717136771 -43.930307004932686 10.15
      vertex 70.19503877270736 -25.548904706427454 10.15
      vertex 69.26063393613903 -27.98311252816863 10.15
    endloop
  endfacet
  facet normal 0 0 1
    outer loop
      vertex 71.79350597372996 -41.45 10.15
      vertex 73.19635544800505 -38.91919255495035 10.15
      vertex 72.48109075281694 -18.07156560129518 10.15
    endloop
  endfacet
  facet normal 0 0 1
    outer loop
      vertex 70.30318717136771 -43.930307004932686 10.15
      vertex 71.04392176724797 -23.08356947980857 10.15
      vertex 70.19503877270736 -25.548904706427454 10.15
    endloop
  endfacet
  facet normal 0 0 1
    outer loop
      vertex 71.79350597372996 -41.45 10.15
      vertex 71.80624868659243 -20.590110479529837 10.15
      vertex 71.04392176724797 -23.08356947980857 10.15
    endloop
  endfacet
  facet normal 0 0 1
    outer loop
      vertex 73.19635544800505 -38.91919255495035 10.15
      vertex 74.51002643820095 -36.340968068814526 10.15
      vertex 73.9730247349953 -10.396230641716889 10.15
    endloop
  endfacet
  facet normal 0 0 1
    outer loop
      vertex 71.79350597372996 -41.45 10.15
      vertex 72.48109075281694 -18.07156560129518 10.15
      vertex 71.80624868659243 -20.590110479529837 10.15
    endloop
  endfacet
  facet normal 0 0 1
    outer loop
      vertex 73.19635544800505 -38.91919255495035 10.15
      vertex 73.06762577481528 -15.531003304086623 10.15
      vertex 72.48109075281694 -18.07156560129518 10.15
    endloop
  endfacet
  facet normal 0 0 1
    outer loop
      vertex 73.19635544800505 -38.91919255495035 10.15
      vertex 73.56513915001194 -12.971518871719697 10.15
      vertex 73.06762577481528 -15.531003304086623 10.15
    endloop
  endfacet
  facet normal 0 0 1
    outer loop
      vertex 73.19635544800505 -38.91919255495035 10.15
      vertex 73.9730247349953 -10.396230641716889 10.15
      vertex 73.56513915001194 -12.971518871719697 10.15
    endloop
  endfacet
  facet normal 0 0 1
    outer loop
      vertex 73.9730247349953 -10.396230641716889 10.15
      vertex 74.51002643820095 -36.340968068814526 10.15
      vertex 74.29078558401002 -7.808276206093715 10.15
    endloop
  endfacet
  facet normal 0 0 1
    outer loop
      vertex 74.51002643820095 -36.340968068814526 10.15
      vertex 75.73291843857162 -33.71846771098384 10.15
      vertex 75.47109582469626 -33.311717187007964 10.15
    endloop
  endfacet
  facet normal 0 0 1
    outer loop
      vertex 75.73291843857162 -33.71846771098384 10.15
      vertex 76.48337005421948 -31.736587740089533 10.15
      vertex 75.47109582469626 -33.311717187007964 10.15
    endloop
  endfacet
  facet normal 0 0 1
    outer loop
      vertex 75.73291843857162 -33.71846771098384 10.15
      vertex 76.55471432795233 -31.78243792076205 10.15
      vertex 76.48337005421948 -31.736587740089533 10.15
    endloop
  endfacet
  facet normal 0 0 1
    outer loop
      vertex 74.29078558401002 -7.808276206093715 10.15
      vertex 74.51002643820095 -36.340968068814526 10.15
      vertex 74.51803455440887 -5.21080858868616 10.15
    endloop
  endfacet
  facet normal 0 0 1
    outer loop
      vertex 74.51002643820095 -36.340968068814526 10.15
      vertex 74.65449477832645 -2.6069924036768226 10.15
      vertex 74.51803455440887 -5.21080858868616 10.15
    endloop
  endfacet
  facet normal 0 0 1
    outer loop
      vertex 74.51002643820095 -36.340968068814526 10.15
      vertex 75.47109582469626 -33.311717187007964 10.15
      vertex 79.25624501325511 22.896575476765737 10.15
    endloop
  endfacet
  facet normal 0 0 1
    outer loop
      vertex 75.47109582469626 -33.311717187007964 10.15
      vertex 76.49266800175997 -30.90504395681274 10.15
      vertex 79.25624501325511 22.896575476765737 10.15
    endloop
  endfacet
  facet normal 0 0 1
    outer loop
      vertex 81.5 -14.651515151515152 10.15
      vertex 81.59078557743521 -14.651515151515152 10.15
      vertex 81.64056272471205 -14.395433928588526 10.15
    endloop
  endfacet
  facet normal -0.9816271834476644 0.19080899537654242 3.698765312133255e-18
    outer loop
      vertex 81.59078557743521 -14.651515151515152 10.15
      vertex 81.64056272471205 -14.395433928588526 10.995068035657868
      vertex 81.64056272471205 -14.395433928588526 10.15
    endloop
  endfacet
  facet normal 0 0 1
    outer loop
      vertex 81.5 -14.651515151515152 10.15
      vertex 81.64056272471205 -14.395433928588526 10.15
      vertex 81.5 -12.726320196681506 10.15
    endloop
  endfacet
  facet normal -0.9876883405951375 0.15643446504023176 0
    outer loop
      vertex 81.64056272471205 -14.395433928588526 10.15
      vertex 81.64056272471205 -14.395433928588526 10.995068035657868
      vertex 82.09322289867619 -11.537450069589426 10.15
    endloop
  endfacet
  facet normal 0 0 1
    outer loop
      vertex 76.49266800175997 -30.90504395681274 10.15
      vertex 77.52464121483744 -28.21666182436767 10.15
      vertex 79.25624501325511 22.896575476765737 10.15
    endloop
  endfacet
  facet normal 0 0 1
    outer loop
      vertex 77.52464121483744 -28.21666182436767 10.15
      vertex 78.46216259435016 -25.49390203593316 10.15
      vertex 79.30408991491132 22.74008185490243 10.15
    endloop
  endfacet
  facet normal 0 0 1
    outer loop
      vertex 78.46216259435016 -25.49390203593316 10.15
      vertex 79.30408991491132 -22.74008185490243 10.15
      vertex 80.04939741776971 19.95855638697259 10.15
    endloop
  endfacet
  facet normal 0 0 1
    outer loop
      vertex 79.30408991491132 -22.74008185490243 10.15
      vertex 80.04939741776971 -19.95855638697259 10.15
      vertex 80.69717706053896 17.152714492465147 10.15
    endloop
  endfacet
  facet normal 0 0 1
    outer loop
      vertex 74.51002643820095 -36.340968068814526 10.15
      vertex 79.25624501325511 22.896575476765737 10.15
      vertex 74.65449477832645 -2.6069924036768226 10.15
    endloop
  endfacet
  facet normal 0 0 1
    outer loop
      vertex 80.04939741776971 -19.95855638697259 10.15
      vertex 80.69717706053896 -17.152714492465147 10.15
      vertex 81.24663962350716 14.325974657521753 10.15
    endloop
  endfacet
  facet normal 0 0 1
    outer loop
      vertex 80.69717706053896 -17.152714492465147 10.15
      vertex 81.24663962350716 -14.325974657521753 10.15
      vertex 81.64056272471205 14.395433928588526 10.15
    endloop
  endfacet
  facet normal 0 0 1
    outer loop
      vertex 81.64056272471205 -14.395433928588526 10.15
      vertex 82.09322289867619 -11.537450069589426 10.15
      vertex 82.09322289867619 11.537450069589426 10.15
    endloop
  endfacet
  facet normal -0.9063077870366514 0.4226182617406964 0
    outer loop
      vertex 74.51002643820095 -36.340968068814526 10.15
      vertex 74.51002643820095 -36.340968068814526 17.75
      vertex 75.73291843857162 -33.71846771098384 10.15
    endloop
  endfacet
  facet normal -0.9205048534524409 0.3907311284892722 0
    outer loop
      vertex 75.73291843857162 -33.71846771098384 10.15
      vertex 75.73291843857162 -33.71846771098384 16.990861396952862
      vertex 76.55471432795233 -31.78243792076205 10.15
    endloop
  endfacet
  facet normal -0.9063077870366514 0.4226182617406964 0
    outer loop
      vertex 75.73291843857162 -33.71846771098384 10.15
      vertex 74.51002643820095 -36.340968068814526 17.75
      vertex 75.73291843857162 -33.71846771098384 16.990861396952862
    endloop
  endfacet
  facet normal -0.9063077870366513 0.4226182617406967 1.0399711037234332e-15
    outer loop
      vertex 74.51002643820095 -36.340968068814526 17.75
      vertex 75.63480757368161 -33.92886713971763 17.75
      vertex 75.73291843857162 -33.71846771098384 16.990861396952862
    endloop
  endfacet
  facet normal -0.9876883405951375 0.15643446504023176 4.849626574771416e-18
    outer loop
      vertex 81.64056272471205 -14.395433928588526 10.995068035657868
      vertex 82.09322289867619 -11.537450069589426 17.75
      vertex 82.09322289867619 -11.537450069589426 10.15
    endloop
  endfacet
  facet normal -0.9876883405951368 0.1564344650402366 -2.0705384905280515e-15
    outer loop
      vertex 81.64056272471205 -14.395433928588526 10.995068035657868
      vertex 81.9647676091371 -12.348484848484848 17.75
      vertex 82.09322289867619 -11.537450069589426 17.75
    endloop
  endfacet
  facet normal -0.9925461516413224 0.12186934340514378 0
    outer loop
      vertex 82.09322289867619 -11.537450069589426 10.15
      vertex 82.09322289867619 -11.537450069589426 17.75
      vertex 82.44586512602986 -8.665409604888474 10.15
    endloop
  endfacet
  facet normal -0.9961946980917454 0.08715574274765861 0
    outer loop
      vertex 82.44586512602986 -8.665409604888474 10.15
      vertex 82.44586512602986 -8.665409604888474 17.75
      vertex 82.69805976653943 -5.782811673387988 10.15
    endloop
  endfacet
  facet normal -0.9986295347545737 0.05233595624294624 0
    outer loop
      vertex 82.69805976653943 -5.782811673387988 10.15
      vertex 82.69805976653943 -5.782811673387988 17.75
      vertex 82.84949955988304 -2.8931682766373306 10.15
    endloop
  endfacet
  facet normal -0.9925461516413224 0.12186934340514378 0
    outer loop
      vertex 82.44586512602986 -8.665409604888474 10.15
      vertex 82.09322289867619 -11.537450069589426 17.75
      vertex 82.44586512602986 -8.665409604888474 17.75
    endloop
  endfacet
  facet normal -0.9961946980917454 0.08715574274765861 0
    outer loop
      vertex 82.69805976653943 -5.782811673387988 10.15
      vertex 82.44586512602986 -8.665409604888474 17.75
      vertex 82.69805976653943 -5.782811673387988 17.75
    endloop
  endfacet
  facet normal 0 0 1
    outer loop
      vertex 71.80624868659243 20.590110479529837 10.15
      vertex 79.25624501325511 22.896575476765737 10.15
      vertex 71.762927302911 20.731808340780614 10.15
    endloop
  endfacet
  facet normal 0 0 1
    outer loop
      vertex 81.24663962350716 -14.325974657521753 10.15
      vertex 81.5 -12.726320196681506 10.15
      vertex 81.64056272471205 14.395433928588526 10.15
    endloop
  endfacet
  facet normal 0 0 1
    outer loop
      vertex 81.64056272471205 -14.395433928588526 10.15
      vertex 81.64056272471205 14.395433928588526 10.15
      vertex 81.5 -12.726320196681506 10.15
    endloop
  endfacet
  facet normal 0 0 1
    outer loop
      vertex 82.09322289867619 -11.537450069589426 10.15
      vertex 82.44586512602986 -8.665409604888474 10.15
      vertex 82.44586512602986 8.665409604888474 10.15
    endloop
  endfacet
  facet normal 0 0 1
    outer loop
      vertex 82.44586512602986 -8.665409604888474 10.15
      vertex 82.69805976653943 -5.782811673387988 10.15
      vertex 82.69805976653943 5.782811673387988 10.15
    endloop
  endfacet
  facet normal 0 0 1
    outer loop
      vertex 82.69805976653943 -5.782811673387988 10.15
      vertex 82.84949955988304 -2.8931682766373306 10.15
      vertex 82.84949955988304 2.8931682766373306 10.15
    endloop
  endfacet
  facet normal 0 0 1
    outer loop
      vertex 82.84949955988304 -2.8931682766373306 10.15
      vertex 82.9 0 10.15
      vertex 82.84949955988304 2.8931682766373306 10.15
    endloop
  endfacet
  facet normal 0 0 1
    outer loop
      vertex 82.69805976653943 -5.782811673387988 10.15
      vertex 82.84949955988304 2.8931682766373306 10.15
      vertex 82.69805976653943 5.782811673387988 10.15
    endloop
  endfacet
  facet normal 0 0 1
    outer loop
      vertex 80.69717706053896 -17.152714492465147 10.15
      vertex 81.5 12.726320196681506 10.15
      vertex 81.24663962350716 14.325974657521753 10.15
    endloop
  endfacet
  facet normal 0 0 1
    outer loop
      vertex 80.69717706053896 -17.152714492465147 10.15
      vertex 81.64056272471205 14.395433928588526 10.15
      vertex 81.5 12.726320196681506 10.15
    endloop
  endfacet
  facet normal 0 0 1
    outer loop
      vertex 82.44586512602986 -8.665409604888474 10.15
      vertex 82.69805976653943 5.782811673387988 10.15
      vertex 82.44586512602986 8.665409604888474 10.15
    endloop
  endfacet
  facet normal 0 0 1
    outer loop
      vertex 82.09322289867619 -11.537450069589426 10.15
      vertex 82.44586512602986 8.665409604888474 10.15
      vertex 82.09322289867619 11.537450069589426 10.15
    endloop
  endfacet
  facet normal 0 0 1
    outer loop
      vertex 74.65449477832645 -2.6069924036768226 10.15
      vertex 79.25624501325511 22.896575476765737 10.15
      vertex 74.7 0 10.15
    endloop
  endfacet
  facet normal 0 0 1
    outer loop
      vertex 79.30408991491132 -22.74008185490243 10.15
      vertex 80.69717706053896 17.152714492465147 10.15
      vertex 80.04939741776971 19.95855638697259 10.15
    endloop
  endfacet
  facet normal 0 0 1
    outer loop
      vertex 77.52464121483744 -28.21666182436767 10.15
      vertex 79.30408991491132 22.74008185490243 10.15
      vertex 79.25624501325511 22.896575476765737 10.15
    endloop
  endfacet
  facet normal 0 0 1
    outer loop
      vertex 78.46216259435016 -25.49390203593316 10.15
      vertex 80.04939741776971 19.95855638697259 10.15
      vertex 79.30408991491132 22.74008185490243 10.15
    endloop
  endfacet
  facet normal 0 0 1
    outer loop
      vertex 74.7 0 10.15
      vertex 79.25624501325511 22.896575476765737 10.15
      vertex 74.65449477832645 2.6069924036768226 10.15
    endloop
  endfacet
  facet normal 0 0 1
    outer loop
      vertex 74.65449477832645 2.6069924036768226 10.15
      vertex 79.25624501325511 22.896575476765737 10.15
      vertex 74.51803455440887 5.21080858868616 10.15
    endloop
  endfacet
  facet normal 0 0 1
    outer loop
      vertex 80.04939741776971 -19.95855638697259 10.15
      vertex 81.24663962350716 14.325974657521753 10.15
      vertex 80.69717706053896 17.152714492465147 10.15
    endloop
  endfacet
  facet normal 0 0 1
    outer loop
      vertex 81.64056272471205 -14.395433928588526 10.15
      vertex 82.09322289867619 11.537450069589426 10.15
      vertex 81.64056272471205 14.395433928588526 10.15
    endloop
  endfacet
  facet normal 0 0 1
    outer loop
      vertex 74.29078558401002 7.808276206093715 10.15
      vertex 74.51803455440887 5.21080858868616 10.15
      vertex 79.25624501325511 22.896575476765737 10.15
    endloop
  endfacet
  facet normal 0 0 1
    outer loop
      vertex 74.29078558401002 7.808276206093715 10.15
      vertex 79.25624501325511 22.896575476765737 10.15
      vertex 73.9730247349953 10.396230641716889 10.15
    endloop
  endfacet
  facet normal 0 0 1
    outer loop
      vertex 73.9730247349953 10.396230641716889 10.15
      vertex 79.25624501325511 22.896575476765737 10.15
      vertex 73.56513915001194 12.971518871719697 10.15
    endloop
  endfacet
  facet normal 0 0 1
    outer loop
      vertex 73.56513915001194 12.971518871719697 10.15
      vertex 79.25624501325511 22.896575476765737 10.15
      vertex 73.06762577481528 15.531003304086623 10.15
    endloop
  endfacet
  facet normal 0 0 1
    outer loop
      vertex 73.06762577481528 15.531003304086623 10.15
      vertex 79.25624501325511 22.896575476765737 10.15
      vertex 72.48109075281694 18.07156560129518 10.15
    endloop
  endfacet
  facet normal 0 0 1
    outer loop
      vertex 81.5 12.726320196681506 10.15
      vertex 81.64056272471205 14.395433928588526 10.15
      vertex 81.5 14.651515151515152 10.15
    endloop
  endfacet
  facet normal -0.9816271834476644 -0.19080899537654242 0
    outer loop
      vertex 81.64056272471205 14.395433928588526 10.15
      vertex 81.64056272471205 14.395433928588526 10.995068035657866
      vertex 81.59078557743521 14.651515151515152 10.15
    endloop
  endfacet
  facet normal 0 0 1
    outer loop
      vertex 81.64056272471205 14.395433928588526 10.15
      vertex 81.59078557743521 14.651515151515152 10.15
      vertex 81.5 14.651515151515152 10.15
    endloop
  endfacet
  facet normal 0 0 1
    outer loop
      vertex 72.48109075281694 18.07156560129518 10.15
      vertex 79.25624501325511 22.896575476765737 10.15
      vertex 71.80624868659243 20.590110479529837 10.15
    endloop
  endfacet
  facet normal -0.9998476951563913 0.017452406437283127 0
    outer loop
      vertex 82.84949955988304 -2.8931682766373306 10.15
      vertex 82.84949955988304 -2.8931682766373306 17.75
      vertex 82.9 0 10.15
    endloop
  endfacet
  facet normal -0.9998476951563913 -0.017452406437283127 0
    outer loop
      vertex 82.9 0 10.15
      vertex 82.9 0 17.75
      vertex 82.84949955988304 2.8931682766373306 10.15
    endloop
  endfacet
  facet normal -0.9986295347545737 0.05233595624294624 0
    outer loop
      vertex 82.84949955988304 -2.8931682766373306 10.15
      vertex 82.69805976653943 -5.782811673387988 17.75
      vertex 82.84949955988304 -2.8931682766373306 17.75
    endloop
  endfacet
  facet normal -0.9998476951563913 0.017452406437283127 -2.9983506680680776e-20
    outer loop
      vertex 82.84949955988304 -2.8931682766373306 17.75
      vertex 82.9 0 17.75
      vertex 82.9 0 10.15
    endloop
  endfacet
  facet normal 0 0 -1
    outer loop
      vertex 81.5 -12.348484848484848 17.75
      vertex 81.5 12.348484848484848 17.75
      vertex 81.9647676091371 -12.348484848484848 17.75
    endloop
  endfacet
  facet normal 0 0 -1
    outer loop
      vertex 81.9647676091371 -12.348484848484848 17.75
      vertex 81.5 12.348484848484848 17.75
      vertex 82.09322289867619 -11.537450069589426 17.75
    endloop
  endfacet
  facet normal 0 0 -1
    outer loop
      vertex 82.09322289867619 -11.537450069589426 17.75
      vertex 82.09322289867619 11.537450069589426 17.75
      vertex 82.44586512602986 -8.665409604888474 17.75
    endloop
  endfacet
  facet normal 0 0 -1
    outer loop
      vertex 82.44586512602986 -8.665409604888474 17.75
      vertex 82.44586512602986 8.665409604888474 17.75
      vertex 82.69805976653943 -5.782811673387988 17.75
    endloop
  endfacet
  facet normal 0 0 -1
    outer loop
      vertex 82.69805976653943 -5.782811673387988 17.75
      vertex 82.69805976653943 5.782811673387988 17.75
      vertex 82.84949955988304 -2.8931682766373306 17.75
    endloop
  endfacet
  facet normal -0.9998476951563913 -0.017452406437283127 0
    outer loop
      vertex 82.84949955988304 2.8931682766373306 10.15
      vertex 82.9 0 17.75
      vertex 82.84949955988304 2.8931682766373306 17.75
    endloop
  endfacet
  facet normal 0 0 -1
    outer loop
      vertex 82.84949955988304 -2.8931682766373306 17.75
      vertex 82.84949955988304 2.8931682766373306 17.75
      vertex 82.9 0 17.75
    endloop
  endfacet
  facet normal 0 0 -1
    outer loop
      vertex 82.84949955988304 -2.8931682766373306 17.75
      vertex 82.69805976653943 5.782811673387988 17.75
      vertex 82.84949955988304 2.8931682766373306 17.75
    endloop
  endfacet
  facet normal 0 0 -1
    outer loop
      vertex 82.69805976653943 -5.782811673387988 17.75
      vertex 82.44586512602986 8.665409604888474 17.75
      vertex 82.69805976653943 5.782811673387988 17.75
    endloop
  endfacet
  facet normal -0.9986295347545737 -0.05233595624294624 0
    outer loop
      vertex 82.84949955988304 2.8931682766373306 10.15
      vertex 82.84949955988304 2.8931682766373306 17.75
      vertex 82.69805976653943 5.782811673387988 10.15
    endloop
  endfacet
  facet normal -0.9961946980917454 -0.08715574274765861 0
    outer loop
      vertex 82.69805976653943 5.782811673387988 10.15
      vertex 82.69805976653943 5.782811673387988 17.75
      vertex 82.44586512602986 8.665409604888474 10.15
    endloop
  endfacet
  facet normal -0.9925461516413224 -0.12186934340514378 0
    outer loop
      vertex 82.44586512602986 8.665409604888474 10.15
      vertex 82.44586512602986 8.665409604888474 17.75
      vertex 82.09322289867619 11.537450069589426 10.15
    endloop
  endfacet
  facet normal -0.9986295347545737 -0.05233595624294624 0
    outer loop
      vertex 82.69805976653943 5.782811673387988 10.15
      vertex 82.84949955988304 2.8931682766373306 17.75
      vertex 82.69805976653943 5.782811673387988 17.75
    endloop
  endfacet
  facet normal 0 0 -1
    outer loop
      vertex 82.09322289867619 -11.537450069589426 17.75
      vertex 81.5 12.348484848484848 17.75
      vertex 82.09322289867619 11.537450069589426 17.75
    endloop
  endfacet
  facet normal 0 0 -1
    outer loop
      vertex 82.44586512602986 -8.665409604888474 17.75
      vertex 82.09322289867619 11.537450069589426 17.75
      vertex 82.44586512602986 8.665409604888474 17.75
    endloop
  endfacet
  facet normal -0.9961946980917454 -0.08715574274765861 0
    outer loop
      vertex 82.44586512602986 8.665409604888474 10.15
      vertex 82.69805976653943 5.782811673387988 17.75
      vertex 82.44586512602986 8.665409604888474 17.75
    endloop
  endfacet
  facet normal -0.9925461516413224 -0.12186934340514378 0
    outer loop
      vertex 82.09322289867619 11.537450069589426 10.15
      vertex 82.44586512602986 8.665409604888474 17.75
      vertex 82.09322289867619 11.537450069589426 17.75
    endloop
  endfacet
  facet normal -0.9876883405951375 -0.15643446504023176 0
    outer loop
      vertex 82.09322289867619 11.537450069589426 10.15
      vertex 82.09322289867619 11.537450069589426 17.75
      vertex 81.64056272471205 14.395433928588526 10.15
    endloop
  endfacet
  facet normal -0.9876883405951375 -0.15643446504023176 0
    outer loop
      vertex 81.64056272471205 14.395433928588526 10.15
      vertex 82.09322289867619 11.537450069589426 17.75
      vertex 81.64056272471205 14.395433928588526 10.995068035657866
    endloop
  endfacet
  facet normal -0.9876883405951368 -0.15643446504023653 -2.0546205481197742e-15
    outer loop
      vertex 81.64056272471205 14.395433928588526 10.995068035657866
      vertex 82.09322289867619 11.537450069589426 17.75
      vertex 81.9647676091371 12.348484848484848 17.75
    endloop
  endfacet
  facet normal 0 0 -1
    outer loop
      vertex 81.5 12.348484848484848 17.75
      vertex 81.9647676091371 12.348484848484848 17.75
      vertex 82.09322289867619 11.537450069589426 17.75
    endloop
  endfacet
  facet normal 0 0 1
    outer loop
      vertex -63.008205081706286 -53.85868703770438 -17.75
      vertex -60.92864556008331 -55.044982970419206 -17.75
      vertex -62.703511984703155 -53.507052458881034 -17.75
    endloop
  endfacet
  facet normal 0.7547095802227722 0.6560590289905069 -1.7392828672723797e-15
    outer loop
      vertex -63.008205081706286 -53.85868703770438 -17.75
      vertex -63.50508433456328 -53.28709284301411 -15.275558103570631
      vertex -61.606706032075984 -55.47092726714935 -17.75
    endloop
  endfacet
  facet normal 0 0 1
    outer loop
      vertex -59.63326944807419 -57.58717891105088 -17.75
      vertex -60.92864556008331 -55.044982970419206 -17.75
      vertex -61.606706032075984 -55.47092726714935 -17.75
    endloop
  endfacet
  facet normal 0 0 1
    outer loop
      vertex -63.008205081706286 -53.85868703770438 -17.75
      vertex -61.606706032075984 -55.47092726714935 -17.75
      vertex -60.92864556008331 -55.044982970419206 -17.75
    endloop
  endfacet
  facet normal 0 0 1
    outer loop
      vertex -59.63326944807419 -57.58717891105088 -17.75
      vertex -60.853918247674116 -54.95874305463491 -17.75
      vertex -60.92864556008331 -55.044982970419206 -17.75
    endloop
  endfacet
  facet normal 0 0 1
    outer loop
      vertex -53.28709284301411 -63.50508433456328 -17.75
      vertex -52.18159613718411 -37.91214877286452 -17.75
      vertex -55.47092726714935 -61.606706032075984 -17.75
    endloop
  endfacet
  facet normal 0 0 1
    outer loop
      vertex -53.28709284301411 -63.50508433456328 -17.75
      vertex -51.03833630449708 -65.32609147399725 -17.75
      vertex -50.826693607633565 -39.71016515850496 -17.75
    endloop
  endfacet
  facet normal 0 0 1
    outer loop
      vertex -64.6168817957512 -50.48424097670398 -17.75
      vertex -62.8156443357562 -52.70858399429622 -17.75
      vertex -61.3431453010374 -19.93159613718411 -17.75
    endloop
  endfacet
  facet normal 0 0 1
    outer loop
      vertex -64.6168817957512 -50.48424097670398 -17.75
      vertex -63.09052024733047 -13.410304057745478 -17.75
      vertex -66.3393935387457 -48.198390687982794 -17.75
    endloop
  endfacet
  facet normal 0 0 1
    outer loop
      vertex -57.58717891105088 -59.63326944807419 -17.75
      vertex -55.47092726714935 -61.606706032075984 -17.75
      vertex -54.69910220208948 -34.179792543041714 -17.75
    endloop
  endfacet
  facet normal 0 0 1
    outer loop
      vertex -59.63326944807419 -57.58717891105088 -17.75
      vertex -57.58717891105088 -59.63326944807419 -17.75
      vertex -56.95011973940079 -30.280915799689957 -17.75
    endloop
  endfacet
  facet normal 0 0 1
    outer loop
      vertex -62.8156443357562 -52.70858399429622 -17.75
      vertex -60.93787568914633 -54.86870972142638 -17.75
      vertex -58.923682017947755 -26.234513478389115 -17.75
    endloop
  endfacet
  facet normal 0 0 1
    outer loop
      vertex -59.63326944807419 -57.58717891105088 -17.75
      vertex -58.923682017947755 -26.234513478389115 -17.75
      vertex -60.853918247674116 -54.95874305463491 -17.75
    endloop
  endfacet
  facet normal 0 0 1
    outer loop
      vertex -60.93787568914633 -54.86870972142638 -17.75
      vertex -60.853918247674116 -54.95874305463491 -17.75
      vertex -58.923682017947755 -26.234513478389115 -17.75
    endloop
  endfacet
  facet normal 0 0 1
    outer loop
      vertex -51.03833630449708 -65.32609147399725 -17.75
      vertex -49.40986658117408 -41.45980082478178 -17.75
      vertex -50.826693607633565 -39.71016515850496 -17.75
    endloop
  endfacet
  facet normal 0 0 1
    outer loop
      vertex -55.47092726714935 -61.606706032075984 -17.75
      vertex -52.18159613718411 -37.91214877286452 -17.75
      vertex -53.47292342980019 -36.067942273863174 -17.75
    endloop
  endfacet
  facet normal 0 0 1
    outer loop
      vertex -53.28709284301411 -63.50508433456328 -17.75
      vertex -50.826693607633565 -39.71016515850496 -17.75
      vertex -52.18159613718411 -37.91214877286452 -17.75
    endloop
  endfacet
  facet normal 0 0 1
    outer loop
      vertex -57.58717891105088 -59.63326944807419 -17.75
      vertex -54.69910220208948 -34.179792543041714 -17.75
      vertex -55.85863854409629 -32.25 -17.75
    endloop
  endfacet
  facet normal 0 0 1
    outer loop
      vertex -57.58717891105088 -59.63326944807419 -17.75
      vertex -55.85863854409629 -32.25 -17.75
      vertex -56.95011973940079 -30.280915799689957 -17.75
    endloop
  endfacet
  facet normal 0 0 1
    outer loop
      vertex -59.63326944807419 -57.58717891105088 -17.75
      vertex -56.95011973940079 -30.280915799689957 -17.75
      vertex -57.97221598629628 -28.274938967895498 -17.75
    endloop
  endfacet
  facet normal 0 0 1
    outer loop
      vertex -59.63326944807419 -57.58717891105088 -17.75
      vertex -57.97221598629628 -28.274938967895498 -17.75
      vertex -58.923682017947755 -26.234513478389115 -17.75
    endloop
  endfacet
  facet normal 0 0 1
    outer loop
      vertex -55.47092726714935 -61.606706032075984 -17.75
      vertex -53.47292342980019 -36.067942273863174 -17.75
      vertex -54.69910220208948 -34.179792543041714 -17.75
    endloop
  endfacet
  facet normal 0.7547095802227732 0.6560590289905059 -2.3398756214374426e-17
    outer loop
      vertex -61.606706032075984 -55.47092726714935 -17.75
      vertex -63.50508433456328 -53.28709284301411 -15.275558103570631
      vertex -63.50508433456328 -53.28709284301411 -10.15
    endloop
  endfacet
  facet normal 0.7547095802227731 0.6560590289905058 0
    outer loop
      vertex -61.606706032075984 -55.47092726714935 -17.75
      vertex -63.50508433456328 -53.28709284301411 -10.15
      vertex -61.606706032075984 -55.47092726714935 -10.15
    endloop
  endfacet
  facet normal 0.7771459614569727 0.6293203910498354 0
    outer loop
      vertex -63.50508433456328 -53.28709284301411 -15.275558103570631
      vertex -64.49790231317245 -52.06106474427276 -10.15
      vertex -63.50508433456328 -53.28709284301411 -10.15
    endloop
  endfacet
  facet normal 0 0 -1
    outer loop
      vertex -63.50508433456328 -53.28709284301411 -10.15
      vertex -64.49790231317245 -52.06106474427276 -10.15
      vertex -64.44402615594326 -51.99888834434038 -10.15
    endloop
  endfacet
  facet normal 0 0 -1
    outer loop
      vertex -63.50508433456328 -53.28709284301411 -10.15
      vertex -64.44402615594326 -51.99888834434038 -10.15
      vertex -61.606706032075984 -55.47092726714935 -10.15
    endloop
  endfacet
  facet normal 0 0 -1
    outer loop
      vertex -63.02949797986478 -53.22458398613353 -10.15
      vertex -61.606706032075984 -55.47092726714935 -10.15
      vertex -64.44402615594326 -51.99888834434038 -10.15
    endloop
  endfacet
  facet normal 0.6819983600624974 0.7313537016191713 8.796100565752684e-18
    outer loop
      vertex -57.58717891105088 -59.63326944807419 -17.75
      vertex -55.47092726714935 -61.606706032075984 -10.15
      vertex -55.47092726714935 -61.606706032075984 -17.75
    endloop
  endfacet
  facet normal 0.6819983600624974 0.7313537016191713 0
    outer loop
      vertex -57.58717891105088 -59.63326944807419 -17.75
      vertex -57.58717891105088 -59.63326944807419 -10.15
      vertex -55.47092726714935 -61.606706032075984 -10.15
    endloop
  endfacet
  facet normal 0.6293203910498396 0.7771459614569689 8.63699262597836e-18
    outer loop
      vertex -53.28709284301411 -63.50508433456328 -17.75
      vertex -51.03833630449708 -65.32609147399725 -10.15
      vertex -51.03833630449708 -65.32609147399725 -17.75
    endloop
  endfacet
  facet normal 0.6018150231520492 0.7986355100472922 0
    outer loop
      vertex -51.03833630449708 -65.32609147399725 -17.75
      vertex -51.03833630449708 -65.32609147399725 -10.15
      vertex -48.72739741504603 -67.06750883368315 -10.15
    endloop
  endfacet
  facet normal 0.6560590289905058 0.7547095802227731 0
    outer loop
      vertex -53.28709284301411 -63.50508433456328 -17.75
      vertex -55.47092726714935 -61.606706032075984 -17.75
      vertex -53.28709284301411 -63.50508433456328 -10.15
    endloop
  endfacet
  facet normal 0.6560590289905058 0.7547095802227731 0
    outer loop
      vertex -55.47092726714935 -61.606706032075984 -17.75
      vertex -55.47092726714935 -61.606706032075984 -10.15
      vertex -53.28709284301411 -63.50508433456328 -10.15
    endloop
  endfacet
  facet normal 0.6293203910498396 0.7771459614569689 0
    outer loop
      vertex -53.28709284301411 -63.50508433456328 -17.75
      vertex -53.28709284301411 -63.50508433456328 -10.15
      vertex -51.03833630449708 -65.32609147399725 -10.15
    endloop
  endfacet
  facet normal 0 0 -1
    outer loop
      vertex -51.03833630449708 -65.32609147399725 -10.15
      vertex -49.98405629500671 -55.512918463161355 -10.15
      vertex -48.72739741504603 -67.06750883368315 -10.15
    endloop
  endfacet
  facet normal 0 0 -1
    outer loop
      vertex -53.28709284301411 -63.50508433456328 -10.15
      vertex -51.8909802732871 -53.73468308529725 -10.15
      vertex -51.03833630449708 -65.32609147399725 -10.15
    endloop
  endfacet
  facet normal 0.7071067811865475 0.7071067811865475 0
    outer loop
      vertex -59.63326944807419 -57.58717891105088 -17.75
      vertex -59.63326944807419 -57.58717891105088 -10.15
      vertex -57.58717891105088 -59.63326944807419 -17.75
    endloop
  endfacet
  facet normal 0.7313537016191713 0.6819983600624974 0
    outer loop
      vertex -59.63326944807419 -57.58717891105088 -17.75
      vertex -61.606706032075984 -55.47092726714935 -10.15
      vertex -59.63326944807419 -57.58717891105088 -10.15
    endloop
  endfacet
  facet normal 0.7071067811865475 0.7071067811865475 0
    outer loop
      vertex -57.58717891105088 -59.63326944807419 -17.75
      vertex -59.63326944807419 -57.58717891105088 -10.15
      vertex -57.58717891105088 -59.63326944807419 -10.15
    endloop
  endfacet
  facet normal 0.7313537016191713 0.6819983600624974 8.796100565752684e-18
    outer loop
      vertex -59.63326944807419 -57.58717891105088 -17.75
      vertex -61.606706032075984 -55.47092726714935 -17.75
      vertex -61.606706032075984 -55.47092726714935 -10.15
    endloop
  endfacet
  facet normal 0 0 -1
    outer loop
      vertex -57.58717891105088 -59.63326944807419 -10.15
      vertex -57.22351990098766 -48.01623444358449 -10.15
      vertex -55.47092726714935 -61.606706032075984 -10.15
    endloop
  endfacet
  facet normal 0 0 -1
    outer loop
      vertex -59.63326944807419 -57.58717891105088 -10.15
      vertex -61.606706032075984 -55.47092726714935 -10.15
      vertex -60.433569479808575 -43.90755834624775 -10.15
    endloop
  endfacet
  facet normal 0 0 -1
    outer loop
      vertex -59.63326944807419 -57.58717891105088 -10.15
      vertex -58.864403294422125 -45.98991220682667 -10.15
      vertex -57.58717891105088 -59.63326944807419 -10.15
    endloop
  endfacet
  facet normal 0 0 -1
    outer loop
      vertex -55.47092726714935 -61.606706032075984 -10.15
      vertex -57.22351990098766 -48.01623444358449 -10.15
      vertex -55.512918463161355 -49.98405629500671 -10.15
    endloop
  endfacet
  facet normal 0 0 -1
    outer loop
      vertex -53.28709284301411 -63.50508433456328 -10.15
      vertex -55.47092726714935 -61.606706032075984 -10.15
      vertex -55.512918463161355 -49.98405629500671 -10.15
    endloop
  endfacet
  facet normal 0 0 -1
    outer loop
      vertex -53.28709284301411 -63.50508433456328 -10.15
      vertex -53.73468308529725 -51.8909802732871 -10.15
      vertex -51.8909802732871 -53.73468308529725 -10.15
    endloop
  endfacet
  facet normal 0 0 -1
    outer loop
      vertex -51.03833630449708 -65.32609147399725 -10.15
      vertex -51.8909802732871 -53.73468308529725 -10.15
      vertex -49.98405629500671 -55.512918463161355 -10.15
    endloop
  endfacet
  facet normal 0 0 -1
    outer loop
      vertex -53.28709284301411 -63.50508433456328 -10.15
      vertex -55.512918463161355 -49.98405629500671 -10.15
      vertex -53.73468308529725 -51.8909802732871 -10.15
    endloop
  endfacet
  facet normal 0 0 -1
    outer loop
      vertex -63.02949797986478 -53.22458398613353 -10.15
      vertex -63.34919278288502 -39.58496903822041 -10.15
      vertex -61.606706032075984 -55.47092726714935 -10.15
    endloop
  endfacet
  facet normal 0 0 -1
    outer loop
      vertex -63.02949797986478 -53.22458398613353 -10.15
      vertex -63.19866655731568 -53.02997779913949 -10.15
      vertex -63.34919278288502 -39.58496903822041 -10.15
    endloop
  endfacet
  facet normal 0 0 -1
    outer loop
      vertex -65.01088717255456 -50.792071714366806 -10.15
      vertex -66.74390203593316 -48.49228331412903 -10.15
      vertex -65.95618518656185 -35.069525740106045 -10.15
    endloop
  endfacet
  facet normal 0 0 -1
    outer loop
      vertex -65.01088717255456 -50.792071714366806 -10.15
      vertex -64.69209766269756 -37.35 -10.15
      vertex -63.19866655731568 -53.02997779913949 -10.15
    endloop
  endfacet
  facet normal 0 0 -1
    outer loop
      vertex -61.606706032075984 -55.47092726714935 -10.15
      vertex -63.34919278288502 -39.58496903822041 -10.15
      vertex -61.92910666986162 -41.7717098892648 -10.15
    endloop
  endfacet
  facet normal 0.8910065241883652 0.45399049973955186 0
    outer loop
      vertex -74.51002643820095 -36.340968068814526 -12.705889249855803
      vertex -74.51002643820095 -36.340968068814526 -10.15
      vertex -74.1522583699103 -37.043127438176036 -10.15
    endloop
  endfacet
  facet normal 0 0 -1
    outer loop
      vertex -74.61228234020388 -35.17534309963013 -10.15
      vertex -74.07086852434422 -37.01922922326167 -10.15
      vertex -74.1522583699103 -37.043127438176036 -10.15
    endloop
  endfacet
  facet normal 0 0 -1
    outer loop
      vertex -68.39559973579094 -46.133414536336616 -10.15
      vertex -69.96396793290513 -43.7183392992394 -10.15
      vertex -69.26063393613903 -27.98311252816863 -10.15
    endloop
  endfacet
  facet normal 0 0 -1
    outer loop
      vertex -68.39559973579094 -46.133414536336616 -10.15
      vertex -68.24184568590229 -30.383227237762277 -10.15
      vertex -66.74390203593316 -48.49228331412903 -10.15
    endloop
  endfacet
  facet normal 0 0 -1
    outer loop
      vertex -65.01088717255456 -50.792071714366806 -10.15
      vertex -65.95618518656185 -35.069525740106045 -10.15
      vertex -64.69209766269756 -37.35 -10.15
    endloop
  endfacet
  facet normal 0 0 -1
    outer loop
      vertex -63.19866655731568 -53.02997779913949 -10.15
      vertex -64.69209766269756 -37.35 -10.15
      vertex -63.34919278288502 -39.58496903822041 -10.15
    endloop
  endfacet
  facet normal 0 0 -1
    outer loop
      vertex -66.74390203593316 -48.49228331412903 -10.15
      vertex -67.13991525854777 -32.74632466514409 -10.15
      vertex -65.95618518656185 -35.069525740106045 -10.15
    endloop
  endfacet
  facet normal 0 0 -1
    outer loop
      vertex -66.74390203593316 -48.49228331412903 -10.15
      vertex -68.24184568590229 -30.383227237762277 -10.15
      vertex -67.13991525854777 -32.74632466514409 -10.15
    endloop
  endfacet
  facet normal 0 0 -1
    outer loop
      vertex -59.63326944807419 -57.58717891105088 -10.15
      vertex -60.433569479808575 -43.90755834624775 -10.15
      vertex -58.864403294422125 -45.98991220682667 -10.15
    endloop
  endfacet
  facet normal 0 0 -1
    outer loop
      vertex -57.58717891105088 -59.63326944807419 -10.15
      vertex -58.864403294422125 -45.98991220682667 -10.15
      vertex -57.22351990098766 -48.01623444358449 -10.15
    endloop
  endfacet
  facet normal 0 0 -1
    outer loop
      vertex -61.606706032075984 -55.47092726714935 -10.15
      vertex -61.92910666986162 -41.7717098892648 -10.15
      vertex -60.433569479808575 -43.90755834624775 -10.15
    endloop
  endfacet
  facet normal 0 0 1
    outer loop
      vertex -44.34520312992376 -70.0337504774103 -17.75
      vertex -45.813654072998155 -68.14219764932491 -17.75
      vertex -46.35709169772492 -68.72721476481297 -17.75
    endloop
  endfacet
  facet normal 0 0 1
    outer loop
      vertex -44.34520312992376 -70.0337504774103 -17.75
      vertex -44.038787648378296 -69.68012816086309 -17.75
      vertex -45.813654072998155 -68.14219764932491 -17.75
    endloop
  endfacet
  facet normal 0.5446390350150233 0.8386705679454265 -3.9490576745385234e-15
    outer loop
      vertex -44.34520312992376 -70.0337504774103 -17.75
      vertex -46.35709169772492 -68.72721476481297 -17.75
      vertex -43.930307004932686 -70.30318717136771 -16.13299643263406
    endloop
  endfacet
  facet normal 0 0 1
    outer loop
      vertex -35.94643403670435 -73.70111179653169 -17.75
      vertex -33.35240473221562 -74.91072752669326 -17.75
      vertex -30.280915799689957 -56.95011973940079 -17.75
    endloop
  endfacet
  facet normal 0 0 1
    outer loop
      vertex -30.717740660104784 -76.02907607447656 -17.75
      vertex -28.274938967895498 -57.97221598629628 -17.75
      vertex -33.35240473221562 -74.91072752669326 -17.75
    endloop
  endfacet
  facet normal 0 0 1
    outer loop
      vertex -30.717740660104784 -76.02907607447656 -17.75
      vertex -28.045651752704835 -77.05479490444449 -17.75
      vertex -24.162125275326325 -59.80335861955779 -17.75
    endloop
  endfacet
  facet normal 0 0 1
    outer loop
      vertex -28.045651752704835 -77.05479490444449 -17.75
      vertex -25.339393538745686 -77.98663433620258 -17.75
      vertex -22.060299244505632 -60.61017404069109 -17.75
    endloop
  endfacet
  facet normal 0 0 1
    outer loop
      vertex -23.887371893398797 -79.37154114663817 -17.75
      vertex -22.850336797229232 -79.68859459328664 -17.75
      vertex -21.496873738082073 -79.24729913056316 -17.75
    endloop
  endfacet
  facet normal 0 0 1
    outer loop
      vertex -23.887371893398797 -79.37154114663817 -17.75
      vertex -21.496873738082073 -79.24729913056316 -17.75
      vertex -23.82145439704487 -78.91307488916378 -17.75
    endloop
  endfacet
  facet normal 0 0 1
    outer loop
      vertex -22.850336797229232 -79.68859459328664 -17.75
      vertex -20.055325145212457 -80.43751570828012 -17.75
      vertex -21.496873738082073 -79.24729913056316 -17.75
    endloop
  endfacet
  facet normal 0 0 1
    outer loop
      vertex -21.496873738082073 -79.24729913056316 -17.75
      vertex -20.055325145212457 -80.43751570828012 -17.75
      vertex -21.47920101841464 -79.12438266538342 -17.75
    endloop
  endfacet
  facet normal 0 0 1
    outer loop
      vertex -25.339393538745686 -77.98663433620258 -17.75
      vertex -22.602263176993933 -78.82345906694215 -17.75
      vertex -19.93159613718411 -61.3431453010374 -17.75
    endloop
  endfacet
  facet normal 0 0 1
    outer loop
      vertex -21.47920101841464 -79.12438266538342 -17.75
      vertex -20.055325145212457 -80.43751570828012 -17.75
      vertex -19.93159613718411 -61.3431453010374 -17.75
    endloop
  endfacet
  facet normal 0 0 1
    outer loop
      vertex -22.602263176993933 -78.82345906694215 -17.75
      vertex -21.47920101841464 -79.12438266538342 -17.75
      vertex -19.93159613718411 -61.3431453010374 -17.75
    endloop
  endfacet
  facet normal 0 0 1
    outer loop
      vertex -20.055325145212457 -80.43751570828012 -17.75
      vertex -17.235879168792252 -81.0884361008325 -17.75
      vertex -15.603962266178568 -62.58407434480177 -17.75
    endloop
  endfacet
  facet normal 0 0 1
    outer loop
      vertex -14.395433928588526 -81.64056272471205 -17.75
      vertex -13.410304057745478 -63.09052024733047 -17.75
      vertex -17.235879168792252 -81.0884361008325 -17.75
    endloop
  endfacet
  facet normal 0 0 1
    outer loop
      vertex -20.055325145212457 -80.43751570828012 -17.75
      vertex -15.603962266178568 -62.58407434480177 -17.75
      vertex -17.778609450196445 -62.00137938802157 -17.75
    endloop
  endfacet
  facet normal 0 0 1
    outer loop
      vertex -17.235879168792252 -81.0884361008325 -17.75
      vertex -13.410304057745478 -63.09052024733047 -17.75
      vertex -15.603962266178568 -62.58407434480177 -17.75
    endloop
  endfacet
  facet normal 0 0 1
    outer loop
      vertex -14.395433928588526 -81.64056272471205 -17.75
      vertex -11.200307459517006 -63.520100069287416 -17.75
      vertex -13.410304057745478 -63.09052024733047 -17.75
    endloop
  endfacet
  facet normal 0 0 1
    outer loop
      vertex -8.665409604888474 -82.44586512602986 -17.75
      vertex -5.782811673387988 -82.69805976653943 -17.75
      vertex -4.499292556496082 -64.34288124175866 -17.75
    endloop
  endfacet
  facet normal 0 0 1
    outer loop
      vertex -2.8931682766373306 -82.84949955988304 -17.75
      vertex 0 -82.9 -17.75
      vertex -1.7004449004634186 -82.09359589602886 -17.75
    endloop
  endfacet
  facet normal 0 0 1
    outer loop
      vertex -1.7004449004634186 -82.09359589602886 -17.75
      vertex 0 -82.9 -17.75
      vertex 0.6241357584993766 -82.42782013742823 -17.75
    endloop
  endfacet
  facet normal 0 0 1
    outer loop
      vertex -5.782811673387988 -82.69805976653943 -17.75
      vertex -2.8931682766373306 -82.84949955988304 -17.75
      vertex -2.2510175373113124 -64.46070834273168 -17.75
    endloop
  endfacet
  facet normal 0 0 1
    outer loop
      vertex -2.8931682766373306 -82.84949955988304 -17.75
      vertex -1.7004449004634186 -82.09359589602886 -17.75
      vertex 0 -64.5 -17.75
    endloop
  endfacet
  facet normal 0 0 1
    outer loop
      vertex -14.395433928588526 -81.64056272471205 -17.75
      vertex -11.537450069589426 -82.09322289867619 -17.75
      vertex -11.200307459517006 -63.520100069287416 -17.75
    endloop
  endfacet
  facet normal 0 0 1
    outer loop
      vertex -11.537450069589426 -82.09322289867619 -17.75
      vertex -8.665409604888474 -82.44586512602986 -17.75
      vertex -6.742085880763649 -64.14666225125363 -17.75
    endloop
  endfacet
  facet normal 0 0 1
    outer loop
      vertex -11.537450069589426 -82.09322289867619 -17.75
      vertex -8.97666501192422 -63.87229043383129 -17.75
      vertex -11.200307459517006 -63.520100069287416 -17.75
    endloop
  endfacet
  facet normal 0 0 1
    outer loop
      vertex -8.665409604888474 -82.44586512602986 -17.75
      vertex -4.499292556496082 -64.34288124175866 -17.75
      vertex -6.742085880763649 -64.14666225125363 -17.75
    endloop
  endfacet
  facet normal 0 0 1
    outer loop
      vertex -11.537450069589426 -82.09322289867619 -17.75
      vertex -6.742085880763649 -64.14666225125363 -17.75
      vertex -8.97666501192422 -63.87229043383129 -17.75
    endloop
  endfacet
  facet normal 0 0 1
    outer loop
      vertex -1.7004449004634186 -82.09359589602886 -17.75
      vertex -1.682764675924702 -81.97062723332283 -17.75
      vertex 0 -64.5 -17.75
    endloop
  endfacet
  facet normal 0 0 1
    outer loop
      vertex -1.682764675924702 -81.97062723332283 -17.75
      vertex 0 -82 -17.75
      vertex 0 -64.5 -17.75
    endloop
  endfacet
  facet normal 0 0 1
    outer loop
      vertex -5.782811673387988 -82.69805976653943 -17.75
      vertex -2.2510175373113124 -64.46070834273168 -17.75
      vertex -4.499292556496082 -64.34288124175866 -17.75
    endloop
  endfacet
  facet normal 0 0 1
    outer loop
      vertex -2.8931682766373306 -82.84949955988304 -17.75
      vertex 0 -64.5 -17.75
      vertex -2.2510175373113124 -64.46070834273168 -17.75
    endloop
  endfacet
  facet normal 0.5446390350150215 0.8386705679454277 0
    outer loop
      vertex -43.930307004932686 -70.30318717136771 -16.13299643263406
      vertex -46.35709169772492 -68.72721476481297 -17.75
      vertex -43.930307004932686 -70.30318717136771 -10.15
    endloop
  endfacet
  facet normal 0.5446390350150214 0.8386705679454277 0
    outer loop
      vertex -46.35709169772492 -68.72721476481297 -17.75
      vertex -46.35709169772492 -68.72721476481297 -10.15
      vertex -43.930307004932686 -70.30318717136771 -10.15
    endloop
  endfacet
  facet normal 0.5150380749100539 0.8571673007021123 0
    outer loop
      vertex -43.930307004932686 -70.30318717136771 -16.13299643263406
      vertex -43.930307004932686 -70.30318717136771 -10.15
      vertex -42.352702998308985 -71.25110729136799 -10.15
    endloop
  endfacet
  facet normal 0 0 -1
    outer loop
      vertex -43.69511389378549 -69.97792316440334 -10.15
      vertex -42.29827347713819 -71.18829227540374 -10.15
      vertex -42.352702998308985 -71.25110729136799 -10.15
    endloop
  endfacet
  facet normal 0 0 -1
    outer loop
      vertex -43.930307004932686 -70.30318717136771 -10.15
      vertex -43.69511389378549 -69.97792316440334 -10.15
      vertex -42.352702998308985 -71.25110729136799 -10.15
    endloop
  endfacet
  facet normal 0 0 -1
    outer loop
      vertex -38.73140392983599 -72.84317641086147 -10.15
      vertex -37.35 -64.69209766269756 -10.15
      vertex -36.165619610098894 -74.15050881968128 -10.15
    endloop
  endfacet
  facet normal 0 0 -1
    outer loop
      vertex -41.25 -71.44709581221619 -10.15
      vertex -39.58496903822041 -63.34919278288502 -10.15
      vertex -38.73140392983599 -72.84317641086147 -10.15
    endloop
  endfacet
  facet normal 0.3255681544571376 0.9455185755993233 0
    outer loop
      vertex -25.61750883368314 -78.84258520086823 -11.850243761493145
      vertex -26.113478505662382 -78.67180914745157 -10.15
      vertex -25.61750883368314 -78.84258520086823 -10.15
    endloop
  endfacet
  facet normal 0 0 -1
    outer loop
      vertex -26.113478505662382 -78.67180914745157 -10.15
      vertex -26.10104317228581 -78.58531950404955 -10.15
      vertex -25.61750883368314 -78.84258520086823 -10.15
    endloop
  endfacet
  facet normal 0 0 -1
    outer loop
      vertex -33.55577305375352 -75.36750025551457 -10.15
      vertex -32.74632466514409 -67.13991525854777 -10.15
      vertex -30.90504395681274 -76.49266800175997 -10.15
    endloop
  endfacet
  facet normal 0 0 -1
    outer loop
      vertex -33.55577305375352 -75.36750025551457 -10.15
      vertex -36.165619610098894 -74.15050881968128 -10.15
      vertex -35.069525740106045 -65.95618518656185 -10.15
    endloop
  endfacet
  facet normal 0 0 -1
    outer loop
      vertex -37.35 -64.69209766269756 -10.15
      vertex -35.069525740106045 -65.95618518656185 -10.15
      vertex -36.165619610098894 -74.15050881968128 -10.15
    endloop
  endfacet
  facet normal 0 0 -1
    outer loop
      vertex -30.90504395681274 -76.49266800175997 -10.15
      vertex -32.74632466514409 -67.13991525854777 -10.15
      vertex -30.383227237762277 -68.24184568590229 -10.15
    endloop
  endfacet
  facet normal 0 0 -1
    outer loop
      vertex -33.55577305375352 -75.36750025551457 -10.15
      vertex -35.069525740106045 -65.95618518656185 -10.15
      vertex -32.74632466514409 -67.13991525854777 -10.15
    endloop
  endfacet
  facet normal 0 0 -1
    outer loop
      vertex -30.90504395681274 -76.49266800175997 -10.15
      vertex -30.383227237762277 -68.24184568590229 -10.15
      vertex -28.21666182436767 -77.52464121483744 -10.15
    endloop
  endfacet
  facet normal 0 0 -1
    outer loop
      vertex -28.21666182436767 -77.52464121483744 -10.15
      vertex -27.98311252816863 -69.26063393613903 -10.15
      vertex -25.49390203593316 -78.46216259435016 -10.15
    endloop
  endfacet
  facet normal 0 0 -1
    outer loop
      vertex -25.49390203593316 -78.46216259435016 -10.15
      vertex -25.548904706427454 -70.19503877270736 -10.15
      vertex -24.194442177426787 -78.8594473424195 -10.15
    endloop
  endfacet
  facet normal 0 0 -1
    outer loop
      vertex -25.49390203593316 -78.46216259435016 -10.15
      vertex -27.98311252816863 -69.26063393613903 -10.15
      vertex -25.548904706427454 -70.19503877270736 -10.15
    endloop
  endfacet
  facet normal 0 0 -1
    outer loop
      vertex -28.21666182436767 -77.52464121483744 -10.15
      vertex -30.383227237762277 -68.24184568590229 -10.15
      vertex -27.98311252816863 -69.26063393613903 -10.15
    endloop
  endfacet
  facet normal 0.2249510543438648 0.9743700647852354 0
    outer loop
      vertex -20.055325145212457 -80.43751570828012 -17.75
      vertex -20.055325145212457 -80.43751570828012 -10.15
      vertex -17.235879168792252 -81.0884361008325 -10.15
    endloop
  endfacet
  facet normal 0.29237170472274027 0.9563047559630343 -4.681614018991779e-19
    outer loop
      vertex -23.887371893398797 -79.37154114663817 -17.75
      vertex -22.850336797229232 -79.68859459328664 -10.15
      vertex -22.850336797229232 -79.68859459328664 -17.75
    endloop
  endfacet
  facet normal 0.2588190451025226 0.9659258262890678 -5.859141138967711e-19
    outer loop
      vertex -22.850336797229232 -79.68859459328664 -17.75
      vertex -20.055325145212457 -80.43751570828012 -10.15
      vertex -20.055325145212457 -80.43751570828012 -17.75
    endloop
  endfacet
  facet normal 0.29237170472273893 0.9563047559630348 1.9756068178699813e-16
    outer loop
      vertex -23.887371893398797 -79.37154114663817 -17.75
      vertex -25.61750883368314 -78.84258520086823 -11.850243761493145
      vertex -22.850336797229232 -79.68859459328664 -10.15
    endloop
  endfacet
  facet normal 0.2588190451025226 0.9659258262890678 0
    outer loop
      vertex -22.850336797229232 -79.68859459328664 -17.75
      vertex -22.850336797229232 -79.68859459328664 -10.15
      vertex -20.055325145212457 -80.43751570828012 -10.15
    endloop
  endfacet
  facet normal 0.2249510543438648 0.9743700647852354 -3.647835009909217e-18
    outer loop
      vertex -20.055325145212457 -80.43751570828012 -17.75
      vertex -17.235879168792252 -81.0884361008325 -10.15
      vertex -17.235879168792252 -81.0884361008325 -17.75
    endloop
  endfacet
  facet normal 0.19080899537654405 0.9816271834476642 0
    outer loop
      vertex -14.395433928588526 -81.64056272471205 -17.75
      vertex -17.235879168792252 -81.0884361008325 -17.75
      vertex -14.395433928588526 -81.64056272471205 -10.15
    endloop
  endfacet
  facet normal 0.15643446504023176 0.9876883405951375 -4.849626574771415e-18
    outer loop
      vertex -14.395433928588526 -81.64056272471205 -17.75
      vertex -11.537450069589426 -82.09322289867619 -10.15
      vertex -11.537450069589426 -82.09322289867619 -17.75
    endloop
  endfacet
  facet normal 0.19080899537654405 0.9816271834476642 0
    outer loop
      vertex -17.235879168792252 -81.0884361008325 -17.75
      vertex -17.235879168792252 -81.0884361008325 -10.15
      vertex -14.395433928588526 -81.64056272471205 -10.15
    endloop
  endfacet
  facet normal 0.15643446504023176 0.9876883405951375 0
    outer loop
      vertex -14.395433928588526 -81.64056272471205 -17.75
      vertex -14.395433928588526 -81.64056272471205 -10.15
      vertex -11.537450069589426 -82.09322289867619 -10.15
    endloop
  endfacet
  facet normal 0.29237170472273905 0.9563047559630347 0
    outer loop
      vertex -25.61750883368314 -78.84258520086823 -11.850243761493145
      vertex -25.61750883368314 -78.84258520086823 -10.15
      vertex -22.850336797229232 -79.68859459328664 -10.15
    endloop
  endfacet
  facet normal 0 0 -1
    outer loop
      vertex -26.10104317228581 -78.58531950404955 -10.15
      vertex -22.850336797229232 -79.68859459328664 -10.15
      vertex -25.61750883368314 -78.84258520086823 -10.15
    endloop
  endfacet
  facet normal 0 0 -1
    outer loop
      vertex -26.10104317228581 -78.58531950404955 -10.15
      vertex -24.194442177426787 -78.8594473424195 -10.15
      vertex -22.850336797229232 -79.68859459328664 -10.15
    endloop
  endfacet
  facet normal 0 0 -1
    outer loop
      vertex -25.548904706427454 -70.19503877270736 -10.15
      vertex -22.850336797229232 -79.68859459328664 -10.15
      vertex -24.194442177426787 -78.8594473424195 -10.15
    endloop
  endfacet
  facet normal 0 0 -1
    outer loop
      vertex -22.850336797229232 -79.68859459328664 -10.15
      vertex -23.08356947980857 -71.04392176724797 -10.15
      vertex -20.055325145212457 -80.43751570828012 -10.15
    endloop
  endfacet
  facet normal 0 0 -1
    outer loop
      vertex -14.395433928588526 -81.64056272471205 -10.15
      vertex -17.235879168792252 -81.0884361008325 -10.15
      vertex -15.531003304086623 -73.06762577481528 -10.15
    endloop
  endfacet
  facet normal 0 0 -1
    outer loop
      vertex -20.055325145212457 -80.43751570828012 -10.15
      vertex -18.07156560129518 -72.48109075281694 -10.15
      vertex -17.235879168792252 -81.0884361008325 -10.15
    endloop
  endfacet
  facet normal 0 0 -1
    outer loop
      vertex -14.395433928588526 -81.64056272471205 -10.15
      vertex -12.971518871719697 -73.56513915001194 -10.15
      vertex -11.537450069589426 -82.09322289867619 -10.15
    endloop
  endfacet
  facet normal 0 0 -1
    outer loop
      vertex -25.548904706427454 -70.19503877270736 -10.15
      vertex -23.08356947980857 -71.04392176724797 -10.15
      vertex -22.850336797229232 -79.68859459328664 -10.15
    endloop
  endfacet
  facet normal 0 0 -1
    outer loop
      vertex -20.055325145212457 -80.43751570828012 -10.15
      vertex -23.08356947980857 -71.04392176724797 -10.15
      vertex -20.590110479529837 -71.80624868659243 -10.15
    endloop
  endfacet
  facet normal 0 0 -1
    outer loop
      vertex -20.055325145212457 -80.43751570828012 -10.15
      vertex -20.590110479529837 -71.80624868659243 -10.15
      vertex -18.07156560129518 -72.48109075281694 -10.15
    endloop
  endfacet
  facet normal 0 0 -1
    outer loop
      vertex -17.235879168792252 -81.0884361008325 -10.15
      vertex -18.07156560129518 -72.48109075281694 -10.15
      vertex -15.531003304086623 -73.06762577481528 -10.15
    endloop
  endfacet
  facet normal 0 0 -1
    outer loop
      vertex -14.395433928588526 -81.64056272471205 -10.15
      vertex -15.531003304086623 -73.06762577481528 -10.15
      vertex -12.971518871719697 -73.56513915001194 -10.15
    endloop
  endfacet
  facet normal 0.12186934340514378 0.9925461516413224 -2.0758249852624596e-18
    outer loop
      vertex -11.537450069589426 -82.09322289867619 -17.75
      vertex -8.665409604888474 -82.44586512602986 -10.15
      vertex -8.665409604888474 -82.44586512602986 -17.75
    endloop
  endfacet
  facet normal 0.08715574274765861 0.9961946980917454 1.2580623995418991e-18
    outer loop
      vertex -8.665409604888474 -82.44586512602986 -17.75
      vertex -5.782811673387988 -82.69805976653943 -10.15
      vertex -5.782811673387988 -82.69805976653943 -17.75
    endloop
  endfacet
  facet normal 0.12186934340514378 0.9925461516413224 0
    outer loop
      vertex -11.537450069589426 -82.09322289867619 -17.75
      vertex -11.537450069589426 -82.09322289867619 -10.15
      vertex -8.665409604888474 -82.44586512602986 -10.15
    endloop
  endfacet
  facet normal 0.08715574274765861 0.9961946980917454 0
    outer loop
      vertex -8.665409604888474 -82.44586512602986 -17.75
      vertex -8.665409604888474 -82.44586512602986 -10.15
      vertex -5.782811673387988 -82.69805976653943 -10.15
    endloop
  endfacet
  facet normal 0.05233595624294624 0.9986295347545737 1.0634400234193853e-18
    outer loop
      vertex -5.782811673387988 -82.69805976653943 -17.75
      vertex -2.8931682766373306 -82.84949955988304 -10.15
      vertex -2.8931682766373306 -82.84949955988304 -17.75
    endloop
  endfacet
  facet normal 0.017452406437283127 0.9998476951563913 2.9983506680680776e-20
    outer loop
      vertex -2.8931682766373306 -82.84949955988304 -17.75
      vertex 0 -82.9 -10.15
      vertex 0 -82.9 -17.75
    endloop
  endfacet
  facet normal 0.05233595624294624 0.9986295347545737 0
    outer loop
      vertex -5.782811673387988 -82.69805976653943 -17.75
      vertex -5.782811673387988 -82.69805976653943 -10.15
      vertex -2.8931682766373306 -82.84949955988304 -10.15
    endloop
  endfacet
  facet normal 0.017452406437283127 0.9998476951563913 0
    outer loop
      vertex -2.8931682766373306 -82.84949955988304 -17.75
      vertex -2.8931682766373306 -82.84949955988304 -10.15
      vertex 0 -82.9 -10.15
    endloop
  endfacet
  facet normal 0 0 -1
    outer loop
      vertex -11.537450069589426 -82.09322289867619 -10.15
      vertex -10.396230641716889 -73.9730247349953 -10.15
      vertex -8.665409604888474 -82.44586512602986 -10.15
    endloop
  endfacet
  facet normal 0 0 -1
    outer loop
      vertex -11.537450069589426 -82.09322289867619 -10.15
      vertex -12.971518871719697 -73.56513915001194 -10.15
      vertex -10.396230641716889 -73.9730247349953 -10.15
    endloop
  endfacet
  facet normal 0 0 -1
    outer loop
      vertex -8.665409604888474 -82.44586512602986 -10.15
      vertex -7.8082762060937165 -74.29078558401002 -10.15
      vertex -5.782811673387988 -82.69805976653943 -10.15
    endloop
  endfacet
  facet normal 0 0 -1
    outer loop
      vertex -8.665409604888474 -82.44586512602986 -10.15
      vertex -10.396230641716889 -73.9730247349953 -10.15
      vertex -7.8082762060937165 -74.29078558401002 -10.15
    endloop
  endfacet
  facet normal 0 0 -1
    outer loop
      vertex -5.782811673387988 -82.69805976653943 -10.15
      vertex -7.8082762060937165 -74.29078558401002 -10.15
      vertex -5.21080858868616 -74.51803455440887 -10.15
    endloop
  endfacet
  facet normal 0 0 -1
    outer loop
      vertex -5.782811673387988 -82.69805976653943 -10.15
      vertex -5.21080858868616 -74.51803455440887 -10.15
      vertex -2.8931682766373306 -82.84949955988304 -10.15
    endloop
  endfacet
  facet normal 0 0 -1
    outer loop
      vertex -2.8931682766373306 -82.84949955988304 -10.15
      vertex -5.21080858868616 -74.51803455440887 -10.15
      vertex -2.6069924036768226 -74.65449477832645 -10.15
    endloop
  endfacet
  facet normal 0 0 -1
    outer loop
      vertex -2.8931682766373306 -82.84949955988304 -10.15
      vertex -2.6069924036768226 -74.65449477832645 -10.15
      vertex 0 -82.9 -10.15
    endloop
  endfacet
  facet normal 0 0 -1
    outer loop
      vertex -2.6069924036768226 -74.65449477832645 -10.15
      vertex 0 -74.7 -10.15
      vertex 0 -82.9 -10.15
    endloop
  endfacet
  facet normal 0 0 1
    outer loop
      vertex -48.72739741504603 -67.06750883368315 -17.75
      vertex -46.35709169772492 -68.72721476481297 -17.75
      vertex -44.80546489460532 -46.397417121843 -17.75
    endloop
  endfacet
  facet normal 0 0 1
    outer loop
      vertex -46.35709169772492 -68.72721476481297 -17.75
      vertex -45.813654072998155 -68.14219764932491 -17.75
      vertex -43.15892411014636 -47.93284124329193 -17.75
    endloop
  endfacet
  facet normal 0 0 1
    outer loop
      vertex -45.813654072998155 -68.14219764932491 -17.75
      vertex -45.738779552178755 -68.05578784597888 -17.75
      vertex -43.15892411014636 -47.93284124329193 -17.75
    endloop
  endfacet
  facet normal 0 0 1
    outer loop
      vertex -41 -71.01408311032397 -17.75
      vertex -38.49666814844305 -72.40170261443201 -17.75
      vertex -36.067942273863174 -53.47292342980019 -17.75
    endloop
  endfacet
  facet normal 0 0 1
    outer loop
      vertex -45.738779552178755 -68.05578784597888 -17.75
      vertex -43.4533796671228 -69.53994388482693 -17.75
      vertex -39.71016515850496 -50.826693607633565 -17.75
    endloop
  endfacet
  facet normal 0 0 1
    outer loop
      vertex -43.4533796671228 -69.53994388482693 -17.75
      vertex -41 -71.01408311032397 -17.75
      vertex -37.91214877286452 -52.18159613718411 -17.75
    endloop
  endfacet
  facet normal 0 0 1
    outer loop
      vertex -51.03833630449708 -65.32609147399725 -17.75
      vertex -48.72739741504603 -67.06750883368315 -17.75
      vertex -47.93284124329193 -43.15892411014636 -17.75
    endloop
  endfacet
  facet normal 0 0 1
    outer loop
      vertex -48.72739741504603 -67.06750883368315 -17.75
      vertex -44.80546489460532 -46.397417121843 -17.75
      vertex -46.397417121843 -44.80546489460532 -17.75
    endloop
  endfacet
  facet normal 0 0 1
    outer loop
      vertex -46.35709169772492 -68.72721476481297 -17.75
      vertex -43.15892411014636 -47.93284124329193 -17.75
      vertex -44.80546489460532 -46.397417121843 -17.75
    endloop
  endfacet
  facet normal 0 0 1
    outer loop
      vertex -43.4533796671228 -69.53994388482693 -17.75
      vertex -37.91214877286452 -52.18159613718411 -17.75
      vertex -39.71016515850496 -50.826693607633565 -17.75
    endloop
  endfacet
  facet normal 0 0 1
    outer loop
      vertex -41 -71.01408311032397 -17.75
      vertex -36.067942273863174 -53.47292342980019 -17.75
      vertex -37.91214877286452 -52.18159613718411 -17.75
    endloop
  endfacet
  facet normal 0 0 1
    outer loop
      vertex -45.738779552178755 -68.05578784597888 -17.75
      vertex -39.71016515850496 -50.826693607633565 -17.75
      vertex -41.45980082478178 -49.40986658117408 -17.75
    endloop
  endfacet
  facet normal 0 0 1
    outer loop
      vertex -45.738779552178755 -68.05578784597888 -17.75
      vertex -41.45980082478178 -49.40986658117408 -17.75
      vertex -43.15892411014636 -47.93284124329193 -17.75
    endloop
  endfacet
  facet normal 0 0 1
    outer loop
      vertex -38.49666814844305 -72.40170261443201 -17.75
      vertex -35.94643403670435 -73.70111179653169 -17.75
      vertex -32.25 -55.85863854409629 -17.75
    endloop
  endfacet
  facet normal 0 0 1
    outer loop
      vertex -38.49666814844305 -72.40170261443201 -17.75
      vertex -32.25 -55.85863854409629 -17.75
      vertex -34.179792543041714 -54.69910220208948 -17.75
    endloop
  endfacet
  facet normal 0 0 1
    outer loop
      vertex -35.94643403670435 -73.70111179653169 -17.75
      vertex -30.280915799689957 -56.95011973940079 -17.75
      vertex -32.25 -55.85863854409629 -17.75
    endloop
  endfacet
  facet normal 0 0 1
    outer loop
      vertex -30.717740660104784 -76.02907607447656 -17.75
      vertex -26.234513478389115 -58.923682017947755 -17.75
      vertex -28.274938967895498 -57.97221598629628 -17.75
    endloop
  endfacet
  facet normal 0 0 1
    outer loop
      vertex -30.717740660104784 -76.02907607447656 -17.75
      vertex -24.162125275326325 -59.80335861955779 -17.75
      vertex -26.234513478389115 -58.923682017947755 -17.75
    endloop
  endfacet
  facet normal 0 0 1
    outer loop
      vertex -33.35240473221562 -74.91072752669326 -17.75
      vertex -28.274938967895498 -57.97221598629628 -17.75
      vertex -30.280915799689957 -56.95011973940079 -17.75
    endloop
  endfacet
  facet normal 0 0 1
    outer loop
      vertex -38.49666814844305 -72.40170261443201 -17.75
      vertex -34.179792543041714 -54.69910220208948 -17.75
      vertex -36.067942273863174 -53.47292342980019 -17.75
    endloop
  endfacet
  facet normal 0 0 1
    outer loop
      vertex -48.72739741504603 -67.06750883368315 -17.75
      vertex -46.397417121843 -44.80546489460532 -17.75
      vertex -47.93284124329193 -43.15892411014636 -17.75
    endloop
  endfacet
  facet normal 0 0 1
    outer loop
      vertex -51.03833630449708 -65.32609147399725 -17.75
      vertex -47.93284124329193 -43.15892411014636 -17.75
      vertex -49.40986658117408 -41.45980082478178 -17.75
    endloop
  endfacet
  facet normal 0 0 1
    outer loop
      vertex -25.339393538745686 -77.98663433620258 -17.75
      vertex -19.93159613718411 -61.3431453010374 -17.75
      vertex -22.060299244505632 -60.61017404069109 -17.75
    endloop
  endfacet
  facet normal 0 0 1
    outer loop
      vertex -28.045651752704835 -77.05479490444449 -17.75
      vertex -22.060299244505632 -60.61017404069109 -17.75
      vertex -24.162125275326325 -59.80335861955779 -17.75
    endloop
  endfacet
  facet normal 0 0 1
    outer loop
      vertex -20.055325145212457 -80.43751570828012 -17.75
      vertex -17.778609450196445 -62.00137938802157 -17.75
      vertex -19.93159613718411 -61.3431453010374 -17.75
    endloop
  endfacet
  facet normal 0.6018150231520492 0.7986355100472922 6.79972686808847e-18
    outer loop
      vertex -51.03833630449708 -65.32609147399725 -17.75
      vertex -48.72739741504603 -67.06750883368315 -10.15
      vertex -48.72739741504603 -67.06750883368315 -17.75
    endloop
  endfacet
  facet normal 0.5735764363510477 0.8191520442889907 -9.991420791116263e-18
    outer loop
      vertex -48.72739741504603 -67.06750883368315 -17.75
      vertex -46.35709169772492 -68.72721476481297 -10.15
      vertex -46.35709169772492 -68.72721476481297 -17.75
    endloop
  endfacet
  facet normal 0.5735764363510477 0.8191520442889907 0
    outer loop
      vertex -48.72739741504603 -67.06750883368315 -17.75
      vertex -48.72739741504603 -67.06750883368315 -10.15
      vertex -46.35709169772492 -68.72721476481297 -10.15
    endloop
  endfacet
  facet normal 0 0 -1
    outer loop
      vertex -48.72739741504603 -67.06750883368315 -10.15
      vertex -48.01623444358449 -57.22351990098766 -10.15
      vertex -46.35709169772492 -68.72721476481297 -10.15
    endloop
  endfacet
  facet normal 0 0 -1
    outer loop
      vertex -43.930307004932686 -70.30318717136771 -10.15
      vertex -43.90755834624775 -60.433569479808575 -10.15
      vertex -43.69511389378549 -69.97792316440334 -10.15
    endloop
  endfacet
  facet normal 0 0 -1
    outer loop
      vertex -43.930307004932686 -70.30318717136771 -10.15
      vertex -46.35709169772492 -68.72721476481297 -10.15
      vertex -45.98991220682667 -58.864403294422125 -10.15
    endloop
  endfacet
  facet normal 0 0 -1
    outer loop
      vertex -46.35709169772492 -68.72721476481297 -10.15
      vertex -48.01623444358449 -57.22351990098766 -10.15
      vertex -45.98991220682667 -58.864403294422125 -10.15
    endloop
  endfacet
  facet normal 0 0 -1
    outer loop
      vertex -43.930307004932686 -70.30318717136771 -10.15
      vertex -45.98991220682667 -58.864403294422125 -10.15
      vertex -43.90755834624775 -60.433569479808575 -10.15
    endloop
  endfacet
  facet normal 0 0 -1
    outer loop
      vertex -43.69511389378549 -69.97792316440334 -10.15
      vertex -43.90755834624775 -60.433569479808575 -10.15
      vertex -41.25 -71.44709581221619 -10.15
    endloop
  endfacet
  facet normal 0 0 -1
    outer loop
      vertex -41.25 -71.44709581221619 -10.15
      vertex -43.90755834624775 -60.433569479808575 -10.15
      vertex -41.7717098892648 -61.92910666986162 -10.15
    endloop
  endfacet
  facet normal 0 0 -1
    outer loop
      vertex -41.25 -71.44709581221619 -10.15
      vertex -41.7717098892648 -61.92910666986162 -10.15
      vertex -39.58496903822041 -63.34919278288502 -10.15
    endloop
  endfacet
  facet normal 0 0 -1
    outer loop
      vertex -38.73140392983599 -72.84317641086147 -10.15
      vertex -39.58496903822041 -63.34919278288502 -10.15
      vertex -37.35 -64.69209766269756 -10.15
    endloop
  endfacet
  facet normal 0 0 -1
    outer loop
      vertex -49.98405629500671 -55.512918463161355 -10.15
      vertex -48.01623444358449 -57.22351990098766 -10.15
      vertex -48.72739741504603 -67.06750883368315 -10.15
    endloop
  endfacet
  facet normal 0 0 1
    outer loop
      vertex -75.16341482116658 -34.93977215976415 -17.75
      vertex -74.71970714010024 -34.809487829482826 -17.75
      vertex -75.73291843857162 -33.71846771098384 -17.75
    endloop
  endfacet
  facet normal 0 0 1
    outer loop
      vertex -74.71970714010024 -34.809487829482826 -17.75
      vertex -75.38135178116723 -32.5561331187215 -17.75
      vertex -75.73291843857162 -33.71846771098384 -17.75
    endloop
  endfacet
  facet normal 0.9063077870366493 0.42261826174070094 2.853839936476968e-15
    outer loop
      vertex -75.16341482116658 -34.93977215976415 -17.75
      vertex -75.73291843857162 -33.71846771098384 -17.75
      vertex -74.51002643820095 -36.340968068814526 -12.705889249855803
    endloop
  endfacet
  facet normal 0 0 1
    outer loop
      vertex -72.40170261443201 -38.49666814844305 -17.75
      vertex -80.93331508760302 -0.35314044755460083 -17.75
      vertex -73.70111179653169 -35.94643403670435 -17.75
    endloop
  endfacet
  facet normal 0 0 1
    outer loop
      vertex -75.73291843857162 -33.71846771098384 -17.75
      vertex -80.93331508760302 -0.35314044755460083 -17.75
      vertex -76.86354154358668 -31.05488659417911 -17.75
    endloop
  endfacet
  facet normal 0 0 1
    outer loop
      vertex -74.91072752669326 -33.35240473221562 -17.75
      vertex -73.70111179653169 -35.94643403670435 -17.75
      vertex -80.93331508760302 -0.35314044755460083 -17.75
    endloop
  endfacet
  facet normal 0 0 1
    outer loop
      vertex -75.73291843857162 -33.71846771098384 -17.75
      vertex -75.38135178116723 -32.5561331187215 -17.75
      vertex -80.93331508760302 -0.35314044755460083 -17.75
    endloop
  endfacet
  facet normal 0 0 1
    outer loop
      vertex -74.91072752669326 -33.35240473221562 -17.75
      vertex -80.93331508760302 -0.35314044755460083 -17.75
      vertex -75.26342306141575 -32.52150612232416 -17.75
    endloop
  endfacet
  facet normal 0 0 1
    outer loop
      vertex -75.26342306141575 -32.52150612232416 -17.75
      vertex -80.93331508760302 -0.35314044755460083 -17.75
      vertex -75.38135178116723 -32.5561331187215 -17.75
    endloop
  endfacet
  facet normal 0 0 1
    outer loop
      vertex -81.0884361008325 -17.235879168792252 -17.75
      vertex -80.43751570828012 -20.055325145212457 -17.75
      vertex -80.89797486674689 -13.33161748367498 -17.75
    endloop
  endfacet
  facet normal 0 0 1
    outer loop
      vertex -81.0884361008325 -17.235879168792252 -17.75
      vertex -81.01600291799582 -13.366273646431555 -17.75
      vertex -81.64056272471205 -14.395433928588526 -17.75
    endloop
  endfacet
  facet normal 0 0 1
    outer loop
      vertex -81.0884361008325 -17.235879168792252 -17.75
      vertex -80.89797486674689 -13.33161748367498 -17.75
      vertex -81.01600291799582 -13.366273646431555 -17.75
    endloop
  endfacet
  facet normal 0 0 1
    outer loop
      vertex -81.64056272471205 -14.395433928588526 -17.75
      vertex -81.01600291799582 -13.366273646431555 -17.75
      vertex -82.09322289867619 -11.537450069589426 -17.75
    endloop
  endfacet
  facet normal 0 0 1
    outer loop
      vertex -77.90051826315181 -28.353469881697936 -17.75
      vertex -76.86354154358668 -31.05488659417911 -17.75
      vertex -80.93331508760302 -0.35314044755460083 -17.75
    endloop
  endfacet
  facet normal 0 0 1
    outer loop
      vertex -77.90051826315181 -28.353469881697936 -17.75
      vertex -80.93331508760302 -0.35314044755460083 -17.75
      vertex -78.84258520086823 -25.61750883368314 -17.75
    endloop
  endfacet
  facet normal 0 0 1
    outer loop
      vertex -78.84258520086823 -25.61750883368314 -17.75
      vertex -80.93331508760302 -0.35314044755460083 -17.75
      vertex -79.68859459328664 -22.850336797229232 -17.75
    endloop
  endfacet
  facet normal 0 0 1
    outer loop
      vertex -79.68859459328664 -22.850336797229232 -17.75
      vertex -80.93331508760302 -0.35314044755460083 -17.75
      vertex -80.43751570828012 -20.055325145212457 -17.75
    endloop
  endfacet
  facet normal 0 0 1
    outer loop
      vertex -81.01600291799582 -13.366273646431555 -17.75
      vertex -81.67764755906282 -11.112918935670239 -17.75
      vertex -82.09322289867619 -11.537450069589426 -17.75
    endloop
  endfacet
  facet normal 0 0 1
    outer loop
      vertex -82.09322289867619 -11.537450069589426 -17.75
      vertex -81.67764755906282 -11.112918935670239 -17.75
      vertex -82.12907359495505 -11.24546957941034 -17.75
    endloop
  endfacet
  facet normal 0 0 1
    outer loop
      vertex -80.89797486674689 -13.33161748367498 -17.75
      vertex -80.43751570828012 -20.055325145212457 -17.75
      vertex -80.93331508760302 -0.35314044755460083 -17.75
    endloop
  endfacet
  facet normal 0 0 1
    outer loop
      vertex -80.89797486674689 -13.33161748367498 -17.75
      vertex -80.93331508760302 -0.35314044755460083 -17.75
      vertex -81.20198163680877 -11.412194278725366 -17.75
    endloop
  endfacet
  facet normal 0 0 1
    outer loop
      vertex -81.20198163680877 -11.412194278725366 -17.75
      vertex -81.99375514471691 -0.35776751955787517 -17.75
      vertex -81.55079542019841 -8.571333987947584 -17.75
    endloop
  endfacet
  facet normal 0 0 1
    outer loop
      vertex -81.55079542019841 -8.571333987947584 -17.75
      vertex -81.99375514471691 -0.35776751955787517 -17.75
      vertex -81.80025212130559 -5.720030847018275 -17.75
    endloop
  endfacet
  facet normal 0 0 1
    outer loop
      vertex -66.3393935387457 -48.198390687982794 -17.75
      vertex -64.49508788822244 -0.28141469526198715 -17.75
      vertex -67.98108094951343 -45.853818084601244 -17.75
    endloop
  endfacet
  facet normal 0 0 1
    outer loop
      vertex -69.53994388482693 -43.4533796671228 -17.75
      vertex -67.98108094951343 -45.853818084601244 -17.75
      vertex -64.49508788822244 -0.28141469526198715 -17.75
    endloop
  endfacet
  facet normal 0 0 1
    outer loop
      vertex -64.6168817957512 -50.48424097670398 -17.75
      vertex -61.3431453010374 -19.93159613718411 -17.75
      vertex -62.00137938802157 -17.778609450196445 -17.75
    endloop
  endfacet
  facet normal 0 0 1
    outer loop
      vertex -71.01408311032397 -41 -17.75
      vertex -69.53994388482693 -43.4533796671228 -17.75
      vertex -64.49508788822244 -0.28141469526198715 -17.75
    endloop
  endfacet
  facet normal 0 0 1
    outer loop
      vertex -72.40170261443201 -38.49666814844305 -17.75
      vertex -71.01408311032397 -41 -17.75
      vertex -64.49508788822244 -0.28141469526198715 -17.75
    endloop
  endfacet
  facet normal 0 0 1
    outer loop
      vertex -64.6168817957512 -50.48424097670398 -17.75
      vertex -62.00137938802157 -17.778609450196445 -17.75
      vertex -62.58407434480177 -15.603962266178568 -17.75
    endloop
  endfacet
  facet normal 0 0 1
    outer loop
      vertex -64.6168817957512 -50.48424097670398 -17.75
      vertex -62.58407434480177 -15.603962266178568 -17.75
      vertex -63.09052024733047 -13.410304057745478 -17.75
    endloop
  endfacet
  facet normal 0 0 1
    outer loop
      vertex -66.3393935387457 -48.198390687982794 -17.75
      vertex -63.09052024733047 -13.410304057745478 -17.75
      vertex -63.520100069287416 -11.200307459517006 -17.75
    endloop
  endfacet
  facet normal 0 0 1
    outer loop
      vertex -66.3393935387457 -48.198390687982794 -17.75
      vertex -63.520100069287416 -11.200307459517006 -17.75
      vertex -63.87229043383129 -8.97666501192422 -17.75
    endloop
  endfacet
  facet normal 0 0 1
    outer loop
      vertex -66.3393935387457 -48.198390687982794 -17.75
      vertex -63.87229043383129 -8.97666501192422 -17.75
      vertex -64.14666225125363 -6.742085880763649 -17.75
    endloop
  endfacet
  facet normal 0 0 1
    outer loop
      vertex -62.8156443357562 -52.70858399429622 -17.75
      vertex -58.923682017947755 -26.234513478389115 -17.75
      vertex -59.80335861955779 -24.162125275326325 -17.75
    endloop
  endfacet
  facet normal 0 0 1
    outer loop
      vertex -62.8156443357562 -52.70858399429622 -17.75
      vertex -59.80335861955779 -24.162125275326325 -17.75
      vertex -60.61017404069109 -22.060299244505632 -17.75
    endloop
  endfacet
  facet normal 0 0 1
    outer loop
      vertex -62.8156443357562 -52.70858399429622 -17.75
      vertex -60.61017404069109 -22.060299244505632 -17.75
      vertex -61.3431453010374 -19.93159613718411 -17.75
    endloop
  endfacet
  facet normal 0 0 1
    outer loop
      vertex -72.40170261443201 -38.49666814844305 -17.75
      vertex -64.49508788822244 -0.28141469526198715 -17.75
      vertex -80.93331508760302 -0.35314044755460083 -17.75
    endloop
  endfacet
  facet normal 0 0 1
    outer loop
      vertex -66.3393935387457 -48.198390687982794 -17.75
      vertex -64.14666225125363 -6.742085880763649 -17.75
      vertex -64.34288124175866 -4.499292556496082 -17.75
    endloop
  endfacet
  facet normal 0 0 1
    outer loop
      vertex -66.3393935387457 -48.198390687982794 -17.75
      vertex -64.34288124175866 -4.499292556496082 -17.75
      vertex -64.46070834273168 -2.2510175373113124 -17.75
    endloop
  endfacet
  facet normal 0 0 1
    outer loop
      vertex -66.3393935387457 -48.198390687982794 -17.75
      vertex -64.46070834273168 -2.2510175373113124 -17.75
      vertex -64.49508788822244 -0.28141469526198715 -17.75
    endloop
  endfacet
  facet normal 0.9063077870366514 0.4226182617406964 0
    outer loop
      vertex -75.73291843857162 -33.71846771098384 -17.75
      vertex -75.73291843857162 -33.71846771098384 -10.15
      vertex -74.51002643820095 -36.340968068814526 -12.705889249855803
    endloop
  endfacet
  facet normal 0.9205048534524403 0.390731128489274 0
    outer loop
      vertex -75.73291843857162 -33.71846771098384 -17.75
      vertex -76.86354154358668 -31.05488659417911 -10.15
      vertex -75.73291843857162 -33.71846771098384 -10.15
    endloop
  endfacet
  facet normal 0.9205048534524403 0.390731128489274 3.2179061927633208e-18
    outer loop
      vertex -75.73291843857162 -33.71846771098384 -17.75
      vertex -76.86354154358668 -31.05488659417911 -17.75
      vertex -76.86354154358668 -31.05488659417911 -10.15
    endloop
  endfacet
  facet normal 0.9335804264972016 0.3583679495453007 0
    outer loop
      vertex -77.90051826315181 -28.353469881697936 -17.75
      vertex -77.90051826315181 -28.353469881697936 -10.15
      vertex -76.86354154358668 -31.05488659417911 -17.75
    endloop
  endfacet
  facet normal 0.9335804264972016 0.3583679495453007 0
    outer loop
      vertex -76.86354154358668 -31.05488659417911 -17.75
      vertex -77.90051826315181 -28.353469881697936 -10.15
      vertex -76.86354154358668 -31.05488659417911 -10.15
    endloop
  endfacet
  facet normal 0.9063077870366514 0.4226182617406964 0
    outer loop
      vertex -74.51002643820095 -36.340968068814526 -12.705889249855803
      vertex -75.73291843857162 -33.71846771098384 -10.15
      vertex -74.51002643820095 -36.340968068814526 -10.15
    endloop
  endfacet
  facet normal 0 0 -1
    outer loop
      vertex -74.51002643820095 -36.340968068814526 -10.15
      vertex -75.73291843857162 -33.71846771098384 -10.15
      vertex -74.61228234020388 -35.17534309963013 -10.15
    endloop
  endfacet
  facet normal 0.9455185755993175 0.3255681544571543 3.793669103404918e-18
    outer loop
      vertex -77.90051826315181 -28.353469881697936 -17.75
      vertex -78.84258520086823 -25.61750883368314 -17.75
      vertex -78.84258520086823 -25.61750883368314 -10.15
    endloop
  endfacet
  facet normal 0.9455185755993175 0.3255681544571543 0
    outer loop
      vertex -77.90051826315181 -28.353469881697936 -17.75
      vertex -78.84258520086823 -25.61750883368314 -10.15
      vertex -77.90051826315181 -28.353469881697936 -10.15
    endloop
  endfacet
  facet normal 0.9563047559630349 0.2923717047227391 0
    outer loop
      vertex -78.84258520086823 -25.61750883368314 -17.75
      vertex -79.68859459328664 -22.850336797229232 -10.15
      vertex -78.84258520086823 -25.61750883368314 -10.15
    endloop
  endfacet
  facet normal 0.9563047559630349 0.2923717047227391 -6.178162064902979e-18
    outer loop
      vertex -78.84258520086823 -25.61750883368314 -17.75
      vertex -79.68859459328664 -22.850336797229232 -17.75
      vertex -79.68859459328664 -22.850336797229232 -10.15
    endloop
  endfacet
  facet normal 0.9659258262890678 0.2588190451025226 -5.859141138967711e-19
    outer loop
      vertex -79.68859459328664 -22.850336797229232 -17.75
      vertex -80.43751570828012 -20.055325145212457 -17.75
      vertex -80.43751570828012 -20.055325145212457 -10.15
    endloop
  endfacet
  facet normal 0.9659258262890678 0.2588190451025226 0
    outer loop
      vertex -79.68859459328664 -22.850336797229232 -17.75
      vertex -80.43751570828012 -20.055325145212457 -10.15
      vertex -79.68859459328664 -22.850336797229232 -10.15
    endloop
  endfacet
  facet normal 0 0 -1
    outer loop
      vertex -74.61228234020388 -35.17534309963013 -10.15
      vertex -74.69431108915064 -0.3259174842801619 -10.15
      vertex -74.15050881968128 -36.165619610098894 -10.15
    endloop
  endfacet
  facet normal 0 0 -1
    outer loop
      vertex -74.61228234020388 -35.17534309963013 -10.15
      vertex -75.73291843857162 -33.71846771098384 -10.15
      vertex -74.69431108915064 -0.3259174842801619 -10.15
    endloop
  endfacet
  facet normal 0 0 -1
    outer loop
      vertex -75.73291843857162 -33.71846771098384 -10.15
      vertex -76.86354154358668 -31.05488659417911 -10.15
      vertex -74.69431108915064 -0.3259174842801619 -10.15
    endloop
  endfacet
  facet normal 0.9743700647852354 0.2249510543438648 0
    outer loop
      vertex -81.0884361008325 -17.235879168792252 -17.75
      vertex -81.0884361008325 -17.235879168792252 -10.15
      vertex -80.43751570828012 -20.055325145212457 -17.75
    endloop
  endfacet
  facet normal 0.9816271834476642 0.19080899537654405 -1.4648556462281723e-18
    outer loop
      vertex -81.0884361008325 -17.235879168792252 -17.75
      vertex -81.64056272471205 -14.395433928588526 -17.75
      vertex -81.64056272471205 -14.395433928588526 -10.15
    endloop
  endfacet
  facet normal 0.9876883405951375 0.15643446504023176 -4.849626574771415e-18
    outer loop
      vertex -81.64056272471205 -14.395433928588526 -17.75
      vertex -82.09322289867619 -11.537450069589426 -17.75
      vertex -82.09322289867619 -11.537450069589426 -10.15
    endloop
  endfacet
  facet normal 0.9816271834476642 0.19080899537654405 0
    outer loop
      vertex -81.0884361008325 -17.235879168792252 -17.75
      vertex -81.64056272471205 -14.395433928588526 -10.15
      vertex -81.0884361008325 -17.235879168792252 -10.15
    endloop
  endfacet
  facet normal 0.9876883405951375 0.15643446504023176 0
    outer loop
      vertex -81.64056272471205 -14.395433928588526 -17.75
      vertex -82.09322289867619 -11.537450069589426 -10.15
      vertex -81.64056272471205 -14.395433928588526 -10.15
    endloop
  endfacet
  facet normal 0.9743700647852354 0.2249510543438648 0
    outer loop
      vertex -80.43751570828012 -20.055325145212457 -17.75
      vertex -81.0884361008325 -17.235879168792252 -10.15
      vertex -80.43751570828012 -20.055325145212457 -10.15
    endloop
  endfacet
  facet normal 0 0 -1
    outer loop
      vertex -77.90051826315181 -28.353469881697936 -10.15
      vertex -74.69431108915064 -0.3259174842801619 -10.15
      vertex -76.86354154358668 -31.05488659417911 -10.15
    endloop
  endfacet
  facet normal 0 0 -1
    outer loop
      vertex -77.90051826315181 -28.353469881697936 -10.15
      vertex -78.84258520086823 -25.61750883368314 -10.15
      vertex -74.69431108915064 -0.3259174842801619 -10.15
    endloop
  endfacet
  facet normal 0 0 -1
    outer loop
      vertex -78.84258520086823 -25.61750883368314 -10.15
      vertex -79.68859459328664 -22.850336797229232 -10.15
      vertex -74.69431108915064 -0.3259174842801619 -10.15
    endloop
  endfacet
  facet normal 0 0 -1
    outer loop
      vertex -79.68859459328664 -22.850336797229232 -10.15
      vertex -80.43751570828012 -20.055325145212457 -10.15
      vertex -74.69431108915064 -0.3259174842801619 -10.15
    endloop
  endfacet
  facet normal 0 0 -1
    outer loop
      vertex -81.0884361008325 -17.235879168792252 -10.15
      vertex -74.69431108915064 -0.3259174842801619 -10.15
      vertex -80.43751570828012 -20.055325145212457 -10.15
    endloop
  endfacet
  facet normal 0 0 -1
    outer loop
      vertex -74.65449477832645 -2.6069924036768226 -10.15
      vertex -74.15050881968128 -36.165619610098894 -10.15
      vertex -74.69431108915064 -0.3259174842801619 -10.15
    endloop
  endfacet
  facet normal 0.9925461516413209 0.12186934340515714 0
    outer loop
      vertex -82.09322289867619 -11.537450069589426 -17.75
      vertex -82.12907359495505 -11.24546957941034 -17.75
      vertex -82.09322289867619 -11.537450069589426 -10.15
    endloop
  endfacet
  facet normal 0.9925461516413223 0.12186934340514556 -4.516780451385627e-16
    outer loop
      vertex -82.12907359495505 -11.24546957941034 -17.75
      vertex -82.41353262599286 -8.928736686072353 -10.15
      vertex -82.09322289867619 -11.537450069589426 -10.15
    endloop
  endfacet
  facet normal 0 0 -1
    outer loop
      vertex -81.64056272471205 -14.395433928588526 -10.15
      vertex -82.09322289867619 -11.537450069589426 -10.15
      vertex -81.78894844014904 -10.733862945277744 -10.15
    endloop
  endfacet
  facet normal 0 0 -1
    outer loop
      vertex -82.09322289867619 -11.537450069589426 -10.15
      vertex -82.41353262599286 -8.928736686072353 -10.15
      vertex -82.32648617481884 -8.903177541891395 -10.15
    endloop
  endfacet
  facet normal 0 0 -1
    outer loop
      vertex -82.09322289867619 -11.537450069589426 -10.15
      vertex -82.32648617481884 -8.903177541891395 -10.15
      vertex -81.78894844014904 -10.733862945277744 -10.15
    endloop
  endfacet
  facet normal 0 0 -1
    outer loop
      vertex -81.0884361008325 -17.235879168792252 -10.15
      vertex -81.64056272471205 -14.395433928588526 -10.15
      vertex -74.69431108915064 -0.3259174842801619 -10.15
    endloop
  endfacet
  facet normal 0 0 -1
    outer loop
      vertex -81.64056272471205 -14.395433928588526 -10.15
      vertex -81.78894844014904 -10.733862945277744 -10.15
      vertex -74.69431108915064 -0.3259174842801619 -10.15
    endloop
  endfacet
  facet normal 0 0 -1
    outer loop
      vertex -81.78894844014904 -10.733862945277744 -10.15
      vertex -82.04805636788255 -8.623598219581412 -10.15
      vertex -74.69431108915064 -0.3259174842801619 -10.15
    endloop
  endfacet
  facet normal 0 0 -1
    outer loop
      vertex -82.04805636788255 -8.623598219581412 -10.15
      vertex -82.2990341464355 -5.754909083890338 -10.15
      vertex -74.69431108915064 -0.3259174842801619 -10.15
    endloop
  endfacet
  facet normal 0 0 -1
    outer loop
      vertex -74.51002643820095 -36.340968068814526 -10.15
      vertex -74.61228234020388 -35.17534309963013 -10.15
      vertex -74.1522583699103 -37.043127438176036 -10.15
    endloop
  endfacet
  facet normal 0 0 -1
    outer loop
      vertex -71.44709581221619 -41.25 -10.15
      vertex -72.84317641086147 -38.73140392983599 -10.15
      vertex -72.48109075281694 -18.07156560129518 -10.15
    endloop
  endfacet
  facet normal 0 0 -1
    outer loop
      vertex -71.44709581221619 -41.25 -10.15
      vertex -71.04392176724797 -23.08356947980857 -10.15
      vertex -69.96396793290513 -43.7183392992394 -10.15
    endloop
  endfacet
  facet normal 0 0 -1
    outer loop
      vertex -68.39559973579094 -46.133414536336616 -10.15
      vertex -69.26063393613903 -27.98311252816863 -10.15
      vertex -68.24184568590229 -30.383227237762277 -10.15
    endloop
  endfacet
  facet normal 0 0 -1
    outer loop
      vertex -69.96396793290513 -43.7183392992394 -10.15
      vertex -70.19503877270736 -25.548904706427454 -10.15
      vertex -69.26063393613903 -27.98311252816863 -10.15
    endloop
  endfacet
  facet normal 0 0 -1
    outer loop
      vertex -72.84317641086147 -38.73140392983599 -10.15
      vertex -74.15050881968128 -36.165619610098894 -10.15
      vertex -73.9730247349953 -10.396230641716889 -10.15
    endloop
  endfacet
  facet normal 0 0 -1
    outer loop
      vertex -69.96396793290513 -43.7183392992394 -10.15
      vertex -71.04392176724797 -23.08356947980857 -10.15
      vertex -70.19503877270736 -25.548904706427454 -10.15
    endloop
  endfacet
  facet normal 0 0 -1
    outer loop
      vertex -71.44709581221619 -41.25 -10.15
      vertex -71.80624868659243 -20.590110479529837 -10.15
      vertex -71.04392176724797 -23.08356947980857 -10.15
    endloop
  endfacet
  facet normal 0 0 -1
    outer loop
      vertex -71.44709581221619 -41.25 -10.15
      vertex -72.48109075281694 -18.07156560129518 -10.15
      vertex -71.80624868659243 -20.590110479529837 -10.15
    endloop
  endfacet
  facet normal 0 0 -1
    outer loop
      vertex -72.84317641086147 -38.73140392983599 -10.15
      vertex -73.56513915001194 -12.971518871719697 -10.15
      vertex -73.06762577481528 -15.531003304086623 -10.15
    endloop
  endfacet
  facet normal 0 0 -1
    outer loop
      vertex -72.84317641086147 -38.73140392983599 -10.15
      vertex -73.06762577481528 -15.531003304086623 -10.15
      vertex -72.48109075281694 -18.07156560129518 -10.15
    endloop
  endfacet
  facet normal 0 0 -1
    outer loop
      vertex -72.84317641086147 -38.73140392983599 -10.15
      vertex -73.9730247349953 -10.396230641716889 -10.15
      vertex -73.56513915001194 -12.971518871719697 -10.15
    endloop
  endfacet
  facet normal 0 0 -1
    outer loop
      vertex -74.15050881968128 -36.165619610098894 -10.15
      vertex -74.29078558401002 -7.808276206093715 -10.15
      vertex -73.9730247349953 -10.396230641716889 -10.15
    endloop
  endfacet
  facet normal 0 0 -1
    outer loop
      vertex -74.51803455440887 -5.21080858868616 -10.15
      vertex -74.29078558401002 -7.808276206093715 -10.15
      vertex -74.15050881968128 -36.165619610098894 -10.15
    endloop
  endfacet
  facet normal 0 0 -1
    outer loop
      vertex -74.51803455440887 -5.21080858868616 -10.15
      vertex -74.15050881968128 -36.165619610098894 -10.15
      vertex -74.65449477832645 -2.6069924036768226 -10.15
    endloop
  endfacet
  facet normal 0 0 1
    outer loop
      vertex -81.20198163680877 -11.412194278725366 -17.75
      vertex -80.93331508760302 -0.35314044755460083 -17.75
      vertex -81.99375514471691 -0.35776751955787517 -17.75
    endloop
  endfacet
  facet normal 0 0 1
    outer loop
      vertex -81.80025212130559 -5.720030847018275 -17.75
      vertex -81.99375514471691 -0.35776751955787517 -17.75
      vertex -81.95004781556585 -2.8617587296050795 -17.75
    endloop
  endfacet
  facet normal 0 0 -1
    outer loop
      vertex -82.2990341464355 -5.754909083890338 -10.15
      vertex -82.4497432290754 -2.87920847795633 -10.15
      vertex -74.69431108915064 -0.3259174842801619 -10.15
    endloop
  endfacet
  facet normal 0 0 -1
    outer loop
      vertex -82.4497432290754 -2.87920847795633 -10.15
      vertex -82.49371706633104 -0.35994902882347196 -10.15
      vertex -74.69431108915064 -0.3259174842801619 -10.15
    endloop
  endfacet
  facet normal 0 0 1
    outer loop
      vertex 0 -82.9 -17.75
      vertex 0.5576460450706692 -82.89026625207633 -17.75
      vertex 0.6241357584993766 -82.42782013742823 -17.75
    endloop
  endfacet
  facet normal 0 0 1
    outer loop
      vertex 0 -82 -17.75
      vertex 2.8617587296050795 -81.95004781556585 -17.75
      vertex 2.2510175373113124 -64.46070834273168 -17.75
    endloop
  endfacet
  facet normal 0 0 1
    outer loop
      vertex 2.8617587296050795 -81.95004781556585 -17.75
      vertex 5.720030847018275 -81.80025212130559 -17.75
      vertex 4.499292556496082 -64.34288124175866 -17.75
    endloop
  endfacet
  facet normal 0 0 1
    outer loop
      vertex 0 -82 -17.75
      vertex 2.2510175373113124 -64.46070834273168 -17.75
      vertex 0 -64.5 -17.75
    endloop
  endfacet
  facet normal 0 0 1
    outer loop
      vertex 2.8617587296050795 -81.95004781556585 -17.75
      vertex 4.499292556496082 -64.34288124175866 -17.75
      vertex 2.2510175373113124 -64.46070834273168 -17.75
    endloop
  endfacet
  facet normal 0 0 1
    outer loop
      vertex 5.720030847018275 -81.80025212130559 -17.75
      vertex 6.742085880763649 -64.14666225125363 -17.75
      vertex 4.499292556496082 -64.34288124175866 -17.75
    endloop
  endfacet
  facet normal 0 0 1
    outer loop
      vertex 5.720030847018275 -81.80025212130559 -17.75
      vertex 8.571333987947584 -81.55079542019841 -17.75
      vertex 6.742085880763649 -64.14666225125363 -17.75
    endloop
  endfacet
  facet normal 0 0 1
    outer loop
      vertex 8.571333987947584 -81.55079542019841 -17.75
      vertex 11.412194278725366 -81.20198163680877 -17.75
      vertex 11.200307459517006 -63.520100069287416 -17.75
    endloop
  endfacet
  facet normal 0 0 1
    outer loop
      vertex 8.571333987947584 -81.55079542019841 -17.75
      vertex 8.97666501192422 -63.87229043383129 -17.75
      vertex 6.742085880763649 -64.14666225125363 -17.75
    endloop
  endfacet
  facet normal 0 0 1
    outer loop
      vertex 8.571333987947584 -81.55079542019841 -17.75
      vertex 11.200307459517006 -63.520100069287416 -17.75
      vertex 8.97666501192422 -63.87229043383129 -17.75
    endloop
  endfacet
  facet normal 0 0 1
    outer loop
      vertex 11.412194278725366 -81.20198163680877 -17.75
      vertex 13.410304057745478 -63.09052024733047 -17.75
      vertex 11.200307459517006 -63.520100069287416 -17.75
    endloop
  endfacet
  facet normal 0 0 1
    outer loop
      vertex 22.850336797229232 -79.68859459328664 -17.75
      vertex 24.760003606108576 -78.28915775141209 -17.75
      vertex 22.82090932584975 -79.69647966047806 -17.75
    endloop
  endfacet
  facet normal 0 0 1
    outer loop
      vertex 22.62374664732145 -79.26475361528016 -17.75
      vertex 22.82090932584975 -79.69647966047806 -17.75
      vertex 24.760003606108576 -78.28915775141209 -17.75
    endloop
  endfacet
  facet normal 0 0 1
    outer loop
      vertex 22.850336797229232 -79.68859459328664 -17.75
      vertex 25.61750883368314 -78.84258520086823 -17.75
      vertex 24.760003606108576 -78.28915775141209 -17.75
    endloop
  endfacet
  facet normal 0 0 1
    outer loop
      vertex 11.412194278725366 -81.20198163680877 -17.75
      vertex 14.239150568688288 -80.75423574700106 -17.75
      vertex 13.410304057745478 -63.09052024733047 -17.75
    endloop
  endfacet
  facet normal 0 0 1
    outer loop
      vertex 14.239150568688288 -80.75423574700106 -17.75
      vertex 17.048758647056268 -80.20810326017207 -17.75
      vertex 15.603962266178568 -62.58407434480177 -17.75
    endloop
  endfacet
  facet normal 0 0 1
    outer loop
      vertex 17.048758647056268 -80.20810326017207 -17.75
      vertex 19.837595439172755 -79.56424955463172 -17.75
      vertex 17.778609450196445 -62.00137938802157 -17.75
    endloop
  endfacet
  facet normal 0 0 1
    outer loop
      vertex 14.239150568688288 -80.75423574700106 -17.75
      vertex 15.603962266178568 -62.58407434480177 -17.75
      vertex 13.410304057745478 -63.09052024733047 -17.75
    endloop
  endfacet
  facet normal 0 0 1
    outer loop
      vertex 17.048758647056268 -80.20810326017207 -17.75
      vertex 17.778609450196445 -62.00137938802157 -17.75
      vertex 15.603962266178568 -62.58407434480177 -17.75
    endloop
  endfacet
  facet normal 0 0 1
    outer loop
      vertex 19.837595439172755 -79.56424955463172 -17.75
      vertex 22.602263176993933 -78.82345906694215 -17.75
      vertex 22.060299244505632 -60.61017404069109 -17.75
    endloop
  endfacet
  facet normal 0 0 1
    outer loop
      vertex 22.602263176993933 -78.82345906694215 -17.75
      vertex 24.709757205599075 -78.17913348140664 -17.75
      vertex 24.162125275326325 -59.80335861955779 -17.75
    endloop
  endfacet
  facet normal 0 0 1
    outer loop
      vertex 24.709757205599075 -78.17913348140664 -17.75
      vertex 24.760003606108576 -78.28915775141209 -17.75
      vertex 25.61750883368314 -78.84258520086823 -17.75
    endloop
  endfacet
  facet normal 0 0 1
    outer loop
      vertex 24.709757205599075 -78.17913348140664 -17.75
      vertex 25.61750883368314 -78.84258520086823 -17.75
      vertex 24.162125275326325 -59.80335861955779 -17.75
    endloop
  endfacet
  facet normal 0 0 1
    outer loop
      vertex 25.61750883368314 -78.84258520086823 -17.75
      vertex 28.353469881697936 -77.90051826315181 -17.75
      vertex 26.234513478389115 -58.923682017947755 -17.75
    endloop
  endfacet
  facet normal 0 0 1
    outer loop
      vertex 28.353469881697936 -77.90051826315181 -17.75
      vertex 31.05488659417911 -76.86354154358668 -17.75
      vertex 30.280915799689957 -56.95011973940079 -17.75
    endloop
  endfacet
  facet normal 0 0 1
    outer loop
      vertex 31.05488659417911 -76.86354154358668 -17.75
      vertex 33.71846771098384 -75.73291843857162 -17.75
      vertex 32.25 -55.85863854409629 -17.75
    endloop
  endfacet
  facet normal 0 0 1
    outer loop
      vertex 33.71846771098384 -75.73291843857162 -17.75
      vertex 36.340968068814526 -74.51002643820095 -17.75
      vertex 34.179792543041714 -54.69910220208948 -17.75
    endloop
  endfacet
  facet normal 0 0 1
    outer loop
      vertex 41.45 -71.79350597372996 -17.75
      vertex 42.95264351319894 -69.98085749137437 -17.75
      vertex 42.90245960283096 -69.87097005569203 -17.75
    endloop
  endfacet
  facet normal 0 0 1
    outer loop
      vertex 41.45 -71.79350597372996 -17.75
      vertex 43.930307004932686 -70.30318717136771 -17.75
      vertex 42.95264351319894 -69.98085749137437 -17.75
    endloop
  endfacet
  facet normal 0 0 1
    outer loop
      vertex 42.95264351319894 -69.98085749137437 -17.75
      vertex 43.930307004932686 -70.30318717136771 -17.75
      vertex 45.088900471986065 -69.0052616275063 -17.75
    endloop
  endfacet
  facet normal 0 0 1
    outer loop
      vertex 43.930307004932686 -70.30318717136771 -17.75
      vertex 45.28104789004888 -69.42600578413094 -17.75
      vertex 45.088900471986065 -69.0052616275063 -17.75
    endloop
  endfacet
  facet normal -0.544639035015023 0.8386705679454266 1.3503260465983692e-15
    outer loop
      vertex 43.930307004932686 -70.30318717136771 -17.75
      vertex 46.35709169772492 -68.72721476481297 -13.561995884405343
      vertex 45.28104789004888 -69.42600578413094 -17.75
    endloop
  endfacet
  facet normal -0.017452406437289555 0.9998476951563912 2.025048345130375e-15
    outer loop
      vertex 0 -82.9 -17.75
      vertex 2.8902128788443444 -82.8495511465434 -10.15
      vertex 0.5576460450706692 -82.89026625207633 -17.75
    endloop
  endfacet
  facet normal -0.01745240643728423 0.9998476951563913 0
    outer loop
      vertex 0 -82.9 -17.75
      vertex 0 -82.9 -10.15
      vertex 2.8902128788443444 -82.8495511465434 -10.15
    endloop
  endfacet
  facet normal 0 0 -1
    outer loop
      vertex 0 -82.9 -10.15
      vertex 1.0042403025740838 -82.48247092031504 -10.15
      vertex 2.8902128788443444 -82.8495511465434 -10.15
    endloop
  endfacet
  facet normal 0 0 -1
    outer loop
      vertex 1.0042403025740838 -82.48247092031504 -10.15
      vertex 2.9037245337403124 -82.75557552254247 -10.15
      vertex 2.8902128788443444 -82.8495511465434 -10.15
    endloop
  endfacet
  facet normal 0 0 -1
    outer loop
      vertex 0 -82.9 -10.15
      vertex 0 -74.7 -10.15
      vertex 1.0042403025740838 -82.48247092031504 -10.15
    endloop
  endfacet
  facet normal 0 0 -1
    outer loop
      vertex 1.0042403025740838 -82.48247092031504 -10.15
      vertex 0 -74.7 -10.15
      vertex 2.87920847795633 -82.4497432290754 -10.15
    endloop
  endfacet
  facet normal 0 0 -1
    outer loop
      vertex 2.87920847795633 -82.4497432290754 -10.15
      vertex 0 -74.7 -10.15
      vertex 2.606992403676822 -74.65449477832645 -10.15
    endloop
  endfacet
  facet normal 0 0 -1
    outer loop
      vertex 2.87920847795633 -82.4497432290754 -10.15
      vertex 2.606992403676822 -74.65449477832645 -10.15
      vertex 5.754909083890338 -82.2990341464355 -10.15
    endloop
  endfacet
  facet normal 0 0 -1
    outer loop
      vertex 5.754909083890338 -82.2990341464355 -10.15
      vertex 2.606992403676822 -74.65449477832645 -10.15
      vertex 5.21080858868616 -74.51803455440887 -10.15
    endloop
  endfacet
  facet normal 0 0 -1
    outer loop
      vertex 5.754909083890338 -82.2990341464355 -10.15
      vertex 5.21080858868616 -74.51803455440887 -10.15
      vertex 8.623598219581412 -82.04805636788255 -10.15
    endloop
  endfacet
  facet normal 0 0 -1
    outer loop
      vertex 8.623598219581412 -82.04805636788255 -10.15
      vertex 5.21080858868616 -74.51803455440887 -10.15
      vertex 7.808276206093715 -74.29078558401002 -10.15
    endloop
  endfacet
  facet normal 0 0 -1
    outer loop
      vertex 8.623598219581412 -82.04805636788255 -10.15
      vertex 7.808276206093715 -74.29078558401002 -10.15
      vertex 11.4817808292054 -81.69711567117956 -10.15
    endloop
  endfacet
  facet normal 0 0 -1
    outer loop
      vertex 11.4817808292054 -81.69711567117956 -10.15
      vertex 10.396230641716889 -73.9730247349953 -10.15
      vertex 14.325974657521753 -81.24663962350716 -10.15
    endloop
  endfacet
  facet normal 0 0 -1
    outer loop
      vertex 11.4817808292054 -81.69711567117956 -10.15
      vertex 7.808276206093715 -74.29078558401002 -10.15
      vertex 10.396230641716889 -73.9730247349953 -10.15
    endloop
  endfacet
  facet normal -0.2588190451025791 0.9659258262890527 0
    outer loop
      vertex 22.850336797229232 -79.68859459328664 -17.75
      vertex 22.82090932584975 -79.69647966047806 -17.75
      vertex 22.850336797229232 -79.68859459328664 -10.15
    endloop
  endfacet
  facet normal -0.2923717047227391 0.9563047559630349 6.178162064902979e-18
    outer loop
      vertex 22.850336797229232 -79.68859459328664 -17.75
      vertex 25.61750883368314 -78.84258520086823 -10.15
      vertex 25.61750883368314 -78.84258520086823 -17.75
    endloop
  endfacet
  facet normal -0.2588190451025229 0.9659258262890678 -2.3315701534990485e-16
    outer loop
      vertex 22.82090932584975 -79.69647966047806 -17.75
      vertex 20.565120016563775 -80.300916584196 -10.15
      vertex 22.850336797229232 -79.68859459328664 -10.15
    endloop
  endfacet
  facet normal -0.2923717047227391 0.9563047559630349 0
    outer loop
      vertex 22.850336797229232 -79.68859459328664 -17.75
      vertex 22.850336797229232 -79.68859459328664 -10.15
      vertex 25.61750883368314 -78.84258520086823 -10.15
    endloop
  endfacet
  facet normal 0 0 -1
    outer loop
      vertex 14.325974657521753 -81.24663962350716 -10.15
      vertex 12.971518871719697 -73.56513915001194 -10.15
      vertex 17.152714492465147 -80.69717706053896 -10.15
    endloop
  endfacet
  facet normal 0 0 -1
    outer loop
      vertex 14.325974657521753 -81.24663962350716 -10.15
      vertex 10.396230641716889 -73.9730247349953 -10.15
      vertex 12.971518871719697 -73.56513915001194 -10.15
    endloop
  endfacet
  facet normal 0 0 -1
    outer loop
      vertex 17.152714492465147 -80.69717706053896 -10.15
      vertex 15.531003304086623 -73.06762577481528 -10.15
      vertex 19.95855638697259 -80.04939741776971 -10.15
    endloop
  endfacet
  facet normal 0 0 -1
    outer loop
      vertex 20.528836597414077 -80.22146697855723 -10.15
      vertex 22.250164451553403 -79.43536288749664 -10.15
      vertex 20.565120016563775 -80.300916584196 -10.15
    endloop
  endfacet
  facet normal 0 0 -1
    outer loop
      vertex 19.95855638697259 -80.04939741776971 -10.15
      vertex 18.07156560129518 -72.48109075281694 -10.15
      vertex 22.250164451553403 -79.43536288749664 -10.15
    endloop
  endfacet
  facet normal 0 0 -1
    outer loop
      vertex 22.250164451553403 -79.43536288749664 -10.15
      vertex 18.07156560129518 -72.48109075281694 -10.15
      vertex 22.850336797229232 -79.68859459328664 -10.15
    endloop
  endfacet
  facet normal 0 0 -1
    outer loop
      vertex 20.565120016563775 -80.300916584196 -10.15
      vertex 22.250164451553403 -79.43536288749664 -10.15
      vertex 22.850336797229232 -79.68859459328664 -10.15
    endloop
  endfacet
  facet normal 0 0 -1
    outer loop
      vertex 22.850336797229232 -79.68859459328664 -10.15
      vertex 20.590110479529837 -71.80624868659243 -10.15
      vertex 25.61750883368314 -78.84258520086823 -10.15
    endloop
  endfacet
  facet normal 0 0 -1
    outer loop
      vertex 17.152714492465147 -80.69717706053896 -10.15
      vertex 12.971518871719697 -73.56513915001194 -10.15
      vertex 15.531003304086623 -73.06762577481528 -10.15
    endloop
  endfacet
  facet normal 0 0 -1
    outer loop
      vertex 19.95855638697259 -80.04939741776971 -10.15
      vertex 15.531003304086623 -73.06762577481528 -10.15
      vertex 18.07156560129518 -72.48109075281694 -10.15
    endloop
  endfacet
  facet normal 0 0 -1
    outer loop
      vertex 22.850336797229232 -79.68859459328664 -10.15
      vertex 18.07156560129518 -72.48109075281694 -10.15
      vertex 20.590110479529837 -71.80624868659243 -10.15
    endloop
  endfacet
  facet normal 0 0 -1
    outer loop
      vertex 20.590110479529837 -71.80624868659243 -10.15
      vertex 23.08356947980857 -71.04392176724797 -10.15
      vertex 25.61750883368314 -78.84258520086823 -10.15
    endloop
  endfacet
  facet normal -0.3255681544571543 0.9455185755993175 -3.793669103404918e-18
    outer loop
      vertex 25.61750883368314 -78.84258520086823 -17.75
      vertex 28.353469881697936 -77.90051826315181 -10.15
      vertex 28.353469881697936 -77.90051826315181 -17.75
    endloop
  endfacet
  facet normal -0.3583679495453007 0.9335804264972016 -1.398504634971009e-18
    outer loop
      vertex 28.353469881697936 -77.90051826315181 -17.75
      vertex 31.05488659417911 -76.86354154358668 -10.15
      vertex 31.05488659417911 -76.86354154358668 -17.75
    endloop
  endfacet
  facet normal -0.3255681544571543 0.9455185755993175 0
    outer loop
      vertex 25.61750883368314 -78.84258520086823 -17.75
      vertex 25.61750883368314 -78.84258520086823 -10.15
      vertex 28.353469881697936 -77.90051826315181 -10.15
    endloop
  endfacet
  facet normal -0.3583679495453007 0.9335804264972016 0
    outer loop
      vertex 28.353469881697936 -77.90051826315181 -17.75
      vertex 28.353469881697936 -77.90051826315181 -10.15
      vertex 31.05488659417911 -76.86354154358668 -10.15
    endloop
  endfacet
  facet normal -0.390731128489274 0.9205048534524403 0
    outer loop
      vertex 31.05488659417911 -76.86354154358668 -17.75
      vertex 31.05488659417911 -76.86354154358668 -10.15
      vertex 33.71846771098384 -75.73291843857162 -10.15
    endloop
  endfacet
  facet normal -0.390731128489274 0.9205048534524403 -3.2179061927633208e-18
    outer loop
      vertex 31.05488659417911 -76.86354154358668 -17.75
      vertex 33.71846771098384 -75.73291843857162 -10.15
      vertex 33.71846771098384 -75.73291843857162 -17.75
    endloop
  endfacet
  facet normal -0.4226182617406964 0.9063077870366514 -7.99474459605995e-18
    outer loop
      vertex 33.71846771098384 -75.73291843857162 -17.75
      vertex 36.340968068814526 -74.51002643820095 -10.15
      vertex 36.340968068814526 -74.51002643820095 -17.75
    endloop
  endfacet
  facet normal -0.4226182617406964 0.9063077870366514 0
    outer loop
      vertex 33.71846771098384 -75.73291843857162 -17.75
      vertex 33.71846771098384 -75.73291843857162 -10.15
      vertex 36.340968068814526 -74.51002643820095 -10.15
    endloop
  endfacet
  facet normal 0 0 -1
    outer loop
      vertex 23.08356947980857 -71.04392176724797 -10.15
      vertex 28.353469881697936 -77.90051826315181 -10.15
      vertex 25.61750883368314 -78.84258520086823 -10.15
    endloop
  endfacet
  facet normal 0 0 -1
    outer loop
      vertex 23.08356947980857 -71.04392176724797 -10.15
      vertex 25.548904706427454 -70.19503877270736 -10.15
      vertex 28.353469881697936 -77.90051826315181 -10.15
    endloop
  endfacet
  facet normal 0 0 -1
    outer loop
      vertex 28.353469881697936 -77.90051826315181 -10.15
      vertex 25.548904706427454 -70.19503877270736 -10.15
      vertex 27.98311252816863 -69.26063393613903 -10.15
    endloop
  endfacet
  facet normal 0 0 -1
    outer loop
      vertex 28.353469881697936 -77.90051826315181 -10.15
      vertex 27.98311252816863 -69.26063393613903 -10.15
      vertex 31.05488659417911 -76.86354154358668 -10.15
    endloop
  endfacet
  facet normal 0 0 -1
    outer loop
      vertex 31.05488659417911 -76.86354154358668 -10.15
      vertex 27.98311252816863 -69.26063393613903 -10.15
      vertex 30.383227237762277 -68.24184568590229 -10.15
    endloop
  endfacet
  facet normal 0 0 -1
    outer loop
      vertex 31.05488659417911 -76.86354154358668 -10.15
      vertex 30.383227237762277 -68.24184568590229 -10.15
      vertex 33.71846771098384 -75.73291843857162 -10.15
    endloop
  endfacet
  facet normal 0 0 -1
    outer loop
      vertex 33.71846771098384 -75.73291843857162 -10.15
      vertex 32.74632466514409 -67.13991525854777 -10.15
      vertex 36.340968068814526 -74.51002643820095 -10.15
    endloop
  endfacet
  facet normal 0 0 -1
    outer loop
      vertex 33.71846771098384 -75.73291843857162 -10.15
      vertex 30.383227237762277 -68.24184568590229 -10.15
      vertex 32.74632466514409 -67.13991525854777 -10.15
    endloop
  endfacet
  facet normal 0 0 -1
    outer loop
      vertex 36.340968068814526 -74.51002643820095 -10.15
      vertex 35.069525740106045 -65.95618518656185 -10.15
      vertex 38.91919255495035 -73.19635544800505 -10.15
    endloop
  endfacet
  facet normal 0 0 -1
    outer loop
      vertex 36.340968068814526 -74.51002643820095 -10.15
      vertex 32.74632466514409 -67.13991525854777 -10.15
      vertex 35.069525740106045 -65.95618518656185 -10.15
    endloop
  endfacet
  facet normal -0.4539904997395479 0.8910065241883673 3.859422289059926e-18
    outer loop
      vertex 36.340968068814526 -74.51002643820095 -17.75
      vertex 38.91919255495035 -73.19635544800505 -10.15
      vertex 38.91919255495035 -73.19635544800505 -17.75
    endloop
  endfacet
  facet normal -0.48480962024633906 0.8746197071393946 4.394618000583309e-18
    outer loop
      vertex 38.91919255495035 -73.19635544800505 -17.75
      vertex 41.45 -71.79350597372996 -10.15
      vertex 41.45 -71.79350597372996 -17.75
    endloop
  endfacet
  facet normal -0.4539904997395479 0.8910065241883673 0
    outer loop
      vertex 36.340968068814526 -74.51002643820095 -17.75
      vertex 36.340968068814526 -74.51002643820095 -10.15
      vertex 38.91919255495035 -73.19635544800505 -10.15
    endloop
  endfacet
  facet normal -0.48480962024633906 0.8746197071393946 0
    outer loop
      vertex 38.91919255495035 -73.19635544800505 -17.75
      vertex 38.91919255495035 -73.19635544800505 -10.15
      vertex 41.45 -71.79350597372996 -10.15
    endloop
  endfacet
  facet normal -0.5150380749100559 0.8571673007021113 2.7775202413564605e-18
    outer loop
      vertex 41.45 -71.79350597372996 -17.75
      vertex 43.930307004932686 -70.30318717136771 -10.15
      vertex 43.930307004932686 -70.30318717136771 -17.75
    endloop
  endfacet
  facet normal -0.5150380749100559 0.8571673007021113 0
    outer loop
      vertex 41.45 -71.79350597372996 -17.75
      vertex 41.45 -71.79350597372996 -10.15
      vertex 43.930307004932686 -70.30318717136771 -10.15
    endloop
  endfacet
  facet normal -0.5446390350150213 0.8386705679454277 -2.333961523561969e-19
    outer loop
      vertex 43.930307004932686 -70.30318717136771 -17.75
      vertex 46.35709169772492 -68.72721476481297 -10.15
      vertex 46.35709169772492 -68.72721476481297 -13.561995884405343
    endloop
  endfacet
  facet normal -0.5446390350150214 0.8386705679454277 0
    outer loop
      vertex 43.930307004932686 -70.30318717136771 -17.75
      vertex 43.930307004932686 -70.30318717136771 -10.15
      vertex 46.35709169772492 -68.72721476481297 -10.15
    endloop
  endfacet
  facet normal 0 0 -1
    outer loop
      vertex 38.91919255495035 -73.19635544800505 -10.15
      vertex 37.35 -64.69209766269756 -10.15
      vertex 41.45 -71.79350597372996 -10.15
    endloop
  endfacet
  facet normal 0 0 -1
    outer loop
      vertex 41.45 -71.79350597372996 -10.15
      vertex 39.58496903822041 -63.34919278288502 -10.15
      vertex 43.930307004932686 -70.30318717136771 -10.15
    endloop
  endfacet
  facet normal -0.5735764363510412 0.8191520442889952 0
    outer loop
      vertex 46.35709169772492 -68.72721476481297 -13.561995884405343
      vertex 46.35709169772492 -68.72721476481297 -10.15
      vertex 47.218341708219675 -68.12416101518136 -10.15
    endloop
  endfacet
  facet normal 0 0 -1
    outer loop
      vertex 43.930307004932686 -70.30318717136771 -10.15
      vertex 45.44512941287428 -68.84257732125226 -10.15
      vertex 46.35709169772492 -68.72721476481297 -10.15
    endloop
  endfacet
  facet normal 0 0 -1
    outer loop
      vertex 45.44512941287428 -68.84257732125226 -10.15
      vertex 47.218341708219675 -68.12416101518136 -10.15
      vertex 46.35709169772492 -68.72721476481297 -10.15
    endloop
  endfacet
  facet normal 0 0 -1
    outer loop
      vertex 45.44512941287428 -68.84257732125226 -10.15
      vertex 47.18381052189344 -68.04854826422923 -10.15
      vertex 47.218341708219675 -68.12416101518136 -10.15
    endloop
  endfacet
  facet normal 0 0 1
    outer loop
      vertex 19.837595439172755 -79.56424955463172 -17.75
      vertex 19.93159613718411 -61.3431453010374 -17.75
      vertex 17.778609450196445 -62.00137938802157 -17.75
    endloop
  endfacet
  facet normal 0 0 1
    outer loop
      vertex 19.837595439172755 -79.56424955463172 -17.75
      vertex 22.060299244505632 -60.61017404069109 -17.75
      vertex 19.93159613718411 -61.3431453010374 -17.75
    endloop
  endfacet
  facet normal 0 0 1
    outer loop
      vertex 22.602263176993933 -78.82345906694215 -17.75
      vertex 24.162125275326325 -59.80335861955779 -17.75
      vertex 22.060299244505632 -60.61017404069109 -17.75
    endloop
  endfacet
  facet normal 0 0 1
    outer loop
      vertex 24.162125275326325 -59.80335861955779 -17.75
      vertex 25.61750883368314 -78.84258520086823 -17.75
      vertex 26.234513478389115 -58.923682017947755 -17.75
    endloop
  endfacet
  facet normal 0 0 1
    outer loop
      vertex 28.353469881697936 -77.90051826315181 -17.75
      vertex 28.274938967895498 -57.97221598629628 -17.75
      vertex 26.234513478389115 -58.923682017947755 -17.75
    endloop
  endfacet
  facet normal 0 0 1
    outer loop
      vertex 28.353469881697936 -77.90051826315181 -17.75
      vertex 30.280915799689957 -56.95011973940079 -17.75
      vertex 28.274938967895498 -57.97221598629628 -17.75
    endloop
  endfacet
  facet normal 0 0 1
    outer loop
      vertex 31.05488659417911 -76.86354154358668 -17.75
      vertex 32.25 -55.85863854409629 -17.75
      vertex 30.280915799689957 -56.95011973940079 -17.75
    endloop
  endfacet
  facet normal 0 0 1
    outer loop
      vertex 33.71846771098384 -75.73291843857162 -17.75
      vertex 34.179792543041714 -54.69910220208948 -17.75
      vertex 32.25 -55.85863854409629 -17.75
    endloop
  endfacet
  facet normal 0 0 1
    outer loop
      vertex 36.340968068814526 -74.51002643820095 -17.75
      vertex 36.067942273863174 -53.47292342980019 -17.75
      vertex 34.179792543041714 -54.69910220208948 -17.75
    endloop
  endfacet
  facet normal 0 0 1
    outer loop
      vertex 36.340968068814526 -74.51002643820095 -17.75
      vertex 37.91214877286452 -52.18159613718411 -17.75
      vertex 36.067942273863174 -53.47292342980019 -17.75
    endloop
  endfacet
  facet normal 0 0 1
    outer loop
      vertex 36.340968068814526 -74.51002643820095 -17.75
      vertex 38.91919255495035 -73.19635544800505 -17.75
      vertex 37.91214877286452 -52.18159613718411 -17.75
    endloop
  endfacet
  facet normal 0 0 1
    outer loop
      vertex 38.91919255495035 -73.19635544800505 -17.75
      vertex 41.45 -71.79350597372996 -17.75
      vertex 39.71016515850496 -50.826693607633565 -17.75
    endloop
  endfacet
  facet normal 0 0 1
    outer loop
      vertex 41.45 -71.79350597372996 -17.75
      vertex 42.90245960283096 -69.87097005569203 -17.75
      vertex 43.15892411014636 -47.93284124329193 -17.75
    endloop
  endfacet
  facet normal 0 0 1
    outer loop
      vertex 42.90245960283096 -69.87097005569203 -17.75
      vertex 43.4533796671228 -69.53994388482693 -17.75
      vertex 43.15892411014636 -47.93284124329193 -17.75
    endloop
  endfacet
  facet normal 0 0 1
    outer loop
      vertex 43.4533796671228 -69.53994388482693 -17.75
      vertex 45.853818084601244 -67.98108094951343 -17.75
      vertex 44.80546489460532 -46.397417121843 -17.75
    endloop
  endfacet
  facet normal 0 0 1
    outer loop
      vertex 38.91919255495035 -73.19635544800505 -17.75
      vertex 39.71016515850496 -50.826693607633565 -17.75
      vertex 37.91214877286452 -52.18159613718411 -17.75
    endloop
  endfacet
  facet normal 0 0 1
    outer loop
      vertex 41.45 -71.79350597372996 -17.75
      vertex 41.45980082478178 -49.40986658117408 -17.75
      vertex 39.71016515850496 -50.826693607633565 -17.75
    endloop
  endfacet
  facet normal 0 0 1
    outer loop
      vertex 41.45 -71.79350597372996 -17.75
      vertex 43.15892411014636 -47.93284124329193 -17.75
      vertex 41.45980082478178 -49.40986658117408 -17.75
    endloop
  endfacet
  facet normal 0 0 1
    outer loop
      vertex 45.853818084601244 -67.98108094951343 -17.75
      vertex 48.198390687982794 -66.3393935387457 -17.75
      vertex 47.93284124329193 -43.15892411014636 -17.75
    endloop
  endfacet
  facet normal 0 0 1
    outer loop
      vertex 48.198390687982794 -66.3393935387457 -17.75
      vertex 50.48424097670398 -64.6168817957512 -17.75
      vertex 49.40986658117408 -41.45980082478178 -17.75
    endloop
  endfacet
  facet normal 0 0 1
    outer loop
      vertex 43.4533796671228 -69.53994388482693 -17.75
      vertex 44.80546489460532 -46.397417121843 -17.75
      vertex 43.15892411014636 -47.93284124329193 -17.75
    endloop
  endfacet
  facet normal 0 0 1
    outer loop
      vertex 45.853818084601244 -67.98108094951343 -17.75
      vertex 46.397417121843 -44.80546489460532 -17.75
      vertex 44.80546489460532 -46.397417121843 -17.75
    endloop
  endfacet
  facet normal 0 0 1
    outer loop
      vertex 45.853818084601244 -67.98108094951343 -17.75
      vertex 47.93284124329193 -43.15892411014636 -17.75
      vertex 46.397417121843 -44.80546489460532 -17.75
    endloop
  endfacet
  facet normal 0 0 1
    outer loop
      vertex 48.198390687982794 -66.3393935387457 -17.75
      vertex 49.40986658117408 -41.45980082478178 -17.75
      vertex 47.93284124329193 -43.15892411014636 -17.75
    endloop
  endfacet
  facet normal 0 0 -1
    outer loop
      vertex 35.069525740106045 -65.95618518656185 -10.15
      vertex 37.35 -64.69209766269756 -10.15
      vertex 38.91919255495035 -73.19635544800505 -10.15
    endloop
  endfacet
  facet normal 0 0 -1
    outer loop
      vertex 41.45 -71.79350597372996 -10.15
      vertex 37.35 -64.69209766269756 -10.15
      vertex 39.58496903822041 -63.34919278288502 -10.15
    endloop
  endfacet
  facet normal 0 0 -1
    outer loop
      vertex 39.58496903822041 -63.34919278288502 -10.15
      vertex 41.7717098892648 -61.92910666986162 -10.15
      vertex 43.930307004932686 -70.30318717136771 -10.15
    endloop
  endfacet
  facet normal 0 0 -1
    outer loop
      vertex 43.930307004932686 -70.30318717136771 -10.15
      vertex 41.7717098892648 -61.92910666986162 -10.15
      vertex 45.44512941287428 -68.84257732125226 -10.15
    endloop
  endfacet
  facet normal 0 0 -1
    outer loop
      vertex 45.44512941287428 -68.84257732125226 -10.15
      vertex 41.7717098892648 -61.92910666986162 -10.15
      vertex 46.133414536336616 -68.39559973579094 -10.15
    endloop
  endfacet
  facet normal 0 0 -1
    outer loop
      vertex 46.133414536336616 -68.39559973579094 -10.15
      vertex 41.7717098892648 -61.92910666986162 -10.15
      vertex 48.49228331412903 -66.74390203593316 -10.15
    endloop
  endfacet
  facet normal 0 0 -1
    outer loop
      vertex 48.49228331412903 -66.74390203593316 -10.15
      vertex 41.7717098892648 -61.92910666986162 -10.15
      vertex 43.90755834624775 -60.433569479808575 -10.15
    endloop
  endfacet
  facet normal 0 0 -1
    outer loop
      vertex 48.49228331412903 -66.74390203593316 -10.15
      vertex 43.90755834624775 -60.433569479808575 -10.15
      vertex 50.792071714366806 -65.01088717255456 -10.15
    endloop
  endfacet
  facet normal 0 0 -1
    outer loop
      vertex 43.90755834624775 -60.433569479808575 -10.15
      vertex 45.98991220682667 -58.864403294422125 -10.15
      vertex 50.792071714366806 -65.01088717255456 -10.15
    endloop
  endfacet
  facet normal 0 0 -1
    outer loop
      vertex 45.98991220682667 -58.864403294422125 -10.15
      vertex 48.01623444358449 -57.22351990098766 -10.15
      vertex 50.792071714366806 -65.01088717255456 -10.15
    endloop
  endfacet
  facet normal 0 0 1
    outer loop
      vertex 50.48424097670398 -64.6168817957512 -17.75
      vertex 52.70858399429622 -62.8156443357562 -17.75
      vertex 52.18159613718411 -37.91214877286452 -17.75
    endloop
  endfacet
  facet normal 0 0 1
    outer loop
      vertex 52.70858399429622 -62.8156443357562 -17.75
      vertex 54.86870972142638 -60.93787568914633 -17.75
      vertex 54.69910220208948 -34.179792543041714 -17.75
    endloop
  endfacet
  facet normal 0 0 1
    outer loop
      vertex 61.886067982918334 -54.450433126531415 -17.75
      vertex 62.27598071066059 -54.701014821152626 -17.75
      vertex 63.15575475118527 -52.47476195094304 -17.75
    endloop
  endfacet
  facet normal 0 0 1
    outer loop
      vertex 62.27598071066059 -54.701014821152626 -17.75
      vertex 63.50508433456328 -53.28709284301411 -17.75
      vertex 63.15575475118527 -52.47476195094304 -17.75
    endloop
  endfacet
  facet normal -0.7547095802227747 0.6560590289905042 -1.9977305211088696e-15
    outer loop
      vertex 62.27598071066059 -54.701014821152626 -17.75
      vertex 61.606706032075984 -55.47092726714935 -14.418555044157404
      vertex 63.50508433456328 -53.28709284301411 -17.75
    endloop
  endfacet
  facet normal 0 0 1
    outer loop
      vertex 49.40986658117408 -41.45980082478178 -17.75
      vertex 50.48424097670398 -64.6168817957512 -17.75
      vertex 50.826693607633565 -39.71016515850496 -17.75
    endloop
  endfacet
  facet normal 0 0 1
    outer loop
      vertex 50.48424097670398 -64.6168817957512 -17.75
      vertex 52.18159613718411 -37.91214877286452 -17.75
      vertex 50.826693607633565 -39.71016515850496 -17.75
    endloop
  endfacet
  facet normal 0 0 1
    outer loop
      vertex 52.70858399429622 -62.8156443357562 -17.75
      vertex 53.47292342980019 -36.067942273863174 -17.75
      vertex 52.18159613718411 -37.91214877286452 -17.75
    endloop
  endfacet
  facet normal 0 0 1
    outer loop
      vertex 52.70858399429622 -62.8156443357562 -17.75
      vertex 54.69910220208948 -34.179792543041714 -17.75
      vertex 53.47292342980019 -36.067942273863174 -17.75
    endloop
  endfacet
  facet normal 0 0 1
    outer loop
      vertex 54.86870972142638 -60.93787568914633 -17.75
      vertex 56.96198637763777 -58.9858636277694 -17.75
      vertex 56.95011973940079 -30.280915799689957 -17.75
    endloop
  endfacet
  facet normal 0 0 1
    outer loop
      vertex 56.96198637763777 -58.9858636277694 -17.75
      vertex 58.9858636277694 -56.96198637763777 -17.75
      vertex 58.923682017947755 -26.234513478389115 -17.75
    endloop
  endfacet
  facet normal 0 0 1
    outer loop
      vertex 58.9858636277694 -56.96198637763777 -17.75
      vertex 60.93787568914633 -54.86870972142638 -17.75
      vertex 60.61017404069109 -22.060299244505632 -17.75
    endloop
  endfacet
  facet normal 0 0 1
    outer loop
      vertex 54.86870972142638 -60.93787568914633 -17.75
      vertex 55.85863854409629 -32.25 -17.75
      vertex 54.69910220208948 -34.179792543041714 -17.75
    endloop
  endfacet
  facet normal 0 0 1
    outer loop
      vertex 54.86870972142638 -60.93787568914633 -17.75
      vertex 56.95011973940079 -30.280915799689957 -17.75
      vertex 55.85863854409629 -32.25 -17.75
    endloop
  endfacet
  facet normal 0 0 1
    outer loop
      vertex 56.96198637763777 -58.9858636277694 -17.75
      vertex 57.97221598629628 -28.274938967895498 -17.75
      vertex 56.95011973940079 -30.280915799689957 -17.75
    endloop
  endfacet
  facet normal 0 0 1
    outer loop
      vertex 56.96198637763777 -58.9858636277694 -17.75
      vertex 58.923682017947755 -26.234513478389115 -17.75
      vertex 57.97221598629628 -28.274938967895498 -17.75
    endloop
  endfacet
  facet normal 0 0 1
    outer loop
      vertex 60.93787568914633 -54.86870972142638 -17.75
      vertex 62.8156443357562 -52.70858399429622 -17.75
      vertex 62.58407434480177 -15.603962266178568 -17.75
    endloop
  endfacet
  facet normal 0 0 1
    outer loop
      vertex 63.50508433456328 -53.28709284301411 -17.75
      vertex 62.58407434480177 -15.603962266178568 -17.75
      vertex 63.15575475118527 -52.47476195094304 -17.75
    endloop
  endfacet
  facet normal 0 0 1
    outer loop
      vertex 62.8156443357562 -52.70858399429622 -17.75
      vertex 63.05659439059451 -52.41103545670942 -17.75
      vertex 62.58407434480177 -15.603962266178568 -17.75
    endloop
  endfacet
  facet normal 0 0 1
    outer loop
      vertex 63.15575475118527 -52.47476195094304 -17.75
      vertex 62.58407434480177 -15.603962266178568 -17.75
      vertex 63.05659439059451 -52.41103545670942 -17.75
    endloop
  endfacet
  facet normal 0 0 1
    outer loop
      vertex 73.19635544800505 -38.91919255495035 -17.75
      vertex 74.51002643820095 -36.340968068814526 -17.75
      vertex 73.96857110029723 -35.64969129431941 -17.75
    endloop
  endfacet
  facet normal 0 0 1
    outer loop
      vertex 73.19635544800505 -38.91919255495035 -17.75
      vertex 73.96857110029723 -35.64969129431941 -17.75
      vertex 73.86924964007032 -35.585861267636204 -17.75
    endloop
  endfacet
  facet normal 0 0 -1
    outer loop
      vertex 48.01623444358449 -57.22351990098766 -10.15
      vertex 53.02997779913949 -63.19866655731568 -10.15
      vertex 50.792071714366806 -65.01088717255456 -10.15
    endloop
  endfacet
  facet normal 0 0 -1
    outer loop
      vertex 48.01623444358449 -57.22351990098766 -10.15
      vertex 49.98405629500671 -55.512918463161355 -10.15
      vertex 53.02997779913949 -63.19866655731568 -10.15
    endloop
  endfacet
  facet normal 0 0 -1
    outer loop
      vertex 55.2032750246058 -61.309448101885025 -10.15
      vertex 49.98405629500671 -55.512918463161355 -10.15
      vertex 51.8909802732871 -53.73468308529725 -10.15
    endloop
  endfacet
  facet normal 0 0 -1
    outer loop
      vertex 53.02997779913949 -63.19866655731568 -10.15
      vertex 49.98405629500671 -55.512918463161355 -10.15
      vertex 55.2032750246058 -61.309448101885025 -10.15
    endloop
  endfacet
  facet normal 0 0 -1
    outer loop
      vertex 55.2032750246058 -61.309448101885025 -10.15
      vertex 51.8909802732871 -53.73468308529725 -10.15
      vertex 57.309315562867276 -59.34553352793872 -10.15
    endloop
  endfacet
  facet normal 0 0 -1
    outer loop
      vertex 51.8909802732871 -53.73468308529725 -10.15
      vertex 53.73468308529725 -51.8909802732871 -10.15
      vertex 57.309315562867276 -59.34553352793872 -10.15
    endloop
  endfacet
  facet normal -0.7313537016191718 0.6819983600624971 0
    outer loop
      vertex 61.606706032075984 -55.47092726714935 -14.418555044157404
      vertex 60.71016864901436 -56.43234590411205 -10.15
      vertex 61.606706032075984 -55.47092726714935 -10.15
    endloop
  endfacet
  facet normal 0 0 -1
    outer loop
      vertex 53.73468308529725 -51.8909802732871 -10.15
      vertex 59.34553352793872 -57.309315562867276 -10.15
      vertex 57.309315562867276 -59.34553352793872 -10.15
    endloop
  endfacet
  facet normal 0 0 -1
    outer loop
      vertex 53.73468308529725 -51.8909802732871 -10.15
      vertex 55.512918463161355 -49.98405629500671 -10.15
      vertex 59.34553352793872 -57.309315562867276 -10.15
    endloop
  endfacet
  facet normal 0 0 -1
    outer loop
      vertex 60.64095579726302 -56.387865505172925 -10.15
      vertex 61.606706032075984 -55.47092726714935 -10.15
      vertex 60.71016864901436 -56.43234590411205 -10.15
    endloop
  endfacet
  facet normal 0 0 -1
    outer loop
      vertex 60.64095579726302 -56.387865505172925 -10.15
      vertex 63.50508433456328 -53.28709284301411 -10.15
      vertex 61.606706032075984 -55.47092726714935 -10.15
    endloop
  endfacet
  facet normal 0 0 -1
    outer loop
      vertex 60.64095579726302 -56.387865505172925 -10.15
      vertex 61.66540000929738 -54.79379919582857 -10.15
      vertex 63.50508433456328 -53.28709284301411 -10.15
    endloop
  endfacet
  facet normal 0 0 -1
    outer loop
      vertex 59.34553352793872 -57.309315562867276 -10.15
      vertex 57.22351990098766 -48.01623444358449 -10.15
      vertex 61.309448101885025 -55.2032750246058 -10.15
    endloop
  endfacet
  facet normal -0.7771459614569689 0.6293203910498396 0
    outer loop
      vertex 63.50508433456328 -53.28709284301411 -17.75
      vertex 63.50508433456328 -53.28709284301411 -10.15
      vertex 65.32609147399725 -51.03833630449708 -17.75
    endloop
  endfacet
  facet normal -0.7547095802227732 0.6560590289905059 2.809655335058108e-17
    outer loop
      vertex 63.50508433456328 -53.28709284301411 -17.75
      vertex 61.606706032075984 -55.47092726714935 -14.418555044157404
      vertex 61.606706032075984 -55.47092726714935 -10.15
    endloop
  endfacet
  facet normal -0.7547095802227731 0.6560590289905058 0
    outer loop
      vertex 63.50508433456328 -53.28709284301411 -17.75
      vertex 61.606706032075984 -55.47092726714935 -10.15
      vertex 63.50508433456328 -53.28709284301411 -10.15
    endloop
  endfacet
  facet normal 0 0 -1
    outer loop
      vertex 59.34553352793872 -57.309315562867276 -10.15
      vertex 55.512918463161355 -49.98405629500671 -10.15
      vertex 57.22351990098766 -48.01623444358449 -10.15
    endloop
  endfacet
  facet normal 0 0 -1
    outer loop
      vertex 61.309448101885025 -55.2032750246058 -10.15
      vertex 58.864403294422125 -45.98991220682667 -10.15
      vertex 61.66540000929738 -54.79379919582857 -10.15
    endloop
  endfacet
  facet normal 0 0 -1
    outer loop
      vertex 61.66540000929738 -54.79379919582857 -10.15
      vertex 60.433569479808575 -43.90755834624775 -10.15
      vertex 63.50508433456328 -53.28709284301411 -10.15
    endloop
  endfacet
  facet normal 0 0 -1
    outer loop
      vertex 61.309448101885025 -55.2032750246058 -10.15
      vertex 57.22351990098766 -48.01623444358449 -10.15
      vertex 58.864403294422125 -45.98991220682667 -10.15
    endloop
  endfacet
  facet normal 0 0 -1
    outer loop
      vertex 61.66540000929738 -54.79379919582857 -10.15
      vertex 58.864403294422125 -45.98991220682667 -10.15
      vertex 60.433569479808575 -43.90755834624775 -10.15
    endloop
  endfacet
  facet normal -0.7986355100472922 0.6018150231520492 0
    outer loop
      vertex 65.32609147399725 -51.03833630449708 -17.75
      vertex 65.32609147399725 -51.03833630449708 -10.15
      vertex 67.06750883368315 -48.72739741504603 -17.75
    endloop
  endfacet
  facet normal -0.7771459614569689 0.6293203910498396 0
    outer loop
      vertex 65.32609147399725 -51.03833630449708 -17.75
      vertex 63.50508433456328 -53.28709284301411 -10.15
      vertex 65.32609147399725 -51.03833630449708 -10.15
    endloop
  endfacet
  facet normal -0.7986355100472922 0.6018150231520492 -6.79972686808847e-18
    outer loop
      vertex 65.32609147399725 -51.03833630449708 -10.15
      vertex 67.06750883368315 -48.72739741504603 -10.15
      vertex 67.06750883368315 -48.72739741504603 -17.75
    endloop
  endfacet
  facet normal -0.8191520442889907 0.5735764363510477 0
    outer loop
      vertex 67.06750883368315 -48.72739741504603 -17.75
      vertex 67.06750883368315 -48.72739741504603 -10.15
      vertex 68.72721476481297 -46.35709169772492 -17.75
    endloop
  endfacet
  facet normal -0.8386705679454277 0.5446390350150214 0
    outer loop
      vertex 68.72721476481297 -46.35709169772492 -17.75
      vertex 68.72721476481297 -46.35709169772492 -10.15
      vertex 70.30318717136771 -43.930307004932686 -17.75
    endloop
  endfacet
  facet normal -0.8191520442889907 0.5735764363510477 0
    outer loop
      vertex 68.72721476481297 -46.35709169772492 -17.75
      vertex 67.06750883368315 -48.72739741504603 -10.15
      vertex 68.72721476481297 -46.35709169772492 -10.15
    endloop
  endfacet
  facet normal -0.8386705679454277 0.5446390350150214 0
    outer loop
      vertex 70.30318717136771 -43.930307004932686 -17.75
      vertex 68.72721476481297 -46.35709169772492 -10.15
      vertex 70.30318717136771 -43.930307004932686 -10.15
    endloop
  endfacet
  facet normal 0 0 -1
    outer loop
      vertex 63.50508433456328 -53.28709284301411 -10.15
      vertex 60.433569479808575 -43.90755834624775 -10.15
      vertex 61.92910666986162 -41.7717098892648 -10.15
    endloop
  endfacet
  facet normal 0 0 -1
    outer loop
      vertex 63.50508433456328 -53.28709284301411 -10.15
      vertex 63.34919278288502 -39.58496903822041 -10.15
      vertex 65.32609147399725 -51.03833630449708 -10.15
    endloop
  endfacet
  facet normal 0 0 -1
    outer loop
      vertex 63.50508433456328 -53.28709284301411 -10.15
      vertex 61.92910666986162 -41.7717098892648 -10.15
      vertex 63.34919278288502 -39.58496903822041 -10.15
    endloop
  endfacet
  facet normal 0 0 -1
    outer loop
      vertex 65.32609147399725 -51.03833630449708 -10.15
      vertex 64.69209766269756 -37.35 -10.15
      vertex 67.06750883368315 -48.72739741504603 -10.15
    endloop
  endfacet
  facet normal -0.8571673007021113 0.5150380749100559 0
    outer loop
      vertex 70.30318717136771 -43.930307004932686 -17.75
      vertex 70.30318717136771 -43.930307004932686 -10.15
      vertex 71.79350597372996 -41.45 -17.75
    endloop
  endfacet
  facet normal -0.8746197071393946 0.48480962024633906 0
    outer loop
      vertex 71.79350597372996 -41.45 -17.75
      vertex 71.79350597372996 -41.45 -10.15
      vertex 73.19635544800505 -38.91919255495035 -17.75
    endloop
  endfacet
  facet normal -0.8571673007021113 0.5150380749100559 0
    outer loop
      vertex 71.79350597372996 -41.45 -17.75
      vertex 70.30318717136771 -43.930307004932686 -10.15
      vertex 71.79350597372996 -41.45 -10.15
    endloop
  endfacet
  facet normal -0.8910065241883673 0.4539904997395479 0
    outer loop
      vertex 73.19635544800505 -38.91919255495035 -17.75
      vertex 73.19635544800505 -38.91919255495035 -10.15
      vertex 74.51002643820095 -36.340968068814526 -17.75
    endloop
  endfacet
  facet normal -0.8746197071393946 0.48480962024633906 0
    outer loop
      vertex 73.19635544800505 -38.91919255495035 -17.75
      vertex 71.79350597372996 -41.45 -10.15
      vertex 73.19635544800505 -38.91919255495035 -10.15
    endloop
  endfacet
  facet normal -0.8910065241883673 0.4539904997395479 0
    outer loop
      vertex 74.51002643820095 -36.340968068814526 -17.75
      vertex 73.19635544800505 -38.91919255495035 -10.15
      vertex 74.51002643820095 -36.340968068814526 -10.15
    endloop
  endfacet
  facet normal 0 0 -1
    outer loop
      vertex 65.32609147399725 -51.03833630449708 -10.15
      vertex 63.34919278288502 -39.58496903822041 -10.15
      vertex 64.69209766269756 -37.35 -10.15
    endloop
  endfacet
  facet normal 0 0 -1
    outer loop
      vertex 67.06750883368315 -48.72739741504603 -10.15
      vertex 65.95618518656185 -35.069525740106045 -10.15
      vertex 68.72721476481297 -46.35709169772492 -10.15
    endloop
  endfacet
  facet normal 0 0 -1
    outer loop
      vertex 67.06750883368315 -48.72739741504603 -10.15
      vertex 64.69209766269756 -37.35 -10.15
      vertex 65.95618518656185 -35.069525740106045 -10.15
    endloop
  endfacet
  facet normal 0 0 -1
    outer loop
      vertex 68.72721476481297 -46.35709169772492 -10.15
      vertex 65.95618518656185 -35.069525740106045 -10.15
      vertex 67.13991525854777 -32.74632466514409 -10.15
    endloop
  endfacet
  facet normal 0 0 -1
    outer loop
      vertex 68.72721476481297 -46.35709169772492 -10.15
      vertex 67.13991525854777 -32.74632466514409 -10.15
      vertex 68.24184568590229 -30.383227237762277 -10.15
    endloop
  endfacet
  facet normal 0 0 -1
    outer loop
      vertex 68.72721476481297 -46.35709169772492 -10.15
      vertex 68.24184568590229 -30.383227237762277 -10.15
      vertex 70.30318717136771 -43.930307004932686 -10.15
    endloop
  endfacet
  facet normal 0 0 -1
    outer loop
      vertex 70.30318717136771 -43.930307004932686 -10.15
      vertex 70.19503877270736 -25.548904706427454 -10.15
      vertex 71.79350597372996 -41.45 -10.15
    endloop
  endfacet
  facet normal 0 0 1
    outer loop
      vertex 58.9858636277694 -56.96198637763777 -17.75
      vertex 59.80335861955779 -24.162125275326325 -17.75
      vertex 58.923682017947755 -26.234513478389115 -17.75
    endloop
  endfacet
  facet normal 0 0 1
    outer loop
      vertex 58.9858636277694 -56.96198637763777 -17.75
      vertex 60.61017404069109 -22.060299244505632 -17.75
      vertex 59.80335861955779 -24.162125275326325 -17.75
    endloop
  endfacet
  facet normal 0 0 1
    outer loop
      vertex 60.93787568914633 -54.86870972142638 -17.75
      vertex 61.3431453010374 -19.93159613718411 -17.75
      vertex 60.61017404069109 -22.060299244505632 -17.75
    endloop
  endfacet
  facet normal 0 0 1
    outer loop
      vertex 60.93787568914633 -54.86870972142638 -17.75
      vertex 62.00137938802157 -17.778609450196445 -17.75
      vertex 61.3431453010374 -19.93159613718411 -17.75
    endloop
  endfacet
  facet normal 0 0 1
    outer loop
      vertex 60.93787568914633 -54.86870972142638 -17.75
      vertex 62.58407434480177 -15.603962266178568 -17.75
      vertex 62.00137938802157 -17.778609450196445 -17.75
    endloop
  endfacet
  facet normal 0 0 1
    outer loop
      vertex 63.50508433456328 -53.28709284301411 -17.75
      vertex 65.32609147399725 -51.03833630449708 -17.75
      vertex 64.46070834273168 -2.2510175373113124 -17.75
    endloop
  endfacet
  facet normal 0 0 1
    outer loop
      vertex 63.50508433456328 -53.28709284301411 -17.75
      vertex 63.09052024733047 -13.410304057745478 -17.75
      vertex 62.58407434480177 -15.603962266178568 -17.75
    endloop
  endfacet
  facet normal 0 0 1
    outer loop
      vertex 63.50508433456328 -53.28709284301411 -17.75
      vertex 63.520100069287416 -11.200307459517006 -17.75
      vertex 63.09052024733047 -13.410304057745478 -17.75
    endloop
  endfacet
  facet normal 0 0 1
    outer loop
      vertex 63.50508433456328 -53.28709284301411 -17.75
      vertex 63.87229043383129 -8.97666501192422 -17.75
      vertex 63.520100069287416 -11.200307459517006 -17.75
    endloop
  endfacet
  facet normal 0 0 1
    outer loop
      vertex 65.32609147399725 -51.03833630449708 -17.75
      vertex 67.06750883368315 -48.72739741504603 -17.75
      vertex 64.20310389252437 18.547828172681694 -17.75
    endloop
  endfacet
  facet normal 0 0 1
    outer loop
      vertex 67.06750883368315 -48.72739741504603 -17.75
      vertex 68.72721476481297 -46.35709169772492 -17.75
      vertex 64.20310389252437 18.547828172681694 -17.75
    endloop
  endfacet
  facet normal 0 0 1
    outer loop
      vertex 63.50508433456328 -53.28709284301411 -17.75
      vertex 64.14666225125363 -6.742085880763649 -17.75
      vertex 63.87229043383129 -8.97666501192422 -17.75
    endloop
  endfacet
  facet normal 0 0 1
    outer loop
      vertex 63.50508433456328 -53.28709284301411 -17.75
      vertex 64.34288124175866 -4.499292556496082 -17.75
      vertex 64.14666225125363 -6.742085880763649 -17.75
    endloop
  endfacet
  facet normal 0 0 1
    outer loop
      vertex 68.72721476481297 -46.35709169772492 -17.75
      vertex 70.30318717136771 -43.930307004932686 -17.75
      vertex 64.20310389252437 18.547828172681694 -17.75
    endloop
  endfacet
  facet normal 0 0 1
    outer loop
      vertex 70.30318717136771 -43.930307004932686 -17.75
      vertex 71.79350597372996 -41.45 -17.75
      vertex 64.20310389252437 18.547828172681694 -17.75
    endloop
  endfacet
  facet normal 0 0 1
    outer loop
      vertex 63.50508433456328 -53.28709284301411 -17.75
      vertex 64.46070834273168 -2.2510175373113124 -17.75
      vertex 64.34288124175866 -4.499292556496082 -17.75
    endloop
  endfacet
  facet normal 0 0 1
    outer loop
      vertex 65.32609147399725 -51.03833630449708 -17.75
      vertex 64.5 0 -17.75
      vertex 64.46070834273168 -2.2510175373113124 -17.75
    endloop
  endfacet
  facet normal 0 0 1
    outer loop
      vertex 65.32609147399725 -51.03833630449708 -17.75
      vertex 64.20310389252437 18.547828172681694 -17.75
      vertex 64.5 0 -17.75
    endloop
  endfacet
  facet normal 0 0 1
    outer loop
      vertex 73.96857110029723 -35.64969129431941 -17.75
      vertex 74.51002643820095 -36.340968068814526 -17.75
      vertex 75.23825786856416 -33.674020118731036 -17.75
    endloop
  endfacet
  facet normal 0 0 1
    outer loop
      vertex 74.51002643820095 -36.340968068814526 -17.75
      vertex 75.63480757368161 -33.92886713971763 -17.75
      vertex 75.23825786856416 -33.674020118731036 -17.75
    endloop
  endfacet
  facet normal -0.9063077870366513 0.4226182617406967 -1.1514564543882914e-15
    outer loop
      vertex 74.51002643820095 -36.340968068814526 -17.75
      vertex 75.73291843857162 -33.71846771098384 -16.990861396952862
      vertex 75.63480757368161 -33.92886713971763 -17.75
    endloop
  endfacet
  facet normal 0 0 1
    outer loop
      vertex 71.79350597372996 -41.45 -17.75
      vertex 73.19635544800505 -38.91919255495035 -17.75
      vertex 78.77590413438689 22.757808352664128 -17.75
    endloop
  endfacet
  facet normal 0 0 1
    outer loop
      vertex 73.19635544800505 -38.91919255495035 -17.75
      vertex 73.86924964007032 -35.585861267636204 -17.75
      vertex 78.77590413438689 22.757808352664128 -17.75
    endloop
  endfacet
  facet normal 0 0 1
    outer loop
      vertex 73.86924964007032 -35.585861267636204 -17.75
      vertex 74.91072752669326 -33.35240473221562 -17.75
      vertex 78.77590413438689 22.757808352664128 -17.75
    endloop
  endfacet
  facet normal 0 0 1
    outer loop
      vertex 74.91072752669326 -33.35240473221562 -17.75
      vertex 76.02907607447656 -30.717740660104784 -17.75
      vertex 78.77590413438689 22.757808352664128 -17.75
    endloop
  endfacet
  facet normal 0 0 1
    outer loop
      vertex 76.02907607447656 -30.717740660104784 -17.75
      vertex 77.05479490444449 -28.045651752704835 -17.75
      vertex 78.77590413438689 22.757808352664128 -17.75
    endloop
  endfacet
  facet normal 0 0 1
    outer loop
      vertex 77.05479490444449 -28.045651752704835 -17.75
      vertex 77.98663433620258 -25.339393538745686 -17.75
      vertex 78.82345906694215 22.602263176993933 -17.75
    endloop
  endfacet
  facet normal 0 0 1
    outer loop
      vertex 77.98663433620258 -25.339393538745686 -17.75
      vertex 78.82345906694215 -22.602263176993933 -17.75
      vertex 78.82345906694215 22.602263176993933 -17.75
    endloop
  endfacet
  facet normal 0 0 1
    outer loop
      vertex 78.82345906694215 -22.602263176993933 -17.75
      vertex 79.56424955463172 -19.837595439172755 -17.75
      vertex 80.20810326017207 17.048758647056268 -17.75
    endloop
  endfacet
  facet normal 0 0 1
    outer loop
      vertex 79.56424955463172 -19.837595439172755 -17.75
      vertex 80.20810326017207 -17.048758647056268 -17.75
      vertex 80.75423574700106 14.239150568688288 -17.75
    endloop
  endfacet
  facet normal 0 0 1
    outer loop
      vertex 81.5 -12.348484848484848 -17.75
      vertex 81.9647676091371 -12.348484848484848 -17.75
      vertex 82.09322289867619 -11.537450069589426 -17.75
    endloop
  endfacet
  facet normal 0 0 1
    outer loop
      vertex 80.20810326017207 -17.048758647056268 -17.75
      vertex 80.75423574700106 -14.239150568688288 -17.75
      vertex 81.20198163680877 11.412194278725366 -17.75
    endloop
  endfacet
  facet normal 0 0 1
    outer loop
      vertex 80.75423574700106 -14.239150568688288 -17.75
      vertex 81.20198163680877 -11.412194278725366 -17.75
      vertex 81.9647676091371 12.348484848484848 -17.75
    endloop
  endfacet
  facet normal 0 0 -1
    outer loop
      vertex 70.30318717136771 -43.930307004932686 -10.15
      vertex 68.24184568590229 -30.383227237762277 -10.15
      vertex 69.26063393613903 -27.98311252816863 -10.15
    endloop
  endfacet
  facet normal 0 0 -1
    outer loop
      vertex 70.30318717136771 -43.930307004932686 -10.15
      vertex 69.26063393613903 -27.98311252816863 -10.15
      vertex 70.19503877270736 -25.548904706427454 -10.15
    endloop
  endfacet
  facet normal 0 0 -1
    outer loop
      vertex 71.79350597372996 -41.45 -10.15
      vertex 71.04392176724797 -23.08356947980857 -10.15
      vertex 73.19635544800505 -38.91919255495035 -10.15
    endloop
  endfacet
  facet normal 0 0 -1
    outer loop
      vertex 71.79350597372996 -41.45 -10.15
      vertex 70.19503877270736 -25.548904706427454 -10.15
      vertex 71.04392176724797 -23.08356947980857 -10.15
    endloop
  endfacet
  facet normal 0 0 -1
    outer loop
      vertex 73.19635544800505 -38.91919255495035 -10.15
      vertex 73.06762577481528 -15.531003304086623 -10.15
      vertex 74.51002643820095 -36.340968068814526 -10.15
    endloop
  endfacet
  facet normal 0 0 -1
    outer loop
      vertex 73.19635544800505 -38.91919255495035 -10.15
      vertex 71.04392176724797 -23.08356947980857 -10.15
      vertex 71.80624868659243 -20.590110479529837 -10.15
    endloop
  endfacet
  facet normal 0 0 -1
    outer loop
      vertex 73.19635544800505 -38.91919255495035 -10.15
      vertex 71.80624868659243 -20.590110479529837 -10.15
      vertex 72.48109075281694 -18.07156560129518 -10.15
    endloop
  endfacet
  facet normal 0 0 -1
    outer loop
      vertex 73.19635544800505 -38.91919255495035 -10.15
      vertex 72.48109075281694 -18.07156560129518 -10.15
      vertex 73.06762577481528 -15.531003304086623 -10.15
    endloop
  endfacet
  facet normal 0 0 -1
    outer loop
      vertex 73.06762577481528 -15.531003304086623 -10.15
      vertex 73.56513915001194 -12.971518871719697 -10.15
      vertex 74.51002643820095 -36.340968068814526 -10.15
    endloop
  endfacet
  facet normal 0 0 -1
    outer loop
      vertex 73.56513915001194 -12.971518871719697 -10.15
      vertex 73.9730247349953 -10.396230641716889 -10.15
      vertex 74.51002643820095 -36.340968068814526 -10.15
    endloop
  endfacet
  facet normal 0 0 -1
    outer loop
      vertex 73.9730247349953 -10.396230641716889 -10.15
      vertex 74.29078558401002 -7.808276206093715 -10.15
      vertex 74.51002643820095 -36.340968068814526 -10.15
    endloop
  endfacet
  facet normal -0.9063077870366514 0.4226182617406964 0
    outer loop
      vertex 74.51002643820095 -36.340968068814526 -17.75
      vertex 74.51002643820095 -36.340968068814526 -10.15
      vertex 75.73291843857162 -33.71846771098384 -16.990861396952862
    endloop
  endfacet
  facet normal -0.9063077870366514 0.4226182617406964 0
    outer loop
      vertex 75.73291843857162 -33.71846771098384 -16.990861396952862
      vertex 74.51002643820095 -36.340968068814526 -10.15
      vertex 75.73291843857162 -33.71846771098384 -10.15
    endloop
  endfacet
  facet normal -0.9205048534524385 0.39073112848927793 0
    outer loop
      vertex 75.73291843857162 -33.71846771098384 -16.990861396952862
      vertex 75.73291843857162 -33.71846771098384 -10.15
      vertex 76.55471432795234 -31.78243792076205 -10.15
    endloop
  endfacet
  facet normal 0 0 -1
    outer loop
      vertex 74.51002643820095 -36.340968068814526 -10.15
      vertex 75.47109582469626 -33.311717187007964 -10.15
      vertex 75.73291843857162 -33.71846771098384 -10.15
    endloop
  endfacet
  facet normal 0 0 -1
    outer loop
      vertex 75.73291843857162 -33.71846771098384 -10.15
      vertex 75.47109582469626 -33.311717187007964 -10.15
      vertex 76.55471432795234 -31.78243792076205 -10.15
    endloop
  endfacet
  facet normal 0 0 -1
    outer loop
      vertex 75.47109582469626 -33.311717187007964 -10.15
      vertex 76.48337005421948 -31.736587740089533 -10.15
      vertex 76.55471432795234 -31.78243792076205 -10.15
    endloop
  endfacet
  facet normal 0 0 -1
    outer loop
      vertex 74.29078558401002 -7.808276206093715 -10.15
      vertex 75.47109582469626 -33.311717187007964 -10.15
      vertex 74.51002643820095 -36.340968068814526 -10.15
    endloop
  endfacet
  facet normal 0 0 -1
    outer loop
      vertex 74.29078558401002 -7.808276206093715 -10.15
      vertex 76.49266800175997 -30.90504395681274 -10.15
      vertex 75.47109582469626 -33.311717187007964 -10.15
    endloop
  endfacet
  facet normal -0.9876883405951368 0.1564344650402365 2.0641265242935156e-15
    outer loop
      vertex 81.9647676091371 -12.348484848484848 -17.75
      vertex 81.64056272471205 -14.395433928588526 -10.995068035657866
      vertex 82.09322289867619 -11.537450069589426 -17.75
    endloop
  endfacet
  facet normal -0.9876883405951375 0.1564344650402317 4.361443151683087e-17
    outer loop
      vertex 82.09322289867619 -11.537450069589426 -17.75
      vertex 81.64056272471205 -14.395433928588526 -10.995068035657866
      vertex 81.64056272471205 -14.395433928588526 -10.15
    endloop
  endfacet
  facet normal -0.9876883405951375 0.15643446504023176 0
    outer loop
      vertex 82.09322289867619 -11.537450069589426 -17.75
      vertex 81.64056272471205 -14.395433928588526 -10.15
      vertex 82.09322289867619 -11.537450069589426 -10.15
    endloop
  endfacet
  facet normal 0 0 -1
    outer loop
      vertex 74.29078558401002 -7.808276206093715 -10.15
      vertex 74.51803455440887 -5.21080858868616 -10.15
      vertex 76.49266800175997 -30.90504395681274 -10.15
    endloop
  endfacet
  facet normal 0 0 -1
    outer loop
      vertex 76.49266800175997 -30.90504395681274 -10.15
      vertex 74.51803455440887 -5.21080858868616 -10.15
      vertex 74.65449477832645 -2.6069924036768226 -10.15
    endloop
  endfacet
  facet normal -0.9816271834476644 0.19080899537654242 0
    outer loop
      vertex 81.64056272471205 -14.395433928588526 -10.995068035657866
      vertex 81.59078557743521 -14.651515151515152 -10.15
      vertex 81.64056272471205 -14.395433928588526 -10.15
    endloop
  endfacet
  facet normal 0 0 -1
    outer loop
      vertex 81.5 -14.651515151515152 -10.15
      vertex 81.64056272471205 -14.395433928588526 -10.15
      vertex 81.59078557743521 -14.651515151515152 -10.15
    endloop
  endfacet
  facet normal 0 0 -1
    outer loop
      vertex 81.5 -14.651515151515152 -10.15
      vertex 81.5 -12.726320196681506 -10.15
      vertex 81.64056272471205 -14.395433928588526 -10.15
    endloop
  endfacet
  facet normal -0.9925461516413224 0.12186934340514378 0
    outer loop
      vertex 82.09322289867619 -11.537450069589426 -17.75
      vertex 82.09322289867619 -11.537450069589426 -10.15
      vertex 82.44586512602986 -8.665409604888474 -17.75
    endloop
  endfacet
  facet normal -0.9925461516413224 0.12186934340514378 0
    outer loop
      vertex 82.44586512602986 -8.665409604888474 -17.75
      vertex 82.09322289867619 -11.537450069589426 -10.15
      vertex 82.44586512602986 -8.665409604888474 -10.15
    endloop
  endfacet
  facet normal -0.9961946980917454 0.08715574274765861 0
    outer loop
      vertex 82.44586512602986 -8.665409604888474 -17.75
      vertex 82.44586512602986 -8.665409604888474 -10.15
      vertex 82.69805976653943 -5.782811673387988 -17.75
    endloop
  endfacet
  facet normal -0.9986295347545737 0.05233595624294624 0
    outer loop
      vertex 82.69805976653943 -5.782811673387988 -17.75
      vertex 82.69805976653943 -5.782811673387988 -10.15
      vertex 82.84949955988304 -2.8931682766373306 -17.75
    endloop
  endfacet
  facet normal -0.9961946980917454 0.08715574274765861 0
    outer loop
      vertex 82.69805976653943 -5.782811673387988 -17.75
      vertex 82.44586512602986 -8.665409604888474 -10.15
      vertex 82.69805976653943 -5.782811673387988 -10.15
    endloop
  endfacet
  facet normal 0 0 -1
    outer loop
      vertex 76.49266800175997 -30.90504395681274 -10.15
      vertex 74.65449477832645 -2.6069924036768226 -10.15
      vertex 74.7 0 -10.15
    endloop
  endfacet
  facet normal 0 0 -1
    outer loop
      vertex 76.49266800175997 -30.90504395681274 -10.15
      vertex 74.7 0 -10.15
      vertex 74.65449477832645 2.6069924036768226 -10.15
    endloop
  endfacet
  facet normal 0 0 -1
    outer loop
      vertex 76.49266800175997 -30.90504395681274 -10.15
      vertex 79.25624501325511 22.896575476765737 -10.15
      vertex 77.52464121483744 -28.21666182436767 -10.15
    endloop
  endfacet
  facet normal 0 0 -1
    outer loop
      vertex 77.52464121483744 -28.21666182436767 -10.15
      vertex 79.25624501325511 22.896575476765737 -10.15
      vertex 78.46216259435016 -25.49390203593316 -10.15
    endloop
  endfacet
  facet normal 0 0 -1
    outer loop
      vertex 78.46216259435016 -25.49390203593316 -10.15
      vertex 79.25624501325511 22.896575476765737 -10.15
      vertex 79.30408991491132 -22.74008185490243 -10.15
    endloop
  endfacet
  facet normal 0 0 -1
    outer loop
      vertex 79.30408991491132 -22.74008185490243 -10.15
      vertex 79.25624501325511 22.896575476765737 -10.15
      vertex 80.04939741776971 -19.95855638697259 -10.15
    endloop
  endfacet
  facet normal 0 0 -1
    outer loop
      vertex 80.04939741776971 -19.95855638697259 -10.15
      vertex 79.30408991491132 22.74008185490243 -10.15
      vertex 80.69717706053896 -17.152714492465147 -10.15
    endloop
  endfacet
  facet normal 0 0 1
    outer loop
      vertex 71.79350597372996 -41.45 -17.75
      vertex 78.77590413438689 22.757808352664128 -17.75
      vertex 64.20310389252437 18.547828172681694 -17.75
    endloop
  endfacet
  facet normal 0 0 1
    outer loop
      vertex 64.5 0 -17.75
      vertex 64.20310389252437 18.547828172681694 -17.75
      vertex 64.46070834273168 2.2510175373113124 -17.75
    endloop
  endfacet
  facet normal 0 0 1
    outer loop
      vertex 64.46070834273168 2.2510175373113124 -17.75
      vertex 64.20310389252437 18.547828172681694 -17.75
      vertex 64.34288124175866 4.499292556496082 -17.75
    endloop
  endfacet
  facet normal 0 0 1
    outer loop
      vertex 64.34288124175866 4.499292556496082 -17.75
      vertex 64.20310389252437 18.547828172681694 -17.75
      vertex 64.14666225125363 6.742085880763649 -17.75
    endloop
  endfacet
  facet normal 0 0 1
    outer loop
      vertex 64.14666225125363 6.742085880763649 -17.75
      vertex 64.20310389252437 18.547828172681694 -17.75
      vertex 63.87229043383129 8.97666501192422 -17.75
    endloop
  endfacet
  facet normal 0 0 1
    outer loop
      vertex 63.87229043383129 8.97666501192422 -17.75
      vertex 64.20310389252437 18.547828172681694 -17.75
      vertex 63.520100069287416 11.200307459517006 -17.75
    endloop
  endfacet
  facet normal 0 0 1
    outer loop
      vertex 63.520100069287416 11.200307459517006 -17.75
      vertex 64.20310389252437 18.547828172681694 -17.75
      vertex 63.09052024733047 13.410304057745478 -17.75
    endloop
  endfacet
  facet normal 0 0 1
    outer loop
      vertex 63.09052024733047 13.410304057745478 -17.75
      vertex 64.20310389252437 18.547828172681694 -17.75
      vertex 62.58407434480177 15.603962266178568 -17.75
    endloop
  endfacet
  facet normal 0 0 1
    outer loop
      vertex 62.58407434480177 15.603962266178568 -17.75
      vertex 64.20310389252437 18.547828172681694 -17.75
      vertex 62.00137938802157 17.778609450196445 -17.75
    endloop
  endfacet
  facet normal 0 0 1
    outer loop
      vertex 62.00137938802157 17.778609450196445 -17.75
      vertex 64.20310389252437 18.547828172681694 -17.75
      vertex 61.963973373999444 17.90095900910776 -17.75
    endloop
  endfacet
  facet normal 0 0 1
    outer loop
      vertex 81.5 -12.348484848484848 -17.75
      vertex 82.09322289867619 -11.537450069589426 -17.75
      vertex 82.09322289867619 11.537450069589426 -17.75
    endloop
  endfacet
  facet normal 0 0 1
    outer loop
      vertex 81.5 -12.348484848484848 -17.75
      vertex 81.9647676091371 12.348484848484848 -17.75
      vertex 81.5 -10 -17.75
    endloop
  endfacet
  facet normal 0 0 1
    outer loop
      vertex 81.20198163680877 -11.412194278725366 -17.75
      vertex 81.37537729123166 -10 -17.75
      vertex 81.9647676091371 12.348484848484848 -17.75
    endloop
  endfacet
  facet normal 0 0 1
    outer loop
      vertex 81.37537729123166 -10 -17.75
      vertex 81.5 -10 -17.75
      vertex 81.9647676091371 12.348484848484848 -17.75
    endloop
  endfacet
  facet normal 0 0 1
    outer loop
      vertex 82.09322289867619 -11.537450069589426 -17.75
      vertex 82.44586512602986 -8.665409604888474 -17.75
      vertex 82.44586512602986 8.665409604888474 -17.75
    endloop
  endfacet
  facet normal 0 0 1
    outer loop
      vertex 82.44586512602986 -8.665409604888474 -17.75
      vertex 82.69805976653943 -5.782811673387988 -17.75
      vertex 82.69805976653943 5.782811673387988 -17.75
    endloop
  endfacet
  facet normal 0 0 1
    outer loop
      vertex 82.69805976653943 -5.782811673387988 -17.75
      vertex 82.84949955988304 -2.8931682766373306 -17.75
      vertex 82.84949955988304 2.8931682766373306 -17.75
    endloop
  endfacet
  facet normal 0 0 1
    outer loop
      vertex 82.84949955988304 -2.8931682766373306 -17.75
      vertex 82.9 0 -17.75
      vertex 82.84949955988304 2.8931682766373306 -17.75
    endloop
  endfacet
  facet normal 0 0 1
    outer loop
      vertex 82.69805976653943 -5.782811673387988 -17.75
      vertex 82.84949955988304 2.8931682766373306 -17.75
      vertex 82.69805976653943 5.782811673387988 -17.75
    endloop
  endfacet
  facet normal 0 0 1
    outer loop
      vertex 80.75423574700106 -14.239150568688288 -17.75
      vertex 81.5 10 -17.75
      vertex 81.37537729123166 10 -17.75
    endloop
  endfacet
  facet normal 0 0 1
    outer loop
      vertex 80.75423574700106 -14.239150568688288 -17.75
      vertex 81.37537729123166 10 -17.75
      vertex 81.20198163680877 11.412194278725366 -17.75
    endloop
  endfacet
  facet normal 0 0 1
    outer loop
      vertex 80.20810326017207 -17.048758647056268 -17.75
      vertex 81.20198163680877 11.412194278725366 -17.75
      vertex 80.75423574700106 14.239150568688288 -17.75
    endloop
  endfacet
  facet normal 0 0 1
    outer loop
      vertex 80.75423574700106 -14.239150568688288 -17.75
      vertex 81.9647676091371 12.348484848484848 -17.75
      vertex 81.5 10 -17.75
    endloop
  endfacet
  facet normal 0 0 1
    outer loop
      vertex 82.44586512602986 -8.665409604888474 -17.75
      vertex 82.69805976653943 5.782811673387988 -17.75
      vertex 82.44586512602986 8.665409604888474 -17.75
    endloop
  endfacet
  facet normal 0 0 1
    outer loop
      vertex 82.09322289867619 -11.537450069589426 -17.75
      vertex 82.44586512602986 8.665409604888474 -17.75
      vertex 82.09322289867619 11.537450069589426 -17.75
    endloop
  endfacet
  facet normal 0 0 1
    outer loop
      vertex 79.56424955463172 -19.837595439172755 -17.75
      vertex 80.75423574700106 14.239150568688288 -17.75
      vertex 80.20810326017207 17.048758647056268 -17.75
    endloop
  endfacet
  facet normal 0 0 1
    outer loop
      vertex 78.82345906694215 -22.602263176993933 -17.75
      vertex 80.20810326017207 17.048758647056268 -17.75
      vertex 79.56424955463172 19.837595439172755 -17.75
    endloop
  endfacet
  facet normal 0 0 1
    outer loop
      vertex 77.05479490444449 -28.045651752704835 -17.75
      vertex 78.82345906694215 22.602263176993933 -17.75
      vertex 78.77590413438689 22.757808352664128 -17.75
    endloop
  endfacet
  facet normal 0 0 1
    outer loop
      vertex 78.82345906694215 -22.602263176993933 -17.75
      vertex 79.56424955463172 19.837595439172755 -17.75
      vertex 78.82345906694215 22.602263176993933 -17.75
    endloop
  endfacet
  facet normal 0 0 1
    outer loop
      vertex 81.5 -12.348484848484848 -17.75
      vertex 82.09322289867619 11.537450069589426 -17.75
      vertex 81.9647676091371 12.348484848484848 -17.75
    endloop
  endfacet
  facet normal 0 0 1
    outer loop
      vertex 81.5 10 -17.75
      vertex 81.9647676091371 12.348484848484848 -17.75
      vertex 81.5 12.348484848484848 -17.75
    endloop
  endfacet
  facet normal 0 0 -1
    outer loop
      vertex 71.80624868659243 20.590110479529837 -10.15
      vertex 71.762927302911 20.731808340780614 -10.15
      vertex 79.25624501325511 22.896575476765737 -10.15
    endloop
  endfacet
  facet normal -0.9998476951563913 0.017452406437283127 0
    outer loop
      vertex 82.84949955988304 -2.8931682766373306 -17.75
      vertex 82.84949955988304 -2.8931682766373306 -10.15
      vertex 82.9 0 -17.75
    endloop
  endfacet
  facet normal -0.9986295347545737 0.05233595624294624 0
    outer loop
      vertex 82.84949955988304 -2.8931682766373306 -17.75
      vertex 82.69805976653943 -5.782811673387988 -10.15
      vertex 82.84949955988304 -2.8931682766373306 -10.15
    endloop
  endfacet
  facet normal -0.9998476951563913 0.017452406437283127 -2.9983506680680776e-20
    outer loop
      vertex 82.84949955988304 -2.8931682766373306 -10.15
      vertex 82.9 0 -10.15
      vertex 82.9 0 -17.75
    endloop
  endfacet
  facet normal -0.9998476951563913 -0.017452406437283127 0
    outer loop
      vertex 82.9 0 -17.75
      vertex 82.9 0 -10.15
      vertex 82.84949955988304 2.8931682766373306 -17.75
    endloop
  endfacet
  facet normal -0.9998476951563913 -0.017452406437283127 0
    outer loop
      vertex 82.84949955988304 2.8931682766373306 -17.75
      vertex 82.9 0 -10.15
      vertex 82.84949955988304 2.8931682766373306 -10.15
    endloop
  endfacet
  facet normal 0 0 -1
    outer loop
      vertex 76.49266800175997 -30.90504395681274 -10.15
      vertex 74.65449477832645 2.6069924036768226 -10.15
      vertex 79.25624501325511 22.896575476765737 -10.15
    endloop
  endfacet
  facet normal 0 0 -1
    outer loop
      vertex 80.69717706053896 -17.152714492465147 -10.15
      vertex 80.04939741776971 19.95855638697259 -10.15
      vertex 81.24663962350716 -14.325974657521753 -10.15
    endloop
  endfacet
  facet normal 0 0 -1
    outer loop
      vertex 81.64056272471205 -14.395433928588526 -10.15
      vertex 81.64056272471205 14.395433928588526 -10.15
      vertex 82.09322289867619 -11.537450069589426 -10.15
    endloop
  endfacet
  facet normal 0 0 -1
    outer loop
      vertex 81.64056272471205 -14.395433928588526 -10.15
      vertex 81.5 -12.726320196681506 -10.15
      vertex 80.69717706053896 17.152714492465147 -10.15
    endloop
  endfacet
  facet normal 0 0 -1
    outer loop
      vertex 81.24663962350716 -14.325974657521753 -10.15
      vertex 80.69717706053896 17.152714492465147 -10.15
      vertex 81.5 -12.726320196681506 -10.15
    endloop
  endfacet
  facet normal 0 0 -1
    outer loop
      vertex 82.09322289867619 -11.537450069589426 -10.15
      vertex 82.09322289867619 11.537450069589426 -10.15
      vertex 82.44586512602986 -8.665409604888474 -10.15
    endloop
  endfacet
  facet normal 0 0 -1
    outer loop
      vertex 82.44586512602986 -8.665409604888474 -10.15
      vertex 82.44586512602986 8.665409604888474 -10.15
      vertex 82.69805976653943 -5.782811673387988 -10.15
    endloop
  endfacet
  facet normal 0 0 -1
    outer loop
      vertex 82.69805976653943 -5.782811673387988 -10.15
      vertex 82.69805976653943 5.782811673387988 -10.15
      vertex 82.84949955988304 -2.8931682766373306 -10.15
    endloop
  endfacet
  facet normal 0 0 -1
    outer loop
      vertex 82.84949955988304 -2.8931682766373306 -10.15
      vertex 82.84949955988304 2.8931682766373306 -10.15
      vertex 82.9 0 -10.15
    endloop
  endfacet
  facet normal 0 0 -1
    outer loop
      vertex 82.84949955988304 -2.8931682766373306 -10.15
      vertex 82.69805976653943 5.782811673387988 -10.15
      vertex 82.84949955988304 2.8931682766373306 -10.15
    endloop
  endfacet
  facet normal 0 0 -1
    outer loop
      vertex 82.69805976653943 -5.782811673387988 -10.15
      vertex 82.44586512602986 8.665409604888474 -10.15
      vertex 82.69805976653943 5.782811673387988 -10.15
    endloop
  endfacet
  facet normal -0.9986295347545737 -0.05233595624294624 0
    outer loop
      vertex 82.84949955988304 2.8931682766373306 -17.75
      vertex 82.84949955988304 2.8931682766373306 -10.15
      vertex 82.69805976653943 5.782811673387988 -17.75
    endloop
  endfacet
  facet normal -0.9961946980917454 -0.08715574274765861 0
    outer loop
      vertex 82.69805976653943 5.782811673387988 -17.75
      vertex 82.69805976653943 5.782811673387988 -10.15
      vertex 82.44586512602986 8.665409604888474 -17.75
    endloop
  endfacet
  facet normal -0.9986295347545737 -0.05233595624294624 0
    outer loop
      vertex 82.69805976653943 5.782811673387988 -17.75
      vertex 82.84949955988304 2.8931682766373306 -10.15
      vertex 82.69805976653943 5.782811673387988 -10.15
    endloop
  endfacet
  facet normal -0.9925461516413224 -0.12186934340514378 0
    outer loop
      vertex 82.44586512602986 8.665409604888474 -17.75
      vertex 82.44586512602986 8.665409604888474 -10.15
      vertex 82.09322289867619 11.537450069589426 -17.75
    endloop
  endfacet
  facet normal -0.9961946980917454 -0.08715574274765861 0
    outer loop
      vertex 82.44586512602986 8.665409604888474 -17.75
      vertex 82.69805976653943 5.782811673387988 -10.15
      vertex 82.44586512602986 8.665409604888474 -10.15
    endloop
  endfacet
  facet normal -0.9925461516413224 -0.12186934340514378 0
    outer loop
      vertex 82.09322289867619 11.537450069589426 -17.75
      vertex 82.44586512602986 8.665409604888474 -10.15
      vertex 82.09322289867619 11.537450069589426 -10.15
    endloop
  endfacet
  facet normal 0 0 -1
    outer loop
      vertex 74.65449477832645 2.6069924036768226 -10.15
      vertex 74.51803455440887 5.21080858868616 -10.15
      vertex 79.25624501325511 22.896575476765737 -10.15
    endloop
  endfacet
  facet normal 0 0 -1
    outer loop
      vertex 80.69717706053896 -17.152714492465147 -10.15
      vertex 79.30408991491132 22.74008185490243 -10.15
      vertex 80.04939741776971 19.95855638697259 -10.15
    endloop
  endfacet
  facet normal 0 0 -1
    outer loop
      vertex 80.04939741776971 -19.95855638697259 -10.15
      vertex 79.25624501325511 22.896575476765737 -10.15
      vertex 79.30408991491132 22.74008185490243 -10.15
    endloop
  endfacet
  facet normal 0 0 -1
    outer loop
      vertex 81.64056272471205 -14.395433928588526 -10.15
      vertex 81.24663962350716 14.325974657521753 -10.15
      vertex 81.5 12.726320196681506 -10.15
    endloop
  endfacet
  facet normal 0 0 -1
    outer loop
      vertex 81.64056272471205 -14.395433928588526 -10.15
      vertex 81.5 12.726320196681506 -10.15
      vertex 81.64056272471205 14.395433928588526 -10.15
    endloop
  endfacet
  facet normal 0 0 -1
    outer loop
      vertex 82.09322289867619 -11.537450069589426 -10.15
      vertex 81.64056272471205 14.395433928588526 -10.15
      vertex 82.09322289867619 11.537450069589426 -10.15
    endloop
  endfacet
  facet normal 0 0 -1
    outer loop
      vertex 82.44586512602986 -8.665409604888474 -10.15
      vertex 82.09322289867619 11.537450069589426 -10.15
      vertex 82.44586512602986 8.665409604888474 -10.15
    endloop
  endfacet
  facet normal 0 0 -1
    outer loop
      vertex 81.64056272471205 -14.395433928588526 -10.15
      vertex 80.69717706053896 17.152714492465147 -10.15
      vertex 81.24663962350716 14.325974657521753 -10.15
    endloop
  endfacet
  facet normal 0 0 -1
    outer loop
      vertex 81.24663962350716 -14.325974657521753 -10.15
      vertex 80.04939741776971 19.95855638697259 -10.15
      vertex 80.69717706053896 17.152714492465147 -10.15
    endloop
  endfacet
  facet normal -0.9876883405951368 -0.1564344650402365 2.0610325143543097e-15
    outer loop
      vertex 81.9647676091371 12.348484848484848 -17.75
      vertex 82.09322289867619 11.537450069589426 -17.75
      vertex 81.64056272471205 14.395433928588526 -10.995068035657868
    endloop
  endfacet
  facet normal -0.9876883405951375 -0.15643446504023176 0
    outer loop
      vertex 82.09322289867619 11.537450069589426 -17.75
      vertex 82.09322289867619 11.537450069589426 -10.15
      vertex 81.64056272471205 14.395433928588526 -10.995068035657868
    endloop
  endfacet
  facet normal 0 0 -1
    outer loop
      vertex 74.29078558401002 7.808276206093715 -10.15
      vertex 79.25624501325511 22.896575476765737 -10.15
      vertex 74.51803455440887 5.21080858868616 -10.15
    endloop
  endfacet
  facet normal 0 0 -1
    outer loop
      vertex 74.29078558401002 7.808276206093715 -10.15
      vertex 73.9730247349953 10.396230641716889 -10.15
      vertex 79.25624501325511 22.896575476765737 -10.15
    endloop
  endfacet
  facet normal 0 0 -1
    outer loop
      vertex 73.9730247349953 10.396230641716889 -10.15
      vertex 73.56513915001194 12.971518871719697 -10.15
      vertex 79.25624501325511 22.896575476765737 -10.15
    endloop
  endfacet
  facet normal 0 0 -1
    outer loop
      vertex 73.56513915001194 12.971518871719697 -10.15
      vertex 73.06762577481528 15.531003304086623 -10.15
      vertex 79.25624501325511 22.896575476765737 -10.15
    endloop
  endfacet
  facet normal 0 0 -1
    outer loop
      vertex 73.06762577481528 15.531003304086623 -10.15
      vertex 72.48109075281694 18.07156560129518 -10.15
      vertex 79.25624501325511 22.896575476765737 -10.15
    endloop
  endfacet
  facet normal -0.9876883405951375 -0.15643446504023176 -4.3614431516830776e-17
    outer loop
      vertex 82.09322289867619 11.537450069589426 -10.15
      vertex 81.64056272471205 14.395433928588526 -10.15
      vertex 81.64056272471205 14.395433928588526 -10.995068035657868
    endloop
  endfacet
  facet normal -0.9816271834476644 -0.19080899537654242 0
    outer loop
      vertex 81.64056272471205 14.395433928588526 -10.995068035657868
      vertex 81.64056272471205 14.395433928588526 -10.15
      vertex 81.59078557743521 14.651515151515152 -10.15
    endloop
  endfacet
  facet normal 0 0 -1
    outer loop
      vertex 81.5 12.726320196681506 -10.15
      vertex 81.5 14.651515151515152 -10.15
      vertex 81.59078557743521 14.651515151515152 -10.15
    endloop
  endfacet
  facet normal 0 0 -1
    outer loop
      vertex 81.5 12.726320196681506 -10.15
      vertex 81.59078557743521 14.651515151515152 -10.15
      vertex 81.64056272471205 14.395433928588526 -10.15
    endloop
  endfacet
  facet normal 0 0 -1
    outer loop
      vertex 72.48109075281694 18.07156560129518 -10.15
      vertex 71.80624868659243 20.590110479529837 -10.15
      vertex 79.25624501325511 22.896575476765737 -10.15
    endloop
  endfacet
  facet normal -0.2817325568414295 0.9594929736144974 -8.030909549381898e-15
    outer loop
      vertex 78.41027538882524 -13.454264895171907 -25.7
      vertex 78.34540966031236 -13.473311191547037 -25.643739379146588
      vertex 80.99893739817195 -12.694165147964648 -25.7
    endloop
  endfacet
  facet normal -0.2817325568414308 0.959492973614497 1.6147267543261147e-15
    outer loop
      vertex 78.09302444463323 -13.54741817729639 -25.350169028064194
      vertex 77.88434155136358 -13.60869300338339 -25.02142818908993
      vertex 80.99893739817195 -12.694165147964648 -21.158969222944144
    endloop
  endfacet
  facet normal -0.28173255684142934 0.9594929736144975 -7.790352678580408e-18
    outer loop
      vertex 78.34540966031236 -13.473311191547037 -25.643739379146588
      vertex 80.99893739817195 -12.694165147964648 -21.158969222944144
      vertex 80.99893739817195 -12.694165147964648 -25.7
    endloop
  endfacet
  facet normal -0.2817325568414247 0.9594929736144989 -2.9996690318578434e-15
    outer loop
      vertex 78.34540966031236 -13.473311191547037 -25.643739379146588
      vertex 78.09302444463323 -13.54741817729639 -25.350169028064194
      vertex 80.99893739817195 -12.694165147964648 -21.158969222944144
    endloop
  endfacet
  facet normal -0.28173255684143717 0.9594929736144951 7.187921341565967e-15
    outer loop
      vertex 77.88434155136358 -13.60869300338339 -25.02142818908993
      vertex 77.72380869406857 -13.655829703272303 -24.664523402463058
      vertex 80.99893739817195 -12.694165147964648 -21.158969222944144
    endloop
  endfacet
  facet normal -0.28173255684142945 0.9594929736144974 -5.987127738079845e-16
    outer loop
      vertex 77.72380869406857 -13.655829703272303 -24.664523402463058
      vertex 77.61484735189228 -13.687823640041383 -24.287061474070203
      vertex 80.99893739817195 -12.694165147964648 -21.158969222944144
    endloop
  endfacet
  facet normal -0.28173255684142806 0.9594929736144979 -2.2203136474087332e-15
    outer loop
      vertex 77.61484735189228 -13.687823640041383 -24.287061474070203
      vertex 77.55977984666995 -13.703992918474679 -23.89708734958445
      vertex 80.99893739817195 -12.694165147964648 -21.158969222944144
    endloop
  endfacet
  facet normal -0.2817325568414297 0.9594929736144975 0
    outer loop
      vertex 77.55977984666995 -13.703992918474679 -23.89708734958445
      vertex 77.55977984666995 -13.703992918474679 -23.50291265041555
      vertex 80.99893739817195 -12.694165147964648 -21.158969222944144
    endloop
  endfacet
  facet normal 0.6137617695965156 0.18021671590627078 0.768647139778528
    outer loop
      vertex 78.41027538882524 -13.454264895171907 -25.7
      vertex 72.77562425199665 5.735594577118038 -25.7
      vertex 78.34540966031236 -13.473311191547037 -25.643739379146588
    endloop
  endfacet
  facet normal -0.6659593134813485 -0.1955432976571713 0.7199034737579824
    outer loop
      vertex 81.31191464330077 -10.516861789985752 -25.7
      vertex 81.37510308449619 -10.002233234646551 -25.501760790300047
      vertex 76.24099102414121 6.753118069167994 -25.7
    endloop
  endfacet
  facet normal -0.7594353192884039 -0.22299032941616326 0.6111737140978749
    outer loop
      vertex 81.45634177442902 -10 -25.4
      vertex 81.5 -10 -25.345750941653304
      vertex 81.3992507893687 -9.80556596072441 -25.4
    endloop
  endfacet
  facet normal -0.7594353192884344 -0.22299032941617128 0.6111737140978342
    outer loop
      vertex 81.5 -10 -25.345750941653304
      vertex 81.5 -10.042088710436499 -25.361107255559556
      vertex 81.6531303564841 -10.09400821209691 -25.189772900080204
    endloop
  endfacet
  facet normal -0.28173255684143145 0.9594929736144969 2.7345947467541707e-15
    outer loop
      vertex 77.55977984666995 -13.703992918474679 -23.50291265041555
      vertex 77.61484735189228 -13.687823640041383 -23.112938525929795
      vertex 80.99893739817195 -12.694165147964648 -21.158969222944144
    endloop
  endfacet
  facet normal -0.2817325568414305 0.9594929736144971 9.13278038101668e-16
    outer loop
      vertex 77.61484735189228 -13.687823640041383 -23.112938525929795
      vertex 77.72380869406857 -13.655829703272303 -22.73547659753694
      vertex 80.99893739817195 -12.694165147964648 -21.158969222944144
    endloop
  endfacet
  facet normal -0.281732556841424 0.959492973614499 -1.3583636834510622e-14
    outer loop
      vertex 77.72380869406857 -13.655829703272303 -22.73547659753694
      vertex 77.88434155136358 -13.60869300338339 -22.378571810910067
      vertex 80.99893739817195 -12.694165147964648 -21.158969222944144
    endloop
  endfacet
  facet normal -0.28173255684142756 0.959492973614498 -3.8413659451329636e-15
    outer loop
      vertex 77.88434155136358 -13.60869300338339 -22.378571810910067
      vertex 78.09302444463323 -13.54741817729639 -22.049830971935805
      vertex 80.99893739817195 -12.694165147964648 -21.158969222944144
    endloop
  endfacet
  facet normal -0.2817325568414312 0.959492973614497 9.135261085836533e-15
    outer loop
      vertex 78.09302444463323 -13.54741817729639 -22.049830971935805
      vertex 78.34540966031236 -13.473311191547037 -21.75626062085341
      vertex 80.99893739817195 -12.694165147964648 -21.158969222944144
    endloop
  endfacet
  facet normal -0.2817325568414314 0.9594929736144969 9.957917501378942e-15
    outer loop
      vertex 78.34540966031236 -13.473311191547037 -21.75626062085341
      vertex 78.63611804570739 -13.38795150787572 -21.50411770001397
      vertex 80.99893739817195 -12.694165147964648 -21.158969222944144
    endloop
  endfacet
  facet normal -0.2817325568414302 0.9594929736144973 8.032102151465382e-16
    outer loop
      vertex 78.63611804570739 -13.38795150787572 -21.50411770001397
      vertex 78.95895365629706 -13.29315841974266 -21.298776198017197
      vertex 80.99893739817195 -12.694165147964648 -21.158969222944144
    endloop
  endfacet
  facet normal -0.281732556841429 0.9594929736144977 -1.869635553710151e-14
    outer loop
      vertex 78.95895365629706 -13.29315841974266 -21.298776198017197
      vertex 79.30703581153274 -13.190952277246375 -21.144612612474454
      vertex 80.99893739817195 -12.694165147964648 -21.158969222944144
    endloop
  endfacet
  facet normal -0.28173255684142756 0.959492973614498 -1.52237941329685e-14
    outer loop
      vertex 79.30703581153274 -13.190952277246375 -21.144612612474454
      vertex 79.67294574459854 -13.083511426868952 -21.04491267256044
      vertex 80.79875687534486 -12.752943452836934 -21.08779401794495
    endloop
  endfacet
  facet normal -0.28173255684142867 0.9594929736144978 1.5493380531606582e-14
    outer loop
      vertex 79.30703581153274 -13.190952277246375 -21.144612612474454
      vertex 80.79875687534486 -12.752943452836934 -21.08779401794495
      vertex 80.99893739817195 -12.694165147964648 -21.158969222944144
    endloop
  endfacet
  facet normal -0.28173255684142867 0.9594929736144976 6.212570359652241e-14
    outer loop
      vertex 79.67294574459854 -13.083511426868952 -21.04491267256044
      vertex 80.04888472054574 -12.973125783802736 -21.001801309400353
      vertex 80.42684025278857 -12.862148026383622 -21.016197366852147
    endloop
  endfacet
  facet normal -0.28173255684142684 0.9594929736144981 7.554153240930864e-15
    outer loop
      vertex 79.67294574459854 -13.083511426868952 -21.04491267256044
      vertex 80.42684025278857 -12.862148026383622 -21.016197366852147
      vertex 80.79875687534486 -12.752943452836934 -21.08779401794495
    endloop
  endfacet
  facet normal -0.7594353192884123 -0.22299032941618704 -0.6111737140978558
    outer loop
      vertex 81.91824356371148 -10.996900878812184 -22.210227099919795
      vertex 81.69492382923256 -11.091442663727287 -21.898239209699952
      vertex 81.5 -10.42759306595452 -21.898239209699952
    endloop
  endfacet
  facet normal -0.759435319288411 -0.22299032941618466 -0.6111737140978584
    outer loop
      vertex 81.91824356371148 -10.996900878812184 -22.210227099919795
      vertex 81.5 -10.42759306595452 -21.898239209699952
      vertex 81.5 -10 -22.054249058346695
    endloop
  endfacet
  facet normal -0.6659593134813446 -0.19554329765717118 -0.7199034737579859
    outer loop
      vertex 81.69492382923256 -11.091442663727287 -21.898239209699952
      vertex 81.5 -11.150985375990462 -21.701748259231472
      vertex 81.5 -10.42759306595452 -21.898239209699952
    endloop
  endfacet
  facet normal 0.9492680101601668 0.27873023668191166 0.145601167735025
    outer loop
      vertex 77.61484735189228 -13.687823640041383 -24.287061474070203
      vertex 67.78587618460384 19.5828660575568 -23.89708734958445
      vertex 77.55977984666995 -13.703992918474679 -23.89708734958445
    endloop
  endfacet
  facet normal 0.9594929736144974 0.2817325568414297 0
    outer loop
      vertex 77.55977984666995 -13.703992918474679 -23.89708734958445
      vertex 67.78587618460384 19.5828660575568 -23.50291265041555
      vertex 77.55977984666995 -13.703992918474679 -23.50291265041555
    endloop
  endfacet
  facet normal 0.9492680101601669 0.27873023668191144 -0.14560116773502502
    outer loop
      vertex 77.55977984666995 -13.703992918474679 -23.50291265041555
      vertex 67.8410142420607 19.59879505714531 -23.112938525929795
      vertex 77.61484735189228 -13.687823640041383 -23.112938525929795
    endloop
  endfacet
  facet normal 0.24268780319736777 0.07125956853175953 0.9674836970574248
    outer loop
      vertex 73.67238467470415 5.998907195043568 -26.255387387525545
      vertex 74.03829460776994 6.106348045420989 -26.35508732743956
      vertex 69.53537072577593 20.08828280801523 -26.255387387525545
    endloop
  endfacet
  facet normal 0.10494090595429291 0.030813430181133923 0.9940009752399465
    outer loop
      vertex 74.03829460776994 6.106348045420989 -26.35508732743956
      vertex 74.41423358371715 6.216733688487208 -26.398198690599646
      vertex 69.90174946096573 20.194127064981377 -26.35508732743956
    endloop
  endfacet
  facet normal -0.035042624506015356 -0.010289442937057339 0.9993328483702392
    outer loop
      vertex 74.41423358371715 6.216733688487208 -26.398198690599646
      vertex 74.79218911595997 6.327711445906322 -26.38380263314785
      vertex 70.27817008820057 20.302872354403714 -26.398198690599646
    endloop
  endfacet
  facet normal -0.1742792822642233 -0.0511730144430596 0.9833656768294678
    outer loop
      vertex 74.79218911595997 6.327711445906322 -26.38380263314785
      vertex 75.16410573851627 6.43691601945301 -26.312205982055048
      vertex 70.65660985533367 20.41220095923635 -26.38380263314785
    endloop
  endfacet
  facet normal -0.30980147969601174 -0.09096592199025633 0.946439773157608
    outer loop
      vertex 75.16410573851627 6.43691601945301 -26.312205982055048
      vertex 75.52205669427934 6.542019903237658 -26.18493469563673
      vertex 71.02900297575694 20.519782730078177 -26.312205982055048
    endloop
  endfacet
  facet normal 0.6137617695965384 0.18021671590627733 0.7686471397785085
    outer loop
      vertex 78.34540966031236 -13.473311191547037 -25.643739379146588
      vertex 72.77562425199665 5.735594577118038 -25.7
      vertex 68.57251254355161 19.810119805982602 -25.643739379146588
    endloop
  endfacet
  facet normal 0.9188110471411426 0.2697872654450819 0.28809909936523914
    outer loop
      vertex 77.72380869406857 -13.655829703272303 -24.664523402463058
      vertex 67.95011518500763 19.630313557351233 -24.664523402463058
      vertex 67.8410142420607 19.59879505714531 -24.287061474070203
    endloop
  endfacet
  facet normal 0.7146036762861881 0.20982657130877722 0.6673188112222428
    outer loop
      vertex 78.34540966031236 -13.473311191547037 -25.643739379146588
      vertex 68.57251254355161 19.810119805982602 -25.643739379146588
      vertex 68.31980397309448 19.73711406547433 -25.350169028064194
    endloop
  endfacet
  facet normal 0.8002150462751771 0.2349643376342929 0.5517677407704207
    outer loop
      vertex 78.09302444463323 -13.54741817729639 -25.350169028064194
      vertex 68.31980397309448 19.73711406547433 -25.350169028064194
      vertex 68.11085371626137 19.67674979606353 -25.02142818908993
    endloop
  endfacet
  facet normal 0.8687712218463113 0.2550942470365119 0.4244566988758009
    outer loop
      vertex 77.88434155136358 -13.60869300338339 -25.02142818908993
      vertex 68.11085371626137 19.67674979606353 -25.02142818908993
      vertex 67.95011518500763 19.630313557351233 -24.664523402463058
    endloop
  endfacet
  facet normal 0.4998385963705099 0.14676585408750836 0.8535930890373484
    outer loop
      vertex 73.32430251946846 5.896701052547284 -26.1012238019828
      vertex 68.8635933831935 19.894211026978326 -25.895882299986027
      vertex 73.0014669088788 5.801907964414225 -25.895882299986027
    endloop
  endfacet
  facet normal 0.6137617695964995 0.18021671590626556 0.7686471397785423
    outer loop
      vertex 72.77562425199665 5.735594577118038 -25.7
      vertex 73.0014669088788 5.801907964414225 -25.895882299986027
      vertex 68.57251254355161 19.810119805982602 -25.643739379146588
    endloop
  endfacet
  facet normal 0.37526223125777347 0.11018693289644645 0.9203461835691564
    outer loop
      vertex 73.67238467470415 5.998907195043568 -26.255387387525545
      vertex 69.18684260928323 19.98759547008097 -26.1012238019828
      vertex 73.32430251946846 5.896701052547284 -26.1012238019828
    endloop
  endfacet
  facet normal -0.4387207964499652 -0.12882004884073023 0.8893421488825208
    outer loop
      vertex 75.52205669427934 6.542019903237658 -26.18493469563673
      vertex 75.85841288008376 6.640782990453534 -26.004701340400835
      vertex 71.38741253663888 20.623324748261798 -26.18493469563673
    endloop
  endfacet
  facet normal 0.9492680101601629 0.2787302366819102 0.14560116773505313
    outer loop
      vertex 77.61484735189228 -13.687823640041383 -24.287061474070203
      vertex 67.8410142420607 19.59879505714531 -24.287061474070203
      vertex 67.78587618460384 19.5828660575568 -23.89708734958445
    endloop
  endfacet
  facet normal 0.9594929736144974 0.2817325568414297 -1.9121623957902736e-15
    outer loop
      vertex 77.55977984666995 -13.703992918474679 -23.89708734958445
      vertex 67.78587618460384 19.5828660575568 -23.89708734958445
      vertex 67.78587618460384 19.5828660575568 -23.50291265041555
    endloop
  endfacet
  facet normal 0.9492680101601628 0.27873023668191055 -0.14560116773505327
    outer loop
      vertex 77.55977984666995 -13.703992918474679 -23.50291265041555
      vertex 67.78587618460384 19.5828660575568 -23.50291265041555
      vertex 67.8410142420607 19.59879505714531 -23.112938525929795
    endloop
  endfacet
  facet normal 0.9188110471411425 0.2697872654450817 -0.2880990993652397
    outer loop
      vertex 77.61484735189228 -13.687823640041383 -23.112938525929795
      vertex 67.8410142420607 19.59879505714531 -23.112938525929795
      vertex 67.95011518500763 19.630313557351233 -22.73547659753694
    endloop
  endfacet
  facet normal 0.8687712218463093 0.2550942470365114 -0.42445669887580534
    outer loop
      vertex 77.72380869406857 -13.655829703272303 -22.73547659753694
      vertex 67.95011518500763 19.630313557351233 -22.73547659753694
      vertex 68.11085371626137 19.67674979606353 -22.378571810910067
    endloop
  endfacet
  facet normal 0.8002150462751775 0.23496433763429297 -0.5517677407704201
    outer loop
      vertex 77.88434155136358 -13.60869300338339 -22.378571810910067
      vertex 68.11085371626137 19.67674979606353 -22.378571810910067
      vertex 68.31980397309448 19.73711406547433 -22.049830971935805
    endloop
  endfacet
  facet normal 0.7146036762861881 0.2098265713087772 -0.6673188112222428
    outer loop
      vertex 78.09302444463323 -13.54741817729639 -22.049830971935805
      vertex 68.31980397309448 19.73711406547433 -22.049830971935805
      vertex 68.57251254355161 19.810119805982602 -21.75626062085341
    endloop
  endfacet
  facet normal 0.6137617695965017 0.1802167159062666 -0.7686471397785402
    outer loop
      vertex 78.34540966031236 -13.473311191547037 -21.75626062085341
      vertex 68.57251254355161 19.810119805982602 -21.75626062085341
      vertex 68.8635933831935 19.894211026978326 -21.50411770001397
    endloop
  endfacet
  facet normal 0.49983859637050604 0.14676585408750742 -0.8535930890373508
    outer loop
      vertex 78.63611804570739 -13.38795150787572 -21.50411770001397
      vertex 68.8635933831935 19.894211026978326 -21.50411770001397
      vertex 69.18684260928325 19.98759547008097 -21.298776198017197
    endloop
  endfacet
  facet normal 0.37526223125777775 0.1101869328964475 -0.9203461835691547
    outer loop
      vertex 78.95895365629706 -13.29315841974266 -21.298776198017197
      vertex 69.18684260928325 19.98759547008097 -21.298776198017197
      vertex 69.53537072577593 20.08828280801523 -21.144612612474454
    endloop
  endfacet
  facet normal 0.2426878031973652 0.07125956853175885 -0.9674836970574255
    outer loop
      vertex 79.30703581153274 -13.190952277246375 -21.144612612474454
      vertex 69.53537072577593 20.08828280801523 -21.144612612474454
      vertex 69.90174946096573 20.19412706498138 -21.04491267256044
    endloop
  endfacet
  facet normal 0.10494090595429353 0.03081343018113415 -0.9940009752399463
    outer loop
      vertex 79.67294574459854 -13.083511426868952 -21.04491267256044
      vertex 69.90174946096573 20.19412706498138 -21.04491267256044
      vertex 70.27817008820057 20.302872354403714 -21.001801309400353
    endloop
  endfacet
  facet normal -0.03504262450601587 -0.0102894429370575 -0.9993328483702393
    outer loop
      vertex 80.04888472054574 -12.973125783802736 -21.001801309400353
      vertex 70.27817008820057 20.302872354403714 -21.001801309400353
      vertex 70.65660985533367 20.412200959236355 -21.016197366852147
    endloop
  endfacet
  facet normal -0.17427928226421963 -0.0511730144430585 -0.9833656768294686
    outer loop
      vertex 80.42684025278857 -12.862148026383622 -21.016197366852147
      vertex 70.65660985533367 20.412200959236355 -21.016197366852147
      vertex 71.02900297575694 20.519782730078177 -21.08779401794495
    endloop
  endfacet
  facet normal 0.24268780319736585 0.07125956853175892 0.9674836970574254
    outer loop
      vertex 74.03829460776994 6.106348045420989 -26.35508732743956
      vertex 69.90174946096573 20.194127064981377 -26.35508732743956
      vertex 69.53537072577593 20.08828280801523 -26.255387387525545
    endloop
  endfacet
  facet normal 0.10494090595429358 0.03081343018113414 0.9940009752399465
    outer loop
      vertex 74.41423358371715 6.216733688487208 -26.398198690599646
      vertex 70.27817008820057 20.302872354403714 -26.398198690599646
      vertex 69.90174946096573 20.194127064981377 -26.35508732743956
    endloop
  endfacet
  facet normal -0.03504262450601601 -0.010289442937057549 0.9993328483702392
    outer loop
      vertex 74.79218911595997 6.327711445906322 -26.38380263314785
      vertex 70.65660985533367 20.41220095923635 -26.38380263314785
      vertex 70.27817008820057 20.302872354403714 -26.398198690599646
    endloop
  endfacet
  facet normal -0.17427928226421904 -0.05117301444305822 0.9833656768294687
    outer loop
      vertex 75.16410573851627 6.43691601945301 -26.312205982055048
      vertex 71.02900297575694 20.519782730078177 -26.312205982055048
      vertex 70.65660985533367 20.41220095923635 -26.38380263314785
    endloop
  endfacet
  facet normal 0.49983859637052147 0.14676585408751217 0.853593089037341
    outer loop
      vertex 73.32430251946846 5.896701052547284 -26.1012238019828
      vertex 69.18684260928323 19.98759547008097 -26.1012238019828
      vertex 68.8635933831935 19.894211026978326 -25.895882299986027
    endloop
  endfacet
  facet normal 0.37526223125776614 0.11018693289644405 0.9203461835691596
    outer loop
      vertex 73.67238467470415 5.998907195043568 -26.255387387525545
      vertex 69.53537072577593 20.08828280801523 -26.255387387525545
      vertex 69.18684260928323 19.98759547008097 -26.1012238019828
    endloop
  endfacet
  facet normal 0.6137617695965035 0.18021671590626687 0.7686471397785387
    outer loop
      vertex 73.0014669088788 5.801907964414225 -25.895882299986027
      vertex 68.8635933831935 19.894211026978326 -25.895882299986027
      vertex 68.57251254355161 19.810119805982602 -25.643739379146588
    endloop
  endfacet
  facet normal -0.3098014796960153 -0.0909659219902575 0.9464397731576065
    outer loop
      vertex 75.52205669427934 6.542019903237658 -26.18493469563673
      vertex 71.38741253663888 20.623324748261798 -26.18493469563673
      vertex 71.02900297575694 20.519782730078177 -26.312205982055048
    endloop
  endfacet
  facet normal -0.4387207964499735 -0.12882004884073292 0.8893421488825163
    outer loop
      vertex 75.85841288008376 6.640782990453534 -26.004701340400835
      vertex 71.72419966044217 20.720620195434137 -26.004701340400835
      vertex 71.38741253663888 20.623324748261798 -26.18493469563673
    endloop
  endfacet
  facet normal -0.558289541112795 -0.16392860000112022 0.813289740735574
    outer loop
      vertex 76.16600544779396 6.731100317364188 -25.775347277402037
      vertex 72.03218631433599 20.809595388058224 -25.775347277402037
      vertex 71.72419966044217 20.720620195434137 -26.004701340400835
    endloop
  endfacet
  facet normal -0.6659593134813332 -0.19554329765716583 0.7199034737579979
    outer loop
      vertex 76.24099102414121 6.753118069167994 -25.7
      vertex 72.30480829750367 20.888353974377573 -25.501760790300047
      vertex 72.03218631433599 20.809595388058224 -25.775347277402037
    endloop
  endfacet
  facet normal 0.800215046275176 0.23496433763429259 0.5517677407704222
    outer loop
      vertex 78.09302444463323 -13.54741817729639 -25.350169028064194
      vertex 68.11085371626137 19.67674979606353 -25.02142818908993
      vertex 77.88434155136358 -13.60869300338339 -25.02142818908993
    endloop
  endfacet
  facet normal 0.8687712218463127 0.2550942470365124 0.4244566988757978
    outer loop
      vertex 77.88434155136358 -13.60869300338339 -25.02142818908993
      vertex 67.95011518500763 19.630313557351233 -24.664523402463058
      vertex 77.72380869406857 -13.655829703272303 -24.664523402463058
    endloop
  endfacet
  facet normal 0.7146036762861856 0.2098265713087764 0.667318811222246
    outer loop
      vertex 78.34540966031236 -13.473311191547037 -25.643739379146588
      vertex 68.31980397309448 19.73711406547433 -25.350169028064194
      vertex 78.09302444463323 -13.54741817729639 -25.350169028064194
    endloop
  endfacet
  facet normal 0.9188110471411405 0.2697872654450812 0.2880990993652468
    outer loop
      vertex 77.72380869406857 -13.655829703272303 -24.664523402463058
      vertex 67.8410142420607 19.59879505714531 -24.287061474070203
      vertex 77.61484735189228 -13.687823640041383 -24.287061474070203
    endloop
  endfacet
  facet normal 0.9188110471411404 0.2697872654450812 -0.2880990993652468
    outer loop
      vertex 77.61484735189228 -13.687823640041383 -23.112938525929795
      vertex 67.95011518500763 19.630313557351233 -22.73547659753694
      vertex 77.72380869406857 -13.655829703272303 -22.73547659753694
    endloop
  endfacet
  facet normal -0.759435319288409 -0.2229903294161842 0.6111737140978609
    outer loop
      vertex 81.37510308449619 -10.002233234646551 -25.501760790300047
      vertex 81.3992507893687 -9.80556596072441 -25.4
      vertex 72.30480829750367 20.888353974377573 -25.501760790300047
    endloop
  endfacet
  facet normal -0.7594353192884332 -0.22299032941619149 0.6111737140978281
    outer loop
      vertex 81.3992507893687 -9.80556596072441 -25.4
      vertex 81.5 -10 -25.345750941653304
      vertex 72.30480829750367 20.888353974377573 -25.501760790300047
    endloop
  endfacet
  facet normal -0.7594353192884368 -0.22299032941619254 0.6111737140978235
    outer loop
      vertex 81.5 -10 -25.345750941653304
      vertex 81.6531303564841 -10.09400821209691 -25.189772900080204
      vertex 72.30480829750367 20.888353974377573 -25.501760790300047
    endloop
  endfacet
  facet normal -0.8367252797586727 -0.24568470944841292 0.4894178478110702
    outer loop
      vertex 81.6531303564841 -10.09400821209691 -25.189772900080204
      vertex 81.88477603882733 -10.19817179182888 -24.8460330869647
      vertex 72.72159397114257 21.0087604437039 -24.8460330869647
    endloop
  endfacet
  facet normal -0.8961818935716229 -0.2631427464443 0.35723088980116363
    outer loop
      vertex 81.88477603882733 -10.19817179182888 -24.8460330869647
      vertex 82.06429059800594 -10.309737100519351 -24.47786756828614
      vertex 72.85687459858276 21.0478420718609 -24.47786756828614
    endloop
  endfacet
  facet normal -0.9365379462295165 -0.2749923526550736 0.21743017558155703
    outer loop
      vertex 82.06429059800594 -10.309737100519351 -24.47786756828614
      vertex 82.18784799285525 -10.426326317307723 -24.093123152884512
      vertex 72.93921375630082 21.071629279279943 -24.093123152884512
    endloop
  endfacet
  facet normal -0.9569333185340779 -0.28098097429703417 0.07299531466091753
    outer loop
      vertex 82.18784799285525 -10.426326317307723 -24.093123152884512
      vertex 82.25281481201827 -10.545454545454545 -23.7
      vertex 72.96685652810316 21.079615082933064 -23.7
    endloop
  endfacet
  facet normal -0.956933318534078 -0.28098097429703434 -0.07299531466091737
    outer loop
      vertex 82.25281481201827 -10.545454545454545 -23.7
      vertex 82.25780640053668 -10.664582773601367 -23.306876847115486
      vertex 72.93921375630082 21.071629279279943 -23.306876847115486
    endloop
  endfacet
  facet normal -0.9365379462295194 -0.27499235265507427 -0.21743017558154365
    outer loop
      vertex 82.25780640053668 -10.664582773601367 -23.306876847115486
      vertex 82.20271637136737 -10.78117199038974 -22.92213243171386
      vertex 72.85687459858276 21.047842071860902 -22.92213243171386
    endloop
  endfacet
  facet normal -0.665959313481321 -0.19554329765716255 0.7199034737580102
    outer loop
      vertex 81.37510308449619 -10.002233234646551 -25.501760790300047
      vertex 72.30480829750367 20.888353974377573 -25.501760790300047
      vertex 76.24099102414121 6.753118069167994 -25.7
    endloop
  endfacet
  facet normal -0.5582895411127969 -0.16392860000112083 0.8132897407355728
    outer loop
      vertex 75.85841288008376 6.640782990453534 -26.004701340400835
      vertex 76.16600544779396 6.731100317364188 -25.775347277402037
      vertex 71.72419966044217 20.720620195434137 -26.004701340400835
    endloop
  endfacet
  facet normal -0.6659593134813833 -0.1955432976571811 0.7199034737579474
    outer loop
      vertex 76.16600544779396 6.731100317364188 -25.775347277402037
      vertex 76.24099102414121 6.753118069167994 -25.7
      vertex 72.03218631433599 20.809595388058224 -25.775347277402037
    endloop
  endfacet
  facet normal -0.7594353192884198 -0.2229903294161872 0.6111737140978465
    outer loop
      vertex 81.6531303564841 -10.09400821209691 -25.189772900080204
      vertex 72.53625514568671 20.955217351861535 -25.189772900080204
      vertex 72.30480829750367 20.888353974377573 -25.501760790300047
    endloop
  endfacet
  facet normal -0.8367252797586874 -0.24568470944841686 0.4894178478110431
    outer loop
      vertex 81.6531303564841 -10.09400821209691 -25.189772900080204
      vertex 72.72159397114257 21.0087604437039 -24.8460330869647
      vertex 72.53625514568671 20.955217351861535 -25.189772900080204
    endloop
  endfacet
  facet normal -0.8961818935716128 -0.26314274644429736 0.3572308898011908
    outer loop
      vertex 81.88477603882733 -10.19817179182888 -24.8460330869647
      vertex 72.85687459858276 21.0478420718609 -24.47786756828614
      vertex 72.72159397114257 21.0087604437039 -24.8460330869647
    endloop
  endfacet
  facet normal -0.9365379462295205 -0.27499235265507455 0.21743017558153876
    outer loop
      vertex 82.06429059800594 -10.309737100519351 -24.47786756828614
      vertex 72.93921375630082 21.071629279279943 -24.093123152884512
      vertex 72.85687459858276 21.0478420718609 -24.47786756828614
    endloop
  endfacet
  facet normal -0.9569333185340773 -0.28098097429703406 0.07299531466092687
    outer loop
      vertex 82.18784799285525 -10.426326317307723 -24.093123152884512
      vertex 72.96685652810316 21.079615082933064 -23.7
      vertex 72.93921375630082 21.071629279279943 -24.093123152884512
    endloop
  endfacet
  facet normal -0.9365379462295215 -0.27499235265507505 -0.2174301755815342
    outer loop
      vertex 82.25780640053668 -10.664582773601367 -23.306876847115486
      vertex 72.85687459858276 21.047842071860902 -22.92213243171386
      vertex 72.93921375630082 21.071629279279943 -23.306876847115486
    endloop
  endfacet
  facet normal -0.9569333185340774 -0.28098097429703406 -0.07299531466092432
    outer loop
      vertex 82.25281481201827 -10.545454545454545 -23.7
      vertex 72.93921375630082 21.071629279279943 -23.306876847115486
      vertex 72.96685652810316 21.079615082933064 -23.7
    endloop
  endfacet
  facet normal 0.8687712218463127 0.25509424703651234 -0.4244566988757978
    outer loop
      vertex 77.72380869406857 -13.655829703272303 -22.73547659753694
      vertex 68.11085371626137 19.67674979606353 -22.378571810910067
      vertex 77.88434155136358 -13.60869300338339 -22.378571810910067
    endloop
  endfacet
  facet normal 0.8002150462751761 0.2349643376342926 -0.5517677407704222
    outer loop
      vertex 77.88434155136358 -13.60869300338339 -22.378571810910067
      vertex 68.31980397309448 19.73711406547433 -22.049830971935805
      vertex 78.09302444463323 -13.54741817729639 -22.049830971935805
    endloop
  endfacet
  facet normal 0.7146036762861856 0.20982657130877647 -0.6673188112222459
    outer loop
      vertex 78.09302444463323 -13.54741817729639 -22.049830971935805
      vertex 68.57251254355161 19.810119805982602 -21.75626062085341
      vertex 78.34540966031236 -13.473311191547037 -21.75626062085341
    endloop
  endfacet
  facet normal 0.6137617695965031 0.18021671590626692 -0.7686471397785392
    outer loop
      vertex 78.34540966031236 -13.473311191547037 -21.75626062085341
      vertex 68.8635933831935 19.894211026978326 -21.50411770001397
      vertex 78.63611804570739 -13.38795150787572 -21.50411770001397
    endloop
  endfacet
  facet normal 0.49983859637050987 0.1467658540875085 -0.8535930890373485
    outer loop
      vertex 78.63611804570739 -13.38795150787572 -21.50411770001397
      vertex 69.18684260928325 19.98759547008097 -21.298776198017197
      vertex 78.95895365629706 -13.29315841974266 -21.298776198017197
    endloop
  endfacet
  facet normal 0.3752622312577731 0.11018693289644618 -0.9203461835691567
    outer loop
      vertex 78.95895365629706 -13.29315841974266 -21.298776198017197
      vertex 69.53537072577593 20.08828280801523 -21.144612612474454
      vertex 79.30703581153274 -13.190952277246375 -21.144612612474454
    endloop
  endfacet
  facet normal 0.24268780319736763 0.07125956853175953 -0.9674836970574249
    outer loop
      vertex 79.30703581153274 -13.190952277246375 -21.144612612474454
      vertex 69.90174946096573 20.19412706498138 -21.04491267256044
      vertex 79.67294574459854 -13.083511426868952 -21.04491267256044
    endloop
  endfacet
  facet normal -0.3098014796960136 -0.09096592199025709 -0.9464397731576072
    outer loop
      vertex 80.99893739817195 -12.694165147964648 -21.158969222944144
      vertex 71.38741253663888 20.623324748261798 -21.215065304363268
      vertex 81.05898637258649 -12.31503084480014 -21.215065304363268
    endloop
  endfacet
  facet normal -0.309801479696008 -0.09096592199025548 -0.9464397731576092
    outer loop
      vertex 80.79875687534486 -12.752943452836934 -21.08779401794495
      vertex 71.38741253663888 20.623324748261798 -21.215065304363268
      vertex 80.99893739817195 -12.694165147964648 -21.158969222944144
    endloop
  endfacet
  facet normal -0.5582895411127877 -0.1639286000011179 -0.8132897407355797
    outer loop
      vertex 81.20198163680877 -11.412194278725366 -21.42463538710608
      vertex 72.032186314336 20.809595388058227 -21.62465272259796
      vertex 81.28789781527487 -10.712463157529767 -21.62465272259796
    endloop
  endfacet
  facet normal -0.4387207964499676 -0.12882004884073103 -0.8893421488825196
    outer loop
      vertex 81.05898637258649 -12.31503084480014 -21.215065304363268
      vertex 71.38741253663888 20.623324748261798 -21.215065304363268
      vertex 81.18700683636843 -11.506741447687524 -21.395298659599163
    endloop
  endfacet
  facet normal -0.5582895411127878 -0.16392860000111809 -0.8132897407355795
    outer loop
      vertex 81.20198163680877 -11.412194278725366 -21.42463538710608
      vertex 81.18700683636843 -11.506741447687524 -21.395298659599163
      vertex 71.72419966044217 20.720620195434137 -21.395298659599163
    endloop
  endfacet
  facet normal 0.10494090595429306 0.030813430181134017 -0.9940009752399465
    outer loop
      vertex 79.67294574459854 -13.083511426868952 -21.04491267256044
      vertex 70.27817008820057 20.302872354403714 -21.001801309400353
      vertex 80.04888472054574 -12.973125783802736 -21.001801309400353
    endloop
  endfacet
  facet normal -0.03504262450601535 -0.010289442937057355 -0.9993328483702392
    outer loop
      vertex 80.04888472054574 -12.973125783802736 -21.001801309400353
      vertex 70.65660985533367 20.412200959236355 -21.016197366852147
      vertex 80.42684025278857 -12.862148026383622 -21.016197366852147
    endloop
  endfacet
  facet normal -0.17427928226422335 -0.05117301444305955 -0.983365676829468
    outer loop
      vertex 80.42684025278857 -12.862148026383622 -21.016197366852147
      vertex 71.02900297575694 20.519782730078177 -21.08779401794495
      vertex 80.79875687534486 -12.752943452836934 -21.08779401794495
    endloop
  endfacet
  facet normal -0.8367252797586867 -0.24568470944841697 -0.4894178478110442
    outer loop
      vertex 81.91824356371148 -10.996900878812184 -22.210227099919795
      vertex 72.53625514568671 20.955217351861535 -22.210227099919795
      vertex 82.08871887283749 -10.892737299080213 -22.5539669130353
    endloop
  endfacet
  facet normal -0.7594353192884117 -0.2229903294161851 -0.6111737140978575
    outer loop
      vertex 81.91824356371148 -10.996900878812184 -22.210227099919795
      vertex 81.5 -10 -22.054249058346695
      vertex 72.53625514568671 20.955217351861535 -22.210227099919795
    endloop
  endfacet
  facet normal -0.7594353192884076 -0.22299032941618394 -0.6111737140978629
    outer loop
      vertex 81.5 -10 -22.054249058346695
      vertex 81.37537729123166 -10 -21.8993947437043
      vertex 72.53625514568671 20.955217351861535 -22.210227099919795
    endloop
  endfacet
  facet normal -0.7594353192894359 -0.2229903294164637 -0.6111737140964829
    outer loop
      vertex 81.37537729123166 -10 -21.8993947437043
      vertex 81.37510308449619 -10.002233234646555 -21.898239209699952
      vertex 72.53625514568671 20.955217351861535 -22.210227099919795
    endloop
  endfacet
  facet normal -0.896181893571616 -0.2631427464442983 -0.3572308898011824
    outer loop
      vertex 82.20271637136737 -10.78117199038974 -22.92213243171386
      vertex 82.08871887283749 -10.892737299080213 -22.5539669130353
      vertex 72.72159397114257 21.008760443703896 -22.5539669130353
    endloop
  endfacet
  facet normal -0.665959313481353 -0.1955432976571719 -0.719903473757978
    outer loop
      vertex 81.28789781527487 -10.712463157529767 -21.62465272259796
      vertex 72.30480829750367 20.888353974377573 -21.898239209699952
      vertex 81.37510308449619 -10.002233234646555 -21.898239209699952
    endloop
  endfacet
  facet normal -0.309801479696015 -0.09096592199025744 -0.9464397731576066
    outer loop
      vertex 80.79875687534486 -12.752943452836934 -21.08779401794495
      vertex 71.02900297575694 20.519782730078177 -21.08779401794495
      vertex 71.38741253663888 20.623324748261798 -21.215065304363268
    endloop
  endfacet
  facet normal -0.8367252797586879 -0.24568470944841736 -0.4894178478110418
    outer loop
      vertex 82.08871887283749 -10.892737299080213 -22.5539669130353
      vertex 72.53625514568671 20.955217351861535 -22.210227099919795
      vertex 72.72159397114257 21.008760443703896 -22.5539669130353
    endloop
  endfacet
  facet normal -0.7594353192884182 -0.2229903294161869 -0.6111737140978485
    outer loop
      vertex 81.37510308449619 -10.002233234646555 -21.898239209699952
      vertex 72.30480829750367 20.888353974377573 -21.898239209699952
      vertex 72.53625514568671 20.955217351861535 -22.210227099919795
    endloop
  endfacet
  facet normal -0.8961818935716114 -0.26314274644429675 -0.35723088980119483
    outer loop
      vertex 82.20271637136737 -10.78117199038974 -22.92213243171386
      vertex 72.72159397114257 21.008760443703896 -22.5539669130353
      vertex 72.85687459858276 21.047842071860902 -22.92213243171386
    endloop
  endfacet
  facet normal -0.6659593134813502 -0.19554329765717116 -0.7199034737579807
    outer loop
      vertex 81.28789781527487 -10.712463157529767 -21.62465272259796
      vertex 72.032186314336 20.809595388058227 -21.62465272259796
      vertex 72.30480829750367 20.888353974377573 -21.898239209699952
    endloop
  endfacet
  facet normal -0.4387207964499752 -0.12882004884073334 -0.8893421488825155
    outer loop
      vertex 81.18700683636843 -11.506741447687524 -21.395298659599163
      vertex 71.38741253663888 20.623324748261798 -21.215065304363268
      vertex 71.72419966044217 20.720620195434137 -21.395298659599163
    endloop
  endfacet
  facet normal -0.5582895411127778 -0.16392860000111512 -0.813289740735587
    outer loop
      vertex 81.20198163680877 -11.412194278725366 -21.42463538710608
      vertex 71.72419966044217 20.720620195434137 -21.395298659599163
      vertex 72.032186314336 20.809595388058227 -21.62465272259796
    endloop
  endfacet
  facet normal 0.7914964884292784 -4.8547876836021436e-14 0.6111737140978177
    outer loop
      vertex -75.3694940211618 -32.596516940653814 -25.36110725555958
      vertex -75.38135178116723 -32.5561331187215 -25.345750941653332
      vertex -75.50179410830268 -32.68947514455286 -25.189772900080204
    endloop
  endfacet
  facet normal 0.6940741952206424 0 0.7199034737579875
    outer loop
      vertex -75.05526840934823 -33.01188775185468 -25.7
      vertex -75.05526840934823 -15 -25.7
      vertex -75.26088489340822 -32.527485671429574 -25.501760790300047
    endloop
  endfacet
  facet normal 0.87204940814382 -1.663020415354969e-19 0.48941784781106346
    outer loop
      vertex -75.50179410830268 -32.68947514455286 -25.189772900080204
      vertex -75.69471024123149 -0.33028257675063183 -24.8460330869647
      vertex -75.69471024123149 -32.85468149778006 -24.8460330869647
    endloop
  endfacet
  facet normal 0.7914964884292979 3.9583531359077074e-16 0.6111737140977925
    outer loop
      vertex -75.33946202049142 -32.543833175204234 -25.4
      vertex -75.50179410830268 -0.32944081598191455 -25.189772900080204
      vertex -75.38135178116723 -32.5561331187215 -25.345750941653332
    endloop
  endfacet
  facet normal 0.7914964884292849 5.706892912726041e-16 0.6111737140978096
    outer loop
      vertex -75.26088489340822 -32.527485671429574 -25.501760790300047
      vertex -75.50179410830268 -0.32944081598191455 -25.189772900080204
      vertex -75.33946202049141 -32.34236956069098 -25.4
    endloop
  endfacet
  facet normal 0.79149648842513 -5.583063538186572e-14 0.61117371410319
    outer loop
      vertex -75.33946202049142 -32.543833175204234 -25.4
      vertex -75.33946202049141 -32.34236956069098 -25.4
      vertex -75.50179410830268 -0.32944081598191455 -25.189772900080204
    endloop
  endfacet
  facet normal 0.7914964884292583 -2.0324163191635845e-19 0.6111737140978436
    outer loop
      vertex -75.38135178116723 -32.5561331187215 -25.345750941653332
      vertex -75.50179410830268 -0.32944081598191455 -25.189772900080204
      vertex -75.50179410830268 -32.68947514455286 -25.189772900080204
    endloop
  endfacet
  facet normal 0.9340161087325425 2.0486982931797136e-19 0.3572308898011472
    outer loop
      vertex -75.69471024123149 -32.85468149778006 -24.8460330869647
      vertex -75.8355216197527 -0.3308969861959627 -24.47786756828614
      vertex -75.8355216197527 -33.012302723315344 -24.47786756828614
    endloop
  endfacet
  facet normal 0.9760758775559272 4.608601901306045e-20 -0.21743017558155714
    outer loop
      vertex -75.9212270938028 -33.407294355191254 -23.306876847115486
      vertex -75.8355216197527 -0.3308969861959627 -22.92213243171386
      vertex -75.8355216197527 -33.50364023472458 -22.92213243171386
    endloop
  endfacet
  facet normal 0.9760758775559271 -4.657040495030228e-20 0.21743017558155714
    outer loop
      vertex -75.8355216197527 -33.012302723315344 -24.47786756828614
      vertex -75.9212270938028 -0.33127094924728673 -24.093123152884512
      vertex -75.9212270938028 -33.15897939839057 -24.093123152884512
    endloop
  endfacet
  facet normal 0.9973322836635513 -5.665570489406448e-20 0.07299531466091243
    outer loop
      vertex -75.9212270938028 -33.15897939839057 -24.093123152884512
      vertex -75.95 -0.33139649553142114 -23.7
      vertex -75.95 -33.29158536432924 -23.7
    endloop
  endfacet
  facet normal 0.9973322836635513 5.645729267042596e-20 -0.07299531466091241
    outer loop
      vertex -75.95 -33.29158536432924 -23.7
      vertex -75.9212270938028 -0.33127094924728673 -23.306876847115486
      vertex -75.9212270938028 -33.407294355191254 -23.306876847115486
    endloop
  endfacet
  facet normal 0.7914964884292562 -1.12205508765979e-18 -0.6111737140978465
    outer loop
      vertex -75.50179410830268 -33.63048533591883 -22.210227099919795
      vertex -75.26088489340822 -32.96640566107106 -21.898239209699952
      vertex -75.26088489340822 -33.65828107446995 -21.898239209699952
    endloop
  endfacet
  facet normal 0.7914964884292555 9.163752129390196e-16 -0.6111737140978478
    outer loop
      vertex -75.50179410830268 -33.63048533591883 -22.210227099919795
      vertex -75.38135178116723 -32.5561331187215 -22.054249058346667
      vertex -75.26088489340822 -32.96640566107106 -21.898239209699952
    endloop
  endfacet
  facet normal 0.6940741952206246 0 -0.7199034737580047
    outer loop
      vertex -75.26088489340822 -33.65828107446995 -21.898239209699952
      vertex -75.26088489340822 -32.96640566107106 -21.898239209699952
      vertex -75.05708172830234 -33.6604954997174 -21.701748259231458
    endloop
  endfacet
  facet normal 0.9340161087325425 -2.013768113543923e-19 -0.35723088980114714
    outer loop
      vertex -75.8355216197527 -33.50364023472458 -22.92213243171386
      vertex -75.69471024123149 -0.33028257675063183 -22.5539669130353
      vertex -75.69471024123149 -33.57856955777787 -22.5539669130353
    endloop
  endfacet
  facet normal 0.8720494081438199 1.624235521214321e-19 -0.48941784781106334
    outer loop
      vertex -75.69471024123149 -33.57856955777787 -22.5539669130353
      vertex -75.50179410830268 -0.32944081598191455 -22.210227099919795
      vertex -75.50179410830268 -33.63048533591883 -22.210227099919795
    endloop
  endfacet
  facet normal 0.5818589155579436 -6.808280431275726e-20 -0.8132897407355719
    outer loop
      vertex -74.91072752669326 -33.35240473221562 -21.577155014139095
      vertex -74.65653891931741 -0.32575267105157263 -21.395298659599163
      vertex -74.65653891931741 -33.89751395984782 -21.395298659599163
    endloop
  endfacet
  facet normal 0.7914964884292585 -4.433402345979086e-17 -0.6111737140978435
    outer loop
      vertex -75.50179410830268 -33.63048533591883 -22.210227099919795
      vertex -75.26088489340822 -0.3283896445591726 -21.898239209699952
      vertex -75.38135178116723 -32.5561331187215 -22.054249058346667
    endloop
  endfacet
  facet normal 0.7914964884292565 -2.3299962164933828e-17 -0.6111737140978463
    outer loop
      vertex -75.38135178116723 -32.5561331187215 -22.054249058346667
      vertex -75.26088489340822 -0.3283896445591726 -21.898239209699952
      vertex -75.26342306141575 -32.52150612232416 -21.9015262474417
    endloop
  endfacet
  facet normal 0.7914964884291458 -5.724132523360825e-21 -0.6111737140979896
    outer loop
      vertex -75.26342306141575 -32.52150612232416 -21.9015262474417
      vertex -75.26088489340822 -0.3283896445591726 -21.898239209699952
      vertex -75.26088489340822 -32.52748567142957 -21.898239209699952
    endloop
  endfacet
  facet normal 0.5818589155579553 -1.364447351517336e-16 -0.8132897407355636
    outer loop
      vertex -74.91072752669326 -33.35240473221562 -21.577155014139095
      vertex -74.97711715820901 -33.19600056174308 -21.62465272259796
      vertex -74.65653891931741 -0.32575267105157263 -21.395298659599163
    endloop
  endfacet
  facet normal 0.6940741952206332 0 -0.7199034737579966
    outer loop
      vertex -74.97711715820901 -33.19600056174308 -21.62465272259796
      vertex -75.26088489340822 -32.52748567142957 -21.898239209699952
      vertex -74.97711715820901 -0.32715146637629033 -21.62465272259796
    endloop
  endfacet
  facet normal 0.6940741952206424 0 0.7199034737579876
    outer loop
      vertex -75.26088489340822 -32.527485671429574 -25.501760790300047
      vertex -75.05526840934823 -15 -25.7
      vertex -75.26088489340822 -0.3283896445591726 -25.501760790300047
    endloop
  endfacet
  facet normal 0.7914964884292562 0 0.6111737140978465
    outer loop
      vertex -75.26088489340822 -32.527485671429574 -25.501760790300047
      vertex -75.26088489340822 -0.3283896445591726 -25.501760790300047
      vertex -75.50179410830268 -0.32944081598191455 -25.189772900080204
    endloop
  endfacet
  facet normal 0.87204940814382 0 0.4894178478110633
    outer loop
      vertex -75.50179410830268 -32.68947514455286 -25.189772900080204
      vertex -75.50179410830268 -0.32944081598191455 -25.189772900080204
      vertex -75.69471024123149 -0.33028257675063183 -24.8460330869647
    endloop
  endfacet
  facet normal 0.9340161087325424 0 0.35723088980114714
    outer loop
      vertex -75.69471024123149 -32.85468149778006 -24.8460330869647
      vertex -75.69471024123149 -0.33028257675063183 -24.8460330869647
      vertex -75.8355216197527 -0.3308969861959627 -24.47786756828614
    endloop
  endfacet
  facet normal 0.4572423233046357 0 0.8893421488825203
    outer loop
      vertex -74.65653891931741 -15 -26.004701340400835
      vertex -74.30598274532342 -15 -26.18493469563673
      vertex -74.65653891931741 -0.32575267105157263 -26.004701340400835
    endloop
  endfacet
  facet normal 0.5818589155579461 -1.1990424799872852e-18 0.8132897407355703
    outer loop
      vertex -74.65653891931741 -15 -26.004701340400835
      vertex -74.97711715820901 -0.32715146637629033 -25.775347277402037
      vertex -74.97711715820901 -15 -25.775347277402037
    endloop
  endfacet
  facet normal 0.6940741952206086 -9.143778209210936e-16 0.7199034737580201
    outer loop
      vertex -74.97711715820901 -15 -25.775347277402037
      vertex -75.26088489340822 -0.3283896445591726 -25.501760790300047
      vertex -75.05526840934823 -15 -25.7
    endloop
  endfacet
  facet normal 0.9760758775559272 0 0.2174301755815571
    outer loop
      vertex -75.8355216197527 -33.012302723315344 -24.47786756828614
      vertex -75.8355216197527 -0.3308969861959627 -24.47786756828614
      vertex -75.9212270938028 -0.33127094924728673 -24.093123152884512
    endloop
  endfacet
  facet normal 0.9973322836635513 0 0.07299531466091243
    outer loop
      vertex -75.9212270938028 -33.15897939839057 -24.093123152884512
      vertex -75.9212270938028 -0.33127094924728673 -24.093123152884512
      vertex -75.95 -0.33139649553142114 -23.7
    endloop
  endfacet
  facet normal 0.9973322836635513 0 -0.07299531466091243
    outer loop
      vertex -75.95 -33.29158536432924 -23.7
      vertex -75.95 -0.33139649553142114 -23.7
      vertex -75.9212270938028 -0.33127094924728673 -23.306876847115486
    endloop
  endfacet
  facet normal 0.9760758775559271 0 -0.21743017558155717
    outer loop
      vertex -75.9212270938028 -33.407294355191254 -23.306876847115486
      vertex -75.9212270938028 -0.33127094924728673 -23.306876847115486
      vertex -75.8355216197527 -0.3308969861959627 -22.92213243171386
    endloop
  endfacet
  facet normal 0.581858915557946 0 0.8132897407355701
    outer loop
      vertex -74.65653891931741 -15 -26.004701340400835
      vertex -74.65653891931741 -0.32575267105157263 -26.004701340400835
      vertex -74.97711715820901 -0.32715146637629033 -25.775347277402037
    endloop
  endfacet
  facet normal 0.6940741952206332 0 0.7199034737579966
    outer loop
      vertex -74.97711715820901 -15 -25.775347277402037
      vertex -74.97711715820901 -0.32715146637629033 -25.775347277402037
      vertex -75.26088489340822 -0.3283896445591726 -25.501760790300047
    endloop
  endfacet
  facet normal 0.87204940814382 0 -0.4894178478110634
    outer loop
      vertex -75.69471024123149 -33.57856955777787 -22.5539669130353
      vertex -75.69471024123149 -0.33028257675063183 -22.5539669130353
      vertex -75.50179410830268 -0.32944081598191455 -22.210227099919795
    endloop
  endfacet
  facet normal 0.7914964884292564 0 -0.6111737140978466
    outer loop
      vertex -75.50179410830268 -33.63048533591883 -22.210227099919795
      vertex -75.50179410830268 -0.32944081598191455 -22.210227099919795
      vertex -75.26088489340822 -0.3283896445591726 -21.898239209699952
    endloop
  endfacet
  facet normal 0.9340161087325425 0 -0.3572308898011471
    outer loop
      vertex -75.8355216197527 -33.50364023472458 -22.92213243171386
      vertex -75.8355216197527 -0.3308969861959627 -22.92213243171386
      vertex -75.69471024123149 -0.33028257675063183 -22.5539669130353
    endloop
  endfacet
  facet normal 0.4572423233046357 0 -0.8893421488825203
    outer loop
      vertex -74.65653891931741 -33.89751395984782 -21.395298659599163
      vertex -74.65653891931741 -0.32575267105157263 -21.395298659599163
      vertex -74.30598274532342 -0.324223071478847 -21.215065304363268
    endloop
  endfacet
  facet normal 0.6940741952206332 0 -0.7199034737579966
    outer loop
      vertex -75.26088489340822 -32.52748567142957 -21.898239209699952
      vertex -75.26088489340822 -0.3283896445591726 -21.898239209699952
      vertex -74.97711715820901 -0.32715146637629033 -21.62465272259796
    endloop
  endfacet
  facet normal 0.5818589155579461 0 -0.8132897407355703
    outer loop
      vertex -74.97711715820901 -33.19600056174308 -21.62465272259796
      vertex -74.97711715820901 -0.32715146637629033 -21.62465272259796
      vertex -74.65653891931741 -0.32575267105157263 -21.395298659599163
    endloop
  endfacet
  facet normal 0 1 0
    outer loop
      vertex -74.14244123578548 -35 -25.7
      vertex -71.37599967290429 -35 -25.643739379146588
      vertex -71.4436038454169 -35 -25.7
    endloop
  endfacet
  facet normal 0 1 0
    outer loop
      vertex -74.14244123578548 -35 -25.7
      vertex -71.112959481241 -35 -25.350169028064194
      vertex -71.37599967290429 -35 -25.643739379146588
    endloop
  endfacet
  facet normal 0 1 0
    outer loop
      vertex -74.14244123578548 -35 -25.7
      vertex -70.89546659801172 -35 -25.02142818908993
      vertex -71.112959481241 -35 -25.350169028064194
    endloop
  endfacet
  facet normal 0 1 0
    outer loop
      vertex -74.14244123578548 -35 -25.7
      vertex -70.72815650642212 -35 -24.664523402463058
      vertex -70.89546659801172 -35 -25.02142818908993
    endloop
  endfacet
  facet normal 0 1 0
    outer loop
      vertex -74.14244123578548 -35 -25.7
      vertex -70.614595130599 -35 -24.287061474070203
      vertex -70.72815650642212 -35 -24.664523402463058
    endloop
  endfacet
  facet normal 0 1 0
    outer loop
      vertex -74.14244123578548 -35 -25.7
      vertex -70.55720283410841 -35 -23.89708734958445
      vertex -70.614595130599 -35 -24.287061474070203
    endloop
  endfacet
  facet normal 0 1 0
    outer loop
      vertex -74.14244123578548 -35 -25.7
      vertex -70.55720283410841 -35 -23.50291265041555
      vertex -70.55720283410841 -35 -23.89708734958445
    endloop
  endfacet
  facet normal 0 1 0
    outer loop
      vertex -74.14244123578548 -35 -25.7
      vertex -70.614595130599 -35 -23.112938525929795
      vertex -70.55720283410841 -35 -23.50291265041555
    endloop
  endfacet
  facet normal 0 1 0
    outer loop
      vertex -74.14244123578548 -35 -25.7
      vertex -70.72815650642212 -35 -22.73547659753694
      vertex -70.614595130599 -35 -23.112938525929795
    endloop
  endfacet
  facet normal 0 1 0
    outer loop
      vertex -74.14244123578548 -35 -25.7
      vertex -70.89546659801172 -35 -22.378571810910067
      vertex -70.72815650642212 -35 -22.73547659753694
    endloop
  endfacet
  facet normal 0 1 0
    outer loop
      vertex -74.14244123578548 -35 -25.7
      vertex -71.112959481241 -35 -22.049830971935805
      vertex -70.89546659801172 -35 -22.378571810910067
    endloop
  endfacet
  facet normal 0 1 0
    outer loop
      vertex -74.14244123578548 -35 -25.7
      vertex -71.37599967290429 -35 -21.75626062085341
      vertex -71.112959481241 -35 -22.049830971935805
    endloop
  endfacet
  facet normal 0 1 0
    outer loop
      vertex -74.14244123578548 -35 -25.7
      vertex -72.01544572707748 -35 -21.298776198017197
      vertex -71.67898092799352 -35 -21.50411770001397
    endloop
  endfacet
  facet normal 0 1 0
    outer loop
      vertex -74.14244123578548 -35 -25.7
      vertex -71.67898092799352 -35 -21.50411770001397
      vertex -71.37599967290429 -35 -21.75626062085341
    endloop
  endfacet
  facet normal -0.639673021558934 -4.545150187304145e-16 0.7686471397784965
    outer loop
      vertex -71.4436038454169 -35 -25.7
      vertex -71.37599967290429 -35 -25.643739379146588
      vertex -71.44360384541692 -15 -25.7
    endloop
  endfacet
  facet normal -0.7447721827437743 0 0.6673188112222477
    outer loop
      vertex -71.37599967290429 -35 -25.643739379146588
      vertex -71.112959481241 -35 -25.350169028064194
      vertex -71.37599967290429 -0.3114385274081941 -25.643739379146588
    endloop
  endfacet
  facet normal -0.8339978178898909 0 0.5517677407704265
    outer loop
      vertex -71.112959481241 -35 -25.350169028064194
      vertex -70.89546659801172 -35 -25.02142818908993
      vertex -71.112959481241 -0.3102907907696013 -25.350169028064194
    endloop
  endfacet
  facet normal -0.9054482374931478 0 0.42445669887581267
    outer loop
      vertex -70.89546659801172 -35 -25.02142818908993
      vertex -70.72815650642212 -35 -24.664523402463058
      vertex -70.89546659801172 -0.309341793017064 -25.02142818908993
    endloop
  endfacet
  facet normal -0.9576005999084054 0 0.28809909936523936
    outer loop
      vertex -70.72815650642212 -35 -24.664523402463058
      vertex -70.614595130599 -35 -24.287061474070203
      vertex -70.72815650642212 -0.3086117603900747 -24.664523402463058
    endloop
  endfacet
  facet normal -0.9893433680751086 0 0.14560116773501525
    outer loop
      vertex -70.614595130599 -35 -24.287061474070203
      vertex -70.55720283410841 -35 -23.89708734958445
      vertex -70.614595130599 -0.30811625226663153 -24.287061474070203
    endloop
  endfacet
  facet normal -1 0 0
    outer loop
      vertex -70.55720283410841 -35 -23.89708734958445
      vertex -70.55720283410841 -35 -23.50291265041555
      vertex -70.55720283410841 -0.30786582954210906 -23.89708734958445
    endloop
  endfacet
  facet normal -0.9893433680751087 0 -0.14560116773501527
    outer loop
      vertex -70.55720283410841 -35 -23.50291265041555
      vertex -70.614595130599 -35 -23.112938525929795
      vertex -70.55720283410841 -0.30786582954210906 -23.50291265041555
    endloop
  endfacet
  facet normal -0.9576005999084054 0 -0.28809909936523936
    outer loop
      vertex -70.614595130599 -35 -23.112938525929795
      vertex -70.72815650642212 -35 -22.73547659753694
      vertex -70.614595130599 -0.30811625226663153 -23.112938525929795
    endloop
  endfacet
  facet normal 0 1 0
    outer loop
      vertex -74.14244123578548 -35 -25.7
      vertex -74.14244123578548 -35 -21.15927269051276
      vertex -73.93292013245754 -35 -21.08779401794495
    endloop
  endfacet
  facet normal 0 1 0
    outer loop
      vertex -74.14244123578548 -35 -25.7
      vertex -73.93292013245754 -35 -21.08779401794495
      vertex -72.37822290711709 -35 -21.144612612474454
    endloop
  endfacet
  facet normal 0 1 0
    outer loop
      vertex -74.14244123578548 -35 -25.7
      vertex -72.37822290711709 -35 -21.144612612474454
      vertex -72.01544572707748 -35 -21.298776198017197
    endloop
  endfacet
  facet normal 0 1 0
    outer loop
      vertex -73.93292013245754 -35 -21.08779401794495
      vertex -72.75958050235552 -35 -21.04491267256044
      vertex -72.37822290711709 -35 -21.144612612474454
    endloop
  endfacet
  facet normal 0 1 0
    outer loop
      vertex -73.93292013245754 -35 -21.08779401794495
      vertex -73.54530226262025 -35 -21.016197366852147
      vertex -72.75958050235552 -35 -21.04491267256044
    endloop
  endfacet
  facet normal 0 1 0
    outer loop
      vertex -73.54530226262025 -35 -21.016197366852147
      vertex -73.15139053774432 -35 -21.001801309400353
      vertex -72.75958050235552 -35 -21.04491267256044
    endloop
  endfacet
  facet normal 0.3228804047714411 6.892801828775634e-20 -0.9464397731576112
    outer loop
      vertex -74.14244123578548 -35 -21.15927269051276
      vertex -73.93292013245754 -0.32259526841739145 -21.08779401794495
      vertex -73.93292013245754 -35 -21.08779401794495
    endloop
  endfacet
  facet normal 0.3228804047714549 -9.345410995259578e-17 -0.9464397731576063
    outer loop
      vertex -74.14244123578548 -35 -21.15927269051276
      vertex -74.30598274532342 -34.6492841010053 -21.215065304363268
      vertex -73.93292013245754 -0.32259526841739145 -21.08779401794495
    endloop
  endfacet
  facet normal 0.4572423233046357 3.018314271682082e-19 -0.8893421488825204
    outer loop
      vertex -74.65653891931741 -33.89751395984782 -21.395298659599163
      vertex -74.30598274532342 -0.324223071478847 -21.215065304363268
      vertex -74.30598274532342 -34.6492841010053 -21.215065304363268
    endloop
  endfacet
  facet normal -0.6396730215588976 0 -0.7686471397785268
    outer loop
      vertex -71.37599967290429 -35 -21.75626062085341
      vertex -71.67898092799352 -35 -21.50411770001397
      vertex -71.37599967290429 -0.3114385274081941 -21.75626062085341
    endloop
  endfacet
  facet normal -0.39110472049015904 9.113119054229527e-20 -0.9203461835691582
    outer loop
      vertex -72.37822290711709 -35 -21.144612612474454
      vertex -72.01544572707748 -0.31422865487935137 -21.298776198017197
      vertex -72.01544572707748 -35 -21.298776198017197
    endloop
  endfacet
  facet normal -0.25293338239168306 0 -0.9674836970574247
    outer loop
      vertex -72.37822290711709 -35 -21.144612612474454
      vertex -72.75958050235552 -35 -21.04491267256044
      vertex -72.37822290711709 -0.3158115789889484 -21.144612612474454
    endloop
  endfacet
  facet normal -0.5209403404879206 -3.044303404534143e-19 -0.8535930890373523
    outer loop
      vertex -72.01544572707748 -35 -21.298776198017197
      vertex -71.67898092799352 -0.3127605409190339 -21.50411770001397
      vertex -71.67898092799352 -35 -21.50411770001397
    endloop
  endfacet
  facet normal -0.9054482374931477 0 -0.42445669887581267
    outer loop
      vertex -70.72815650642212 -35 -22.73547659753694
      vertex -70.89546659801172 -35 -22.378571810910067
      vertex -70.72815650642212 -0.3086117603900747 -22.73547659753694
    endloop
  endfacet
  facet normal -0.8339978178898908 0 -0.5517677407704265
    outer loop
      vertex -70.89546659801172 -35 -22.378571810910067
      vertex -71.112959481241 -35 -22.049830971935805
      vertex -70.89546659801172 -0.309341793017064 -22.378571810910067
    endloop
  endfacet
  facet normal -0.7447721827437742 3.652262977941485e-20 -0.6673188112222478
    outer loop
      vertex -71.37599967290429 -35 -21.75626062085341
      vertex -71.112959481241 -0.3102907907696013 -22.049830971935805
      vertex -71.112959481241 -35 -22.049830971935805
    endloop
  endfacet
  facet normal 0.18163685097942858 3.0571868827701913e-20 -0.9833656768294676
    outer loop
      vertex -73.93292013245754 -35 -21.08779401794495
      vertex -73.54530226262025 -0.3209039556633502 -21.016197366852147
      vertex -73.54530226262025 -35 -21.016197366852147
    endloop
  endfacet
  facet normal 0.03652202305766373 2.8899754764969803e-20 -0.9993328483702393
    outer loop
      vertex -73.54530226262025 -35 -21.016197366852147
      vertex -73.15139053774432 -0.3191851806117028 -21.001801309400353
      vertex -73.15139053774432 -35 -21.001801309400353
    endloop
  endfacet
  facet normal -0.109371208377871 3.04765717349228e-20 -0.9940009752399462
    outer loop
      vertex -73.15139053774432 -35 -21.001801309400353
      vertex -72.75958050235552 -0.31747557596862325 -21.04491267256044
      vertex -72.75958050235552 -35 -21.04491267256044
    endloop
  endfacet
  facet normal -0.6396730215588545 0 0.7686471397785627
    outer loop
      vertex -71.37599967290429 -35 -25.643739379146588
      vertex -71.37599967290429 -0.3114385274081941 -25.643739379146588
      vertex -71.44360384541692 -15 -25.7
    endloop
  endfacet
  facet normal 0.18163685097942858 0 0.9833656768294676
    outer loop
      vertex -73.93292013245754 -15 -26.312205982055048
      vertex -73.54530226262025 -15 -26.38380263314785
      vertex -73.93292013245754 -0.32259526841739145 -26.312205982055048
    endloop
  endfacet
  facet normal 0.03652202305766372 0 0.9993328483702392
    outer loop
      vertex -73.54530226262025 -15 -26.38380263314785
      vertex -73.15139053774432 -15 -26.398198690599646
      vertex -73.54530226262025 -0.3209039556633502 -26.38380263314785
    endloop
  endfacet
  facet normal -0.10937120837787101 0 0.9940009752399463
    outer loop
      vertex -73.15139053774432 -15 -26.398198690599646
      vertex -72.75958050235552 -15 -26.35508732743956
      vertex -73.15139053774432 -0.3191851806117028 -26.398198690599646
    endloop
  endfacet
  facet normal -0.25293338239168306 0 0.9674836970574247
    outer loop
      vertex -72.75958050235552 -15 -26.35508732743956
      vertex -72.37822290711709 -15 -26.255387387525545
      vertex -72.75958050235552 -0.31747557596862325 -26.35508732743956
    endloop
  endfacet
  facet normal 0.32288040477144725 0 0.946439773157609
    outer loop
      vertex -73.93292013245754 -15 -26.312205982055048
      vertex -73.93292013245754 -0.32259526841739145 -26.312205982055048
      vertex -74.30598274532342 -0.324223071478847 -26.18493469563673
    endloop
  endfacet
  facet normal 0.18163685097942858 0 0.9833656768294676
    outer loop
      vertex -73.54530226262025 -15 -26.38380263314785
      vertex -73.54530226262025 -0.3209039556633502 -26.38380263314785
      vertex -73.93292013245754 -0.32259526841739145 -26.312205982055048
    endloop
  endfacet
  facet normal 0.03652202305766373 0 0.9993328483702393
    outer loop
      vertex -73.15139053774432 -15 -26.398198690599646
      vertex -73.15139053774432 -0.3191851806117028 -26.398198690599646
      vertex -73.54530226262025 -0.3209039556633502 -26.38380263314785
    endloop
  endfacet
  facet normal -0.109371208377871 0 0.9940009752399462
    outer loop
      vertex -72.75958050235552 -15 -26.35508732743956
      vertex -72.75958050235552 -0.31747557596862325 -26.35508732743956
      vertex -73.15139053774432 -0.3191851806117028 -26.398198690599646
    endloop
  endfacet
  facet normal -0.25293338239168306 0 0.9674836970574247
    outer loop
      vertex -72.37822290711709 -15 -26.255387387525545
      vertex -72.37822290711709 -0.3158115789889484 -26.255387387525545
      vertex -72.75958050235552 -0.31747557596862325 -26.35508732743956
    endloop
  endfacet
  facet normal 0.32288040477144725 3.688420140922787e-19 0.946439773157609
    outer loop
      vertex -73.93292013245754 -15 -26.312205982055048
      vertex -74.30598274532342 -0.324223071478847 -26.18493469563673
      vertex -74.30598274532342 -15 -26.18493469563673
    endloop
  endfacet
  facet normal -0.391104720490159 0 0.9203461835691582
    outer loop
      vertex -72.37822290711709 -15 -26.255387387525545
      vertex -72.01544572707748 -15 -26.1012238019828
      vertex -72.37822290711709 -0.3158115789889484 -26.255387387525545
    endloop
  endfacet
  facet normal -0.5209403404879206 0 0.8535930890373524
    outer loop
      vertex -72.01544572707748 -15 -26.1012238019828
      vertex -71.67898092799352 -15 -25.895882299986027
      vertex -72.01544572707748 -0.31422865487935137 -26.1012238019828
    endloop
  endfacet
  facet normal -0.6396730215589099 0 0.7686471397785165
    outer loop
      vertex -71.67898092799352 -15 -25.895882299986027
      vertex -71.44360384541692 -15 -25.7
      vertex -71.67898092799352 -0.3127605409190339 -25.895882299986027
    endloop
  endfacet
  facet normal -0.7447721827437742 0 0.6673188112222478
    outer loop
      vertex -71.112959481241 -35 -25.350169028064194
      vertex -71.112959481241 -0.3102907907696013 -25.350169028064194
      vertex -71.37599967290429 -0.3114385274081941 -25.643739379146588
    endloop
  endfacet
  facet normal -0.8339978178898908 0 0.5517677407704265
    outer loop
      vertex -70.89546659801172 -35 -25.02142818908993
      vertex -70.89546659801172 -0.309341793017064 -25.02142818908993
      vertex -71.112959481241 -0.3102907907696013 -25.350169028064194
    endloop
  endfacet
  facet normal -0.9054482374931477 0 0.42445669887581267
    outer loop
      vertex -70.72815650642212 -35 -24.664523402463058
      vertex -70.72815650642212 -0.3086117603900747 -24.664523402463058
      vertex -70.89546659801172 -0.309341793017064 -25.02142818908993
    endloop
  endfacet
  facet normal -0.9576005999084054 0 0.28809909936523936
    outer loop
      vertex -70.614595130599 -35 -24.287061474070203
      vertex -70.614595130599 -0.30811625226663153 -24.287061474070203
      vertex -70.72815650642212 -0.3086117603900747 -24.664523402463058
    endloop
  endfacet
  facet normal -0.9893433680751087 0 0.14560116773501527
    outer loop
      vertex -70.55720283410841 -35 -23.89708734958445
      vertex -70.55720283410841 -0.30786582954210906 -23.89708734958445
      vertex -70.614595130599 -0.30811625226663153 -24.287061474070203
    endloop
  endfacet
  facet normal -0.9893433680751086 0 -0.14560116773501525
    outer loop
      vertex -70.614595130599 -35 -23.112938525929795
      vertex -70.614595130599 -0.30811625226663153 -23.112938525929795
      vertex -70.55720283410841 -0.30786582954210906 -23.50291265041555
    endloop
  endfacet
  facet normal -1 0 0
    outer loop
      vertex -70.55720283410841 -35 -23.50291265041555
      vertex -70.55720283410841 -0.30786582954210906 -23.50291265041555
      vertex -70.55720283410841 -0.30786582954210906 -23.89708734958445
    endloop
  endfacet
  facet normal -0.9576005999084054 0 -0.28809909936523936
    outer loop
      vertex -70.72815650642212 -35 -22.73547659753694
      vertex -70.72815650642212 -0.3086117603900747 -22.73547659753694
      vertex -70.614595130599 -0.30811625226663153 -23.112938525929795
    endloop
  endfacet
  facet normal 0.45724232330463577 0 0.8893421488825204
    outer loop
      vertex -74.30598274532342 -15 -26.18493469563673
      vertex -74.30598274532342 -0.324223071478847 -26.18493469563673
      vertex -74.65653891931741 -0.32575267105157263 -26.004701340400835
    endloop
  endfacet
  facet normal -0.391104720490159 0 0.9203461835691582
    outer loop
      vertex -72.01544572707748 -15 -26.1012238019828
      vertex -72.01544572707748 -0.31422865487935137 -26.1012238019828
      vertex -72.37822290711709 -0.3158115789889484 -26.255387387525545
    endloop
  endfacet
  facet normal -0.5209403404879207 0 0.8535930890373524
    outer loop
      vertex -71.67898092799352 -15 -25.895882299986027
      vertex -71.67898092799352 -0.3127605409190339 -25.895882299986027
      vertex -72.01544572707748 -0.31422865487935137 -26.1012238019828
    endloop
  endfacet
  facet normal -0.6396730215588976 3.355804726824817e-16 0.7686471397785267
    outer loop
      vertex -71.44360384541692 -15 -25.7
      vertex -71.37599967290429 -0.3114385274081941 -25.643739379146588
      vertex -71.67898092799352 -0.3127605409190339 -25.895882299986027
    endloop
  endfacet
  facet normal 0.3228804047714472 0 -0.946439773157609
    outer loop
      vertex -74.30598274532342 -34.6492841010053 -21.215065304363268
      vertex -74.30598274532342 -0.324223071478847 -21.215065304363268
      vertex -73.93292013245754 -0.32259526841739145 -21.08779401794495
    endloop
  endfacet
  facet normal -0.6396730215588976 0 -0.7686471397785268
    outer loop
      vertex -71.67898092799352 -35 -21.50411770001397
      vertex -71.67898092799352 -0.3127605409190339 -21.50411770001397
      vertex -71.37599967290429 -0.3114385274081941 -21.75626062085341
    endloop
  endfacet
  facet normal -0.25293338239168306 0 -0.9674836970574248
    outer loop
      vertex -72.75958050235552 -35 -21.04491267256044
      vertex -72.75958050235552 -0.31747557596862325 -21.04491267256044
      vertex -72.37822290711709 -0.3158115789889484 -21.144612612474454
    endloop
  endfacet
  facet normal -0.391104720490159 0 -0.9203461835691582
    outer loop
      vertex -72.37822290711709 -35 -21.144612612474454
      vertex -72.37822290711709 -0.3158115789889484 -21.144612612474454
      vertex -72.01544572707748 -0.31422865487935137 -21.298776198017197
    endloop
  endfacet
  facet normal -0.5209403404879206 0 -0.8535930890373523
    outer loop
      vertex -72.01544572707748 -35 -21.298776198017197
      vertex -72.01544572707748 -0.31422865487935137 -21.298776198017197
      vertex -71.67898092799352 -0.3127605409190339 -21.50411770001397
    endloop
  endfacet
  facet normal -0.9054482374931478 0 -0.42445669887581267
    outer loop
      vertex -70.89546659801172 -35 -22.378571810910067
      vertex -70.89546659801172 -0.309341793017064 -22.378571810910067
      vertex -70.72815650642212 -0.3086117603900747 -22.73547659753694
    endloop
  endfacet
  facet normal -0.8339978178898909 0 -0.5517677407704265
    outer loop
      vertex -71.112959481241 -35 -22.049830971935805
      vertex -71.112959481241 -0.3102907907696013 -22.049830971935805
      vertex -70.89546659801172 -0.309341793017064 -22.378571810910067
    endloop
  endfacet
  facet normal -0.7447721827437743 0 -0.6673188112222477
    outer loop
      vertex -71.37599967290429 -35 -21.75626062085341
      vertex -71.37599967290429 -0.3114385274081941 -21.75626062085341
      vertex -71.112959481241 -0.3102907907696013 -22.049830971935805
    endloop
  endfacet
  facet normal 0.18163685097942858 0 -0.9833656768294676
    outer loop
      vertex -73.93292013245754 -35 -21.08779401794495
      vertex -73.93292013245754 -0.32259526841739145 -21.08779401794495
      vertex -73.54530226262025 -0.3209039556633502 -21.016197366852147
    endloop
  endfacet
  facet normal 0.03652202305766373 0 -0.9993328483702393
    outer loop
      vertex -73.54530226262025 -35 -21.016197366852147
      vertex -73.54530226262025 -0.3209039556633502 -21.016197366852147
      vertex -73.15139053774432 -0.3191851806117028 -21.001801309400353
    endloop
  endfacet
  facet normal -0.10937120837787101 0 -0.9940009752399463
    outer loop
      vertex -73.15139053774432 -35 -21.001801309400353
      vertex -73.15139053774432 -0.3191851806117028 -21.001801309400353
      vertex -72.75958050235552 -0.31747557596862325 -21.04491267256044
    endloop
  endfacet
  facet normal 0.6819983600624979 0.731353701619171 2.539807181013373e-18
    outer loop
      vertex -51.8909802732871 -53.73468308529725 -10.15
      vertex -49.98405629500671 -55.512918463161355 10.15
      vertex -49.98405629500671 -55.512918463161355 -10.15
    endloop
  endfacet
  facet normal 0.7071067811865476 0.7071067811865476 -2.1207048617162753e-19
    outer loop
      vertex -53.73468308529725 -51.8909802732871 -10.15
      vertex -51.8909802732871 -53.73468308529725 10.15
      vertex -51.8909802732871 -53.73468308529725 -10.15
    endloop
  endfacet
  facet normal 0.8386705679454262 0.5446390350150239 2.1615553554848196e-19
    outer loop
      vertex -63.34919278288502 -39.58496903822041 -10.15
      vertex -61.92910666986162 -41.7717098892648 10.15
      vertex -61.92910666986162 -41.7717098892648 -10.15
    endloop
  endfacet
  facet normal 0.8571673007021123 0.5150380749100539 0
    outer loop
      vertex -63.34919278288502 -39.58496903822041 -10.15
      vertex -64.69209766269756 -37.35 -10.15
      vertex -63.34919278288502 -39.58496903822041 10.15
    endloop
  endfacet
  facet normal 0.8746197071393932 0.4848096202463417 -1.704414886813704e-18
    outer loop
      vertex -65.95618518656185 -35.069525740106045 -10.15
      vertex -64.69209766269756 -37.35 10.15
      vertex -64.69209766269756 -37.35 -10.15
    endloop
  endfacet
  facet normal 0.754709580222773 0.6560590289905059 -3.361840185290909e-18
    outer loop
      vertex -57.22351990098766 -48.01623444358449 -10.15
      vertex -55.512918463161355 -49.98405629500671 10.15
      vertex -55.512918463161355 -49.98405629500671 -10.15
    endloop
  endfacet
  facet normal 0.7986355100472908 0.6018150231520509 -4.048259506958689e-18
    outer loop
      vertex -60.433569479808575 -43.90755834624775 -10.15
      vertex -58.864403294422125 -45.98991220682667 10.15
      vertex -58.864403294422125 -45.98991220682667 -10.15
    endloop
  endfacet
  facet normal 0.7771459614569721 0.629320391049836 0
    outer loop
      vertex -57.22351990098766 -48.01623444358449 -10.15
      vertex -58.864403294422125 -45.98991220682667 -10.15
      vertex -57.22351990098766 -48.01623444358449 10.15
    endloop
  endfacet
  facet normal 0.731353701619171 0.6819983600624979 0
    outer loop
      vertex -53.73468308529725 -51.8909802732871 -10.15
      vertex -55.512918463161355 -49.98405629500671 -10.15
      vertex -53.73468308529725 -51.8909802732871 10.15
    endloop
  endfacet
  facet normal 0.819152044288991 0.5735764363510473 0
    outer loop
      vertex -60.433569479808575 -43.90755834624775 -10.15
      vertex -61.92910666986162 -41.7717098892648 -10.15
      vertex -60.433569479808575 -43.90755834624775 10.15
    endloop
  endfacet
  facet normal 0.39073112848927577 0.9205048534524395 0
    outer loop
      vertex -27.98311252816863 -69.26063393613903 -10.15
      vertex -30.383227237762277 -68.24184568590229 -10.15
      vertex -27.98311252816863 -69.26063393613903 10.15
    endloop
  endfacet
  facet normal 0.3583679495452989 0.9335804264972023 1.3345137388625635e-18
    outer loop
      vertex -27.98311252816863 -69.26063393613903 -10.15
      vertex -25.548904706427454 -70.19503877270736 10.15
      vertex -25.548904706427454 -70.19503877270736 -10.15
    endloop
  endfacet
  facet normal 0.25881904510251974 0.9659258262890685 1.663520923524388e-18
    outer loop
      vertex -20.590110479529837 -71.80624868659243 -10.15
      vertex -18.07156560129518 -72.48109075281694 10.15
      vertex -18.07156560129518 -72.48109075281694 -10.15
    endloop
  endfacet
  facet normal 0.32556815445715204 0.9455185755993184 3.3023495475564834e-18
    outer loop
      vertex -25.548904706427454 -70.19503877270736 -10.15
      vertex -23.08356947980857 -71.04392176724797 10.15
      vertex -23.08356947980857 -71.04392176724797 -10.15
    endloop
  endfacet
  facet normal 0.2923717047227412 0.956304755963034 8.06129510014441e-19
    outer loop
      vertex -23.08356947980857 -71.04392176724797 -10.15
      vertex -20.590110479529837 -71.80624868659243 10.15
      vertex -20.590110479529837 -71.80624868659243 -10.15
    endloop
  endfacet
  facet normal 0.22495105434386464 0.9743700647852352 -1.9046126535758623e-18
    outer loop
      vertex -18.07156560129518 -72.48109075281694 -10.15
      vertex -15.531003304086623 -73.06762577481528 10.15
      vertex -15.531003304086623 -73.06762577481528 -10.15
    endloop
  endfacet
  facet normal 0.1908089953765448 0.9816271834476639 -1.0810683336440135e-18
    outer loop
      vertex -15.531003304086623 -73.06762577481528 -10.15
      vertex -12.971518871719697 -73.56513915001194 10.15
      vertex -12.971518871719697 -73.56513915001194 -10.15
    endloop
  endfacet
  facet normal 0.15643446504023129 0.9876883405951377 -7.942211915914887e-19
    outer loop
      vertex -12.971518871719697 -73.56513915001194 -10.15
      vertex -10.396230641716889 -73.9730247349953 10.15
      vertex -10.396230641716889 -73.9730247349953 -10.15
    endloop
  endfacet
  facet normal 0.1218693434051484 0.9925461516413219 -1.1077108299081669e-17
    outer loop
      vertex -10.396230641716889 -73.9730247349953 -10.15
      vertex -7.808276206093715 -74.29078558401002 10.15
      vertex -7.8082762060937165 -74.29078558401002 -10.15
    endloop
  endfacet
  facet normal 0.08715574274765578 0.9961946980917458 9.543448070840783e-19
    outer loop
      vertex -7.8082762060937165 -74.29078558401002 -10.15
      vertex -5.21080858868616 -74.51803455440887 10.15
      vertex -5.21080858868616 -74.51803455440887 -10.15
    endloop
  endfacet
  facet normal 0.052335956242944286 0.9986295347545738 -9.355272284058746e-19
    outer loop
      vertex -5.21080858868616 -74.51803455440887 -10.15
      vertex -2.606992403676822 -74.65449477832645 10.15
      vertex -2.6069924036768226 -74.65449477832645 -10.15
    endloop
  endfacet
  facet normal 0.017452406437284282 0.9998476951563912 -1.2346015547108039e-20
    outer loop
      vertex -2.6069924036768226 -74.65449477832645 -10.15
      vertex 0 -74.7 10.15
      vertex 0 -74.7 -10.15
    endloop
  endfacet
  facet normal 0.5735764363510473 0.819152044288991 1.816821194808845e-18
    outer loop
      vertex -43.90755834624775 -60.433569479808575 -10.15
      vertex -41.7717098892648 -61.92910666986162 10.15
      vertex -41.7717098892648 -61.92910666986162 -10.15
    endloop
  endfacet
  facet normal 0.5446390350150239 0.8386705679454262 0
    outer loop
      vertex -39.58496903822041 -63.34919278288502 -10.15
      vertex -41.7717098892648 -61.92910666986162 -10.15
      vertex -39.58496903822041 -63.34919278288502 10.15
    endloop
  endfacet
  facet normal 0.5150380749100539 0.8571673007021123 -1.866255007811344e-18
    outer loop
      vertex -39.58496903822041 -63.34919278288502 -10.15
      vertex -37.35 -64.69209766269756 10.15
      vertex -37.35 -64.69209766269756 -10.15
    endloop
  endfacet
  facet normal 0.629320391049836 0.7771459614569721 3.0366440624303074e-18
    outer loop
      vertex -48.01623444358449 -57.22351990098766 -10.15
      vertex -45.98991220682667 -58.864403294422125 10.15
      vertex -45.98991220682667 -58.864403294422125 -10.15
    endloop
  endfacet
  facet normal 0.6560590289905059 0.754709580222773 -3.361840185290909e-18
    outer loop
      vertex -49.98405629500671 -55.512918463161355 -10.15
      vertex -48.01623444358449 -57.22351990098766 10.15
      vertex -48.01623444358449 -57.22351990098766 -10.15
    endloop
  endfacet
  facet normal 0.6018150231520509 0.7986355100472908 0
    outer loop
      vertex -43.90755834624775 -60.433569479808575 -10.15
      vertex -45.98991220682667 -58.864403294422125 -10.15
      vertex -43.90755834624775 -60.433569479808575 10.15
    endloop
  endfacet
  facet normal 0.4848096202463417 0.8746197071393932 -1.704414886813704e-18
    outer loop
      vertex -37.35 -64.69209766269756 -10.15
      vertex -35.069525740106045 -65.95618518656185 10.15
      vertex -35.069525740106045 -65.95618518656185 -10.15
    endloop
  endfacet
  facet normal 0.45399049973954325 0.8910065241883696 3.452409545695412e-18
    outer loop
      vertex -35.069525740106045 -65.95618518656185 -10.15
      vertex -32.74632466514409 -67.13991525854777 10.15
      vertex -32.74632466514409 -67.13991525854777 -10.15
    endloop
  endfacet
  facet normal 0.42261826174070066 0.9063077870366494 1.7991105867398763e-18
    outer loop
      vertex -32.74632466514409 -67.13991525854777 -10.15
      vertex -30.383227237762277 -68.24184568590229 10.15
      vertex -30.383227237762277 -68.24184568590229 -10.15
    endloop
  endfacet
  facet normal 0.7071067811865476 0.7071067811865476 0
    outer loop
      vertex -53.73468308529725 -51.8909802732871 -10.15
      vertex -53.73468308529725 -51.8909802732871 10.15
      vertex -51.8909802732871 -53.73468308529725 10.15
    endloop
  endfacet
  facet normal 0.6819983600624979 0.731353701619171 0
    outer loop
      vertex -51.8909802732871 -53.73468308529725 -10.15
      vertex -51.8909802732871 -53.73468308529725 10.15
      vertex -49.98405629500671 -55.512918463161355 10.15
    endloop
  endfacet
  facet normal 0.8386705679454262 0.5446390350150239 0
    outer loop
      vertex -63.34919278288502 -39.58496903822041 -10.15
      vertex -63.34919278288502 -39.58496903822041 10.15
      vertex -61.92910666986162 -41.7717098892648 10.15
    endloop
  endfacet
  facet normal 0.8571673007021123 0.5150380749100539 0
    outer loop
      vertex -64.69209766269756 -37.35 -10.15
      vertex -64.69209766269756 -37.35 10.15
      vertex -63.34919278288502 -39.58496903822041 10.15
    endloop
  endfacet
  facet normal 0.754709580222773 0.6560590289905059 0
    outer loop
      vertex -57.22351990098766 -48.01623444358449 -10.15
      vertex -57.22351990098766 -48.01623444358449 10.15
      vertex -55.512918463161355 -49.98405629500671 10.15
    endloop
  endfacet
  facet normal 0.7986355100472908 0.6018150231520509 0
    outer loop
      vertex -60.433569479808575 -43.90755834624775 -10.15
      vertex -60.433569479808575 -43.90755834624775 10.15
      vertex -58.864403294422125 -45.98991220682667 10.15
    endloop
  endfacet
  facet normal 0.7771459614569721 0.629320391049836 0
    outer loop
      vertex -58.864403294422125 -45.98991220682667 -10.15
      vertex -58.864403294422125 -45.98991220682667 10.15
      vertex -57.22351990098766 -48.01623444358449 10.15
    endloop
  endfacet
  facet normal 0.731353701619171 0.6819983600624979 0
    outer loop
      vertex -55.512918463161355 -49.98405629500671 -10.15
      vertex -55.512918463161355 -49.98405629500671 10.15
      vertex -53.73468308529725 -51.8909802732871 10.15
    endloop
  endfacet
  facet normal 0.819152044288991 0.5735764363510473 0
    outer loop
      vertex -61.92910666986162 -41.7717098892648 -10.15
      vertex -61.92910666986162 -41.7717098892648 10.15
      vertex -60.433569479808575 -43.90755834624775 10.15
    endloop
  endfacet
  facet normal 0.39073112848927577 0.9205048534524395 0
    outer loop
      vertex -30.383227237762277 -68.24184568590229 -10.15
      vertex -30.383227237762277 -68.24184568590229 10.15
      vertex -27.98311252816863 -69.26063393613903 10.15
    endloop
  endfacet
  facet normal 0.3583679495452989 0.9335804264972023 0
    outer loop
      vertex -27.98311252816863 -69.26063393613903 -10.15
      vertex -27.98311252816863 -69.26063393613903 10.15
      vertex -25.548904706427454 -70.19503877270736 10.15
    endloop
  endfacet
  facet normal 0.32556815445715204 0.9455185755993184 0
    outer loop
      vertex -25.548904706427454 -70.19503877270736 -10.15
      vertex -25.548904706427454 -70.19503877270736 10.15
      vertex -23.08356947980857 -71.04392176724797 10.15
    endloop
  endfacet
  facet normal 0.2923717047227412 0.956304755963034 0
    outer loop
      vertex -23.08356947980857 -71.04392176724797 -10.15
      vertex -23.08356947980857 -71.04392176724797 10.15
      vertex -20.590110479529837 -71.80624868659243 10.15
    endloop
  endfacet
  facet normal 0.25881904510251974 0.9659258262890685 0
    outer loop
      vertex -20.590110479529837 -71.80624868659243 -10.15
      vertex -20.590110479529837 -71.80624868659243 10.15
      vertex -18.07156560129518 -72.48109075281694 10.15
    endloop
  endfacet
  facet normal 0.22495105434386464 0.9743700647852352 0
    outer loop
      vertex -18.07156560129518 -72.48109075281694 -10.15
      vertex -18.07156560129518 -72.48109075281694 10.15
      vertex -15.531003304086623 -73.06762577481528 10.15
    endloop
  endfacet
  facet normal 0.1908089953765448 0.9816271834476639 0
    outer loop
      vertex -15.531003304086623 -73.06762577481528 -10.15
      vertex -15.531003304086623 -73.06762577481528 10.15
      vertex -12.971518871719697 -73.56513915001194 10.15
    endloop
  endfacet
  facet normal 0.15643446504023129 0.9876883405951377 0
    outer loop
      vertex -12.971518871719697 -73.56513915001194 -10.15
      vertex -12.971518871719697 -73.56513915001194 10.15
      vertex -10.396230641716889 -73.9730247349953 10.15
    endloop
  endfacet
  facet normal 0.12186934340514832 0.992546151641322 0
    outer loop
      vertex -10.396230641716889 -73.9730247349953 -10.15
      vertex -10.396230641716889 -73.9730247349953 10.15
      vertex -7.808276206093715 -74.29078558401002 10.15
    endloop
  endfacet
  facet normal 0.08715574274765586 0.9961946980917458 -7.626586193241737e-18
    outer loop
      vertex -7.8082762060937165 -74.29078558401002 -10.15
      vertex -7.808276206093715 -74.29078558401002 10.15
      vertex -5.21080858868616 -74.51803455440887 10.15
    endloop
  endfacet
  facet normal 0.05233595624294428 0.9986295347545738 0
    outer loop
      vertex -5.21080858868616 -74.51803455440887 -10.15
      vertex -5.21080858868616 -74.51803455440887 10.15
      vertex -2.606992403676822 -74.65449477832645 10.15
    endloop
  endfacet
  facet normal 0.017452406437284285 0.9998476951563912 -3.8179435392688296e-19
    outer loop
      vertex -2.6069924036768226 -74.65449477832645 -10.15
      vertex -2.606992403676822 -74.65449477832645 10.15
      vertex 0 -74.7 10.15
    endloop
  endfacet
  facet normal 0.5446390350150239 0.8386705679454262 0
    outer loop
      vertex -41.7717098892648 -61.92910666986162 -10.15
      vertex -41.7717098892648 -61.92910666986162 10.15
      vertex -39.58496903822041 -63.34919278288502 10.15
    endloop
  endfacet
  facet normal 0.5735764363510473 0.819152044288991 0
    outer loop
      vertex -43.90755834624775 -60.433569479808575 -10.15
      vertex -43.90755834624775 -60.433569479808575 10.15
      vertex -41.7717098892648 -61.92910666986162 10.15
    endloop
  endfacet
  facet normal 0.5150380749100539 0.8571673007021123 0
    outer loop
      vertex -39.58496903822041 -63.34919278288502 -10.15
      vertex -39.58496903822041 -63.34919278288502 10.15
      vertex -37.35 -64.69209766269756 10.15
    endloop
  endfacet
  facet normal 0.629320391049836 0.7771459614569721 0
    outer loop
      vertex -48.01623444358449 -57.22351990098766 -10.15
      vertex -48.01623444358449 -57.22351990098766 10.15
      vertex -45.98991220682667 -58.864403294422125 10.15
    endloop
  endfacet
  facet normal 0.6018150231520509 0.7986355100472908 0
    outer loop
      vertex -45.98991220682667 -58.864403294422125 -10.15
      vertex -45.98991220682667 -58.864403294422125 10.15
      vertex -43.90755834624775 -60.433569479808575 10.15
    endloop
  endfacet
  facet normal 0.6560590289905059 0.754709580222773 0
    outer loop
      vertex -49.98405629500671 -55.512918463161355 -10.15
      vertex -49.98405629500671 -55.512918463161355 10.15
      vertex -48.01623444358449 -57.22351990098766 10.15
    endloop
  endfacet
  facet normal 0.45399049973954325 0.8910065241883696 0
    outer loop
      vertex -35.069525740106045 -65.95618518656185 -10.15
      vertex -35.069525740106045 -65.95618518656185 10.15
      vertex -32.74632466514409 -67.13991525854777 10.15
    endloop
  endfacet
  facet normal 0.4848096202463417 0.8746197071393932 0
    outer loop
      vertex -37.35 -64.69209766269756 -10.15
      vertex -37.35 -64.69209766269756 10.15
      vertex -35.069525740106045 -65.95618518656185 10.15
    endloop
  endfacet
  facet normal 0.42261826174070066 0.9063077870366494 0
    outer loop
      vertex -32.74632466514409 -67.13991525854777 -10.15
      vertex -32.74632466514409 -67.13991525854777 10.15
      vertex -30.383227237762277 -68.24184568590229 10.15
    endloop
  endfacet
  facet normal 0.9205048534524395 0.39073112848927577 3.509525594222485e-18
    outer loop
      vertex -69.26063393613903 -27.98311252816863 -10.15
      vertex -68.24184568590229 -30.383227237762277 10.15
      vertex -68.24184568590229 -30.383227237762277 -10.15
    endloop
  endfacet
  facet normal 0.8910065241883696 0.45399049973954325 0
    outer loop
      vertex -65.95618518656185 -35.069525740106045 -10.15
      vertex -67.13991525854777 -32.74632466514409 -10.15
      vertex -65.95618518656185 -35.069525740106045 10.15
    endloop
  endfacet
  facet normal 0.9063077870366494 0.42261826174070066 0
    outer loop
      vertex -67.13991525854777 -32.74632466514409 -10.15
      vertex -68.24184568590229 -30.383227237762277 -10.15
      vertex -67.13991525854777 -32.74632466514409 10.15
    endloop
  endfacet
  facet normal 0.9335804264972023 0.3583679495452989 1.3345137388625635e-18
    outer loop
      vertex -70.19503877270736 -25.548904706427454 -10.15
      vertex -69.26063393613903 -27.98311252816863 10.15
      vertex -69.26063393613903 -27.98311252816863 -10.15
    endloop
  endfacet
  facet normal 0.9455185755993184 0.32556815445715204 0
    outer loop
      vertex -70.19503877270736 -25.548904706427454 -10.15
      vertex -71.04392176724797 -23.08356947980857 -10.15
      vertex -70.19503877270736 -25.548904706427454 10.15
    endloop
  endfacet
  facet normal 0.956304755963034 0.2923717047227412 8.06129510014441e-19
    outer loop
      vertex -71.80624868659243 -20.590110479529837 -10.15
      vertex -71.04392176724797 -23.08356947980857 10.15
      vertex -71.04392176724797 -23.08356947980857 -10.15
    endloop
  endfacet
  facet normal 0.9659258262890685 0.25881904510251974 0
    outer loop
      vertex -71.80624868659243 -20.590110479529837 -10.15
      vertex -72.48109075281694 -18.07156560129518 -10.15
      vertex -71.80624868659243 -20.590110479529837 10.15
    endloop
  endfacet
  facet normal 0.9743700647852352 0.22495105434386464 0
    outer loop
      vertex -72.48109075281694 -18.07156560129518 -10.15
      vertex -73.06762577481528 -15.531003304086623 -10.15
      vertex -72.48109075281694 -18.07156560129518 10.15
    endloop
  endfacet
  facet normal 0.9816271834476639 0.1908089953765448 0
    outer loop
      vertex -73.06762577481528 -15.531003304086623 -10.15
      vertex -73.56513915001194 -12.971518871719697 -10.15
      vertex -73.06762577481528 -15.531003304086623 10.15
    endloop
  endfacet
  facet normal 0.9876883405951377 0.15643446504023129 0
    outer loop
      vertex -73.56513915001194 -12.971518871719697 -10.15
      vertex -73.9730247349953 -10.396230641716889 -10.15
      vertex -73.56513915001194 -12.971518871719697 10.15
    endloop
  endfacet
  facet normal 0.992546151641322 0.12186934340514832 0
    outer loop
      vertex -73.9730247349953 -10.396230641716889 -10.15
      vertex -74.29078558401002 -7.808276206093715 -10.15
      vertex -73.9730247349953 -10.396230641716889 10.15
    endloop
  endfacet
  facet normal 0.9961946980917458 0.08715574274765586 1.9080916626839554e-19
    outer loop
      vertex -74.51803455440887 -5.21080858868616 -10.15
      vertex -74.29078558401002 -7.808276206093715 10.15
      vertex -74.29078558401002 -7.808276206093715 -10.15
    endloop
  endfacet
  facet normal 0.9986295347545738 0.052335956242944286 0
    outer loop
      vertex -74.51803455440887 -5.21080858868616 -10.15
      vertex -74.65449477832645 -2.6069924036768226 -10.15
      vertex -74.51803455440887 -5.21080858868616 10.15
    endloop
  endfacet
  facet normal 0.9998476951563914 0.017452406437281635 -6.197078575235296e-20
    outer loop
      vertex -74.65449477832645 -2.6069924036768226 -10.15
      vertex -74.69431108915064 -0.3259174842801619 -10.15
      vertex -74.69431108915064 -0.3259174842801619 10.15
    endloop
  endfacet
  facet normal 0.9205048534524395 0.39073112848927577 0
    outer loop
      vertex -69.26063393613903 -27.98311252816863 -10.15
      vertex -69.26063393613903 -27.98311252816863 10.15
      vertex -68.24184568590229 -30.383227237762277 10.15
    endloop
  endfacet
  facet normal 0.8746197071393932 0.4848096202463417 0
    outer loop
      vertex -65.95618518656185 -35.069525740106045 -10.15
      vertex -65.95618518656185 -35.069525740106045 10.15
      vertex -64.69209766269756 -37.35 10.15
    endloop
  endfacet
  facet normal 0.8910065241883696 0.45399049973954325 0
    outer loop
      vertex -67.13991525854777 -32.74632466514409 -10.15
      vertex -67.13991525854777 -32.74632466514409 10.15
      vertex -65.95618518656185 -35.069525740106045 10.15
    endloop
  endfacet
  facet normal 0.9063077870366494 0.42261826174070066 0
    outer loop
      vertex -68.24184568590229 -30.383227237762277 -10.15
      vertex -68.24184568590229 -30.383227237762277 10.15
      vertex -67.13991525854777 -32.74632466514409 10.15
    endloop
  endfacet
  facet normal 0.9335804264972023 0.3583679495452989 0
    outer loop
      vertex -70.19503877270736 -25.548904706427454 -10.15
      vertex -70.19503877270736 -25.548904706427454 10.15
      vertex -69.26063393613903 -27.98311252816863 10.15
    endloop
  endfacet
  facet normal 0.956304755963034 0.2923717047227412 0
    outer loop
      vertex -71.80624868659243 -20.590110479529837 -10.15
      vertex -71.80624868659243 -20.590110479529837 10.15
      vertex -71.04392176724797 -23.08356947980857 10.15
    endloop
  endfacet
  facet normal 0.9455185755993184 0.32556815445715204 0
    outer loop
      vertex -71.04392176724797 -23.08356947980857 -10.15
      vertex -71.04392176724797 -23.08356947980857 10.15
      vertex -70.19503877270736 -25.548904706427454 10.15
    endloop
  endfacet
  facet normal 0.9659258262890685 0.25881904510251974 0
    outer loop
      vertex -72.48109075281694 -18.07156560129518 -10.15
      vertex -72.48109075281694 -18.07156560129518 10.15
      vertex -71.80624868659243 -20.590110479529837 10.15
    endloop
  endfacet
  facet normal 0.9743700647852352 0.22495105434386464 0
    outer loop
      vertex -73.06762577481528 -15.531003304086623 -10.15
      vertex -73.06762577481528 -15.531003304086623 10.15
      vertex -72.48109075281694 -18.07156560129518 10.15
    endloop
  endfacet
  facet normal 0.9816271834476639 0.1908089953765448 0
    outer loop
      vertex -73.56513915001194 -12.971518871719697 -10.15
      vertex -73.56513915001194 -12.971518871719697 10.15
      vertex -73.06762577481528 -15.531003304086623 10.15
    endloop
  endfacet
  facet normal 0.9876883405951377 0.15643446504023129 0
    outer loop
      vertex -73.9730247349953 -10.396230641716889 -10.15
      vertex -73.9730247349953 -10.396230641716889 10.15
      vertex -73.56513915001194 -12.971518871719697 10.15
    endloop
  endfacet
  facet normal 0.992546151641322 0.12186934340514832 0
    outer loop
      vertex -74.29078558401002 -7.808276206093715 -10.15
      vertex -74.29078558401002 -7.808276206093715 10.15
      vertex -73.9730247349953 -10.396230641716889 10.15
    endloop
  endfacet
  facet normal 0.9961946980917458 0.08715574274765586 0
    outer loop
      vertex -74.51803455440887 -5.21080858868616 -10.15
      vertex -74.51803455440887 -5.21080858868616 10.15
      vertex -74.29078558401002 -7.808276206093715 10.15
    endloop
  endfacet
  facet normal 0.9986295347545738 0.052335956242944286 0
    outer loop
      vertex -74.65449477832645 -2.6069924036768226 -10.15
      vertex -74.65449477832645 -2.6069924036768226 10.15
      vertex -74.51803455440887 -5.21080858868616 10.15
    endloop
  endfacet
  facet normal 0.9998476951563914 0.017452406437281635 0
    outer loop
      vertex -74.65449477832645 -2.6069924036768226 -10.15
      vertex -74.69431108915064 -0.3259174842801619 10.15
      vertex -74.65449477832645 -2.6069924036768226 10.15
    endloop
  endfacet
  facet normal -0.017452406437284285 0.9998476951563912 2.745373228614024e-19
    outer loop
      vertex 0 -74.7 -10.15
      vertex 2.6069924036768226 -74.65449477832645 10.15
      vertex 2.606992403676822 -74.65449477832645 -10.15
    endloop
  endfacet
  facet normal -0.05233595624294428 0.9986295347545738 -1.1323800085130255e-19
    outer loop
      vertex 2.606992403676822 -74.65449477832645 -10.15
      vertex 5.21080858868616 -74.51803455440887 10.15
      vertex 5.21080858868616 -74.51803455440887 -10.15
    endloop
  endfacet
  facet normal -0.08715574274765586 0.9961946980917458 7.435777026973341e-18
    outer loop
      vertex 5.21080858868616 -74.51803455440887 -10.15
      vertex 7.8082762060937165 -74.29078558401002 10.15
      vertex 7.808276206093715 -74.29078558401002 -10.15
    endloop
  endfacet
  facet normal -0.12186934340514832 0.992546151641322 5.89456006509887e-19
    outer loop
      vertex 7.808276206093715 -74.29078558401002 -10.15
      vertex 10.396230641716889 -73.9730247349953 10.15
      vertex 10.396230641716889 -73.9730247349953 -10.15
    endloop
  endfacet
  facet normal -0.15643446504023129 0.9876883405951377 7.942211915914887e-19
    outer loop
      vertex 10.396230641716889 -73.9730247349953 -10.15
      vertex 12.971518871719697 -73.56513915001194 10.15
      vertex 12.971518871719697 -73.56513915001194 -10.15
    endloop
  endfacet
  facet normal -0.1908089953765448 0.9816271834476639 1.0810683336440135e-18
    outer loop
      vertex 12.971518871719697 -73.56513915001194 -10.15
      vertex 15.531003304086623 -73.06762577481528 10.15
      vertex 15.531003304086623 -73.06762577481528 -10.15
    endloop
  endfacet
  facet normal -0.22495105434386464 0.9743700647852352 1.9046126535758623e-18
    outer loop
      vertex 15.531003304086623 -73.06762577481528 -10.15
      vertex 18.07156560129518 -72.48109075281694 10.15
      vertex 18.07156560129518 -72.48109075281694 -10.15
    endloop
  endfacet
  facet normal -0.25881904510251974 0.9659258262890685 -1.663520923524388e-18
    outer loop
      vertex 18.07156560129518 -72.48109075281694 -10.15
      vertex 20.590110479529837 -71.80624868659243 10.15
      vertex 20.590110479529837 -71.80624868659243 -10.15
    endloop
  endfacet
  facet normal -0.2923717047227412 0.956304755963034 -8.06129510014441e-19
    outer loop
      vertex 20.590110479529837 -71.80624868659243 -10.15
      vertex 23.08356947980857 -71.04392176724797 10.15
      vertex 23.08356947980857 -71.04392176724797 -10.15
    endloop
  endfacet
  facet normal -0.32556815445715204 0.9455185755993184 -3.3023495475564834e-18
    outer loop
      vertex 23.08356947980857 -71.04392176724797 -10.15
      vertex 25.548904706427454 -70.19503877270736 10.15
      vertex 25.548904706427454 -70.19503877270736 -10.15
    endloop
  endfacet
  facet normal -0.3583679495452989 0.9335804264972023 -1.3345137388625635e-18
    outer loop
      vertex 25.548904706427454 -70.19503877270736 -10.15
      vertex 27.98311252816863 -69.26063393613903 10.15
      vertex 27.98311252816863 -69.26063393613903 -10.15
    endloop
  endfacet
  facet normal -0.39073112848927577 0.9205048534524395 -3.509525594222485e-18
    outer loop
      vertex 27.98311252816863 -69.26063393613903 -10.15
      vertex 30.383227237762277 -68.24184568590229 10.15
      vertex 30.383227237762277 -68.24184568590229 -10.15
    endloop
  endfacet
  facet normal -0.42261826174070066 0.9063077870366494 -1.7991105867398763e-18
    outer loop
      vertex 30.383227237762277 -68.24184568590229 -10.15
      vertex 32.74632466514409 -67.13991525854777 10.15
      vertex 32.74632466514409 -67.13991525854777 -10.15
    endloop
  endfacet
  facet normal -0.45399049973954325 0.8910065241883696 -3.452409545695412e-18
    outer loop
      vertex 32.74632466514409 -67.13991525854777 -10.15
      vertex 35.069525740106045 -65.95618518656185 10.15
      vertex 35.069525740106045 -65.95618518656185 -10.15
    endloop
  endfacet
  facet normal -0.4848096202463417 0.8746197071393932 1.704414886813704e-18
    outer loop
      vertex 35.069525740106045 -65.95618518656185 -10.15
      vertex 37.35 -64.69209766269756 10.15
      vertex 37.35 -64.69209766269756 -10.15
    endloop
  endfacet
  facet normal -0.5150380749100539 0.8571673007021123 1.866255007811344e-18
    outer loop
      vertex 37.35 -64.69209766269756 -10.15
      vertex 39.58496903822041 -63.34919278288502 10.15
      vertex 39.58496903822041 -63.34919278288502 -10.15
    endloop
  endfacet
  facet normal -0.5446390350150239 0.8386705679454262 -2.1615553554848196e-19
    outer loop
      vertex 39.58496903822041 -63.34919278288502 -10.15
      vertex 41.7717098892648 -61.92910666986162 10.15
      vertex 41.7717098892648 -61.92910666986162 -10.15
    endloop
  endfacet
  facet normal -0.5735764363510473 0.819152044288991 -1.816821194808845e-18
    outer loop
      vertex 41.7717098892648 -61.92910666986162 -10.15
      vertex 43.90755834624775 -60.433569479808575 10.15
      vertex 43.90755834624775 -60.433569479808575 -10.15
    endloop
  endfacet
  facet normal -0.6018150231520509 0.7986355100472908 4.048259506958689e-18
    outer loop
      vertex 43.90755834624775 -60.433569479808575 -10.15
      vertex 45.98991220682667 -58.864403294422125 10.15
      vertex 45.98991220682667 -58.864403294422125 -10.15
    endloop
  endfacet
  facet normal -0.629320391049836 0.7771459614569721 -3.0366440624303074e-18
    outer loop
      vertex 45.98991220682667 -58.864403294422125 -10.15
      vertex 48.01623444358449 -57.22351990098766 10.15
      vertex 48.01623444358449 -57.22351990098766 -10.15
    endloop
  endfacet
  facet normal -0.6560590289905059 0.754709580222773 3.361840185290909e-18
    outer loop
      vertex 48.01623444358449 -57.22351990098766 -10.15
      vertex 49.98405629500671 -55.512918463161355 10.15
      vertex 49.98405629500671 -55.512918463161355 -10.15
    endloop
  endfacet
  facet normal -0.6819983600624979 0.731353701619171 -2.539807181013373e-18
    outer loop
      vertex 49.98405629500671 -55.512918463161355 -10.15
      vertex 51.8909802732871 -53.73468308529725 10.15
      vertex 51.8909802732871 -53.73468308529725 -10.15
    endloop
  endfacet
  facet normal -0.7071067811865476 0.7071067811865476 2.1207048617162753e-19
    outer loop
      vertex 51.8909802732871 -53.73468308529725 -10.15
      vertex 53.73468308529725 -51.8909802732871 10.15
      vertex 53.73468308529725 -51.8909802732871 -10.15
    endloop
  endfacet
  facet normal -0.731353701619171 0.6819983600624979 -2.539807181013373e-18
    outer loop
      vertex 53.73468308529725 -51.8909802732871 -10.15
      vertex 55.512918463161355 -49.98405629500671 10.15
      vertex 55.512918463161355 -49.98405629500671 -10.15
    endloop
  endfacet
  facet normal -0.754709580222773 0.6560590289905059 3.361840185290909e-18
    outer loop
      vertex 55.512918463161355 -49.98405629500671 -10.15
      vertex 57.22351990098766 -48.01623444358449 10.15
      vertex 57.22351990098766 -48.01623444358449 -10.15
    endloop
  endfacet
  facet normal -0.7771459614569721 0.629320391049836 -3.0366440624303074e-18
    outer loop
      vertex 57.22351990098766 -48.01623444358449 -10.15
      vertex 58.864403294422125 -45.98991220682667 10.15
      vertex 58.864403294422125 -45.98991220682667 -10.15
    endloop
  endfacet
  facet normal -0.7986355100472908 0.6018150231520509 4.048259506958689e-18
    outer loop
      vertex 58.864403294422125 -45.98991220682667 -10.15
      vertex 60.433569479808575 -43.90755834624775 10.15
      vertex 60.433569479808575 -43.90755834624775 -10.15
    endloop
  endfacet
  facet normal -0.819152044288991 0.5735764363510473 -1.816821194808845e-18
    outer loop
      vertex 60.433569479808575 -43.90755834624775 -10.15
      vertex 61.92910666986162 -41.7717098892648 10.15
      vertex 61.92910666986162 -41.7717098892648 -10.15
    endloop
  endfacet
  facet normal -0.8386705679454262 0.5446390350150239 -2.1615553554848196e-19
    outer loop
      vertex 61.92910666986162 -41.7717098892648 -10.15
      vertex 63.34919278288502 -39.58496903822041 10.15
      vertex 63.34919278288502 -39.58496903822041 -10.15
    endloop
  endfacet
  facet normal -0.8571673007021123 0.5150380749100539 1.866255007811344e-18
    outer loop
      vertex 63.34919278288502 -39.58496903822041 -10.15
      vertex 64.69209766269756 -37.35 10.15
      vertex 64.69209766269756 -37.35 -10.15
    endloop
  endfacet
  facet normal -0.017452406437284282 0.9998476951563912 0
    outer loop
      vertex 0 -74.7 -10.15
      vertex 0 -74.7 10.15
      vertex 2.6069924036768226 -74.65449477832645 10.15
    endloop
  endfacet
  facet normal -0.052335956242944286 0.9986295347545738 1.1449179041712602e-18
    outer loop
      vertex 2.606992403676822 -74.65449477832645 -10.15
      vertex 2.6069924036768226 -74.65449477832645 10.15
      vertex 5.21080858868616 -74.51803455440887 10.15
    endloop
  endfacet
  facet normal -0.08715574274765578 0.9961946980917458 0
    outer loop
      vertex 5.21080858868616 -74.51803455440887 -10.15
      vertex 5.21080858868616 -74.51803455440887 10.15
      vertex 7.8082762060937165 -74.29078558401002 10.15
    endloop
  endfacet
  facet normal -0.1218693434051484 0.9925461516413219 1.0664208949308038e-17
    outer loop
      vertex 7.808276206093715 -74.29078558401002 -10.15
      vertex 7.8082762060937165 -74.29078558401002 10.15
      vertex 10.396230641716889 -73.9730247349953 10.15
    endloop
  endfacet
  facet normal -0.15643446504023129 0.9876883405951377 0
    outer loop
      vertex 10.396230641716889 -73.9730247349953 -10.15
      vertex 10.396230641716889 -73.9730247349953 10.15
      vertex 12.971518871719697 -73.56513915001194 10.15
    endloop
  endfacet
  facet normal -0.1908089953765448 0.9816271834476639 0
    outer loop
      vertex 12.971518871719697 -73.56513915001194 -10.15
      vertex 12.971518871719697 -73.56513915001194 10.15
      vertex 15.531003304086623 -73.06762577481528 10.15
    endloop
  endfacet
  facet normal -0.22495105434386464 0.9743700647852352 0
    outer loop
      vertex 15.531003304086623 -73.06762577481528 -10.15
      vertex 15.531003304086623 -73.06762577481528 10.15
      vertex 18.07156560129518 -72.48109075281694 10.15
    endloop
  endfacet
  facet normal -0.25881904510251974 0.9659258262890685 0
    outer loop
      vertex 18.07156560129518 -72.48109075281694 -10.15
      vertex 18.07156560129518 -72.48109075281694 10.15
      vertex 20.590110479529837 -71.80624868659243 10.15
    endloop
  endfacet
  facet normal -0.2923717047227412 0.956304755963034 0
    outer loop
      vertex 20.590110479529837 -71.80624868659243 -10.15
      vertex 20.590110479529837 -71.80624868659243 10.15
      vertex 23.08356947980857 -71.04392176724797 10.15
    endloop
  endfacet
  facet normal -0.32556815445715204 0.9455185755993184 0
    outer loop
      vertex 23.08356947980857 -71.04392176724797 -10.15
      vertex 23.08356947980857 -71.04392176724797 10.15
      vertex 25.548904706427454 -70.19503877270736 10.15
    endloop
  endfacet
  facet normal -0.3583679495452989 0.9335804264972023 0
    outer loop
      vertex 25.548904706427454 -70.19503877270736 -10.15
      vertex 25.548904706427454 -70.19503877270736 10.15
      vertex 27.98311252816863 -69.26063393613903 10.15
    endloop
  endfacet
  facet normal -0.39073112848927577 0.9205048534524395 0
    outer loop
      vertex 27.98311252816863 -69.26063393613903 -10.15
      vertex 27.98311252816863 -69.26063393613903 10.15
      vertex 30.383227237762277 -68.24184568590229 10.15
    endloop
  endfacet
  facet normal -0.42261826174070066 0.9063077870366494 0
    outer loop
      vertex 30.383227237762277 -68.24184568590229 -10.15
      vertex 30.383227237762277 -68.24184568590229 10.15
      vertex 32.74632466514409 -67.13991525854777 10.15
    endloop
  endfacet
  facet normal -0.45399049973954325 0.8910065241883696 0
    outer loop
      vertex 32.74632466514409 -67.13991525854777 -10.15
      vertex 32.74632466514409 -67.13991525854777 10.15
      vertex 35.069525740106045 -65.95618518656185 10.15
    endloop
  endfacet
  facet normal -0.4848096202463417 0.8746197071393932 0
    outer loop
      vertex 35.069525740106045 -65.95618518656185 -10.15
      vertex 35.069525740106045 -65.95618518656185 10.15
      vertex 37.35 -64.69209766269756 10.15
    endloop
  endfacet
  facet normal -0.5150380749100539 0.8571673007021123 0
    outer loop
      vertex 37.35 -64.69209766269756 -10.15
      vertex 37.35 -64.69209766269756 10.15
      vertex 39.58496903822041 -63.34919278288502 10.15
    endloop
  endfacet
  facet normal -0.5446390350150239 0.8386705679454262 0
    outer loop
      vertex 39.58496903822041 -63.34919278288502 -10.15
      vertex 39.58496903822041 -63.34919278288502 10.15
      vertex 41.7717098892648 -61.92910666986162 10.15
    endloop
  endfacet
  facet normal -0.5735764363510473 0.819152044288991 0
    outer loop
      vertex 41.7717098892648 -61.92910666986162 -10.15
      vertex 41.7717098892648 -61.92910666986162 10.15
      vertex 43.90755834624775 -60.433569479808575 10.15
    endloop
  endfacet
  facet normal -0.6018150231520509 0.7986355100472908 0
    outer loop
      vertex 43.90755834624775 -60.433569479808575 -10.15
      vertex 43.90755834624775 -60.433569479808575 10.15
      vertex 45.98991220682667 -58.864403294422125 10.15
    endloop
  endfacet
  facet normal -0.629320391049836 0.7771459614569721 0
    outer loop
      vertex 45.98991220682667 -58.864403294422125 -10.15
      vertex 45.98991220682667 -58.864403294422125 10.15
      vertex 48.01623444358449 -57.22351990098766 10.15
    endloop
  endfacet
  facet normal -0.6560590289905059 0.754709580222773 0
    outer loop
      vertex 48.01623444358449 -57.22351990098766 -10.15
      vertex 48.01623444358449 -57.22351990098766 10.15
      vertex 49.98405629500671 -55.512918463161355 10.15
    endloop
  endfacet
  facet normal -0.6819983600624979 0.731353701619171 0
    outer loop
      vertex 49.98405629500671 -55.512918463161355 -10.15
      vertex 49.98405629500671 -55.512918463161355 10.15
      vertex 51.8909802732871 -53.73468308529725 10.15
    endloop
  endfacet
  facet normal -0.7071067811865476 0.7071067811865476 0
    outer loop
      vertex 51.8909802732871 -53.73468308529725 -10.15
      vertex 51.8909802732871 -53.73468308529725 10.15
      vertex 53.73468308529725 -51.8909802732871 10.15
    endloop
  endfacet
  facet normal -0.731353701619171 0.6819983600624979 0
    outer loop
      vertex 53.73468308529725 -51.8909802732871 -10.15
      vertex 53.73468308529725 -51.8909802732871 10.15
      vertex 55.512918463161355 -49.98405629500671 10.15
    endloop
  endfacet
  facet normal -0.754709580222773 0.6560590289905059 0
    outer loop
      vertex 55.512918463161355 -49.98405629500671 -10.15
      vertex 55.512918463161355 -49.98405629500671 10.15
      vertex 57.22351990098766 -48.01623444358449 10.15
    endloop
  endfacet
  facet normal -0.7771459614569721 0.629320391049836 0
    outer loop
      vertex 57.22351990098766 -48.01623444358449 -10.15
      vertex 57.22351990098766 -48.01623444358449 10.15
      vertex 58.864403294422125 -45.98991220682667 10.15
    endloop
  endfacet
  facet normal -0.7986355100472908 0.6018150231520509 0
    outer loop
      vertex 58.864403294422125 -45.98991220682667 -10.15
      vertex 58.864403294422125 -45.98991220682667 10.15
      vertex 60.433569479808575 -43.90755834624775 10.15
    endloop
  endfacet
  facet normal -0.819152044288991 0.5735764363510473 0
    outer loop
      vertex 60.433569479808575 -43.90755834624775 -10.15
      vertex 60.433569479808575 -43.90755834624775 10.15
      vertex 61.92910666986162 -41.7717098892648 10.15
    endloop
  endfacet
  facet normal -0.8386705679454262 0.5446390350150239 0
    outer loop
      vertex 61.92910666986162 -41.7717098892648 -10.15
      vertex 61.92910666986162 -41.7717098892648 10.15
      vertex 63.34919278288502 -39.58496903822041 10.15
    endloop
  endfacet
  facet normal -0.8571673007021123 0.5150380749100539 0
    outer loop
      vertex 63.34919278288502 -39.58496903822041 -10.15
      vertex 63.34919278288502 -39.58496903822041 10.15
      vertex 64.69209766269756 -37.35 10.15
    endloop
  endfacet
  facet normal -0.8746197071393932 0.4848096202463417 0
    outer loop
      vertex 64.69209766269756 -37.35 -10.15
      vertex 64.69209766269756 -37.35 10.15
      vertex 65.95618518656185 -35.069525740106045 10.15
    endloop
  endfacet
  facet normal -0.8746197071393932 0.4848096202463417 1.704414886813704e-18
    outer loop
      vertex 64.69209766269756 -37.35 -10.15
      vertex 65.95618518656185 -35.069525740106045 10.15
      vertex 65.95618518656185 -35.069525740106045 -10.15
    endloop
  endfacet
  facet normal -0.8910065241883696 0.45399049973954325 -3.452409545695412e-18
    outer loop
      vertex 65.95618518656185 -35.069525740106045 -10.15
      vertex 67.13991525854777 -32.74632466514409 10.15
      vertex 67.13991525854777 -32.74632466514409 -10.15
    endloop
  endfacet
  facet normal -0.9063077870366494 0.42261826174070066 -1.7991105867398763e-18
    outer loop
      vertex 67.13991525854777 -32.74632466514409 -10.15
      vertex 68.24184568590229 -30.383227237762277 10.15
      vertex 68.24184568590229 -30.383227237762277 -10.15
    endloop
  endfacet
  facet normal -0.9205048534524395 0.39073112848927577 -3.509525594222485e-18
    outer loop
      vertex 68.24184568590229 -30.383227237762277 -10.15
      vertex 69.26063393613903 -27.98311252816863 10.15
      vertex 69.26063393613903 -27.98311252816863 -10.15
    endloop
  endfacet
  facet normal -0.9335804264972023 0.3583679495452989 -1.3345137388625635e-18
    outer loop
      vertex 69.26063393613903 -27.98311252816863 -10.15
      vertex 70.19503877270736 -25.548904706427454 10.15
      vertex 70.19503877270736 -25.548904706427454 -10.15
    endloop
  endfacet
  facet normal -0.9455185755993184 0.32556815445715204 -3.3023495475564834e-18
    outer loop
      vertex 70.19503877270736 -25.548904706427454 -10.15
      vertex 71.04392176724797 -23.08356947980857 10.15
      vertex 71.04392176724797 -23.08356947980857 -10.15
    endloop
  endfacet
  facet normal -0.956304755963034 0.2923717047227412 -8.06129510014441e-19
    outer loop
      vertex 71.04392176724797 -23.08356947980857 -10.15
      vertex 71.80624868659243 -20.590110479529837 10.15
      vertex 71.80624868659243 -20.590110479529837 -10.15
    endloop
  endfacet
  facet normal -0.9659258262890685 0.25881904510251974 -1.663520923524388e-18
    outer loop
      vertex 71.80624868659243 -20.590110479529837 -10.15
      vertex 72.48109075281694 -18.07156560129518 10.15
      vertex 72.48109075281694 -18.07156560129518 -10.15
    endloop
  endfacet
  facet normal -0.9743700647852352 0.22495105434386464 1.9046126535758623e-18
    outer loop
      vertex 72.48109075281694 -18.07156560129518 -10.15
      vertex 73.06762577481528 -15.531003304086623 10.15
      vertex 73.06762577481528 -15.531003304086623 -10.15
    endloop
  endfacet
  facet normal -0.9816271834476639 0.1908089953765448 1.0810683336440135e-18
    outer loop
      vertex 73.06762577481528 -15.531003304086623 -10.15
      vertex 73.56513915001194 -12.971518871719697 10.15
      vertex 73.56513915001194 -12.971518871719697 -10.15
    endloop
  endfacet
  facet normal -0.9876883405951377 0.15643446504023129 7.942211915914887e-19
    outer loop
      vertex 73.56513915001194 -12.971518871719697 -10.15
      vertex 73.9730247349953 -10.396230641716889 10.15
      vertex 73.9730247349953 -10.396230641716889 -10.15
    endloop
  endfacet
  facet normal -0.992546151641322 0.12186934340514832 5.89456006509887e-19
    outer loop
      vertex 73.9730247349953 -10.396230641716889 -10.15
      vertex 74.29078558401002 -7.808276206093715 10.15
      vertex 74.29078558401002 -7.808276206093715 -10.15
    endloop
  endfacet
  facet normal -0.9961946980917458 0.08715574274765586 -1.9080916626839554e-19
    outer loop
      vertex 74.29078558401002 -7.808276206093715 -10.15
      vertex 74.51803455440887 -5.21080858868616 10.15
      vertex 74.51803455440887 -5.21080858868616 -10.15
    endloop
  endfacet
  facet normal -0.992546151641322 -0.12186934340514832 -5.89456006509887e-19
    outer loop
      vertex 74.29078558401002 7.808276206093715 -10.15
      vertex 73.9730247349953 10.396230641716889 10.15
      vertex 73.9730247349953 10.396230641716889 -10.15
    endloop
  endfacet
  facet normal -0.9876883405951377 -0.15643446504023129 -7.942211915914887e-19
    outer loop
      vertex 73.9730247349953 10.396230641716889 -10.15
      vertex 73.56513915001194 12.971518871719697 10.15
      vertex 73.56513915001194 12.971518871719697 -10.15
    endloop
  endfacet
  facet normal -0.9816271834476639 -0.1908089953765448 -1.0810683336440135e-18
    outer loop
      vertex 73.56513915001194 12.971518871719697 -10.15
      vertex 73.06762577481528 15.531003304086623 10.15
      vertex 73.06762577481528 15.531003304086623 -10.15
    endloop
  endfacet
  facet normal -0.9743700647852352 -0.22495105434386464 -1.9046126535758623e-18
    outer loop
      vertex 73.06762577481528 15.531003304086623 -10.15
      vertex 72.48109075281694 18.07156560129518 10.15
      vertex 72.48109075281694 18.07156560129518 -10.15
    endloop
  endfacet
  facet normal -0.9659258262890685 -0.25881904510251974 1.663520923524388e-18
    outer loop
      vertex 72.48109075281694 18.07156560129518 -10.15
      vertex 71.80624868659243 20.590110479529837 10.15
      vertex 71.80624868659243 20.590110479529837 -10.15
    endloop
  endfacet
  facet normal -0.9563047559630433 -0.292371704722711 0
    outer loop
      vertex 71.80624868659243 20.590110479529837 -10.15
      vertex 71.80624868659243 20.590110479529837 10.15
      vertex 71.762927302911 20.731808340780614 -10.15
    endloop
  endfacet
  facet normal -0.9986295347545738 0.052335956242944286 -2.093906757653855e-19
    outer loop
      vertex 74.51803455440887 -5.21080858868616 -10.15
      vertex 74.65449477832645 -2.6069924036768226 10.15
      vertex 74.65449477832645 -2.6069924036768226 -10.15
    endloop
  endfacet
  facet normal -0.9998476951563912 0.017452406437284282 1.2346015547108039e-20
    outer loop
      vertex 74.65449477832645 -2.6069924036768226 -10.15
      vertex 74.7 0 10.15
      vertex 74.7 0 -10.15
    endloop
  endfacet
  facet normal -0.9998476951563912 -0.017452406437284282 -1.2346015547108039e-20
    outer loop
      vertex 74.7 0 -10.15
      vertex 74.65449477832645 2.6069924036768226 10.15
      vertex 74.65449477832645 2.6069924036768226 -10.15
    endloop
  endfacet
  facet normal -0.9986295347545738 -0.052335956242944286 2.093906757653855e-19
    outer loop
      vertex 74.65449477832645 2.6069924036768226 -10.15
      vertex 74.51803455440887 5.21080858868616 10.15
      vertex 74.51803455440887 5.21080858868616 -10.15
    endloop
  endfacet
  facet normal -0.9961946980917458 -0.08715574274765586 0
    outer loop
      vertex 74.29078558401002 7.808276206093715 -10.15
      vertex 74.51803455440887 5.21080858868616 -10.15
      vertex 74.29078558401002 7.808276206093715 10.15
    endloop
  endfacet
  facet normal -0.8910065241883696 0.45399049973954325 0
    outer loop
      vertex 65.95618518656185 -35.069525740106045 -10.15
      vertex 65.95618518656185 -35.069525740106045 10.15
      vertex 67.13991525854777 -32.74632466514409 10.15
    endloop
  endfacet
  facet normal -0.9063077870366494 0.42261826174070066 0
    outer loop
      vertex 67.13991525854777 -32.74632466514409 -10.15
      vertex 67.13991525854777 -32.74632466514409 10.15
      vertex 68.24184568590229 -30.383227237762277 10.15
    endloop
  endfacet
  facet normal -0.9205048534524395 0.39073112848927577 0
    outer loop
      vertex 68.24184568590229 -30.383227237762277 -10.15
      vertex 68.24184568590229 -30.383227237762277 10.15
      vertex 69.26063393613903 -27.98311252816863 10.15
    endloop
  endfacet
  facet normal -0.9335804264972023 0.3583679495452989 0
    outer loop
      vertex 69.26063393613903 -27.98311252816863 -10.15
      vertex 69.26063393613903 -27.98311252816863 10.15
      vertex 70.19503877270736 -25.548904706427454 10.15
    endloop
  endfacet
  facet normal -0.9455185755993184 0.32556815445715204 0
    outer loop
      vertex 70.19503877270736 -25.548904706427454 -10.15
      vertex 70.19503877270736 -25.548904706427454 10.15
      vertex 71.04392176724797 -23.08356947980857 10.15
    endloop
  endfacet
  facet normal -0.956304755963034 0.2923717047227412 0
    outer loop
      vertex 71.04392176724797 -23.08356947980857 -10.15
      vertex 71.04392176724797 -23.08356947980857 10.15
      vertex 71.80624868659243 -20.590110479529837 10.15
    endloop
  endfacet
  facet normal -0.9659258262890685 0.25881904510251974 0
    outer loop
      vertex 71.80624868659243 -20.590110479529837 -10.15
      vertex 71.80624868659243 -20.590110479529837 10.15
      vertex 72.48109075281694 -18.07156560129518 10.15
    endloop
  endfacet
  facet normal -0.9743700647852352 0.22495105434386464 0
    outer loop
      vertex 72.48109075281694 -18.07156560129518 -10.15
      vertex 72.48109075281694 -18.07156560129518 10.15
      vertex 73.06762577481528 -15.531003304086623 10.15
    endloop
  endfacet
  facet normal -0.9816271834476639 0.1908089953765448 0
    outer loop
      vertex 73.06762577481528 -15.531003304086623 -10.15
      vertex 73.06762577481528 -15.531003304086623 10.15
      vertex 73.56513915001194 -12.971518871719697 10.15
    endloop
  endfacet
  facet normal -0.9876883405951377 0.15643446504023129 0
    outer loop
      vertex 73.56513915001194 -12.971518871719697 -10.15
      vertex 73.56513915001194 -12.971518871719697 10.15
      vertex 73.9730247349953 -10.396230641716889 10.15
    endloop
  endfacet
  facet normal -0.992546151641322 0.12186934340514832 0
    outer loop
      vertex 73.9730247349953 -10.396230641716889 -10.15
      vertex 73.9730247349953 -10.396230641716889 10.15
      vertex 74.29078558401002 -7.808276206093715 10.15
    endloop
  endfacet
  facet normal -0.9961946980917458 0.08715574274765586 0
    outer loop
      vertex 74.29078558401002 -7.808276206093715 -10.15
      vertex 74.29078558401002 -7.808276206093715 10.15
      vertex 74.51803455440887 -5.21080858868616 10.15
    endloop
  endfacet
  facet normal -0.992546151641322 -0.12186934340514832 0
    outer loop
      vertex 74.29078558401002 7.808276206093715 -10.15
      vertex 74.29078558401002 7.808276206093715 10.15
      vertex 73.9730247349953 10.396230641716889 10.15
    endloop
  endfacet
  facet normal -0.9876883405951377 -0.15643446504023129 0
    outer loop
      vertex 73.9730247349953 10.396230641716889 -10.15
      vertex 73.9730247349953 10.396230641716889 10.15
      vertex 73.56513915001194 12.971518871719697 10.15
    endloop
  endfacet
  facet normal -0.9816271834476639 -0.1908089953765448 0
    outer loop
      vertex 73.56513915001194 12.971518871719697 -10.15
      vertex 73.56513915001194 12.971518871719697 10.15
      vertex 73.06762577481528 15.531003304086623 10.15
    endloop
  endfacet
  facet normal -0.9743700647852352 -0.22495105434386464 0
    outer loop
      vertex 73.06762577481528 15.531003304086623 -10.15
      vertex 73.06762577481528 15.531003304086623 10.15
      vertex 72.48109075281694 18.07156560129518 10.15
    endloop
  endfacet
  facet normal -0.9659258262890685 -0.25881904510251974 0
    outer loop
      vertex 72.48109075281694 18.07156560129518 -10.15
      vertex 72.48109075281694 18.07156560129518 10.15
      vertex 71.80624868659243 20.590110479529837 10.15
    endloop
  endfacet
  facet normal -0.9563047559630433 -0.292371704722711 1.493735552034761e-20
    outer loop
      vertex 71.80624868659243 20.590110479529837 10.15
      vertex 71.762927302911 20.731808340780614 10.15
      vertex 71.762927302911 20.731808340780614 -10.15
    endloop
  endfacet
  facet normal -0.9986295347545738 0.052335956242944286 0
    outer loop
      vertex 74.51803455440887 -5.21080858868616 -10.15
      vertex 74.51803455440887 -5.21080858868616 10.15
      vertex 74.65449477832645 -2.6069924036768226 10.15
    endloop
  endfacet
  facet normal -0.9998476951563912 0.017452406437284282 0
    outer loop
      vertex 74.65449477832645 -2.6069924036768226 -10.15
      vertex 74.65449477832645 -2.6069924036768226 10.15
      vertex 74.7 0 10.15
    endloop
  endfacet
  facet normal -0.9998476951563912 -0.017452406437284282 0
    outer loop
      vertex 74.7 0 -10.15
      vertex 74.7 0 10.15
      vertex 74.65449477832645 2.6069924036768226 10.15
    endloop
  endfacet
  facet normal -0.9986295347545738 -0.052335956242944286 0
    outer loop
      vertex 74.65449477832645 2.6069924036768226 -10.15
      vertex 74.65449477832645 2.6069924036768226 10.15
      vertex 74.51803455440887 5.21080858868616 10.15
    endloop
  endfacet
  facet normal -0.9961946980917458 -0.08715574274765586 0
    outer loop
      vertex 74.51803455440887 5.21080858868616 -10.15
      vertex 74.51803455440887 5.21080858868616 10.15
      vertex 74.29078558401002 7.808276206093715 10.15
    endloop
  endfacet
  facet normal 0.8191520442889914 0.5735764363510467 1.2208369406170436e-17
    outer loop
      vertex -52.18159613718411 -37.91214877286452 -25.7
      vertex -53.47292342980019 -36.067942273863174 -25.7
      vertex -53.47292342980019 -36.067942273863174 -17.75
    endloop
  endfacet
  facet normal 0.7986355100472919 0.6018150231520494 0
    outer loop
      vertex -52.18159613718411 -37.91214877286452 -25.7
      vertex -52.18159613718411 -37.91214877286452 -17.75
      vertex -50.826693607633565 -39.71016515850496 -25.7
    endloop
  endfacet
  facet normal 0.7771459614569693 0.6293203910498393 0
    outer loop
      vertex -50.826693607633565 -39.71016515850496 -25.7
      vertex -50.826693607633565 -39.71016515850496 -17.75
      vertex -49.40986658117408 -41.45980082478178 -25.7
    endloop
  endfacet
  facet normal 0.7771459614569693 0.6293203910498393 -8.205544103667988e-18
    outer loop
      vertex -50.826693607633565 -39.71016515850496 -17.75
      vertex -49.40986658117408 -41.45980082478178 -17.75
      vertex -49.40986658117408 -41.45980082478178 -25.7
    endloop
  endfacet
  facet normal 0.7986355100472919 0.6018150231520494 0
    outer loop
      vertex -50.826693607633565 -39.71016515850496 -25.7
      vertex -52.18159613718411 -37.91214877286452 -17.75
      vertex -50.826693607633565 -39.71016515850496 -17.75
    endloop
  endfacet
  facet normal 0.8191520442889914 0.5735764363510467 0
    outer loop
      vertex -52.18159613718411 -37.91214877286452 -25.7
      vertex -53.47292342980019 -36.067942273863174 -17.75
      vertex -52.18159613718411 -37.91214877286452 -17.75
    endloop
  endfacet
  facet normal 0.5735764363510467 0.8191520442889914 0
    outer loop
      vertex -37.91214877286452 -52.18159613718411 -25.7
      vertex -37.91214877286452 -52.18159613718411 -17.75
      vertex -36.067942273863174 -53.47292342980019 -25.7
    endloop
  endfacet
  facet normal 0.5446390350150256 0.8386705679454249 0
    outer loop
      vertex -36.067942273863174 -53.47292342980019 -25.7
      vertex -36.067942273863174 -53.47292342980019 -17.75
      vertex -34.179792543041714 -54.69910220208948 -25.7
    endloop
  endfacet
  facet normal 0.5150380749100528 0.8571673007021133 0
    outer loop
      vertex -34.179792543041714 -54.69910220208948 -25.7
      vertex -34.179792543041714 -54.69910220208948 -17.75
      vertex -32.25 -55.85863854409629 -25.7
    endloop
  endfacet
  facet normal 0.4848096202463402 0.8746197071393941 0
    outer loop
      vertex -32.25 -55.85863854409629 -25.7
      vertex -32.25 -55.85863854409629 -17.75
      vertex -30.280915799689957 -56.95011973940079 -25.7
    endloop
  endfacet
  facet normal 0.45399049973954836 0.891006524188367 0
    outer loop
      vertex -30.280915799689957 -56.95011973940079 -25.7
      vertex -30.280915799689957 -56.95011973940079 -17.75
      vertex -28.274938967895498 -57.97221598629628 -25.7
    endloop
  endfacet
  facet normal 0.4226182617406957 0.9063077870366518 0
    outer loop
      vertex -28.274938967895498 -57.97221598629628 -25.7
      vertex -28.274938967895498 -57.97221598629628 -17.75
      vertex -26.234513478389115 -58.923682017947755 -25.7
    endloop
  endfacet
  facet normal 0.3907311284892759 0.9205048534524395 0
    outer loop
      vertex -26.234513478389115 -58.923682017947755 -25.7
      vertex -26.234513478389115 -58.923682017947755 -17.75
      vertex -24.162125275326325 -59.80335861955779 -25.7
    endloop
  endfacet
  facet normal 0.5735764363510467 0.8191520442889914 0
    outer loop
      vertex -36.067942273863174 -53.47292342980019 -25.7
      vertex -37.91214877286452 -52.18159613718411 -17.75
      vertex -36.067942273863174 -53.47292342980019 -17.75
    endloop
  endfacet
  facet normal 0.5446390350150256 0.8386705679454249 0
    outer loop
      vertex -34.179792543041714 -54.69910220208948 -25.7
      vertex -36.067942273863174 -53.47292342980019 -17.75
      vertex -34.179792543041714 -54.69910220208948 -17.75
    endloop
  endfacet
  facet normal 0.5150380749100528 0.8571673007021133 0
    outer loop
      vertex -32.25 -55.85863854409629 -25.7
      vertex -34.179792543041714 -54.69910220208948 -17.75
      vertex -32.25 -55.85863854409629 -17.75
    endloop
  endfacet
  facet normal 0.4848096202463402 0.8746197071393941 0
    outer loop
      vertex -30.280915799689957 -56.95011973940079 -25.7
      vertex -32.25 -55.85863854409629 -17.75
      vertex -30.280915799689957 -56.95011973940079 -17.75
    endloop
  endfacet
  facet normal 0.45399049973954836 0.891006524188367 0
    outer loop
      vertex -28.274938967895498 -57.97221598629628 -25.7
      vertex -30.280915799689957 -56.95011973940079 -17.75
      vertex -28.274938967895498 -57.97221598629628 -17.75
    endloop
  endfacet
  facet normal 0.4226182617406957 0.9063077870366518 0
    outer loop
      vertex -26.234513478389115 -58.923682017947755 -25.7
      vertex -28.274938967895498 -57.97221598629628 -17.75
      vertex -26.234513478389115 -58.923682017947755 -17.75
    endloop
  endfacet
  facet normal 0.6819983600625009 0.7313537016191681 0
    outer loop
      vertex -44.80546489460532 -46.397417121843 -25.7
      vertex -44.80546489460532 -46.397417121843 -17.75
      vertex -43.15892411014636 -47.93284124329193 -25.7
    endloop
  endfacet
  facet normal 0.7071067811865475 0.7071067811865475 0
    outer loop
      vertex -46.397417121843 -44.80546489460532 -25.7
      vertex -46.397417121843 -44.80546489460532 -17.75
      vertex -44.80546489460532 -46.397417121843 -25.7
    endloop
  endfacet
  facet normal 0.656059028990503 0.7547095802227759 0
    outer loop
      vertex -43.15892411014636 -47.93284124329193 -25.7
      vertex -43.15892411014636 -47.93284124329193 -17.75
      vertex -41.45980082478178 -49.40986658117408 -25.7
    endloop
  endfacet
  facet normal 0.6293203910498393 0.7771459614569693 -8.205544103667988e-18
    outer loop
      vertex -39.71016515850496 -50.826693607633565 -25.7
      vertex -41.45980082478178 -49.40986658117408 -25.7
      vertex -41.45980082478178 -49.40986658117408 -17.75
    endloop
  endfacet
  facet normal 0.6018150231520494 0.7986355100472919 0
    outer loop
      vertex -39.71016515850496 -50.826693607633565 -25.7
      vertex -39.71016515850496 -50.826693607633565 -17.75
      vertex -37.91214877286452 -52.18159613718411 -25.7
    endloop
  endfacet
  facet normal 0.7313537016191681 0.6819983600625009 5.2732841471197674e-18
    outer loop
      vertex -46.397417121843 -44.80546489460532 -25.7
      vertex -47.93284124329193 -43.15892411014636 -25.7
      vertex -47.93284124329193 -43.15892411014636 -17.75
    endloop
  endfacet
  facet normal 0.7547095802227759 0.656059028990503 0
    outer loop
      vertex -49.40986658117408 -41.45980082478178 -25.7
      vertex -49.40986658117408 -41.45980082478178 -17.75
      vertex -47.93284124329193 -43.15892411014636 -25.7
    endloop
  endfacet
  facet normal 0.6819983600625009 0.7313537016191681 0
    outer loop
      vertex -43.15892411014636 -47.93284124329193 -25.7
      vertex -44.80546489460532 -46.397417121843 -17.75
      vertex -43.15892411014636 -47.93284124329193 -17.75
    endloop
  endfacet
  facet normal 0.7071067811865475 0.7071067811865475 0
    outer loop
      vertex -44.80546489460532 -46.397417121843 -25.7
      vertex -46.397417121843 -44.80546489460532 -17.75
      vertex -44.80546489460532 -46.397417121843 -17.75
    endloop
  endfacet
  facet normal 0.656059028990503 0.7547095802227759 0
    outer loop
      vertex -41.45980082478178 -49.40986658117408 -25.7
      vertex -43.15892411014636 -47.93284124329193 -17.75
      vertex -41.45980082478178 -49.40986658117408 -17.75
    endloop
  endfacet
  facet normal 0.6293203910498393 0.7771459614569693 0
    outer loop
      vertex -39.71016515850496 -50.826693607633565 -25.7
      vertex -41.45980082478178 -49.40986658117408 -17.75
      vertex -39.71016515850496 -50.826693607633565 -17.75
    endloop
  endfacet
  facet normal 0.6018150231520494 0.7986355100472919 0
    outer loop
      vertex -37.91214877286452 -52.18159613718411 -25.7
      vertex -39.71016515850496 -50.826693607633565 -17.75
      vertex -37.91214877286452 -52.18159613718411 -17.75
    endloop
  endfacet
  facet normal 0.7547095802227759 0.656059028990503 0
    outer loop
      vertex -47.93284124329193 -43.15892411014636 -25.7
      vertex -49.40986658117408 -41.45980082478178 -17.75
      vertex -47.93284124329193 -43.15892411014636 -17.75
    endloop
  endfacet
  facet normal 0.7313537016191681 0.6819983600625009 0
    outer loop
      vertex -46.397417121843 -44.80546489460532 -25.7
      vertex -47.93284124329193 -43.15892411014636 -17.75
      vertex -46.397417121843 -44.80546489460532 -17.75
    endloop
  endfacet
  facet normal 0.3255681544571552 0.9455185755993173 0
    outer loop
      vertex -22.060299244505632 -60.61017404069109 -25.7
      vertex -22.060299244505632 -60.61017404069109 -17.75
      vertex -19.93159613718411 -61.3431453010374 -25.7
    endloop
  endfacet
  facet normal 0.2923717047227384 0.956304755963035 0
    outer loop
      vertex -19.93159613718411 -61.3431453010374 -25.7
      vertex -19.93159613718411 -61.3431453010374 -17.75
      vertex -17.778609450196445 -62.00137938802157 -25.7
    endloop
  endfacet
  facet normal 0.2588190451025194 0.9659258262890688 0
    outer loop
      vertex -17.778609450196445 -62.00137938802157 -25.7
      vertex -17.778609450196445 -62.00137938802157 -17.75
      vertex -15.603962266178568 -62.58407434480177 -25.7
    endloop
  endfacet
  facet normal 0.22495105434386728 0.9743700647852347 -6.547442321084736e-19
    outer loop
      vertex -13.410304057745478 -63.09052024733047 -25.7
      vertex -15.603962266178568 -62.58407434480177 -25.7
      vertex -15.603962266178568 -62.58407434480177 -17.75
    endloop
  endfacet
  facet normal 0.19080899537654164 0.9816271834476646 0
    outer loop
      vertex -13.410304057745478 -63.09052024733047 -25.7
      vertex -13.410304057745478 -63.09052024733047 -17.75
      vertex -11.200307459517006 -63.520100069287416 -25.7
    endloop
  endfacet
  facet normal 0.3583679495452994 0.9335804264972021 0
    outer loop
      vertex -24.162125275326325 -59.80335861955779 -25.7
      vertex -24.162125275326325 -59.80335861955779 -17.75
      vertex -22.060299244505632 -60.61017404069109 -25.7
    endloop
  endfacet
  facet normal 0.156434465040234 0.9876883405951372 0
    outer loop
      vertex -11.200307459517006 -63.520100069287416 -25.7
      vertex -11.200307459517006 -63.520100069287416 -17.75
      vertex -8.97666501192422 -63.87229043383129 -25.7
    endloop
  endfacet
  facet normal 0.12186934340514612 0.9925461516413221 0
    outer loop
      vertex -8.97666501192422 -63.87229043383129 -25.7
      vertex -8.97666501192422 -63.87229043383129 -17.75
      vertex -6.742085880763649 -64.14666225125363 -25.7
    endloop
  endfacet
  facet normal 0.052335956242946555 0.9986295347545738 0
    outer loop
      vertex -4.499292556496082 -64.34288124175866 -25.7
      vertex -4.499292556496082 -64.34288124175866 -17.75
      vertex -2.2510175373113124 -64.46070834273168 -25.7
    endloop
  endfacet
  facet normal 0.01745240643728198 0.9998476951563914 0
    outer loop
      vertex -2.2510175373113124 -64.46070834273168 -25.7
      vertex -2.2510175373113124 -64.46070834273168 -17.75
      vertex 0 -64.5 -25.7
    endloop
  endfacet
  facet normal 0.0871557427476569 0.9961946980917455 0
    outer loop
      vertex -6.742085880763649 -64.14666225125363 -25.7
      vertex -6.742085880763649 -64.14666225125363 -17.75
      vertex -4.499292556496082 -64.34288124175866 -25.7
    endloop
  endfacet
  facet normal 0.3583679495452994 0.9335804264972021 0
    outer loop
      vertex -22.060299244505632 -60.61017404069109 -25.7
      vertex -24.162125275326325 -59.80335861955779 -17.75
      vertex -22.060299244505632 -60.61017404069109 -17.75
    endloop
  endfacet
  facet normal 0.3255681544571552 0.9455185755993173 0
    outer loop
      vertex -19.93159613718411 -61.3431453010374 -25.7
      vertex -22.060299244505632 -60.61017404069109 -17.75
      vertex -19.93159613718411 -61.3431453010374 -17.75
    endloop
  endfacet
  facet normal 0.2588190451025194 0.9659258262890688 0
    outer loop
      vertex -15.603962266178568 -62.58407434480177 -25.7
      vertex -17.778609450196445 -62.00137938802157 -17.75
      vertex -15.603962266178568 -62.58407434480177 -17.75
    endloop
  endfacet
  facet normal 0.2923717047227384 0.956304755963035 0
    outer loop
      vertex -17.778609450196445 -62.00137938802157 -25.7
      vertex -19.93159613718411 -61.3431453010374 -17.75
      vertex -17.778609450196445 -62.00137938802157 -17.75
    endloop
  endfacet
  facet normal 0.22495105434386728 0.9743700647852347 0
    outer loop
      vertex -13.410304057745478 -63.09052024733047 -25.7
      vertex -15.603962266178568 -62.58407434480177 -17.75
      vertex -13.410304057745478 -63.09052024733047 -17.75
    endloop
  endfacet
  facet normal 0.3907311284892759 0.9205048534524395 -5.903604639606662e-18
    outer loop
      vertex -26.234513478389115 -58.923682017947755 -17.75
      vertex -24.162125275326325 -59.80335861955779 -17.75
      vertex -24.162125275326325 -59.80335861955779 -25.7
    endloop
  endfacet
  facet normal 0.19080899537654164 0.9816271834476646 0
    outer loop
      vertex -11.200307459517006 -63.520100069287416 -25.7
      vertex -13.410304057745478 -63.09052024733047 -17.75
      vertex -11.200307459517006 -63.520100069287416 -17.75
    endloop
  endfacet
  facet normal 0.156434465040234 0.9876883405951372 0
    outer loop
      vertex -8.97666501192422 -63.87229043383129 -25.7
      vertex -11.200307459517006 -63.520100069287416 -17.75
      vertex -8.97666501192422 -63.87229043383129 -17.75
    endloop
  endfacet
  facet normal 0.12186934340514612 0.9925461516413221 0
    outer loop
      vertex -6.742085880763649 -64.14666225125363 -25.7
      vertex -8.97666501192422 -63.87229043383129 -17.75
      vertex -6.742085880763649 -64.14666225125363 -17.75
    endloop
  endfacet
  facet normal 0.0871557427476569 0.9961946980917455 0
    outer loop
      vertex -4.499292556496082 -64.34288124175866 -25.7
      vertex -6.742085880763649 -64.14666225125363 -17.75
      vertex -4.499292556496082 -64.34288124175866 -17.75
    endloop
  endfacet
  facet normal 0.052335956242946555 0.9986295347545738 0
    outer loop
      vertex -2.2510175373113124 -64.46070834273168 -25.7
      vertex -4.499292556496082 -64.34288124175866 -17.75
      vertex -2.2510175373113124 -64.46070834273168 -17.75
    endloop
  endfacet
  facet normal 0.01745240643728198 0.9998476951563914 9.207585340560265e-20
    outer loop
      vertex -2.2510175373113124 -64.46070834273168 -17.75
      vertex 0 -64.5 -17.75
      vertex 0 -64.5 -25.7
    endloop
  endfacet
  facet normal 0.8746197071393941 0.4848096202463402 -9.002905650287117e-18
    outer loop
      vertex -55.85863854409629 -32.25 -25.7
      vertex -56.95011973940079 -30.280915799689957 -25.7
      vertex -56.95011973940079 -30.280915799689957 -17.75
    endloop
  endfacet
  facet normal 0.891006524188367 0.45399049973954836 0
    outer loop
      vertex -57.97221598629628 -28.274938967895498 -25.7
      vertex -57.97221598629628 -28.274938967895498 -17.75
      vertex -56.95011973940079 -30.280915799689957 -25.7
    endloop
  endfacet
  facet normal 0.8386705679454249 0.5446390350150256 -1.013448110715739e-17
    outer loop
      vertex -53.47292342980019 -36.067942273863174 -25.7
      vertex -54.69910220208948 -34.179792543041714 -25.7
      vertex -54.69910220208948 -34.179792543041714 -17.75
    endloop
  endfacet
  facet normal 0.8571673007021133 0.5150380749100528 0
    outer loop
      vertex -55.85863854409629 -32.25 -25.7
      vertex -55.85863854409629 -32.25 -17.75
      vertex -54.69910220208948 -34.179792543041714 -25.7
    endloop
  endfacet
  facet normal 0.9205048534524395 0.3907311284892759 -5.903604639606662e-18
    outer loop
      vertex -58.923682017947755 -26.234513478389115 -25.7
      vertex -59.80335861955779 -24.162125275326325 -25.7
      vertex -59.80335861955779 -24.162125275326325 -17.75
    endloop
  endfacet
  facet normal 0.9063077870366518 0.4226182617406957 2.5457380685023924e-18
    outer loop
      vertex -57.97221598629628 -28.274938967895498 -25.7
      vertex -58.923682017947755 -26.234513478389115 -25.7
      vertex -58.923682017947755 -26.234513478389115 -17.75
    endloop
  endfacet
  facet normal 0.9335804264972021 0.3583679495452994 0
    outer loop
      vertex -60.61017404069109 -22.060299244505632 -25.7
      vertex -60.61017404069109 -22.060299244505632 -17.75
      vertex -59.80335861955779 -24.162125275326325 -25.7
    endloop
  endfacet
  facet normal 0.9455185755993173 0.3255681544571552 -5.289800631722181e-18
    outer loop
      vertex -60.61017404069109 -22.060299244505632 -25.7
      vertex -61.3431453010374 -19.93159613718411 -25.7
      vertex -61.3431453010374 -19.93159613718411 -17.75
    endloop
  endfacet
  facet normal 0.8746197071393941 0.4848096202463402 0
    outer loop
      vertex -55.85863854409629 -32.25 -25.7
      vertex -56.95011973940079 -30.280915799689957 -17.75
      vertex -55.85863854409629 -32.25 -17.75
    endloop
  endfacet
  facet normal 0.891006524188367 0.45399049973954836 0
    outer loop
      vertex -56.95011973940079 -30.280915799689957 -25.7
      vertex -57.97221598629628 -28.274938967895498 -17.75
      vertex -56.95011973940079 -30.280915799689957 -17.75
    endloop
  endfacet
  facet normal 0.8386705679454249 0.5446390350150256 0
    outer loop
      vertex -53.47292342980019 -36.067942273863174 -25.7
      vertex -54.69910220208948 -34.179792543041714 -17.75
      vertex -53.47292342980019 -36.067942273863174 -17.75
    endloop
  endfacet
  facet normal 0.8571673007021133 0.5150380749100528 0
    outer loop
      vertex -54.69910220208948 -34.179792543041714 -25.7
      vertex -55.85863854409629 -32.25 -17.75
      vertex -54.69910220208948 -34.179792543041714 -17.75
    endloop
  endfacet
  facet normal 0.9205048534524395 0.3907311284892759 0
    outer loop
      vertex -58.923682017947755 -26.234513478389115 -25.7
      vertex -59.80335861955779 -24.162125275326325 -17.75
      vertex -58.923682017947755 -26.234513478389115 -17.75
    endloop
  endfacet
  facet normal 0.9063077870366518 0.4226182617406957 0
    outer loop
      vertex -57.97221598629628 -28.274938967895498 -25.7
      vertex -58.923682017947755 -26.234513478389115 -17.75
      vertex -57.97221598629628 -28.274938967895498 -17.75
    endloop
  endfacet
  facet normal 0.9335804264972021 0.3583679495452994 0
    outer loop
      vertex -59.80335861955779 -24.162125275326325 -25.7
      vertex -60.61017404069109 -22.060299244505632 -17.75
      vertex -59.80335861955779 -24.162125275326325 -17.75
    endloop
  endfacet
  facet normal 0.9455185755993173 0.3255681544571552 0
    outer loop
      vertex -60.61017404069109 -22.060299244505632 -25.7
      vertex -61.3431453010374 -19.93159613718411 -17.75
      vertex -60.61017404069109 -22.060299244505632 -17.75
    endloop
  endfacet
  facet normal 0.9659258262890688 0.2588190451025194 0
    outer loop
      vertex -62.58407434480177 -15.603962266178568 -25.7
      vertex -62.58407434480177 -15.603962266178568 -17.75
      vertex -62.00137938802157 -17.778609450196445 -25.7
    endloop
  endfacet
  facet normal 0.9743700647852347 0.22495105434386728 -6.547442321084736e-19
    outer loop
      vertex -62.58407434480177 -15.603962266178568 -25.7
      vertex -63.09052024733047 -13.410304057745478 -25.7
      vertex -63.09052024733047 -13.410304057745478 -17.75
    endloop
  endfacet
  facet normal 0.9816271834476646 0.19080899537654164 1.4341193358241054e-18
    outer loop
      vertex -63.09052024733047 -13.410304057745478 -25.7
      vertex -63.520100069287416 -11.200307459517006 -25.7
      vertex -63.520100069287416 -11.200307459517006 -17.75
    endloop
  endfacet
  facet normal 0.9876883405951372 0.156434465040234 -3.0363462877382224e-18
    outer loop
      vertex -63.520100069287416 -11.200307459517006 -25.7
      vertex -63.87229043383129 -8.97666501192422 -25.7
      vertex -63.87229043383129 -8.97666501192422 -17.75
    endloop
  endfacet
  facet normal 0.9925461516413221 0.12186934340514612 -1.952095114007844e-18
    outer loop
      vertex -63.87229043383129 -8.97666501192422 -25.7
      vertex -64.14666225125363 -6.742085880763649 -25.7
      vertex -64.14666225125363 -6.742085880763649 -17.75
    endloop
  endfacet
  facet normal 0.9961946980917455 0.0871557427476569 -6.331029889383412e-19
    outer loop
      vertex -64.14666225125363 -6.742085880763649 -25.7
      vertex -64.34288124175866 -4.499292556496082 -25.7
      vertex -64.34288124175866 -4.499292556496082 -17.75
    endloop
  endfacet
  facet normal 0.956304755963035 0.2923717047227384 2.99706436473759e-18
    outer loop
      vertex -61.3431453010374 -19.93159613718411 -25.7
      vertex -62.00137938802157 -17.778609450196445 -25.7
      vertex -62.00137938802157 -17.778609450196445 -17.75
    endloop
  endfacet
  facet normal 0.9659258262890688 0.2588190451025194 0
    outer loop
      vertex -62.00137938802157 -17.778609450196445 -25.7
      vertex -62.58407434480177 -15.603962266178568 -17.75
      vertex -62.00137938802157 -17.778609450196445 -17.75
    endloop
  endfacet
  facet normal 0.9743700647852347 0.22495105434386728 0
    outer loop
      vertex -62.58407434480177 -15.603962266178568 -25.7
      vertex -63.09052024733047 -13.410304057745478 -17.75
      vertex -62.58407434480177 -15.603962266178568 -17.75
    endloop
  endfacet
  facet normal 0.9816271834476646 0.19080899537654164 0
    outer loop
      vertex -63.09052024733047 -13.410304057745478 -25.7
      vertex -63.520100069287416 -11.200307459517006 -17.75
      vertex -63.09052024733047 -13.410304057745478 -17.75
    endloop
  endfacet
  facet normal 0.9876883405951372 0.156434465040234 0
    outer loop
      vertex -63.520100069287416 -11.200307459517006 -25.7
      vertex -63.87229043383129 -8.97666501192422 -17.75
      vertex -63.520100069287416 -11.200307459517006 -17.75
    endloop
  endfacet
  facet normal 0.9925461516413221 0.12186934340514612 0
    outer loop
      vertex -63.87229043383129 -8.97666501192422 -25.7
      vertex -64.14666225125363 -6.742085880763649 -17.75
      vertex -63.87229043383129 -8.97666501192422 -17.75
    endloop
  endfacet
  facet normal 0.9961946980917455 0.0871557427476569 0
    outer loop
      vertex -64.14666225125363 -6.742085880763649 -25.7
      vertex -64.34288124175866 -4.499292556496082 -17.75
      vertex -64.14666225125363 -6.742085880763649 -17.75
    endloop
  endfacet
  facet normal 0.956304755963035 0.2923717047227384 0
    outer loop
      vertex -61.3431453010374 -19.93159613718411 -25.7
      vertex -62.00137938802157 -17.778609450196445 -17.75
      vertex -61.3431453010374 -19.93159613718411 -17.75
    endloop
  endfacet
  facet normal 0.9986295347545738 0.052335956242946555 -8.709395929974656e-19
    outer loop
      vertex -64.34288124175866 -4.499292556496082 -25.7
      vertex -64.46070834273168 -2.2510175373113124 -25.7
      vertex -64.46070834273168 -2.2510175373113124 -17.75
    endloop
  endfacet
  facet normal 0.9998476951563914 0.017452406437279494 4.1557731790421983e-19
    outer loop
      vertex -64.46070834273168 -2.2510175373113124 -25.7
      vertex -64.49508788822244 -0.28141469526198715 -25.7
      vertex -64.49508788822244 -0.28141469526198715 -17.75
    endloop
  endfacet
  facet normal 0.9986295347545738 0.052335956242946555 0
    outer loop
      vertex -64.34288124175866 -4.499292556496082 -25.7
      vertex -64.46070834273168 -2.2510175373113124 -17.75
      vertex -64.34288124175866 -4.499292556496082 -17.75
    endloop
  endfacet
  facet normal 0.9998476951563914 0.017452406437279494 0
    outer loop
      vertex -64.46070834273168 -2.2510175373113124 -25.7
      vertex -64.49508788822244 -0.28141469526198715 -17.75
      vertex -64.46070834273168 -2.2510175373113124 -17.75
    endloop
  endfacet
  facet normal -0.01745240643728198 0.9998476951563914 0
    outer loop
      vertex 0 -64.5 -25.7
      vertex 0 -64.5 -17.75
      vertex 2.2510175373113124 -64.46070834273168 -25.7
    endloop
  endfacet
  facet normal -0.052335956242946555 0.9986295347545738 0
    outer loop
      vertex 2.2510175373113124 -64.46070834273168 -25.7
      vertex 2.2510175373113124 -64.46070834273168 -17.75
      vertex 4.499292556496082 -64.34288124175866 -25.7
    endloop
  endfacet
  facet normal -0.0871557427476569 0.9961946980917455 0
    outer loop
      vertex 4.499292556496082 -64.34288124175866 -25.7
      vertex 4.499292556496082 -64.34288124175866 -17.75
      vertex 6.742085880763649 -64.14666225125363 -25.7
    endloop
  endfacet
  facet normal -0.12186934340514612 0.9925461516413221 0
    outer loop
      vertex 6.742085880763649 -64.14666225125363 -25.7
      vertex 6.742085880763649 -64.14666225125363 -17.75
      vertex 8.97666501192422 -63.87229043383129 -25.7
    endloop
  endfacet
  facet normal -0.156434465040234 0.9876883405951372 0
    outer loop
      vertex 8.97666501192422 -63.87229043383129 -25.7
      vertex 8.97666501192422 -63.87229043383129 -17.75
      vertex 11.200307459517006 -63.520100069287416 -25.7
    endloop
  endfacet
  facet normal -0.19080899537654164 0.9816271834476646 0
    outer loop
      vertex 11.200307459517006 -63.520100069287416 -25.7
      vertex 11.200307459517006 -63.520100069287416 -17.75
      vertex 13.410304057745478 -63.09052024733047 -25.7
    endloop
  endfacet
  facet normal -0.22495105434386728 0.9743700647852347 0
    outer loop
      vertex 13.410304057745478 -63.09052024733047 -25.7
      vertex 13.410304057745478 -63.09052024733047 -17.75
      vertex 15.603962266178568 -62.58407434480177 -25.7
    endloop
  endfacet
  facet normal -0.2588190451025194 0.9659258262890688 0
    outer loop
      vertex 15.603962266178568 -62.58407434480177 -25.7
      vertex 15.603962266178568 -62.58407434480177 -17.75
      vertex 17.778609450196445 -62.00137938802157 -25.7
    endloop
  endfacet
  facet normal -0.2923717047227384 0.956304755963035 0
    outer loop
      vertex 17.778609450196445 -62.00137938802157 -25.7
      vertex 17.778609450196445 -62.00137938802157 -17.75
      vertex 19.93159613718411 -61.3431453010374 -25.7
    endloop
  endfacet
  facet normal -0.3255681544571552 0.9455185755993173 0
    outer loop
      vertex 19.93159613718411 -61.3431453010374 -25.7
      vertex 19.93159613718411 -61.3431453010374 -17.75
      vertex 22.060299244505632 -60.61017404069109 -25.7
    endloop
  endfacet
  facet normal -0.3583679495452994 0.9335804264972021 0
    outer loop
      vertex 22.060299244505632 -60.61017404069109 -25.7
      vertex 22.060299244505632 -60.61017404069109 -17.75
      vertex 24.162125275326325 -59.80335861955779 -25.7
    endloop
  endfacet
  facet normal -0.01745240643728198 0.9998476951563914 0
    outer loop
      vertex 2.2510175373113124 -64.46070834273168 -25.7
      vertex 0 -64.5 -17.75
      vertex 2.2510175373113124 -64.46070834273168 -17.75
    endloop
  endfacet
  facet normal -0.052335956242946555 0.9986295347545738 0
    outer loop
      vertex 4.499292556496082 -64.34288124175866 -25.7
      vertex 2.2510175373113124 -64.46070834273168 -17.75
      vertex 4.499292556496082 -64.34288124175866 -17.75
    endloop
  endfacet
  facet normal -0.0871557427476569 0.9961946980917455 0
    outer loop
      vertex 6.742085880763649 -64.14666225125363 -25.7
      vertex 4.499292556496082 -64.34288124175866 -17.75
      vertex 6.742085880763649 -64.14666225125363 -17.75
    endloop
  endfacet
  facet normal -0.12186934340514612 0.9925461516413221 0
    outer loop
      vertex 8.97666501192422 -63.87229043383129 -25.7
      vertex 6.742085880763649 -64.14666225125363 -17.75
      vertex 8.97666501192422 -63.87229043383129 -17.75
    endloop
  endfacet
  facet normal -0.156434465040234 0.9876883405951372 0
    outer loop
      vertex 11.200307459517006 -63.520100069287416 -25.7
      vertex 8.97666501192422 -63.87229043383129 -17.75
      vertex 11.200307459517006 -63.520100069287416 -17.75
    endloop
  endfacet
  facet normal -0.19080899537654164 0.9816271834476646 0
    outer loop
      vertex 13.410304057745478 -63.09052024733047 -25.7
      vertex 11.200307459517006 -63.520100069287416 -17.75
      vertex 13.410304057745478 -63.09052024733047 -17.75
    endloop
  endfacet
  facet normal -0.22495105434386728 0.9743700647852347 0
    outer loop
      vertex 15.603962266178568 -62.58407434480177 -25.7
      vertex 13.410304057745478 -63.09052024733047 -17.75
      vertex 15.603962266178568 -62.58407434480177 -17.75
    endloop
  endfacet
  facet normal -0.2588190451025194 0.9659258262890688 0
    outer loop
      vertex 17.778609450196445 -62.00137938802157 -25.7
      vertex 15.603962266178568 -62.58407434480177 -17.75
      vertex 17.778609450196445 -62.00137938802157 -17.75
    endloop
  endfacet
  facet normal -0.2923717047227384 0.956304755963035 0
    outer loop
      vertex 19.93159613718411 -61.3431453010374 -25.7
      vertex 17.778609450196445 -62.00137938802157 -17.75
      vertex 19.93159613718411 -61.3431453010374 -17.75
    endloop
  endfacet
  facet normal -0.3255681544571552 0.9455185755993173 0
    outer loop
      vertex 22.060299244505632 -60.61017404069109 -25.7
      vertex 19.93159613718411 -61.3431453010374 -17.75
      vertex 22.060299244505632 -60.61017404069109 -17.75
    endloop
  endfacet
  facet normal -0.3583679495452994 0.9335804264972021 0
    outer loop
      vertex 24.162125275326325 -59.80335861955779 -25.7
      vertex 22.060299244505632 -60.61017404069109 -17.75
      vertex 24.162125275326325 -59.80335861955779 -17.75
    endloop
  endfacet
  facet normal -0.3907311284892759 0.9205048534524395 0
    outer loop
      vertex 24.162125275326325 -59.80335861955779 -25.7
      vertex 24.162125275326325 -59.80335861955779 -17.75
      vertex 26.234513478389115 -58.923682017947755 -25.7
    endloop
  endfacet
  facet normal -0.4226182617406957 0.9063077870366518 0
    outer loop
      vertex 26.234513478389115 -58.923682017947755 -25.7
      vertex 26.234513478389115 -58.923682017947755 -17.75
      vertex 28.274938967895498 -57.97221598629628 -25.7
    endloop
  endfacet
  facet normal -0.45399049973954836 0.891006524188367 0
    outer loop
      vertex 28.274938967895498 -57.97221598629628 -25.7
      vertex 28.274938967895498 -57.97221598629628 -17.75
      vertex 30.280915799689957 -56.95011973940079 -25.7
    endloop
  endfacet
  facet normal -0.4848096202463402 0.8746197071393941 0
    outer loop
      vertex 30.280915799689957 -56.95011973940079 -25.7
      vertex 30.280915799689957 -56.95011973940079 -17.75
      vertex 32.25 -55.85863854409629 -25.7
    endloop
  endfacet
  facet normal -0.5150380749100528 0.8571673007021133 0
    outer loop
      vertex 32.25 -55.85863854409629 -25.7
      vertex 32.25 -55.85863854409629 -17.75
      vertex 34.179792543041714 -54.69910220208948 -25.7
    endloop
  endfacet
  facet normal -0.5446390350150256 0.8386705679454249 0
    outer loop
      vertex 34.179792543041714 -54.69910220208948 -25.7
      vertex 34.179792543041714 -54.69910220208948 -17.75
      vertex 36.067942273863174 -53.47292342980019 -25.7
    endloop
  endfacet
  facet normal -0.5735764363510467 0.8191520442889914 0
    outer loop
      vertex 36.067942273863174 -53.47292342980019 -25.7
      vertex 36.067942273863174 -53.47292342980019 -17.75
      vertex 37.91214877286452 -52.18159613718411 -25.7
    endloop
  endfacet
  facet normal -0.3907311284892759 0.9205048534524395 5.903604639606662e-18
    outer loop
      vertex 24.162125275326325 -59.80335861955779 -17.75
      vertex 26.234513478389115 -58.923682017947755 -17.75
      vertex 26.234513478389115 -58.923682017947755 -25.7
    endloop
  endfacet
  facet normal -0.4226182617406957 0.9063077870366518 0
    outer loop
      vertex 28.274938967895498 -57.97221598629628 -25.7
      vertex 26.234513478389115 -58.923682017947755 -17.75
      vertex 28.274938967895498 -57.97221598629628 -17.75
    endloop
  endfacet
  facet normal -0.45399049973954836 0.891006524188367 0
    outer loop
      vertex 30.280915799689957 -56.95011973940079 -25.7
      vertex 28.274938967895498 -57.97221598629628 -17.75
      vertex 30.280915799689957 -56.95011973940079 -17.75
    endloop
  endfacet
  facet normal -0.4848096202463402 0.8746197071393941 0
    outer loop
      vertex 32.25 -55.85863854409629 -25.7
      vertex 30.280915799689957 -56.95011973940079 -17.75
      vertex 32.25 -55.85863854409629 -17.75
    endloop
  endfacet
  facet normal -0.5150380749100528 0.8571673007021133 0
    outer loop
      vertex 34.179792543041714 -54.69910220208948 -25.7
      vertex 32.25 -55.85863854409629 -17.75
      vertex 34.179792543041714 -54.69910220208948 -17.75
    endloop
  endfacet
  facet normal -0.5446390350150256 0.8386705679454249 0
    outer loop
      vertex 36.067942273863174 -53.47292342980019 -25.7
      vertex 34.179792543041714 -54.69910220208948 -17.75
      vertex 36.067942273863174 -53.47292342980019 -17.75
    endloop
  endfacet
  facet normal -0.5735764363510467 0.8191520442889914 0
    outer loop
      vertex 37.91214877286452 -52.18159613718411 -25.7
      vertex 36.067942273863174 -53.47292342980019 -17.75
      vertex 37.91214877286452 -52.18159613718411 -17.75
    endloop
  endfacet
  facet normal -0.6018150231520494 0.7986355100472919 0
    outer loop
      vertex 37.91214877286452 -52.18159613718411 -25.7
      vertex 37.91214877286452 -52.18159613718411 -17.75
      vertex 39.71016515850496 -50.826693607633565 -25.7
    endloop
  endfacet
  facet normal -0.6293203910498393 0.7771459614569693 0
    outer loop
      vertex 39.71016515850496 -50.826693607633565 -25.7
      vertex 39.71016515850496 -50.826693607633565 -17.75
      vertex 41.45980082478178 -49.40986658117408 -25.7
    endloop
  endfacet
  facet normal -0.656059028990503 0.7547095802227759 0
    outer loop
      vertex 41.45980082478178 -49.40986658117408 -25.7
      vertex 41.45980082478178 -49.40986658117408 -17.75
      vertex 43.15892411014636 -47.93284124329193 -25.7
    endloop
  endfacet
  facet normal -0.6819983600625009 0.7313537016191681 0
    outer loop
      vertex 43.15892411014636 -47.93284124329193 -25.7
      vertex 43.15892411014636 -47.93284124329193 -17.75
      vertex 44.80546489460532 -46.397417121843 -25.7
    endloop
  endfacet
  facet normal -0.7071067811865475 0.7071067811865475 0
    outer loop
      vertex 44.80546489460532 -46.397417121843 -25.7
      vertex 44.80546489460532 -46.397417121843 -17.75
      vertex 46.397417121843 -44.80546489460532 -25.7
    endloop
  endfacet
  facet normal -0.7313537016191681 0.6819983600625009 0
    outer loop
      vertex 46.397417121843 -44.80546489460532 -25.7
      vertex 46.397417121843 -44.80546489460532 -17.75
      vertex 47.93284124329193 -43.15892411014636 -25.7
    endloop
  endfacet
  facet normal -0.7547095802227759 0.656059028990503 0
    outer loop
      vertex 47.93284124329193 -43.15892411014636 -25.7
      vertex 47.93284124329193 -43.15892411014636 -17.75
      vertex 49.40986658117408 -41.45980082478178 -25.7
    endloop
  endfacet
  facet normal -0.6018150231520494 0.7986355100472919 0
    outer loop
      vertex 39.71016515850496 -50.826693607633565 -25.7
      vertex 37.91214877286452 -52.18159613718411 -17.75
      vertex 39.71016515850496 -50.826693607633565 -17.75
    endloop
  endfacet
  facet normal -0.6293203910498393 0.7771459614569693 8.205544103667988e-18
    outer loop
      vertex 39.71016515850496 -50.826693607633565 -17.75
      vertex 41.45980082478178 -49.40986658117408 -17.75
      vertex 41.45980082478178 -49.40986658117408 -25.7
    endloop
  endfacet
  facet normal -0.656059028990503 0.7547095802227759 0
    outer loop
      vertex 43.15892411014636 -47.93284124329193 -25.7
      vertex 41.45980082478178 -49.40986658117408 -17.75
      vertex 43.15892411014636 -47.93284124329193 -17.75
    endloop
  endfacet
  facet normal -0.6819983600625009 0.7313537016191681 0
    outer loop
      vertex 44.80546489460532 -46.397417121843 -25.7
      vertex 43.15892411014636 -47.93284124329193 -17.75
      vertex 44.80546489460532 -46.397417121843 -17.75
    endloop
  endfacet
  facet normal -0.7071067811865475 0.7071067811865475 0
    outer loop
      vertex 46.397417121843 -44.80546489460532 -25.7
      vertex 44.80546489460532 -46.397417121843 -17.75
      vertex 46.397417121843 -44.80546489460532 -17.75
    endloop
  endfacet
  facet normal -0.7313537016191681 0.6819983600625009 0
    outer loop
      vertex 47.93284124329193 -43.15892411014636 -25.7
      vertex 46.397417121843 -44.80546489460532 -17.75
      vertex 47.93284124329193 -43.15892411014636 -17.75
    endloop
  endfacet
  facet normal -0.7547095802227759 0.656059028990503 0
    outer loop
      vertex 49.40986658117408 -41.45980082478178 -25.7
      vertex 47.93284124329193 -43.15892411014636 -17.75
      vertex 49.40986658117408 -41.45980082478178 -17.75
    endloop
  endfacet
  facet normal -0.7771459614569693 0.6293203910498393 0
    outer loop
      vertex 49.40986658117408 -41.45980082478178 -25.7
      vertex 49.40986658117408 -41.45980082478178 -17.75
      vertex 50.826693607633565 -39.71016515850496 -25.7
    endloop
  endfacet
  facet normal -0.7986355100472919 0.6018150231520494 0
    outer loop
      vertex 50.826693607633565 -39.71016515850496 -25.7
      vertex 50.826693607633565 -39.71016515850496 -17.75
      vertex 52.18159613718411 -37.91214877286452 -25.7
    endloop
  endfacet
  facet normal -0.8191520442889914 0.5735764363510467 0
    outer loop
      vertex 52.18159613718411 -37.91214877286452 -25.7
      vertex 52.18159613718411 -37.91214877286452 -17.75
      vertex 53.47292342980019 -36.067942273863174 -25.7
    endloop
  endfacet
  facet normal -0.7771459614569693 0.6293203910498393 8.205544103667988e-18
    outer loop
      vertex 49.40986658117408 -41.45980082478178 -17.75
      vertex 50.826693607633565 -39.71016515850496 -17.75
      vertex 50.826693607633565 -39.71016515850496 -25.7
    endloop
  endfacet
  facet normal -0.7986355100472919 0.6018150231520494 0
    outer loop
      vertex 52.18159613718411 -37.91214877286452 -25.7
      vertex 50.826693607633565 -39.71016515850496 -17.75
      vertex 52.18159613718411 -37.91214877286452 -17.75
    endloop
  endfacet
  facet normal -0.8191520442889914 0.5735764363510467 0
    outer loop
      vertex 53.47292342980019 -36.067942273863174 -25.7
      vertex 52.18159613718411 -37.91214877286452 -17.75
      vertex 53.47292342980019 -36.067942273863174 -17.75
    endloop
  endfacet
  facet normal -0.8386705679454249 0.5446390350150256 0
    outer loop
      vertex 53.47292342980019 -36.067942273863174 -25.7
      vertex 53.47292342980019 -36.067942273863174 -17.75
      vertex 54.69910220208948 -34.179792543041714 -25.7
    endloop
  endfacet
  facet normal -0.8571673007021133 0.5150380749100528 0
    outer loop
      vertex 54.69910220208948 -34.179792543041714 -25.7
      vertex 54.69910220208948 -34.179792543041714 -17.75
      vertex 55.85863854409629 -32.25 -25.7
    endloop
  endfacet
  facet normal -0.8746197071393941 0.4848096202463402 0
    outer loop
      vertex 55.85863854409629 -32.25 -25.7
      vertex 55.85863854409629 -32.25 -17.75
      vertex 56.95011973940079 -30.280915799689957 -25.7
    endloop
  endfacet
  facet normal -0.891006524188367 0.45399049973954836 0
    outer loop
      vertex 56.95011973940079 -30.280915799689957 -25.7
      vertex 56.95011973940079 -30.280915799689957 -17.75
      vertex 57.97221598629628 -28.274938967895498 -25.7
    endloop
  endfacet
  facet normal -0.9063077870366518 0.4226182617406957 0
    outer loop
      vertex 57.97221598629628 -28.274938967895498 -25.7
      vertex 57.97221598629628 -28.274938967895498 -17.75
      vertex 58.923682017947755 -26.234513478389115 -25.7
    endloop
  endfacet
  facet normal -0.9205048534524395 0.3907311284892759 0
    outer loop
      vertex 58.923682017947755 -26.234513478389115 -25.7
      vertex 58.923682017947755 -26.234513478389115 -17.75
      vertex 59.80335861955779 -24.162125275326325 -25.7
    endloop
  endfacet
  facet normal -0.9335804264972021 0.3583679495452994 0
    outer loop
      vertex 59.80335861955779 -24.162125275326325 -25.7
      vertex 59.80335861955779 -24.162125275326325 -17.75
      vertex 60.61017404069109 -22.060299244505632 -25.7
    endloop
  endfacet
  facet normal -0.9455185755993173 0.3255681544571552 0
    outer loop
      vertex 60.61017404069109 -22.060299244505632 -25.7
      vertex 60.61017404069109 -22.060299244505632 -17.75
      vertex 61.3431453010374 -19.93159613718411 -25.7
    endloop
  endfacet
  facet normal -0.8386705679454249 0.5446390350150256 0
    outer loop
      vertex 54.69910220208948 -34.179792543041714 -25.7
      vertex 53.47292342980019 -36.067942273863174 -17.75
      vertex 54.69910220208948 -34.179792543041714 -17.75
    endloop
  endfacet
  facet normal -0.8571673007021133 0.5150380749100528 0
    outer loop
      vertex 55.85863854409629 -32.25 -25.7
      vertex 54.69910220208948 -34.179792543041714 -17.75
      vertex 55.85863854409629 -32.25 -17.75
    endloop
  endfacet
  facet normal -0.8746197071393941 0.4848096202463402 0
    outer loop
      vertex 56.95011973940079 -30.280915799689957 -25.7
      vertex 55.85863854409629 -32.25 -17.75
      vertex 56.95011973940079 -30.280915799689957 -17.75
    endloop
  endfacet
  facet normal -0.891006524188367 0.45399049973954836 0
    outer loop
      vertex 57.97221598629628 -28.274938967895498 -25.7
      vertex 56.95011973940079 -30.280915799689957 -17.75
      vertex 57.97221598629628 -28.274938967895498 -17.75
    endloop
  endfacet
  facet normal -0.9063077870366518 0.4226182617406957 0
    outer loop
      vertex 58.923682017947755 -26.234513478389115 -25.7
      vertex 57.97221598629628 -28.274938967895498 -17.75
      vertex 58.923682017947755 -26.234513478389115 -17.75
    endloop
  endfacet
  facet normal -0.9205048534524395 0.3907311284892759 5.903604639606662e-18
    outer loop
      vertex 58.923682017947755 -26.234513478389115 -17.75
      vertex 59.80335861955779 -24.162125275326325 -17.75
      vertex 59.80335861955779 -24.162125275326325 -25.7
    endloop
  endfacet
  facet normal -0.9335804264972021 0.3583679495452994 0
    outer loop
      vertex 60.61017404069109 -22.060299244505632 -25.7
      vertex 59.80335861955779 -24.162125275326325 -17.75
      vertex 60.61017404069109 -22.060299244505632 -17.75
    endloop
  endfacet
  facet normal -0.9455185755993173 0.3255681544571552 0
    outer loop
      vertex 61.3431453010374 -19.93159613718411 -25.7
      vertex 60.61017404069109 -22.060299244505632 -17.75
      vertex 61.3431453010374 -19.93159613718411 -17.75
    endloop
  endfacet
  facet normal -0.956304755963035 0.2923717047227384 0
    outer loop
      vertex 61.3431453010374 -19.93159613718411 -25.7
      vertex 61.3431453010374 -19.93159613718411 -17.75
      vertex 62.00137938802157 -17.778609450196445 -25.7
    endloop
  endfacet
  facet normal -0.9659258262890688 0.2588190451025194 0
    outer loop
      vertex 62.00137938802157 -17.778609450196445 -25.7
      vertex 62.00137938802157 -17.778609450196445 -17.75
      vertex 62.58407434480177 -15.603962266178568 -25.7
    endloop
  endfacet
  facet normal -0.9743700647852347 0.22495105434386728 0
    outer loop
      vertex 62.58407434480177 -15.603962266178568 -25.7
      vertex 62.58407434480177 -15.603962266178568 -17.75
      vertex 63.09052024733047 -13.410304057745478 -25.7
    endloop
  endfacet
  facet normal -0.9816271834476646 0.19080899537654164 0
    outer loop
      vertex 63.09052024733047 -13.410304057745478 -25.7
      vertex 63.09052024733047 -13.410304057745478 -17.75
      vertex 63.520100069287416 -11.200307459517006 -25.7
    endloop
  endfacet
  facet normal -0.9876883405951372 0.156434465040234 0
    outer loop
      vertex 63.520100069287416 -11.200307459517006 -25.7
      vertex 63.520100069287416 -11.200307459517006 -17.75
      vertex 63.87229043383129 -8.97666501192422 -25.7
    endloop
  endfacet
  facet normal -0.9925461516413221 0.12186934340514612 0
    outer loop
      vertex 63.87229043383129 -8.97666501192422 -25.7
      vertex 63.87229043383129 -8.97666501192422 -17.75
      vertex 64.14666225125363 -6.742085880763649 -25.7
    endloop
  endfacet
  facet normal -0.9961946980917455 0.0871557427476569 0
    outer loop
      vertex 64.14666225125363 -6.742085880763649 -25.7
      vertex 64.14666225125363 -6.742085880763649 -17.75
      vertex 64.34288124175866 -4.499292556496082 -25.7
    endloop
  endfacet
  facet normal -0.956304755963035 0.2923717047227384 0
    outer loop
      vertex 62.00137938802157 -17.778609450196445 -25.7
      vertex 61.3431453010374 -19.93159613718411 -17.75
      vertex 62.00137938802157 -17.778609450196445 -17.75
    endloop
  endfacet
  facet normal -0.9659258262890688 0.2588190451025194 0
    outer loop
      vertex 62.58407434480177 -15.603962266178568 -25.7
      vertex 62.00137938802157 -17.778609450196445 -17.75
      vertex 62.58407434480177 -15.603962266178568 -17.75
    endloop
  endfacet
  facet normal -0.9743700647852347 0.22495105434386728 0
    outer loop
      vertex 63.09052024733047 -13.410304057745478 -25.7
      vertex 62.58407434480177 -15.603962266178568 -17.75
      vertex 63.09052024733047 -13.410304057745478 -17.75
    endloop
  endfacet
  facet normal -0.9816271834476646 0.19080899537654164 0
    outer loop
      vertex 63.520100069287416 -11.200307459517006 -25.7
      vertex 63.09052024733047 -13.410304057745478 -17.75
      vertex 63.520100069287416 -11.200307459517006 -17.75
    endloop
  endfacet
  facet normal -0.9876883405951372 0.156434465040234 0
    outer loop
      vertex 63.87229043383129 -8.97666501192422 -25.7
      vertex 63.520100069287416 -11.200307459517006 -17.75
      vertex 63.87229043383129 -8.97666501192422 -17.75
    endloop
  endfacet
  facet normal -0.9925461516413221 0.12186934340514612 0
    outer loop
      vertex 64.14666225125363 -6.742085880763649 -25.7
      vertex 63.87229043383129 -8.97666501192422 -17.75
      vertex 64.14666225125363 -6.742085880763649 -17.75
    endloop
  endfacet
  facet normal -0.9961946980917455 0.0871557427476569 0
    outer loop
      vertex 64.34288124175866 -4.499292556496082 -25.7
      vertex 64.14666225125363 -6.742085880763649 -17.75
      vertex 64.34288124175866 -4.499292556496082 -17.75
    endloop
  endfacet
  facet normal -0.9986295347545738 0.052335956242946555 0
    outer loop
      vertex 64.34288124175866 -4.499292556496082 -25.7
      vertex 64.34288124175866 -4.499292556496082 -17.75
      vertex 64.46070834273168 -2.2510175373113124 -25.7
    endloop
  endfacet
  facet normal -0.9998476951563914 0.01745240643728198 0
    outer loop
      vertex 64.46070834273168 -2.2510175373113124 -25.7
      vertex 64.46070834273168 -2.2510175373113124 -17.75
      vertex 64.5 0 -25.7
    endloop
  endfacet
  facet normal -0.9998476951563914 -0.01745240643728198 0
    outer loop
      vertex 64.5 0 -25.7
      vertex 64.5 0 -17.75
      vertex 64.46070834273168 2.2510175373113124 -25.7
    endloop
  endfacet
  facet normal -0.9986295347545738 -0.052335956242946555 0
    outer loop
      vertex 64.46070834273168 2.2510175373113124 -25.7
      vertex 64.46070834273168 2.2510175373113124 -17.75
      vertex 64.34288124175866 4.499292556496082 -25.7
    endloop
  endfacet
  facet normal -0.9961946980917455 -0.0871557427476569 0
    outer loop
      vertex 64.34288124175866 4.499292556496082 -25.7
      vertex 64.34288124175866 4.499292556496082 -17.75
      vertex 64.14666225125363 6.742085880763649 -25.7
    endloop
  endfacet
  facet normal -0.9925461516413221 -0.12186934340514612 0
    outer loop
      vertex 64.14666225125363 6.742085880763649 -25.7
      vertex 64.14666225125363 6.742085880763649 -17.75
      vertex 63.87229043383129 8.97666501192422 -25.7
    endloop
  endfacet
  facet normal -0.9876883405951372 -0.156434465040234 0
    outer loop
      vertex 63.87229043383129 8.97666501192422 -25.7
      vertex 63.87229043383129 8.97666501192422 -17.75
      vertex 63.520100069287416 11.200307459517006 -25.7
    endloop
  endfacet
  facet normal -0.9986295347545738 0.052335956242946555 0
    outer loop
      vertex 64.46070834273168 -2.2510175373113124 -25.7
      vertex 64.34288124175866 -4.499292556496082 -17.75
      vertex 64.46070834273168 -2.2510175373113124 -17.75
    endloop
  endfacet
  facet normal -0.9998476951563914 0.01745240643728198 -9.207585340560265e-20
    outer loop
      vertex 64.46070834273168 -2.2510175373113124 -17.75
      vertex 64.5 0 -17.75
      vertex 64.5 0 -25.7
    endloop
  endfacet
  facet normal -0.9998476951563914 -0.01745240643728198 0
    outer loop
      vertex 64.46070834273168 2.2510175373113124 -25.7
      vertex 64.5 0 -17.75
      vertex 64.46070834273168 2.2510175373113124 -17.75
    endloop
  endfacet
  facet normal -0.9986295347545738 -0.052335956242946555 0
    outer loop
      vertex 64.34288124175866 4.499292556496082 -25.7
      vertex 64.46070834273168 2.2510175373113124 -17.75
      vertex 64.34288124175866 4.499292556496082 -17.75
    endloop
  endfacet
  facet normal -0.9961946980917455 -0.0871557427476569 0
    outer loop
      vertex 64.14666225125363 6.742085880763649 -25.7
      vertex 64.34288124175866 4.499292556496082 -17.75
      vertex 64.14666225125363 6.742085880763649 -17.75
    endloop
  endfacet
  facet normal -0.9925461516413221 -0.12186934340514612 0
    outer loop
      vertex 63.87229043383129 8.97666501192422 -25.7
      vertex 64.14666225125363 6.742085880763649 -17.75
      vertex 63.87229043383129 8.97666501192422 -17.75
    endloop
  endfacet
  facet normal -0.9876883405951372 -0.156434465040234 0
    outer loop
      vertex 63.520100069287416 11.200307459517006 -25.7
      vertex 63.87229043383129 8.97666501192422 -17.75
      vertex 63.520100069287416 11.200307459517006 -17.75
    endloop
  endfacet
  facet normal -0.9816271834476646 -0.19080899537654164 0
    outer loop
      vertex 63.520100069287416 11.200307459517006 -25.7
      vertex 63.520100069287416 11.200307459517006 -17.75
      vertex 63.09052024733047 13.410304057745478 -25.7
    endloop
  endfacet
  facet normal -0.9743700647852347 -0.22495105434386728 0
    outer loop
      vertex 63.09052024733047 13.410304057745478 -25.7
      vertex 63.09052024733047 13.410304057745478 -17.75
      vertex 62.58407434480177 15.603962266178568 -25.7
    endloop
  endfacet
  facet normal -0.9659258262890688 -0.2588190451025194 0
    outer loop
      vertex 62.58407434480177 15.603962266178568 -25.7
      vertex 62.58407434480177 15.603962266178568 -17.75
      vertex 62.00137938802157 17.778609450196445 -25.7
    endloop
  endfacet
  facet normal -0.9563047559630306 -0.2923717047227527 0
    outer loop
      vertex 62.00137938802157 17.778609450196445 -25.7
      vertex 62.00137938802157 17.778609450196445 -17.75
      vertex 61.963973373999444 17.90095900910776 -25.7
    endloop
  endfacet
  facet normal -0.9816271834476646 -0.19080899537654164 0
    outer loop
      vertex 63.09052024733047 13.410304057745478 -25.7
      vertex 63.520100069287416 11.200307459517006 -17.75
      vertex 63.09052024733047 13.410304057745478 -17.75
    endloop
  endfacet
  facet normal -0.9743700647852347 -0.22495105434386728 0
    outer loop
      vertex 62.58407434480177 15.603962266178568 -25.7
      vertex 63.09052024733047 13.410304057745478 -17.75
      vertex 62.58407434480177 15.603962266178568 -17.75
    endloop
  endfacet
  facet normal -0.9659258262890688 -0.2588190451025194 0
    outer loop
      vertex 62.00137938802157 17.778609450196445 -25.7
      vertex 62.58407434480177 15.603962266178568 -17.75
      vertex 62.00137938802157 17.778609450196445 -17.75
    endloop
  endfacet
  facet normal -0.9563047559630306 -0.2923717047227527 2.846488696314618e-19
    outer loop
      vertex 62.00137938802157 17.778609450196445 -17.75
      vertex 61.963973373999444 17.90095900910776 -17.75
      vertex 61.963973373999444 17.90095900910776 -25.7
    endloop
  endfacet
  facet normal -0.004363309293951542 0.9999904807206942 1.426503562103224e-17
    outer loop
      vertex -81.99375514471691 -0.35776751955787517 -29.7
      vertex -75.50179410830268 -0.32944081598191455 -25.189772900080204
      vertex -74.19008646194303 -0.323717375334576 -29.7
    endloop
  endfacet
  facet normal -0.004363309293951426 0.9999904807206943 -1.5032915899881627e-16
    outer loop
      vertex -81.99375514471691 -0.35776751955787517 -29.7
      vertex -75.69471024123149 -0.33028257675063183 -24.8460330869647
      vertex -75.50179410830268 -0.32944081598191455 -25.189772900080204
    endloop
  endfacet
  facet normal -0.004363309293951609 0.9999904807206944 8.141979413550726e-17
    outer loop
      vertex -81.99375514471691 -0.35776751955787517 -29.7
      vertex -75.8355216197527 -0.3308969861959627 -24.47786756828614
      vertex -75.69471024123149 -0.33028257675063183 -24.8460330869647
    endloop
  endfacet
  facet normal -0.004363309293951488 0.9999904807206942 1.2501378486308348e-17
    outer loop
      vertex -74.65653891931741 -0.32575267105157263 -26.004701340400835
      vertex -74.19008646194303 -0.323717375334576 -29.7
      vertex -74.97711715820901 -0.32715146637629033 -25.775347277402037
    endloop
  endfacet
  facet normal -0.004363309293951612 0.9999904807206943 -1.2530849671318101e-17
    outer loop
      vertex -74.97711715820901 -0.32715146637629033 -25.775347277402037
      vertex -74.19008646194303 -0.323717375334576 -29.7
      vertex -75.26088489340822 -0.3283896445591726 -25.501760790300047
    endloop
  endfacet
  facet normal -0.004363309293951783 0.9999904807206944 -5.626658438779404e-17
    outer loop
      vertex -75.50179410830268 -0.32944081598191455 -25.189772900080204
      vertex -75.26088489340822 -0.3283896445591726 -25.501760790300047
      vertex -74.19008646194303 -0.323717375334576 -29.7
    endloop
  endfacet
  facet normal -0.004363309293951477 0.9999904807206942 -6.718882444575415e-17
    outer loop
      vertex -81.99375514471691 -0.35776751955787517 -29.7
      vertex -75.9212270938028 -0.33127094924728673 -24.093123152884512
      vertex -75.8355216197527 -0.3308969861959627 -24.47786756828614
    endloop
  endfacet
  facet normal -0.004363309293951574 0.9999904807206943 2.709361039623151e-17
    outer loop
      vertex -81.99375514471691 -0.35776751955787517 -29.7
      vertex -75.95 -0.33139649553142114 -23.7
      vertex -75.9212270938028 -0.33127094924728673 -24.093123152884512
    endloop
  endfacet
  facet normal -0.0043633092939515065 0.9999904807206944 -2.744857437397746e-17
    outer loop
      vertex -81.99375514471691 -0.35776751955787517 -29.7
      vertex -75.9212270938028 -0.33127094924728673 -23.306876847115486
      vertex -75.95 -0.33139649553142114 -23.7
    endloop
  endfacet
  facet normal -0.004363309293951543 0.9999904807206943 -9.078037388246657e-19
    outer loop
      vertex -81.99375514471691 -0.35776751955787517 -29.7
      vertex -80.93331508760302 -0.35314044755460083 -17.75
      vertex -75.9212270938028 -0.33127094924728673 -23.306876847115486
    endloop
  endfacet
  facet normal -0.0043633092939515524 0.9999904807206943 0
    outer loop
      vertex -81.99375514471691 -0.35776751955787517 -29.7
      vertex -81.99375514471691 -0.35776751955787517 -17.75
      vertex -80.93331508760302 -0.35314044755460083 -17.75
    endloop
  endfacet
  facet normal -0.0043633092939514674 0.9999904807206943 6.664585312920665e-17
    outer loop
      vertex -75.9212270938028 -0.33127094924728673 -23.306876847115486
      vertex -80.93331508760302 -0.35314044755460083 -17.75
      vertex -75.8355216197527 -0.3308969861959627 -22.92213243171386
    endloop
  endfacet
  facet normal -0.004363309293951613 0.9999904807206943 -7.667564560823066e-17
    outer loop
      vertex -75.8355216197527 -0.3308969861959627 -22.92213243171386
      vertex -80.93331508760302 -0.35314044755460083 -17.75
      vertex -75.69471024123149 -0.33028257675063183 -22.5539669130353
    endloop
  endfacet
  facet normal -0.004363309293951412 0.9999904807206943 1.4242691898350472e-16
    outer loop
      vertex -75.69471024123149 -0.33028257675063183 -22.5539669130353
      vertex -80.93331508760302 -0.35314044755460083 -17.75
      vertex -75.50179410830268 -0.32944081598191455 -22.210227099919795
    endloop
  endfacet
  facet normal -0.004363309293951598 0.9999904807206943 -8.273099937935422e-17
    outer loop
      vertex -80.93331508760302 -0.35314044755460083 -17.75
      vertex -75.26088489340822 -0.3283896445591726 -21.898239209699952
      vertex -75.50179410830268 -0.32944081598191455 -22.210227099919795
    endloop
  endfacet
  facet normal -0.004363309293951564 0.9999904807206943 -3.7617790117658024e-17
    outer loop
      vertex -75.26088489340822 -0.3283896445591726 -21.898239209699952
      vertex -80.93331508760302 -0.35314044755460083 -17.75
      vertex -74.97711715820901 -0.32715146637629033 -21.62465272259796
    endloop
  endfacet
  facet normal -0.004363309293951519 0.9999904807206942 3.152773179637482e-17
    outer loop
      vertex -74.65653891931741 -0.32575267105157263 -21.395298659599163
      vertex -74.97711715820901 -0.32715146637629033 -21.62465272259796
      vertex -80.93331508760302 -0.35314044755460083 -17.75
    endloop
  endfacet
  facet normal -0.004363309293951529 0.9999904807206943 1.451089905303866e-17
    outer loop
      vertex -74.65653891931741 -0.32575267105157263 -21.395298659599163
      vertex -80.93331508760302 -0.35314044755460083 -17.75
      vertex -74.30598274532342 -0.324223071478847 -21.215065304363268
    endloop
  endfacet
  facet normal -0.004363309293951555 0.9999904807206944 -3.731704526400548e-17
    outer loop
      vertex -73.93292013245754 -0.32259526841739145 -21.08779401794495
      vertex -74.30598274532342 -0.324223071478847 -21.215065304363268
      vertex -80.93331508760302 -0.35314044755460083 -17.75
    endloop
  endfacet
  facet normal -0.004363309293951526 0.9999904807206942 2.410661305244029e-17
    outer loop
      vertex -80.93331508760302 -0.35314044755460083 -17.75
      vertex -73.54530226262025 -0.3209039556633502 -21.016197366852147
      vertex -73.93292013245754 -0.32259526841739145 -21.08779401794495
    endloop
  endfacet
  facet normal -0.004363309293951509 0.9999904807206943 6.439903603122337e-17
    outer loop
      vertex -73.54530226262025 -0.3209039556633502 -21.016197366852147
      vertex -80.93331508760302 -0.35314044755460083 -17.75
      vertex -73.15139053774432 -0.3191851806117028 -21.001801309400353
    endloop
  endfacet
  facet normal -0.004363309293951643 0.9999904807206943 -2.567763606241826e-16
    outer loop
      vertex -73.15139053774432 -0.3191851806117028 -21.001801309400353
      vertex -80.93331508760302 -0.35314044755460083 -17.75
      vertex -72.75958050235552 -0.31747557596862325 -21.04491267256044
    endloop
  endfacet
  facet normal -0.004363309293951474 0.9999904807206944 1.6544272790682068e-16
    outer loop
      vertex -72.75958050235552 -0.31747557596862325 -21.04491267256044
      vertex -80.93331508760302 -0.35314044755460083 -17.75
      vertex -72.37822290711709 -0.3158115789889484 -21.144612612474454
    endloop
  endfacet
  facet normal -0.004363309293951537 0.9999904807206943 1.90757319067981e-17
    outer loop
      vertex -64.5 -0.2814361285289883 -29.7
      vertex -74.19008646194303 -0.323717375334576 -29.7
      vertex -72.01544572707748 -0.31422865487935137 -26.1012238019828
    endloop
  endfacet
  facet normal -0.004363309293951566 0.9999904807206943 7.143874978532214e-18
    outer loop
      vertex -74.19008646194303 -0.323717375334576 -29.7
      vertex -74.30598274532342 -0.324223071478847 -26.18493469563673
      vertex -73.93292013245754 -0.32259526841739145 -26.312205982055048
    endloop
  endfacet
  facet normal -0.004363309293951524 0.9999904807206943 3.948171395684858e-18
    outer loop
      vertex -73.54530226262025 -0.3209039556633502 -26.38380263314785
      vertex -74.19008646194303 -0.323717375334576 -29.7
      vertex -73.93292013245754 -0.32259526841739145 -26.312205982055048
    endloop
  endfacet
  facet normal -0.004363309293951517 0.9999904807206943 8.768720679007301e-18
    outer loop
      vertex -74.19008646194303 -0.323717375334576 -29.7
      vertex -74.65653891931741 -0.32575267105157263 -26.004701340400835
      vertex -74.30598274532342 -0.324223071478847 -26.18493469563673
    endloop
  endfacet
  facet normal -0.004363309293951507 0.9999904807206943 6.279264888357209e-19
    outer loop
      vertex -73.15139053774432 -0.3191851806117028 -26.398198690599646
      vertex -74.19008646194303 -0.323717375334576 -29.7
      vertex -73.54530226262025 -0.3209039556633502 -26.38380263314785
    endloop
  endfacet
  facet normal -0.004363309293951618 0.9999904807206944 3.596263679293486e-17
    outer loop
      vertex -72.75958050235552 -0.31747557596862325 -26.35508732743956
      vertex -74.19008646194303 -0.323717375334576 -29.7
      vertex -73.15139053774432 -0.3191851806117028 -26.398198690599646
    endloop
  endfacet
  facet normal -0.004363309293951515 0.9999904807206944 -8.946640662258355e-18
    outer loop
      vertex -72.37822290711709 -0.3158115789889484 -26.255387387525545
      vertex -74.19008646194303 -0.323717375334576 -29.7
      vertex -72.75958050235552 -0.31747557596862325 -26.35508732743956
    endloop
  endfacet
  facet normal -0.004363309293951324 0.9999904807206943 -1.0900110772179068e-16
    outer loop
      vertex -72.01544572707748 -0.31422865487935137 -26.1012238019828
      vertex -74.19008646194303 -0.323717375334576 -29.7
      vertex -72.37822290711709 -0.3158115789889484 -26.255387387525545
    endloop
  endfacet
  facet normal -0.004363309293951652 0.9999904807206942 -2.1797028122659797e-16
    outer loop
      vertex -64.5 -0.2814361285289883 -29.7
      vertex -72.01544572707748 -0.31422865487935137 -26.1012238019828
      vertex -71.67898092799352 -0.3127605409190339 -25.895882299986027
    endloop
  endfacet
  facet normal -0.004363309293951475 0.9999904807206944 1.1633085162903327e-16
    outer loop
      vertex -64.5 -0.2814361285289883 -29.7
      vertex -71.67898092799352 -0.3127605409190339 -25.895882299986027
      vertex -71.37599967290429 -0.3114385274081941 -25.643739379146588
    endloop
  endfacet
  facet normal -0.004363309293951526 0.9999904807206944 2.9849846791929407e-17
    outer loop
      vertex -64.5 -0.2814361285289883 -29.7
      vertex -71.37599967290429 -0.3114385274081941 -25.643739379146588
      vertex -71.112959481241 -0.3102907907696013 -25.350169028064194
    endloop
  endfacet
  facet normal -0.004363309293951545 0.9999904807206944 3.800953113636024e-18
    outer loop
      vertex -64.5 -0.2814361285289883 -29.7
      vertex -71.112959481241 -0.3102907907696013 -25.350169028064194
      vertex -70.89546659801172 -0.309341793017064 -25.02142818908993
    endloop
  endfacet
  facet normal -0.004363309293951583 0.9999904807206943 -5.584698080391692e-17
    outer loop
      vertex -64.5 -0.2814361285289883 -29.7
      vertex -70.89546659801172 -0.309341793017064 -25.02142818908993
      vertex -70.72815650642212 -0.3086117603900747 -24.664523402463058
    endloop
  endfacet
  facet normal -0.00436330929395154 0.9999904807206943 0
    outer loop
      vertex -64.5 -0.2814361285289883 -29.7
      vertex -70.72815650642212 -0.3086117603900747 -24.664523402463058
      vertex -64.5 -0.2814361285289883 -25.7
    endloop
  endfacet
  facet normal -0.004363309293951536 0.9999904807206944 2.4774688434924073e-17
    outer loop
      vertex -70.72815650642212 -0.3086117603900747 -24.664523402463058
      vertex -70.614595130599 -0.30811625226663153 -24.287061474070203
      vertex -64.5 -0.2814361285289883 -25.7
    endloop
  endfacet
  facet normal -0.004363309293951539 0.9999904807206944 1.206864474746912e-17
    outer loop
      vertex -70.614595130599 -0.30811625226663153 -24.287061474070203
      vertex -70.55720283410841 -0.30786582954210906 -23.89708734958445
      vertex -64.5 -0.2814361285289883 -25.7
    endloop
  endfacet
  facet normal -0.004363309293951543 0.9999904807206944 0
    outer loop
      vertex -70.55720283410841 -0.30786582954210906 -23.89708734958445
      vertex -70.55720283410841 -0.30786582954210906 -23.50291265041555
      vertex -64.5 -0.2814361285289883 -25.7
    endloop
  endfacet
  facet normal -0.004363309293951547 0.9999904807206943 -1.3268911260879285e-17
    outer loop
      vertex -70.55720283410841 -0.30786582954210906 -23.50291265041555
      vertex -70.614595130599 -0.30811625226663153 -23.112938525929795
      vertex -64.5 -0.2814361285289883 -25.7
    endloop
  endfacet
  facet normal -0.004363309293943435 0.9999904807206943 -6.844021761320819e-23
    outer loop
      vertex -64.5 -0.2814361285289883 -25.7
      vertex -64.49508788822244 -0.28141469526198715 -17.75
      vertex -64.49508788822244 -0.28141469526198715 -25.7
    endloop
  endfacet
  facet normal -0.004363309293951518 0.9999904807206943 -1.945684637193955e-17
    outer loop
      vertex -70.614595130599 -0.30811625226663153 -23.112938525929795
      vertex -70.72815650642212 -0.3086117603900747 -22.73547659753694
      vertex -64.49508788822244 -0.28141469526198715 -17.75
    endloop
  endfacet
  facet normal -0.004363309293951578 0.9999904807206943 5.783949989791293e-17
    outer loop
      vertex -64.49508788822244 -0.28141469526198715 -17.75
      vertex -70.72815650642212 -0.3086117603900747 -22.73547659753694
      vertex -70.89546659801172 -0.309341793017064 -22.378571810910067
    endloop
  endfacet
  facet normal -0.0043633092939515394 0.9999904807206943 5.5222526234330046e-18
    outer loop
      vertex -64.49508788822244 -0.28141469526198715 -17.75
      vertex -70.89546659801172 -0.309341793017064 -22.378571810910067
      vertex -71.112959481241 -0.3102907907696013 -22.049830971935805
    endloop
  endfacet
  facet normal -0.00436330929395147 0.9999904807206945 -1.1589784986137943e-16
    outer loop
      vertex -71.67898092799352 -0.3127605409190339 -21.50411770001397
      vertex -64.49508788822244 -0.28141469526198715 -17.75
      vertex -71.37599967290429 -0.3114385274081941 -21.75626062085341
    endloop
  endfacet
  facet normal -0.004363309293951517 0.9999904807206942 -2.27499836012087e-17
    outer loop
      vertex -64.49508788822244 -0.28141469526198715 -17.75
      vertex -71.112959481241 -0.3102907907696013 -22.049830971935805
      vertex -71.37599967290429 -0.3114385274081941 -21.75626062085341
    endloop
  endfacet
  facet normal -0.004363309293951452 0.9999904807206943 -1.9033254940607282e-16
    outer loop
      vertex -72.37822290711709 -0.3158115789889484 -21.144612612474454
      vertex -64.49508788822244 -0.28141469526198715 -17.75
      vertex -72.01544572707748 -0.31422865487935137 -21.298776198017197
    endloop
  endfacet
  facet normal -0.004363309293951647 0.9999904807206943 2.262852714928575e-16
    outer loop
      vertex -72.01544572707748 -0.31422865487935137 -21.298776198017197
      vertex -64.49508788822244 -0.28141469526198715 -17.75
      vertex -71.67898092799352 -0.3127605409190339 -21.50411770001397
    endloop
  endfacet
  facet normal -0.00436330929395154 0.9999904807206943 5.007555478773137e-18
    outer loop
      vertex -64.5 -0.2814361285289883 -25.7
      vertex -70.614595130599 -0.30811625226663153 -23.112938525929795
      vertex -64.49508788822244 -0.28141469526198715 -17.75
    endloop
  endfacet
  facet normal -0.004363309293951536 0.9999904807206943 6.398104916561618e-18
    outer loop
      vertex -72.37822290711709 -0.3158115789889484 -21.144612612474454
      vertex -80.93331508760302 -0.35314044755460083 -17.75
      vertex -64.49508788822244 -0.28141469526198715 -17.75
    endloop
  endfacet
  facet normal -0.004363309293951533 0.9999904807206944 0
    outer loop
      vertex -82.49371706633104 -0.35994902882347196 -9
      vertex -74.69431108915064 -0.3259174842801619 -10.15
      vertex -82.49371706633104 -0.35994902882347196 -10.15
    endloop
  endfacet
  facet normal -0.004363309293951536 0.9999904807206943 -3.4670988926684115e-19
    outer loop
      vertex -82.49371706633104 -0.35994902882347196 -9
      vertex -99.03471970167713 -0.4321232263998998 -9
      vertex -99.03471970167713 -0.4321232263998998 9
    endloop
  endfacet
  facet normal -0.004363309293951533 0.9999904807206943 0
    outer loop
      vertex -82.49371706633104 -0.35994902882347196 -9
      vertex -82.49371706633104 -0.35994902882347196 9
      vertex -74.69431108915064 -0.3259174842801619 -10.15
    endloop
  endfacet
  facet normal -0.004363309293951536 0.9999904807206943 0
    outer loop
      vertex -82.49371706633104 -0.35994902882347196 -9
      vertex -99.03471970167713 -0.4321232263998998 9
      vertex -82.49371706633104 -0.35994902882347196 9
    endloop
  endfacet
  facet normal -0.004363309293951533 0.9999904807206944 0
    outer loop
      vertex -74.69431108915064 -0.3259174842801619 10.15
      vertex -74.69431108915064 -0.3259174842801619 -10.15
      vertex -82.49371706633104 -0.35994902882347196 9
    endloop
  endfacet
  facet normal -0.004363309293951533 0.9999904807206944 2.624025324140019e-18
    outer loop
      vertex -74.69431108915064 -0.3259174842801619 10.15
      vertex -82.49371706633104 -0.35994902882347196 9
      vertex -82.49371706633104 -0.35994902882347196 10.15
    endloop
  endfacet
  facet normal -0.2775433103382374 0.9607131262174431 0
    outer loop
      vertex 61.966586518270624 17.9017139282315 -25.7
      vertex 68.11085371626137 19.67674979606353 -25.02142818908993
      vertex 61.966586518270624 17.9017139282315 -29.7
    endloop
  endfacet
  facet normal -0.27754331033823837 0.960713126217443 1.88173807184158e-15
    outer loop
      vertex 61.966586518270624 17.9017139282315 -29.7
      vertex 69.18684260928323 19.98759547008097 -26.1012238019828
      vertex 69.53537072577593 20.08828280801523 -26.255387387525545
    endloop
  endfacet
  facet normal -0.27754331033823226 0.9607131262174446 -1.2267944926204481e-14
    outer loop
      vertex 61.966586518270624 17.9017139282315 -29.7
      vertex 69.53537072577593 20.08828280801523 -26.255387387525545
      vertex 69.90174946096573 20.194127064981377 -26.35508732743956
    endloop
  endfacet
  facet normal -0.27754331033823526 0.9607131262174438 -4.8633612718791384e-15
    outer loop
      vertex 61.966586518270624 17.9017139282315 -29.7
      vertex 68.8635933831935 19.894211026978326 -25.895882299986027
      vertex 69.18684260928323 19.98759547008097 -26.1012238019828
    endloop
  endfacet
  facet normal -0.27754331033823687 0.9607131262174433 -2.0098801953777313e-15
    outer loop
      vertex 61.966586518270624 17.9017139282315 -29.7
      vertex 68.57251254355161 19.810119805982602 -25.643739379146588
      vertex 68.8635933831935 19.894211026978326 -25.895882299986027
    endloop
  endfacet
  facet normal -0.2775433103382447 0.9607131262174411 1.1982299717806207e-14
    outer loop
      vertex 68.31980397309448 19.73711406547433 -25.350169028064194
      vertex 68.57251254355161 19.810119805982602 -25.643739379146588
      vertex 61.966586518270624 17.9017139282315 -29.7
    endloop
  endfacet
  facet normal -0.27754331033823404 0.9607131262174441 -4.858931244249486e-15
    outer loop
      vertex 68.11085371626137 19.67674979606353 -25.02142818908993
      vertex 68.31980397309448 19.73711406547433 -25.350169028064194
      vertex 61.966586518270624 17.9017139282315 -29.7
    endloop
  endfacet
  facet normal -0.2775433103374541 0.9607131262176694 -3.5279369327051016e-12
    outer loop
      vertex 61.966586518270624 17.9017139282315 -25.7
      vertex 61.963973373999444 17.90095900910776 -25.7
      vertex 67.8410142420607 19.59879505714531 -24.287061474070203
    endloop
  endfacet
  facet normal -0.2775433103382373 0.9607131262174432 -6.915928434962513e-16
    outer loop
      vertex 61.966586518270624 17.9017139282315 -25.7
      vertex 67.95011518500763 19.630313557351233 -24.664523402463058
      vertex 68.11085371626137 19.67674979606353 -25.02142818908993
    endloop
  endfacet
  facet normal -0.2775433103382379 0.960713126217443 2.9459081708696254e-15
    outer loop
      vertex 61.966586518270624 17.9017139282315 -25.7
      vertex 67.8410142420607 19.59879505714531 -24.287061474070203
      vertex 67.95011518500763 19.630313557351233 -24.664523402463058
    endloop
  endfacet
  facet normal -0.27754331033823576 0.9607131262174435 -5.493562495570012e-15
    outer loop
      vertex 67.78587618460384 19.5828660575568 -23.89708734958445
      vertex 67.8410142420607 19.59879505714531 -24.287061474070203
      vertex 61.963973373999444 17.90095900910776 -25.7
    endloop
  endfacet
  facet normal -0.27754331033823726 0.9607131262174432 0
    outer loop
      vertex 67.78587618460384 19.5828660575568 -23.50291265041555
      vertex 67.78587618460384 19.5828660575568 -23.89708734958445
      vertex 61.963973373999444 17.90095900910776 -25.7
    endloop
  endfacet
  facet normal -0.27754331033823937 0.9607131262174425 6.053700055909806e-15
    outer loop
      vertex 67.78587618460384 19.5828660575568 -23.50291265041555
      vertex 61.963973373999444 17.90095900910776 -25.7
      vertex 67.8410142420607 19.59879505714531 -23.112938525929795
    endloop
  endfacet
  facet normal -0.2775433103382356 0.9607131262174438 -3.5201355967974015e-15
    outer loop
      vertex 67.8410142420607 19.59879505714531 -23.112938525929795
      vertex 61.963973373999444 17.90095900910776 -25.7
      vertex 67.95011518500763 19.630313557351233 -22.73547659753694
    endloop
  endfacet
  facet normal -0.2775433103382376 0.9607131262174431 8.723019495457899e-16
    outer loop
      vertex 67.95011518500763 19.630313557351233 -22.73547659753694
      vertex 61.963973373999444 17.90095900910776 -25.7
      vertex 68.11085371626137 19.67674979606353 -22.378571810910067
    endloop
  endfacet
  facet normal -0.2775433103382424 0.9607131262174416 1.0638458498182768e-14
    outer loop
      vertex 68.11085371626137 19.67674979606353 -22.378571810910067
      vertex 61.963973373999444 17.90095900910776 -25.7
      vertex 68.31980397309448 19.73711406547433 -22.049830971935805
    endloop
  endfacet
  facet normal -0.2775433103382377 0.9607131262174431 1.2961973682008267e-15
    outer loop
      vertex 61.966586518270624 17.9017139282315 -29.7
      vertex 69.90174946096573 20.194127064981377 -26.35508732743956
      vertex 78.77590413438689 22.757808352664128 -29.7
    endloop
  endfacet
  facet normal -0.2775433103382449 0.960713126217441 -2.2230541905757748e-14
    outer loop
      vertex 78.77590413438689 22.757808352664128 -29.7
      vertex 69.90174946096573 20.194127064981377 -26.35508732743956
      vertex 70.27817008820057 20.302872354403714 -26.398198690599646
    endloop
  endfacet
  facet normal -0.27754331033824026 0.9607131262174424 -6.338032497142343e-15
    outer loop
      vertex 70.27817008820057 20.302872354403714 -26.398198690599646
      vertex 70.65660985533367 20.41220095923635 -26.38380263314785
      vertex 78.77590413438689 22.757808352664128 -29.7
    endloop
  endfacet
  facet normal -0.277543310338236 0.9607131262174436 4.9303751532748885e-15
    outer loop
      vertex 70.65660985533367 20.41220095923635 -26.38380263314785
      vertex 71.02900297575694 20.519782730078177 -26.312205982055048
      vertex 78.77590413438689 22.757808352664128 -29.7
    endloop
  endfacet
  facet normal -0.2775433103382413 0.9607131262174421 -8.864034081104422e-15
    outer loop
      vertex 78.77590413438689 22.757808352664128 -29.7
      vertex 71.02900297575694 20.519782730078177 -26.312205982055048
      vertex 71.38741253663888 20.623324748261798 -26.18493469563673
    endloop
  endfacet
  facet normal -0.2775433103382416 0.9607131262174419 -8.154027275658792e-15
    outer loop
      vertex 78.77590413438689 22.757808352664128 -29.7
      vertex 71.38741253663888 20.623324748261798 -26.18493469563673
      vertex 71.72419966044217 20.720620195434137 -26.004701340400835
    endloop
  endfacet
  facet normal -0.2775433103382347 0.9607131262174441 5.4484216029418264e-15
    outer loop
      vertex 78.77590413438689 22.757808352664128 -29.7
      vertex 71.72419966044217 20.720620195434137 -26.004701340400835
      vertex 72.03218631433599 20.809595388058224 -25.775347277402037
    endloop
  endfacet
  facet normal -0.27754331033823687 0.9607131262174433 2.624327268939211e-16
    outer loop
      vertex 68.31980397309448 19.73711406547433 -22.049830971935805
      vertex 61.963973373999444 17.90095900910776 -25.7
      vertex 64.20310389252437 18.547828172681694 -17.75
    endloop
  endfacet
  facet normal -0.2775433103382361 0.9607131262174435 0
    outer loop
      vertex 61.963973373999444 17.90095900910776 -25.7
      vertex 61.963973373999444 17.90095900910776 -17.75
      vertex 64.20310389252437 18.547828172681694 -17.75
    endloop
  endfacet
  facet normal -0.2775433103382468 0.9607131262174405 -9.999592224634306e-15
    outer loop
      vertex 68.31980397309448 19.73711406547433 -22.049830971935805
      vertex 64.20310389252437 18.547828172681694 -17.75
      vertex 68.57251254355161 19.810119805982602 -21.75626062085341
    endloop
  endfacet
  facet normal -0.2775433103382365 0.9607131262174433 2.1707928742630917e-15
    outer loop
      vertex 68.8635933831935 19.894211026978326 -21.50411770001397
      vertex 68.57251254355161 19.810119805982602 -21.75626062085341
      vertex 64.20310389252437 18.547828172681694 -17.75
    endloop
  endfacet
  facet normal -0.2775433103382288 0.9607131262174456 1.251470024609748e-14
    outer loop
      vertex 69.18684260928325 19.98759547008097 -21.298776198017197
      vertex 68.8635933831935 19.894211026978326 -21.50411770001397
      vertex 64.20310389252437 18.547828172681694 -17.75
    endloop
  endfacet
  facet normal -0.2775433103382446 0.9607131262174411 -1.1531739845245783e-14
    outer loop
      vertex 69.53537072577593 20.08828280801523 -21.144612612474454
      vertex 69.18684260928325 19.98759547008097 -21.298776198017197
      vertex 64.20310389252437 18.547828172681694 -17.75
    endloop
  endfacet
  facet normal -0.2775433103382378 0.9607131262174431 5.880467606055971e-17
    outer loop
      vertex 69.90174946096573 20.19412706498138 -21.04491267256044
      vertex 69.53537072577593 20.08828280801523 -21.144612612474454
      vertex 64.20310389252437 18.547828172681694 -17.75
    endloop
  endfacet
  facet normal -0.27754331033823554 0.9607131262174438 4.330788201414059e-15
    outer loop
      vertex 70.27817008820057 20.302872354403714 -21.001801309400353
      vertex 69.90174946096573 20.19412706498138 -21.04491267256044
      vertex 64.20310389252437 18.547828172681694 -17.75
    endloop
  endfacet
  facet normal -0.2775433103382608 0.9607131262174363 -5.130549988503366e-14
    outer loop
      vertex 71.02900297575694 20.519782730078177 -21.08779401794495
      vertex 64.20310389252437 18.547828172681694 -17.75
      vertex 71.38741253663888 20.623324748261798 -21.215065304363268
    endloop
  endfacet
  facet normal -0.2775433103382496 0.9607131262174395 -2.4276216544719958e-14
    outer loop
      vertex 70.65660985533367 20.412200959236355 -21.016197366852147
      vertex 70.27817008820057 20.302872354403714 -21.001801309400353
      vertex 64.20310389252437 18.547828172681694 -17.75
    endloop
  endfacet
  facet normal -0.27754331033821944 0.9607131262174482 4.0297171164255994e-14
    outer loop
      vertex 71.02900297575694 20.519782730078177 -21.08779401794495
      vertex 70.65660985533367 20.412200959236355 -21.016197366852147
      vertex 64.20310389252437 18.547828172681694 -17.75
    endloop
  endfacet
  facet normal -0.277543310338234 0.960713126217444 -7.128504618016343e-15
    outer loop
      vertex 78.77590413438689 22.757808352664128 -17.75
      vertex 72.032186314336 20.809595388058227 -21.62465272259796
      vertex 71.72419966044217 20.720620195434137 -21.395298659599163
    endloop
  endfacet
  facet normal -0.2775433103382414 0.960713126217442 8.357565014836495e-15
    outer loop
      vertex 78.77590413438689 22.757808352664128 -17.75
      vertex 71.72419966044217 20.720620195434137 -21.395298659599163
      vertex 71.38741253663888 20.623324748261798 -21.215065304363268
    endloop
  endfacet
  facet normal -0.2775433103382378 0.960713126217443 3.7156045476544876e-16
    outer loop
      vertex 64.20310389252437 18.547828172681694 -17.75
      vertex 78.77590413438689 22.757808352664128 -17.75
      vertex 71.38741253663888 20.623324748261798 -21.215065304363268
    endloop
  endfacet
  facet normal -0.2775433103382312 0.960713126217445 1.2256065186582369e-14
    outer loop
      vertex 78.77590413438689 22.757808352664128 -29.7
      vertex 72.03218631433599 20.809595388058224 -25.775347277402037
      vertex 72.30480829750367 20.888353974377573 -25.501760790300047
    endloop
  endfacet
  facet normal -0.2775433103382403 0.9607131262174423 -3.0001278578428114e-15
    outer loop
      vertex 78.77590413438689 22.757808352664128 -29.7
      vertex 72.30480829750367 20.888353974377573 -25.501760790300047
      vertex 72.53625514568671 20.955217351861535 -25.189772900080204
    endloop
  endfacet
  facet normal -0.2775433103382462 0.9607131262174406 -1.1868216806245745e-14
    outer loop
      vertex 78.77590413438689 22.757808352664128 -29.7
      vertex 72.53625514568671 20.955217351861535 -25.189772900080204
      vertex 72.72159397114257 21.0087604437039 -24.8460330869647
    endloop
  endfacet
  facet normal -0.2775433103382263 0.9607131262174463 1.4524960509954113e-14
    outer loop
      vertex 78.77590413438689 22.757808352664128 -29.7
      vertex 72.72159397114257 21.0087604437039 -24.8460330869647
      vertex 72.85687459858276 21.0478420718609 -24.47786756828614
    endloop
  endfacet
  facet normal -0.277543310338242 0.9607131262174418 -4.09635699250289e-15
    outer loop
      vertex 78.77590413438689 22.757808352664128 -29.7
      vertex 72.85687459858276 21.0478420718609 -24.47786756828614
      vertex 72.93921375630082 21.071629279279943 -24.093123152884512
    endloop
  endfacet
  facet normal -0.27754331033823804 0.9607131262174429 1.8020781333689063e-16
    outer loop
      vertex 78.77590413438689 22.757808352664128 -29.7
      vertex 72.93921375630082 21.071629279279943 -24.093123152884512
      vertex 72.96685652810316 21.079615082933064 -23.7
    endloop
  endfacet
  facet normal -0.27754331033823815 0.9607131262174429 -3.95139606099945e-17
    outer loop
      vertex 78.77590413438689 22.757808352664128 -29.7
      vertex 72.96685652810316 21.079615082933064 -23.7
      vertex 72.93921375630082 21.071629279279943 -23.306876847115486
    endloop
  endfacet
  facet normal -0.27754331033823804 0.9607131262174429 0
    outer loop
      vertex 78.77590413438689 22.757808352664128 -29.7
      vertex 72.93921375630082 21.071629279279943 -23.306876847115486
      vertex 78.77590413438689 22.757808352664128 -17.75
    endloop
  endfacet
  facet normal -0.2775433103382353 0.9607131262174439 -3.141595069825224e-15
    outer loop
      vertex 72.93921375630082 21.071629279279943 -23.306876847115486
      vertex 72.85687459858276 21.047842071860902 -22.92213243171386
      vertex 78.77590413438689 22.757808352664128 -17.75
    endloop
  endfacet
  facet normal -0.2775433103382376 0.9607131262174431 -2.546480530189473e-16
    outer loop
      vertex 72.85687459858276 21.047842071860902 -22.92213243171386
      vertex 72.72159397114257 21.008760443703896 -22.5539669130353
      vertex 78.77590413438689 22.757808352664128 -17.75
    endloop
  endfacet
  facet normal -0.2775433103382318 0.9607131262174448 -1.1190700617863109e-14
    outer loop
      vertex 78.77590413438689 22.757808352664128 -17.75
      vertex 72.30480829750367 20.888353974377573 -21.898239209699952
      vertex 72.032186314336 20.809595388058227 -21.62465272259796
    endloop
  endfacet
  facet normal -0.27754331033824126 0.9607131262174421 4.73432291702819e-15
    outer loop
      vertex 72.72159397114257 21.008760443703896 -22.5539669130353
      vertex 72.53625514568671 20.955217351861535 -22.210227099919795
      vertex 78.77590413438689 22.757808352664128 -17.75
    endloop
  endfacet
  facet normal -0.27754331033824015 0.9607131262174424 2.909116898456465e-15
    outer loop
      vertex 78.77590413438689 22.757808352664128 -17.75
      vertex 72.53625514568671 20.955217351861535 -22.210227099919795
      vertex 72.30480829750367 20.888353974377573 -21.898239209699952
    endloop
  endfacet
  facet normal -0.27754331033823754 0.9607131262174431 0
    outer loop
      vertex 79.25624501325511 22.896575476765737 -10.15
      vertex 71.762927302911 20.731808340780614 -10.15
      vertex 79.25624501325511 22.896575476765737 -9
    endloop
  endfacet
  facet normal -0.27754331033823754 0.9607131262174432 4.359956641296162e-18
    outer loop
      vertex 71.762927302911 20.731808340780614 -10.15
      vertex 79.25624501325511 22.896575476765737 9
      vertex 79.25624501325511 22.896575476765737 -9
    endloop
  endfacet
  facet normal -0.2775433103382376 0.9607131262174431 1.8148256357081676e-18
    outer loop
      vertex 84.87285876959496 24.51917595164779 -9
      vertex 79.25624501325511 22.896575476765737 -9
      vertex 79.25624501325511 22.896575476765737 9
    endloop
  endfacet
  facet normal -0.2775433103382376 0.9607131262174431 7.28894604204409e-18
    outer loop
      vertex 84.87285876959496 24.51917595164779 -9
      vertex 95.1480947716769 27.487619846812173 9
      vertex 95.1480947716769 27.487619846812173 -9
    endloop
  endfacet
  facet normal -0.2775433103382375 0.9607131262174431 0
    outer loop
      vertex 71.762927302911 20.731808340780614 -10.15
      vertex 71.762927302911 20.731808340780614 10.15
      vertex 79.25624501325511 22.896575476765737 10.15
    endloop
  endfacet
  facet normal -0.27754331033823754 0.9607131262174431 0
    outer loop
      vertex 79.25624501325511 22.896575476765737 10.15
      vertex 79.25624501325511 22.896575476765737 9
      vertex 71.762927302911 20.731808340780614 -10.15
    endloop
  endfacet
  facet normal -0.27754331033823754 0.9607131262174431 5.140745261373303e-18
    outer loop
      vertex 84.87285876959496 24.51917595164779 -9
      vertex 79.25624501325511 22.896575476765737 9
      vertex 95.1480947716769 27.487619846812173 9
    endloop
  endfacet
endsolid OpenSCAD_Model
