solid OpenSCAD_Model
  facet normal 0 0 -1
    outer loop
      vertex 66.52347773089816 -60.692815457312975 -25.5
      vertex 66.60133008219518 -60.5856608885216 -25.5
      vertex 66.60437943033565 -60.75159398254222 -25.5
    endloop
  endfacet
  facet normal -0.5877852522924701 -0.8090169943749497 0
    outer loop
      vertex 66.52347773089816 -60.692815457312975 -25.5
      vertex 66.60437943033565 -60.75159398254222 -25.5
      vertex 66.52347773089816 -60.692815457312975 -10.25
    endloop
  endfacet
  facet normal -0.5877852522924701 -0.8090169943749497 0
    outer loop
      vertex 66.60437943033565 -60.75159398254222 -25.5
      vertex 66.60437943033565 -60.75159398254222 -10.25
      vertex 66.52347773089816 -60.692815457312975 -10.25
    endloop
  endfacet
  facet normal 0 0 -1
    outer loop
      vertex 54.38822281527395 -51.87603667292588 -25.5
      vertex 66.60133008219518 -60.5856608885216 -25.5
      vertex 66.52347773089816 -60.692815457312975 -25.5
    endloop
  endfacet
  facet normal 0 0 -1
    outer loop
      vertex 54.38822281527395 -51.87603667292588 -25.5
      vertex 65.41404362205697 -36.70029625611486 -25.5
      vertex 66.60133008219518 -60.5856608885216 -25.5
    endloop
  endfacet
  facet normal 0 0 -1
    outer loop
      vertex 66.60437943033565 -60.75159398254222 -25.5
      vertex 66.60133008219518 -60.5856608885216 -25.5
      vertex 78.36008447618511 -44.57125409504327 -25.5
    endloop
  endfacet
  facet normal 0 0 -1
    outer loop
      vertex 66.60133008219518 -60.5856608885216 -25.5
      vertex 66.14392786112342 -35.69569678542693 -25.5
      vertex 78.27918277674762 -44.51247556981403 -25.5
    endloop
  endfacet
  facet normal 0 0 -1
    outer loop
      vertex 66.60133008219518 -60.5856608885216 -25.5
      vertex 78.27918277674762 -44.51247556981403 -25.5
      vertex 78.36008447618511 -44.57125409504327 -25.5
    endloop
  endfacet
  facet normal 0.8090169943749476 -0.5877852522924729 -1.9534395166330207e-17
    outer loop
      vertex 66.60437943033565 -60.75159398254222 -25.5
      vertex 78.36008447618511 -44.57125409504327 -25.5
      vertex 78.36008447618511 -44.57125409504327 -10.25
    endloop
  endfacet
  facet normal 0.8090169943749476 -0.5877852522924729 0
    outer loop
      vertex 66.60437943033565 -60.75159398254222 -25.5
      vertex 78.36008447618511 -44.57125409504327 -10.25
      vertex 66.60437943033565 -60.75159398254222 -10.25
    endloop
  endfacet
  facet normal 0.5877852522924701 0.8090169943749497 0
    outer loop
      vertex 78.36008447618511 -44.57125409504327 -25.5
      vertex 78.27918277674762 -44.51247556981403 -25.5
      vertex 78.36008447618511 -44.57125409504327 -10.25
    endloop
  endfacet
  facet normal 0.5877852522924701 0.8090169943749497 0
    outer loop
      vertex 78.27918277674762 -44.51247556981403 -25.5
      vertex 78.27918277674762 -44.51247556981403 -10.25
      vertex 78.36008447618511 -44.57125409504327 -10.25
    endloop
  endfacet
  facet normal 0 0 1
    outer loop
      vertex 66.52347773089816 -60.692815457312975 -10.25
      vertex 66.60437943033565 -60.75159398254222 -10.25
      vertex 78.27918277674762 -44.51247556981403 -10.25
    endloop
  endfacet
  facet normal 0 0 1
    outer loop
      vertex 66.60437943033565 -60.75159398254222 -10.25
      vertex 78.36008447618511 -44.57125409504327 -10.25
      vertex 78.27918277674762 -44.51247556981403 -10.25
    endloop
  endfacet
  facet normal 0 0 -1
    outer loop
      vertex 18.144282163302755 -88.20303828285738 -25.5
      vertex 18.27024991380542 -88.16210887962892 -25.5
      vertex 18.175183862740248 -88.29814393448689 -25.5
    endloop
  endfacet
  facet normal 0 0 -1
    outer loop
      vertex 18.144282163302755 -88.20303828285738 -25.5
      vertex 13.509027247678548 -73.93719053843009 -25.5
      vertex 18.27024991380542 -88.16210887962892 -25.5
    endloop
  endfacet
  facet normal -0.9510565162951535 -0.30901699437494723 0
    outer loop
      vertex 18.144282163302755 -88.20303828285738 -25.5
      vertex 18.175183862740248 -88.29814393448689 -25.5
      vertex 18.144282163302755 -88.20303828285738 -10.25
    endloop
  endfacet
  facet normal 0 0 -1
    outer loop
      vertex 18.27024991380542 -88.16210887962892 -25.5
      vertex 13.509027247678548 -73.93719053843009 -25.5
      vertex 31.34918006691924 -68.14057350365377 -25.5
    endloop
  endfacet
  facet normal -0.9510565162951535 -0.30901699437494723 0
    outer loop
      vertex 18.175183862740248 -88.29814393448689 -25.5
      vertex 18.175183862740248 -88.29814393448689 -10.25
      vertex 18.144282163302755 -88.20303828285738 -10.25
    endloop
  endfacet
  facet normal 0 0 -1
    outer loop
      vertex 18.175183862740248 -88.29814393448689 -25.5
      vertex 18.27024991380542 -88.16210887962892 -25.5
      vertex 37.19631418864332 -82.11780404698794 -25.5
    endloop
  endfacet
  facet normal 0 0 -1
    outer loop
      vertex 18.27024991380542 -88.16210887962892 -25.5
      vertex 37.16541248920583 -82.02269839535843 -25.5
      vertex 37.19631418864332 -82.11780404698794 -25.5
    endloop
  endfacet
  facet normal 0.30901699437494723 -0.9510565162951535 1.6063304244626464e-17
    outer loop
      vertex 18.175183862740248 -88.29814393448689 -25.5
      vertex 37.19631418864332 -82.11780404698794 -25.5
      vertex 37.19631418864332 -82.11780404698794 -10.25
    endloop
  endfacet
  facet normal 0 0 -1
    outer loop
      vertex 18.27024991380542 -88.16210887962892 -25.5
      vertex 32.53015757358162 -67.75685065093114 -25.5
      vertex 37.16541248920583 -82.02269839535843 -25.5
    endloop
  endfacet
  facet normal 0.9510565162951535 0.30901699437494723 0
    outer loop
      vertex 37.19631418864332 -82.11780404698794 -25.5
      vertex 37.16541248920583 -82.02269839535843 -25.5
      vertex 37.19631418864332 -82.11780404698794 -10.25
    endloop
  endfacet
  facet normal 0.30901699437494723 -0.9510565162951535 0
    outer loop
      vertex 18.175183862740248 -88.29814393448689 -25.5
      vertex 37.19631418864332 -82.11780404698794 -10.25
      vertex 18.175183862740248 -88.29814393448689 -10.25
    endloop
  endfacet
  facet normal 0.9510565162951535 0.30901699437494723 0
    outer loop
      vertex 37.16541248920583 -82.02269839535843 -25.5
      vertex 37.16541248920583 -82.02269839535843 -10.25
      vertex 37.19631418864332 -82.11780404698794 -10.25
    endloop
  endfacet
  facet normal 0 0 1
    outer loop
      vertex 18.144282163302755 -88.20303828285738 -10.25
      vertex 18.175183862740248 -88.29814393448689 -10.25
      vertex 37.16541248920583 -82.02269839535843 -10.25
    endloop
  endfacet
  facet normal 0 0 1
    outer loop
      vertex 18.175183862740248 -88.29814393448689 -10.25
      vertex 37.19631418864332 -82.11780404698794 -10.25
      vertex 37.16541248920583 -82.02269839535843 -10.25
    endloop
  endfacet
  facet normal 0 0 -1
    outer loop
      vertex -37.19631418864332 -82.11780404698794 -25.5
      vertex -37.03944473870317 -82.0636277985869 -25.5
      vertex -18.175183862740248 -88.29814393448689 -25.5
    endloop
  endfacet
  facet normal 0 0 -1
    outer loop
      vertex -37.19631418864332 -82.11780404698794 -25.5
      vertex -37.16541248920583 -82.02269839535843 -25.5
      vertex -37.03944473870317 -82.0636277985869 -25.5
    endloop
  endfacet
  facet normal 0 0 -1
    outer loop
      vertex -37.16541248920583 -82.02269839535843 -25.5
      vertex -32.53015757358162 -67.75685065093114 -25.5
      vertex -37.03944473870317 -82.0636277985869 -25.5
    endloop
  endfacet
  facet normal -0.9510565162951535 0.30901699437494723 -7.439064132362135e-20
    outer loop
      vertex -37.19631418864332 -82.11780404698794 -25.5
      vertex -37.16541248920583 -82.02269839535843 -10.25
      vertex -37.16541248920583 -82.02269839535843 -25.5
    endloop
  endfacet
  facet normal 0 0 -1
    outer loop
      vertex -37.03944473870317 -82.0636277985869 -25.5
      vertex -18.144282163302755 -88.20303828285738 -25.5
      vertex -18.175183862740248 -88.29814393448689 -25.5
    endloop
  endfacet
  facet normal -0.30901699437494723 -0.9510565162951535 -1.6063304244626464e-17
    outer loop
      vertex -37.19631418864332 -82.11780404698794 -25.5
      vertex -18.175183862740248 -88.29814393448689 -25.5
      vertex -18.175183862740248 -88.29814393448689 -10.25
    endloop
  endfacet
  facet normal 0 0 -1
    outer loop
      vertex -37.03944473870317 -82.0636277985869 -25.5
      vertex -13.509027247678548 -73.93719053843009 -25.5
      vertex -18.144282163302755 -88.20303828285738 -25.5
    endloop
  endfacet
  facet normal -0.30901699437494723 -0.9510565162951535 0
    outer loop
      vertex -37.19631418864332 -82.11780404698794 -25.5
      vertex -18.175183862740248 -88.29814393448689 -10.25
      vertex -37.19631418864332 -82.11780404698794 -10.25
    endloop
  endfacet
  facet normal -0.9510565162951535 0.30901699437494723 0
    outer loop
      vertex -37.19631418864332 -82.11780404698794 -25.5
      vertex -37.19631418864332 -82.11780404698794 -10.25
      vertex -37.16541248920583 -82.02269839535843 -10.25
    endloop
  endfacet
  facet normal 0 0 -1
    outer loop
      vertex -37.03944473870317 -82.0636277985869 -25.5
      vertex -32.53015757358162 -67.75685065093114 -25.5
      vertex -14.690004754340924 -73.55346768570746 -25.5
    endloop
  endfacet
  facet normal 0.9510565162951535 -0.30901699437494723 -7.439064132362135e-20
    outer loop
      vertex -18.144282163302755 -88.20303828285738 -25.5
      vertex -18.175183862740248 -88.29814393448689 -10.25
      vertex -18.175183862740248 -88.29814393448689 -25.5
    endloop
  endfacet
  facet normal 0.9510565162951535 -0.30901699437494723 0
    outer loop
      vertex -18.144282163302755 -88.20303828285738 -25.5
      vertex -18.144282163302755 -88.20303828285738 -10.25
      vertex -18.175183862740248 -88.29814393448689 -10.25
    endloop
  endfacet
  facet normal 0 0 1
    outer loop
      vertex -37.19631418864332 -82.11780404698794 -10.25
      vertex -18.144282163302755 -88.20303828285738 -10.25
      vertex -37.16541248920583 -82.02269839535843 -10.25
    endloop
  endfacet
  facet normal 0 0 1
    outer loop
      vertex -37.19631418864332 -82.11780404698794 -10.25
      vertex -18.175183862740248 -88.29814393448689 -10.25
      vertex -18.144282163302755 -88.20303828285738 -10.25
    endloop
  endfacet
  facet normal 0.5877852522924701 -0.8090169943749497 2.7961178446288897e-19
    outer loop
      vertex -66.52347773089816 -60.692815457312975 -25.5
      vertex -66.60437943033565 -60.75159398254222 -10.25
      vertex -66.60437943033565 -60.75159398254222 -25.5
    endloop
  endfacet
  facet normal 0.5877852522924701 -0.8090169943749497 0
    outer loop
      vertex -66.52347773089816 -60.692815457312975 -25.5
      vertex -66.52347773089816 -60.692815457312975 -10.25
      vertex -66.60437943033565 -60.75159398254222 -10.25
    endloop
  endfacet
  facet normal 0 0 -1
    outer loop
      vertex -66.60437943033565 -60.75159398254222 -25.5
      vertex -78.36008447618511 -44.57125409504327 -25.5
      vertex -78.2013304254506 -44.6196301386054 -25.5
    endloop
  endfacet
  facet normal 0 0 -1
    outer loop
      vertex -66.52347773089816 -60.692815457312975 -25.5
      vertex -66.60437943033565 -60.75159398254222 -25.5
      vertex -78.2013304254506 -44.6196301386054 -25.5
    endloop
  endfacet
  facet normal -0.8090169943749476 -0.5877852522924729 0
    outer loop
      vertex -66.60437943033565 -60.75159398254222 -25.5
      vertex -66.60437943033565 -60.75159398254222 -10.25
      vertex -78.36008447618511 -44.57125409504327 -25.5
    endloop
  endfacet
  facet normal 0 0 -1
    outer loop
      vertex -66.52347773089816 -60.692815457312975 -25.5
      vertex -78.2013304254506 -44.6196301386054 -25.5
      vertex -54.38822281527395 -51.87603667292588 -25.5
    endloop
  endfacet
  facet normal -0.8090169943749476 -0.5877852522924729 1.9534395166330207e-17
    outer loop
      vertex -66.60437943033565 -60.75159398254222 -10.25
      vertex -78.36008447618511 -44.57125409504327 -10.25
      vertex -78.36008447618511 -44.57125409504327 -25.5
    endloop
  endfacet
  facet normal 0 0 -1
    outer loop
      vertex -78.36008447618511 -44.57125409504327 -25.5
      vertex -78.27918277674762 -44.51247556981403 -25.5
      vertex -78.2013304254506 -44.6196301386054 -25.5
    endloop
  endfacet
  facet normal 0 0 -1
    outer loop
      vertex -78.2013304254506 -44.6196301386054 -25.5
      vertex -78.27918277674762 -44.51247556981403 -25.5
      vertex -66.14392786112342 -35.69569678542693 -25.5
    endloop
  endfacet
  facet normal -0.5877852522924701 0.8090169943749497 2.7961178446288897e-19
    outer loop
      vertex -78.36008447618511 -44.57125409504327 -25.5
      vertex -78.27918277674762 -44.51247556981403 -10.25
      vertex -78.27918277674762 -44.51247556981403 -25.5
    endloop
  endfacet
  facet normal 0 0 -1
    outer loop
      vertex -55.118107054340406 -50.87143720223795 -25.5
      vertex -78.2013304254506 -44.6196301386054 -25.5
      vertex -66.14392786112342 -35.69569678542693 -25.5
    endloop
  endfacet
  facet normal -0.5877852522924701 0.8090169943749497 0
    outer loop
      vertex -78.36008447618511 -44.57125409504327 -25.5
      vertex -78.36008447618511 -44.57125409504327 -10.25
      vertex -78.27918277674762 -44.51247556981403 -10.25
    endloop
  endfacet
  facet normal 0 0 1
    outer loop
      vertex -66.52347773089816 -60.692815457312975 -10.25
      vertex -78.27918277674762 -44.51247556981403 -10.25
      vertex -78.36008447618511 -44.57125409504327 -10.25
    endloop
  endfacet
  facet normal 0 0 1
    outer loop
      vertex -66.52347773089816 -60.692815457312975 -10.25
      vertex -78.36008447618511 -44.57125409504327 -10.25
      vertex -66.60437943033565 -60.75159398254222 -10.25
    endloop
  endfacet
  facet normal 0 0 -1
    outer loop
      vertex 74.4929658551372 -10 -25.5
      vertex 89.4929658551372 -9.86754966887418 -25.5
      vertex 89.4929658551372 -10 -25.5
    endloop
  endfacet
  facet normal 0 0 -1
    outer loop
      vertex 89.4929658551372 -10 -25.5
      vertex 89.4929658551372 -9.86754966887418 -25.5
      vertex 89.5929658551372 -10 -25.5
    endloop
  endfacet
  facet normal 0 -1 0
    outer loop
      vertex 89.4929658551372 -10 -25.5
      vertex 89.5929658551372 -10 -25.5
      vertex 89.4929658551372 -10 -10.25
    endloop
  endfacet
  facet normal 0 0 -1
    outer loop
      vertex 74.4929658551372 -10 -25.5
      vertex 74.4929658551372 8.758246764069414 -25.5
      vertex 89.4929658551372 -9.86754966887418 -25.5
    endloop
  endfacet
  facet normal 0 0 -1
    outer loop
      vertex 89.5929658551372 -10 -25.5
      vertex 89.4929658551372 -9.86754966887418 -25.5
      vertex 89.5929658551372 10 -25.5
    endloop
  endfacet
  facet normal 0 -1 0
    outer loop
      vertex 89.5929658551372 -10 -25.5
      vertex 89.5929658551372 -10 -10.25
      vertex 89.4929658551372 -10 -10.25
    endloop
  endfacet
  facet normal 1 0 0
    outer loop
      vertex 89.5929658551372 -10 -25.5
      vertex 89.5929658551372 10 -10.25
      vertex 89.5929658551372 -10 -10.25
    endloop
  endfacet
  facet normal 0 0 1
    outer loop
      vertex 89.4929658551372 -10 -10.25
      vertex 89.5929658551372 -10 -10.25
      vertex 89.4929658551372 10 -10.25
    endloop
  endfacet
  facet normal 0 0 -1
    outer loop
      vertex 89.4929658551372 -9.86754966887418 -25.5
      vertex 74.4929658551372 10 -25.5
      vertex 89.4929658551372 10 -25.5
    endloop
  endfacet
  facet normal 0 0 -1
    outer loop
      vertex 89.4929658551372 -9.86754966887418 -25.5
      vertex 89.4929658551372 10 -25.5
      vertex 89.5929658551372 10 -25.5
    endloop
  endfacet
  facet normal 1 0 0
    outer loop
      vertex 89.5929658551372 -10 -25.5
      vertex 89.5929658551372 10 -25.5
      vertex 89.5929658551372 10 -10.25
    endloop
  endfacet
  facet normal 0 1 0
    outer loop
      vertex 89.4929658551372 10 -25.5
      vertex 89.5929658551372 10 -10.25
      vertex 89.5929658551372 10 -25.5
    endloop
  endfacet
  facet normal 0 1 0
    outer loop
      vertex 89.4929658551372 10 -25.5
      vertex 89.4929658551372 10 -10.25
      vertex 89.5929658551372 10 -10.25
    endloop
  endfacet
  facet normal 0 0 1
    outer loop
      vertex 89.5929658551372 -10 -10.25
      vertex 89.5929658551372 10 -10.25
      vertex 89.4929658551372 10 -10.25
    endloop
  endfacet
  facet normal -0.5877852522924701 -0.8090169943749497 0
    outer loop
      vertex 66.52347773089816 -60.692815457312975 10.25
      vertex 66.60437943033565 -60.75159398254222 10.25
      vertex 66.52347773089816 -60.692815457312975 25.5
    endloop
  endfacet
  facet normal -0.5877852522924701 -0.8090169943749497 0
    outer loop
      vertex 66.60437943033565 -60.75159398254222 10.25
      vertex 66.60437943033565 -60.75159398254222 25.5
      vertex 66.52347773089816 -60.692815457312975 25.5
    endloop
  endfacet
  facet normal 0 0 -1
    outer loop
      vertex 66.52347773089816 -60.692815457312975 10.25
      vertex 78.36008447618511 -44.57125409504327 10.25
      vertex 66.60437943033565 -60.75159398254222 10.25
    endloop
  endfacet
  facet normal 0 0 -1
    outer loop
      vertex 66.52347773089816 -60.692815457312975 10.25
      vertex 78.27918277674762 -44.51247556981403 10.25
      vertex 78.36008447618511 -44.57125409504327 10.25
    endloop
  endfacet
  facet normal 0 0 1
    outer loop
      vertex 54.38822281527395 -51.87603667292588 25.5
      vertex 66.52347773089816 -60.692815457312975 25.5
      vertex 78.2013304254506 -44.6196301386054 25.5
    endloop
  endfacet
  facet normal 0 0 1
    outer loop
      vertex 55.118107054340406 -50.87143720223795 25.5
      vertex 78.2013304254506 -44.6196301386054 25.5
      vertex 66.14392786112342 -35.69569678542693 25.5
    endloop
  endfacet
  facet normal 0.8090169943749476 -0.5877852522924729 -1.9534395166330207e-17
    outer loop
      vertex 66.60437943033565 -60.75159398254222 10.25
      vertex 78.36008447618511 -44.57125409504327 10.25
      vertex 78.36008447618511 -44.57125409504327 25.5
    endloop
  endfacet
  facet normal 0.8090169943749476 -0.5877852522924729 0
    outer loop
      vertex 66.60437943033565 -60.75159398254222 10.25
      vertex 78.36008447618511 -44.57125409504327 25.5
      vertex 66.60437943033565 -60.75159398254222 25.5
    endloop
  endfacet
  facet normal 0 0 1
    outer loop
      vertex 66.52347773089816 -60.692815457312975 25.5
      vertex 66.60437943033565 -60.75159398254222 25.5
      vertex 78.2013304254506 -44.6196301386054 25.5
    endloop
  endfacet
  facet normal 0 0 1
    outer loop
      vertex 66.60437943033565 -60.75159398254222 25.5
      vertex 78.36008447618511 -44.57125409504327 25.5
      vertex 78.2013304254506 -44.6196301386054 25.5
    endloop
  endfacet
  facet normal 0.5877852522924701 0.8090169943749497 0
    outer loop
      vertex 78.36008447618511 -44.57125409504327 10.25
      vertex 78.27918277674762 -44.51247556981403 10.25
      vertex 78.36008447618511 -44.57125409504327 25.5
    endloop
  endfacet
  facet normal 0.5877852522924701 0.8090169943749497 0
    outer loop
      vertex 78.27918277674762 -44.51247556981403 10.25
      vertex 78.27918277674762 -44.51247556981403 25.5
      vertex 78.36008447618511 -44.57125409504327 25.5
    endloop
  endfacet
  facet normal 0 0 1
    outer loop
      vertex 78.2013304254506 -44.6196301386054 25.5
      vertex 78.36008447618511 -44.57125409504327 25.5
      vertex 78.27918277674762 -44.51247556981403 25.5
    endloop
  endfacet
  facet normal 0 0 1
    outer loop
      vertex 66.14392786112342 -35.69569678542693 25.5
      vertex 78.2013304254506 -44.6196301386054 25.5
      vertex 78.27918277674762 -44.51247556981403 25.5
    endloop
  endfacet
  facet normal 0 0 -1
    outer loop
      vertex 18.144282163302755 -88.20303828285738 10.25
      vertex 37.19631418864332 -82.11780404698794 10.25
      vertex 18.175183862740248 -88.29814393448689 10.25
    endloop
  endfacet
  facet normal 0 0 -1
    outer loop
      vertex 18.144282163302755 -88.20303828285738 10.25
      vertex 37.16541248920583 -82.02269839535843 10.25
      vertex 37.19631418864332 -82.11780404698794 10.25
    endloop
  endfacet
  facet normal -0.9510565162951535 -0.30901699437494723 0
    outer loop
      vertex 18.144282163302755 -88.20303828285738 10.25
      vertex 18.175183862740248 -88.29814393448689 10.25
      vertex 18.144282163302755 -88.20303828285738 25.5
    endloop
  endfacet
  facet normal -0.9510565162951535 -0.30901699437494723 0
    outer loop
      vertex 18.175183862740248 -88.29814393448689 10.25
      vertex 18.175183862740248 -88.29814393448689 25.5
      vertex 18.144282163302755 -88.20303828285738 25.5
    endloop
  endfacet
  facet normal 0 0 1
    outer loop
      vertex 18.144282163302755 -88.20303828285738 25.5
      vertex 37.03944473870317 -82.0636277985869 25.5
      vertex 13.509027247678548 -73.93719053843009 25.5
    endloop
  endfacet
  facet normal 0.30901699437494723 -0.9510565162951535 1.6063304244626464e-17
    outer loop
      vertex 18.175183862740248 -88.29814393448689 10.25
      vertex 37.19631418864332 -82.11780404698794 10.25
      vertex 37.19631418864332 -82.11780404698794 25.5
    endloop
  endfacet
  facet normal 0.9510565162951535 0.30901699437494723 0
    outer loop
      vertex 37.19631418864332 -82.11780404698794 10.25
      vertex 37.16541248920583 -82.02269839535843 10.25
      vertex 37.19631418864332 -82.11780404698794 25.5
    endloop
  endfacet
  facet normal 0.30901699437494723 -0.9510565162951535 0
    outer loop
      vertex 18.175183862740248 -88.29814393448689 10.25
      vertex 37.19631418864332 -82.11780404698794 25.5
      vertex 18.175183862740248 -88.29814393448689 25.5
    endloop
  endfacet
  facet normal 0 0 1
    outer loop
      vertex 18.144282163302755 -88.20303828285738 25.5
      vertex 18.175183862740248 -88.29814393448689 25.5
      vertex 37.03944473870317 -82.0636277985869 25.5
    endloop
  endfacet
  facet normal 0 0 1
    outer loop
      vertex 18.175183862740248 -88.29814393448689 25.5
      vertex 37.19631418864332 -82.11780404698794 25.5
      vertex 37.03944473870317 -82.0636277985869 25.5
    endloop
  endfacet
  facet normal 0.9510565162951535 0.30901699437494723 0
    outer loop
      vertex 37.16541248920583 -82.02269839535843 10.25
      vertex 37.16541248920583 -82.02269839535843 25.5
      vertex 37.19631418864332 -82.11780404698794 25.5
    endloop
  endfacet
  facet normal 0 0 1
    outer loop
      vertex 37.03944473870317 -82.0636277985869 25.5
      vertex 37.19631418864332 -82.11780404698794 25.5
      vertex 37.16541248920583 -82.02269839535843 25.5
    endloop
  endfacet
  facet normal 0 0 1
    outer loop
      vertex 32.53015757358162 -67.75685065093114 25.5
      vertex 37.03944473870317 -82.0636277985869 25.5
      vertex 37.16541248920583 -82.02269839535843 25.5
    endloop
  endfacet
  facet normal 0 0 1
    outer loop
      vertex 14.690004754340924 -73.55346768570746 25.5
      vertex 37.03944473870317 -82.0636277985869 25.5
      vertex 32.53015757358162 -67.75685065093114 25.5
    endloop
  endfacet
  facet normal 0 0 -1
    outer loop
      vertex -37.19631418864332 -82.11780404698794 10.25
      vertex -37.16541248920583 -82.02269839535843 10.25
      vertex -18.175183862740248 -88.29814393448689 10.25
    endloop
  endfacet
  facet normal 0 0 -1
    outer loop
      vertex -37.16541248920583 -82.02269839535843 10.25
      vertex -18.144282163302755 -88.20303828285738 10.25
      vertex -18.175183862740248 -88.29814393448689 10.25
    endloop
  endfacet
  facet normal -0.9510565162951535 0.30901699437494723 -7.439064132362135e-20
    outer loop
      vertex -37.19631418864332 -82.11780404698794 10.25
      vertex -37.16541248920583 -82.02269839535843 25.5
      vertex -37.16541248920583 -82.02269839535843 10.25
    endloop
  endfacet
  facet normal -0.30901699437494723 -0.9510565162951535 -1.6063304244626464e-17
    outer loop
      vertex -37.19631418864332 -82.11780404698794 10.25
      vertex -18.175183862740248 -88.29814393448689 10.25
      vertex -18.175183862740248 -88.29814393448689 25.5
    endloop
  endfacet
  facet normal -0.30901699437494723 -0.9510565162951535 0
    outer loop
      vertex -37.19631418864332 -82.11780404698794 10.25
      vertex -18.175183862740248 -88.29814393448689 25.5
      vertex -37.19631418864332 -82.11780404698794 25.5
    endloop
  endfacet
  facet normal 0 0 1
    outer loop
      vertex -37.19631418864332 -82.11780404698794 25.5
      vertex -18.27024991380542 -88.16210887962892 25.5
      vertex -37.16541248920583 -82.02269839535843 25.5
    endloop
  endfacet
  facet normal -0.9510565162951535 0.30901699437494723 0
    outer loop
      vertex -37.19631418864332 -82.11780404698794 10.25
      vertex -37.19631418864332 -82.11780404698794 25.5
      vertex -37.16541248920583 -82.02269839535843 25.5
    endloop
  endfacet
  facet normal 0 0 1
    outer loop
      vertex -37.19631418864332 -82.11780404698794 25.5
      vertex -18.175183862740248 -88.29814393448689 25.5
      vertex -18.27024991380542 -88.16210887962892 25.5
    endloop
  endfacet
  facet normal 0 0 1
    outer loop
      vertex -37.16541248920583 -82.02269839535843 25.5
      vertex -18.27024991380542 -88.16210887962892 25.5
      vertex -32.53015757358162 -67.75685065093114 25.5
    endloop
  endfacet
  facet normal 0 0 1
    outer loop
      vertex -31.34918006691924 -68.14057350365377 25.5
      vertex -18.27024991380542 -88.16210887962892 25.5
      vertex -13.509027247678548 -73.93719053843009 25.5
    endloop
  endfacet
  facet normal 0.9510565162951535 -0.30901699437494723 -7.439064132362135e-20
    outer loop
      vertex -18.144282163302755 -88.20303828285738 10.25
      vertex -18.175183862740248 -88.29814393448689 25.5
      vertex -18.175183862740248 -88.29814393448689 10.25
    endloop
  endfacet
  facet normal 0.9510565162951535 -0.30901699437494723 0
    outer loop
      vertex -18.144282163302755 -88.20303828285738 10.25
      vertex -18.144282163302755 -88.20303828285738 25.5
      vertex -18.175183862740248 -88.29814393448689 25.5
    endloop
  endfacet
  facet normal 0 0 1
    outer loop
      vertex -18.27024991380542 -88.16210887962892 25.5
      vertex -18.175183862740248 -88.29814393448689 25.5
      vertex -18.144282163302755 -88.20303828285738 25.5
    endloop
  endfacet
  facet normal 0 0 1
    outer loop
      vertex -18.27024991380542 -88.16210887962892 25.5
      vertex -18.144282163302755 -88.20303828285738 25.5
      vertex -13.509027247678548 -73.93719053843009 25.5
    endloop
  endfacet
  facet normal 0.5877852522924701 -0.8090169943749497 2.7961178446288897e-19
    outer loop
      vertex -66.52347773089816 -60.692815457312975 10.25
      vertex -66.60437943033565 -60.75159398254222 25.5
      vertex -66.60437943033565 -60.75159398254222 10.25
    endloop
  endfacet
  facet normal 0.5877852522924701 -0.8090169943749497 0
    outer loop
      vertex -66.52347773089816 -60.692815457312975 10.25
      vertex -66.52347773089816 -60.692815457312975 25.5
      vertex -66.60437943033565 -60.75159398254222 25.5
    endloop
  endfacet
  facet normal 0 0 1
    outer loop
      vertex -66.52347773089816 -60.692815457312975 25.5
      vertex -66.60133008219518 -60.5856608885216 25.5
      vertex -66.60437943033565 -60.75159398254222 25.5
    endloop
  endfacet
  facet normal 0 0 -1
    outer loop
      vertex -66.60437943033565 -60.75159398254222 10.25
      vertex -78.36008447618511 -44.57125409504327 10.25
      vertex -78.27918277674762 -44.51247556981403 10.25
    endloop
  endfacet
  facet normal 0 0 -1
    outer loop
      vertex -66.52347773089816 -60.692815457312975 10.25
      vertex -66.60437943033565 -60.75159398254222 10.25
      vertex -78.27918277674762 -44.51247556981403 10.25
    endloop
  endfacet
  facet normal -0.8090169943749476 -0.5877852522924729 0
    outer loop
      vertex -66.60437943033565 -60.75159398254222 10.25
      vertex -66.60437943033565 -60.75159398254222 25.5
      vertex -78.36008447618511 -44.57125409504327 10.25
    endloop
  endfacet
  facet normal -0.8090169943749476 -0.5877852522924729 1.9534395166330207e-17
    outer loop
      vertex -66.60437943033565 -60.75159398254222 25.5
      vertex -78.36008447618511 -44.57125409504327 25.5
      vertex -78.36008447618511 -44.57125409504327 10.25
    endloop
  endfacet
  facet normal 0 0 1
    outer loop
      vertex -66.60133008219518 -60.5856608885216 25.5
      vertex -78.27918277674762 -44.51247556981403 25.5
      vertex -78.36008447618511 -44.57125409504327 25.5
    endloop
  endfacet
  facet normal 0 0 1
    outer loop
      vertex -66.60437943033565 -60.75159398254222 25.5
      vertex -66.60133008219518 -60.5856608885216 25.5
      vertex -78.36008447618511 -44.57125409504327 25.5
    endloop
  endfacet
  facet normal 0 0 1
    outer loop
      vertex -66.60133008219518 -60.5856608885216 25.5
      vertex -66.14392786112342 -35.69569678542693 25.5
      vertex -78.27918277674762 -44.51247556981403 25.5
    endloop
  endfacet
  facet normal -0.5877852522924701 0.8090169943749497 2.7961178446288897e-19
    outer loop
      vertex -78.36008447618511 -44.57125409504327 10.25
      vertex -78.27918277674762 -44.51247556981403 25.5
      vertex -78.27918277674762 -44.51247556981403 10.25
    endloop
  endfacet
  facet normal -0.5877852522924701 0.8090169943749497 0
    outer loop
      vertex -78.36008447618511 -44.57125409504327 10.25
      vertex -78.36008447618511 -44.57125409504327 25.5
      vertex -78.27918277674762 -44.51247556981403 25.5
    endloop
  endfacet
  facet normal 0 0 1
    outer loop
      vertex -66.52347773089816 -60.692815457312975 25.5
      vertex -54.38822281527395 -51.87603667292588 25.5
      vertex -66.60133008219518 -60.5856608885216 25.5
    endloop
  endfacet
  facet normal 0 0 1
    outer loop
      vertex -66.60133008219518 -60.5856608885216 25.5
      vertex -54.38822281527395 -51.87603667292588 25.5
      vertex -65.41404362205697 -36.70029625611486 25.5
    endloop
  endfacet
  facet normal 0 0 -1
    outer loop
      vertex 89.4929658551372 -10 10.25
      vertex 89.5929658551372 10 10.25
      vertex 89.5929658551372 -10 10.25
    endloop
  endfacet
  facet normal 0 -1 0
    outer loop
      vertex 89.4929658551372 -10 10.25
      vertex 89.5929658551372 -10 10.25
      vertex 89.4929658551372 -10 25.5
    endloop
  endfacet
  facet normal 0 -1 0
    outer loop
      vertex 89.5929658551372 -10 10.25
      vertex 89.5929658551372 -10 25.5
      vertex 89.4929658551372 -10 25.5
    endloop
  endfacet
  facet normal 1 0 0
    outer loop
      vertex 89.5929658551372 -10 10.25
      vertex 89.5929658551372 10 25.5
      vertex 89.5929658551372 -10 25.5
    endloop
  endfacet
  facet normal 0 0 1
    outer loop
      vertex 74.4929658551372 -10 25.5
      vertex 89.4929658551372 -10 25.5
      vertex 89.4929658551372 9.86754966887418 25.5
    endloop
  endfacet
  facet normal 0 0 1
    outer loop
      vertex 89.4929658551372 -10 25.5
      vertex 89.5929658551372 -10 25.5
      vertex 89.4929658551372 9.86754966887418 25.5
    endloop
  endfacet
  facet normal 0 0 -1
    outer loop
      vertex 89.4929658551372 -10 10.25
      vertex 89.4929658551372 10 10.25
      vertex 89.5929658551372 10 10.25
    endloop
  endfacet
  facet normal 1 0 0
    outer loop
      vertex 89.5929658551372 -10 10.25
      vertex 89.5929658551372 10 10.25
      vertex 89.5929658551372 10 25.5
    endloop
  endfacet
  facet normal 0 1 0
    outer loop
      vertex 89.4929658551372 10 10.25
      vertex 89.5929658551372 10 25.5
      vertex 89.5929658551372 10 10.25
    endloop
  endfacet
  facet normal 0 0 1
    outer loop
      vertex 74.4929658551372 -8.758246764069414 25.5
      vertex 89.4929658551372 9.86754966887418 25.5
      vertex 74.4929658551372 10 25.5
    endloop
  endfacet
  facet normal 0 0 1
    outer loop
      vertex 89.5929658551372 -10 25.5
      vertex 89.5929658551372 10 25.5
      vertex 89.4929658551372 9.86754966887418 25.5
    endloop
  endfacet
  facet normal 0 1 0
    outer loop
      vertex 89.4929658551372 10 10.25
      vertex 89.4929658551372 10 25.5
      vertex 89.5929658551372 10 25.5
    endloop
  endfacet
  facet normal 0 0 1
    outer loop
      vertex 74.4929658551372 10 25.5
      vertex 89.4929658551372 9.86754966887418 25.5
      vertex 89.4929658551372 10 25.5
    endloop
  endfacet
  facet normal 0 0 1
    outer loop
      vertex 89.4929658551372 9.86754966887418 25.5
      vertex 89.5929658551372 10 25.5
      vertex 89.4929658551372 10 25.5
    endloop
  endfacet
  facet normal 0.8090169943749473 -0.5877852522924731 0
    outer loop
      vertex 66.52347773089816 -60.692815457312975 -25.5
      vertex 66.52347773089816 -60.692815457312975 -10.25
      vertex 63.584551469435795 -64.73790042918772 -9
    endloop
  endfacet
  facet normal -0.5625248310099795 -0.7742490072182402 -0.2900073952828849
    outer loop
      vertex 52.96918320955978 -56.55717637071476 -10.25
      vertex 63.584551469435795 -64.73790042918772 -9
      vertex 62.55384307312482 -63.98904694529559 -9
    endloop
  endfacet
  facet normal 0.8090169943749475 -0.5877852522924731 -5.399793643544328e-18
    outer loop
      vertex 66.52347773089816 -60.692815457312975 -10.25
      vertex 63.584551469435795 -64.73790042918772 9
      vertex 63.584551469435795 -64.73790042918772 -9
    endloop
  endfacet
  facet normal -0.587785252292472 -0.8090169943749483 0
    outer loop
      vertex 63.584551469435795 -64.73790042918772 -9
      vertex 63.584551469435795 -64.73790042918772 9
      vertex 62.55384307312482 -63.98904694529559 -9
    endloop
  endfacet
  facet normal -0.5625248310099829 -0.7742490072182429 -0.29000739528287117
    outer loop
      vertex 54.38822281527395 -51.87603667292588 -25.5
      vertex 66.52347773089816 -60.692815457312975 -25.5
      vertex 63.584551469435795 -64.73790042918772 -9
    endloop
  endfacet
  facet normal -0.5625248310099835 -0.7742490072182425 -0.2900073952828705
    outer loop
      vertex 53.584896563633905 -51.29238598724625 -25.5
      vertex 54.38822281527395 -51.87603667292588 -25.5
      vertex 63.584551469435795 -64.73790042918772 -9
    endloop
  endfacet
  facet normal 0 0 -1
    outer loop
      vertex 53.584896563633905 -51.29238598724625 -25.5
      vertex 65.41404362205697 -36.70029625611486 -25.5
      vertex 54.38822281527395 -51.87603667292588 -25.5
    endloop
  endfacet
  facet normal -0.8090169943749473 0.5877852522924734 0
    outer loop
      vertex 53.584896563633905 -51.29238598724625 -25.5
      vertex 53.584896563633905 -51.29238598724625 -18.45
      vertex 65.34060160948337 -35.1120460997473 -25.5
    endloop
  endfacet
  facet normal -0.5625248310099833 -0.7742490072182426 -0.2900073952828709
    outer loop
      vertex 53.584896563633905 -51.29238598724625 -25.5
      vertex 63.584551469435795 -64.73790042918772 -9
      vertex 52.96918320955978 -56.55717637071476 -10.25
    endloop
  endfacet
  facet normal -0.5625248310099823 -0.7742490072182433 -0.290007395282871
    outer loop
      vertex 53.584896563633905 -51.29238598724625 -25.5
      vertex 52.96918320955978 -56.55717637071476 -10.25
      vertex 50.868616231070206 -55.03102512791836 -10.25
    endloop
  endfacet
  facet normal -0.8090169943749482 0.587785252292472 0
    outer loop
      vertex 53.584896563633905 -51.29238598724625 -25.5
      vertex 50.868616231070206 -55.03102512791836 -10.25
      vertex 53.584896563633905 -51.29238598724625 -18.45
    endloop
  endfacet
  facet normal -0.8090169943749483 0.5877852522924719 0
    outer loop
      vertex 53.584896563633905 -51.29238598724625 -18.45
      vertex 50.868616231070206 -55.03102512791836 -10.25
      vertex 53.584896563633905 -51.29238598724625 -10.45
    endloop
  endfacet
  facet normal 0 0 -1
    outer loop
      vertex 53.584896563633905 -51.29238598724625 -25.5
      vertex 65.34060160948337 -35.1120460997473 -25.5
      vertex 65.41404362205697 -36.70029625611486 -25.5
    endloop
  endfacet
  facet normal 0 0 -1
    outer loop
      vertex 66.60133008219518 -60.5856608885216 -25.5
      vertex 65.41404362205697 -36.70029625611486 -25.5
      vertex 66.14392786112342 -35.69569678542693 -25.5
    endloop
  endfacet
  facet normal -0.8090169943749473 0.5877852522924734 -2.4079479327144135e-17
    outer loop
      vertex 53.584896563633905 -51.29238598724625 -18.45
      vertex 65.34060160948337 -35.1120460997473 -18.45
      vertex 65.34060160948337 -35.1120460997473 -25.5
    endloop
  endfacet
  facet normal 0 0 -1
    outer loop
      vertex 65.41404362205697 -36.70029625611486 -25.5
      vertex 65.34060160948337 -35.1120460997473 -25.5
      vertex 66.14392786112342 -35.69569678542693 -25.5
    endloop
  endfacet
  facet normal 0.5625248310099835 0.7742490072182424 -0.29000739528287117
    outer loop
      vertex 65.34060160948337 -35.1120460997473 -25.5
      vertex 68.05688194204708 -31.373406959075197 -10.25
      vertex 66.14392786112342 -35.69569678542693 -25.5
    endloop
  endfacet
  facet normal -0.8090169943749462 0.5877852522924747 0
    outer loop
      vertex 65.34060160948337 -35.1120460997473 -25.5
      vertex 65.34060160948337 -35.1120460997473 -18.45
      vertex 68.05688194204708 -31.373406959075197 -10.25
    endloop
  endfacet
  facet normal -0.8090169943749463 0.5877852522924747 0
    outer loop
      vertex 65.34060160948337 -35.1120460997473 -18.45
      vertex 65.34060160948337 -35.1120460997473 -10.45
      vertex 68.05688194204708 -31.373406959075197 -10.25
    endloop
  endfacet
  facet normal 0.5625248310099833 0.7742490072182426 -0.29000739528287117
    outer loop
      vertex 66.14392786112342 -35.69569678542693 -25.5
      vertex 68.05688194204708 -31.373406959075197 -10.25
      vertex 78.27918277674762 -44.51247556981403 -25.5
    endloop
  endfacet
  facet normal 0.5625248310099832 0.7742490072182426 -0.29000739528287117
    outer loop
      vertex 78.27918277674762 -44.51247556981403 -25.5
      vertex 70.15744892053665 -32.89955820187159 -10.25
      vertex 81.21810903820999 -40.467390597939286 -9
    endloop
  endfacet
  facet normal 0.5625248310099837 0.7742490072182424 -0.2900073952828708
    outer loop
      vertex 78.27918277674762 -44.51247556981403 -25.5
      vertex 68.05688194204708 -31.373406959075197 -10.25
      vertex 70.15744892053665 -32.89955820187159 -10.25
    endloop
  endfacet
  facet normal 0.8090169943749473 -0.5877852522924731 0
    outer loop
      vertex 78.27918277674762 -44.51247556981403 -25.5
      vertex 81.21810903820999 -40.467390597939286 -9
      vertex 78.27918277674762 -44.51247556981403 -10.25
    endloop
  endfacet
  facet normal -0.562524831009983 -0.7742490072182423 -0.29000739528287256
    outer loop
      vertex 52.96918320955978 -56.55717637071476 -10.25
      vertex 62.55384307312482 -63.98904694529559 -9
      vertex 52.68697024525798 -56.82034421742981 -9
    endloop
  endfacet
  facet normal -0.8090169943749463 0.5877852522924746 2.2552386207065041e-13
    outer loop
      vertex 50.868616231070206 -55.03102512791836 -10.25
      vertex 51.64130777547039 -53.967506456105006 -10.25
      vertex 65.34060160948337 -35.1120460997473 -10.45
    endloop
  endfacet
  facet normal -0.8090169943749473 0.5877852522924734 3.991651741624093e-14
    outer loop
      vertex 50.868616231070206 -55.03102512791836 -10.25
      vertex 65.34060160948337 -35.1120460997473 -10.45
      vertex 53.584896563633905 -51.29238598724625 -10.45
    endloop
  endfacet
  facet normal -0.8090169943749473 0.5877852522924732 3.41726429902954e-14
    outer loop
      vertex 51.64130777547039 -53.967506456105006 -10.25
      vertex 67.28419039764687 -32.4369256308886 -10.25
      vertex 65.34060160948337 -35.1120460997473 -10.45
    endloop
  endfacet
  facet normal -0.8090169943749467 0.5877852522924744 1.2375107483861992e-14
    outer loop
      vertex 65.34060160948337 -35.1120460997473 -10.45
      vertex 67.28419039764687 -32.4369256308886 -10.25
      vertex 68.05688194204708 -31.373406959075197 -10.25
    endloop
  endfacet
  facet normal 0.8090169943749476 -0.5877852522924729 8.220007042177111e-17
    outer loop
      vertex 66.52347773089816 -60.692815457312975 -10.25
      vertex 78.27918277674762 -44.51247556981403 -10.25
      vertex 63.584551469435795 -64.73790042918772 9
    endloop
  endfacet
  facet normal 0.8090169943749475 -0.5877852522924731 -2.3140375828042545e-16
    outer loop
      vertex 78.27918277674762 -44.51247556981403 -10.25
      vertex 81.21810903820999 -40.467390597939286 -9
      vertex 63.584551469435795 -64.73790042918772 9
    endloop
  endfacet
  facet normal 0.5625248310099836 0.7742490072182431 -0.2900073952828691
    outer loop
      vertex 70.15744892053665 -32.89955820187159 -10.25
      vertex 70.32052781403218 -32.54983438618138 -9
      vertex 80.18740064189902 -39.718537114047166 -9
    endloop
  endfacet
  facet normal 0.562524831009986 0.7742490072182511 -0.2900073952828436
    outer loop
      vertex 70.15744892053665 -32.89955820187159 -10.25
      vertex 80.18740064189902 -39.718537114047166 -9
      vertex 81.21810903820999 -40.467390597939286 -9
    endloop
  endfacet
  facet normal 0.587785252292471 0.809016994374949 0
    outer loop
      vertex 80.18740064189902 -39.718537114047166 -9
      vertex 80.18740064189902 -39.718537114047166 9
      vertex 81.21810903820999 -40.467390597939286 -9
    endloop
  endfacet
  facet normal -0.587785252292472 -0.8090169943749483 0
    outer loop
      vertex 62.55384307312482 -63.98904694529559 -9
      vertex 63.584551469435795 -64.73790042918772 9
      vertex 62.55384307312482 -63.98904694529559 9
    endloop
  endfacet
  facet normal -0.5625248310099786 -0.7742490072182391 0.29000739528288977
    outer loop
      vertex 52.96918320955978 -56.55717637071476 10.25
      vertex 62.55384307312482 -63.98904694529559 9
      vertex 63.584551469435795 -64.73790042918772 9
    endloop
  endfacet
  facet normal -0.5625248310099833 -0.7742490072182426 0.2900073952828713
    outer loop
      vertex 52.96918320955978 -56.55717637071476 10.25
      vertex 63.584551469435795 -64.73790042918772 9
      vertex 66.52347773089816 -60.692815457312975 25.5
    endloop
  endfacet
  facet normal 0.8090169943749473 -0.5877852522924731 -6.3735269235277306e-18
    outer loop
      vertex 63.584551469435795 -64.73790042918772 9
      vertex 66.52347773089816 -60.692815457312975 10.25
      vertex 66.52347773089816 -60.692815457312975 25.5
    endloop
  endfacet
  facet normal -0.562524831009983 -0.7742490072182423 0.29000739528287256
    outer loop
      vertex 52.68697024525798 -56.82034421742981 9
      vertex 62.55384307312482 -63.98904694529559 9
      vertex 52.96918320955978 -56.55717637071476 10.25
    endloop
  endfacet
  facet normal 0.8090169943749475 -0.587785252292473 -2.4590010039731644e-16
    outer loop
      vertex 81.21810903820999 -40.467390597939286 -9
      vertex 66.52347773089816 -60.692815457312975 10.25
      vertex 63.584551469435795 -64.73790042918772 9
    endloop
  endfacet
  facet normal 0.8090169943749476 -0.5877852522924729 7.663371215780337e-17
    outer loop
      vertex 81.21810903820999 -40.467390597939286 -9
      vertex 78.27918277674762 -44.51247556981403 10.25
      vertex 66.52347773089816 -60.692815457312975 10.25
    endloop
  endfacet
  facet normal 0.587785252292471 0.809016994374949 0
    outer loop
      vertex 81.21810903820999 -40.467390597939286 -9
      vertex 80.18740064189902 -39.718537114047166 9
      vertex 81.21810903820999 -40.467390597939286 9
    endloop
  endfacet
  facet normal 0.8090169943749475 -0.5877852522924731 0
    outer loop
      vertex 81.21810903820999 -40.467390597939286 -9
      vertex 81.21810903820999 -40.467390597939286 9
      vertex 78.27918277674762 -44.51247556981403 10.25
    endloop
  endfacet
  facet normal 0.5625248310099836 0.774249007218243 0.2900073952828691
    outer loop
      vertex 70.32052781403218 -32.54983438618138 9
      vertex 70.15744892053665 -32.89955820187159 10.25
      vertex 80.18740064189902 -39.718537114047166 9
    endloop
  endfacet
  facet normal 0.562524831009986 0.7742490072182511 0.29000739528284347
    outer loop
      vertex 70.15744892053665 -32.89955820187159 10.25
      vertex 81.21810903820999 -40.467390597939286 9
      vertex 80.18740064189902 -39.718537114047166 9
    endloop
  endfacet
  facet normal -0.5625248310099824 -0.7742490072182434 0.2900073952828703
    outer loop
      vertex 52.96918320955978 -56.55717637071476 10.25
      vertex 66.52347773089816 -60.692815457312975 25.5
      vertex 50.868616231070206 -55.03102512791836 10.25
    endloop
  endfacet
  facet normal -0.8090169943749463 0.5877852522924746 -9.799451913048335e-16
    outer loop
      vertex 50.868616231070206 -55.03102512791836 10.25
      vertex 53.584896563633905 -51.29238598724625 25.5
      vertex 51.64130777547039 -53.967506456105006 10.25
    endloop
  endfacet
  facet normal -0.8090169943749475 0.5877852522924732 -6.318599626225285e-16
    outer loop
      vertex 51.64130777547039 -53.967506456105006 10.25
      vertex 53.584896563633905 -51.29238598724625 25.5
      vertex 67.28419039764687 -32.4369256308886 10.25
    endloop
  endfacet
  facet normal -0.5625248310099835 -0.7742490072182426 0.290007395282871
    outer loop
      vertex 50.868616231070206 -55.03102512791836 10.25
      vertex 54.38822281527395 -51.87603667292588 25.5
      vertex 53.584896563633905 -51.29238598724625 25.5
    endloop
  endfacet
  facet normal 0 0 1
    outer loop
      vertex 53.584896563633905 -51.29238598724625 25.5
      vertex 54.38822281527395 -51.87603667292588 25.5
      vertex 55.118107054340406 -50.87143720223795 25.5
    endloop
  endfacet
  facet normal -0.5625248310099829 -0.774249007218243 0.29000739528287095
    outer loop
      vertex 50.868616231070206 -55.03102512791836 10.25
      vertex 66.52347773089816 -60.692815457312975 25.5
      vertex 54.38822281527395 -51.87603667292588 25.5
    endloop
  endfacet
  facet normal 0 0 1
    outer loop
      vertex 54.38822281527395 -51.87603667292588 25.5
      vertex 78.2013304254506 -44.6196301386054 25.5
      vertex 55.118107054340406 -50.87143720223795 25.5
    endloop
  endfacet
  facet normal -0.8090169943749479 0.5877852522924726 -1.2867957919905831e-15
    outer loop
      vertex 53.584896563633905 -51.29238598724625 25.5
      vertex 68.05688194204708 -31.373406959075194 10.25
      vertex 67.28419039764687 -32.4369256308886 10.25
    endloop
  endfacet
  facet normal -0.8090169943749472 0.5877852522924734 -4.025960190962877e-16
    outer loop
      vertex 53.584896563633905 -51.29238598724625 25.5
      vertex 65.34060160948337 -35.1120460997473 25.5
      vertex 68.05688194204708 -31.373406959075194 10.25
    endloop
  endfacet
  facet normal 0 0 1
    outer loop
      vertex 53.584896563633905 -51.29238598724625 25.5
      vertex 55.118107054340406 -50.87143720223795 25.5
      vertex 65.34060160948337 -35.1120460997473 25.5
    endloop
  endfacet
  facet normal 0 0 1
    outer loop
      vertex 55.118107054340406 -50.87143720223795 25.5
      vertex 66.14392786112342 -35.69569678542693 25.5
      vertex 65.34060160948337 -35.1120460997473 25.5
    endloop
  endfacet
  facet normal 0.5625248310099833 0.7742490072182426 0.2900073952828711
    outer loop
      vertex 70.15744892053665 -32.89955820187159 10.25
      vertex 65.34060160948337 -35.1120460997473 25.5
      vertex 81.21810903820999 -40.467390597939286 9
    endloop
  endfacet
  facet normal 0.5625248310099845 0.7742490072182417 0.29000739528287134
    outer loop
      vertex 68.05688194204708 -31.373406959075194 10.25
      vertex 65.34060160948337 -35.1120460997473 25.5
      vertex 70.15744892053665 -32.89955820187159 10.25
    endloop
  endfacet
  facet normal 0.8090169943749473 -0.5877852522924731 0
    outer loop
      vertex 78.27918277674762 -44.51247556981403 10.25
      vertex 81.21810903820999 -40.467390597939286 9
      vertex 78.27918277674762 -44.51247556981403 25.5
    endloop
  endfacet
  facet normal 0.5625248310099833 0.7742490072182425 0.29000739528287117
    outer loop
      vertex 81.21810903820999 -40.467390597939286 9
      vertex 66.14392786112342 -35.69569678542693 25.5
      vertex 78.27918277674762 -44.51247556981403 25.5
    endloop
  endfacet
  facet normal 0.5625248310099833 0.7742490072182426 0.2900073952828711
    outer loop
      vertex 81.21810903820999 -40.467390597939286 9
      vertex 65.34060160948337 -35.1120460997473 25.5
      vertex 66.14392786112342 -35.69569678542693 25.5
    endloop
  endfacet
  facet normal -0.9101842960899434 -0.2957368050015061 -0.29000739528287084
    outer loop
      vertex 18.144282163302755 -88.20303828285738 -25.5
      vertex 13.388999581826988 -89.74812325473212 -9
      vertex 13.509027247678548 -73.93719053843009 -25.5
    endloop
  endfacet
  facet normal -0.9101842960899452 -0.2957368050015034 -0.29000739528286823
    outer loop
      vertex 13.2021839236071 -72.99282389144325 -25.5
      vertex 13.509027247678548 -73.93719053843009 -25.5
      vertex 13.388999581826988 -89.74812325473212 -9
    endloop
  endfacet
  facet normal -0.9101842960899434 -0.295736805001506 -0.29000739528287084
    outer loop
      vertex 13.2021839236071 -72.99282389144325 -25.5
      vertex 13.388999581826988 -89.74812325473212 -9
      vertex 9.609495212683512 -76.89022155432677 -10.25
    endloop
  endfacet
  facet normal 0.3090169943749486 -0.9510565162951532 0
    outer loop
      vertex 18.144282163302755 -88.20303828285738 -25.5
      vertex 18.144282163302755 -88.20303828285738 -10.25
      vertex 13.388999581826988 -89.74812325473212 -9
    endloop
  endfacet
  facet normal 0 0 -1
    outer loop
      vertex 13.2021839236071 -72.99282389144325 -25.5
      vertex 31.34918006691924 -68.14057350365377 -25.5
      vertex 13.509027247678548 -73.93719053843009 -25.5
    endloop
  endfacet
  facet normal -0.3090169943749473 0.9510565162951534 -1.5572324863797059e-16
    outer loop
      vertex 13.2021839236071 -72.99282389144325 -25.5
      vertex 13.202183923607096 -72.99282389144325 -18.45
      vertex 32.22331424951017 -66.8124840039443 -25.5
    endloop
  endfacet
  facet normal -0.30901699437495045 0.9510565162951525 -1.5572324863797216e-16
    outer loop
      vertex 13.2021839236071 -72.99282389144325 -25.5
      vertex 8.807150022546162 -74.42085697150931 -10.25
      vertex 13.202183923607096 -72.99282389144325 -18.45
    endloop
  endfacet
  facet normal -0.9101842960899431 -0.29573680500150706 -0.290007395282871
    outer loop
      vertex 13.2021839236071 -72.99282389144325 -25.5
      vertex 9.609495212683512 -76.89022155432677 -10.25
      vertex 8.807150022546162 -74.42085697150931 -10.25
    endloop
  endfacet
  facet normal -0.30901699437495017 0.9510565162951528 0
    outer loop
      vertex 13.202183923607096 -72.99282389144325 -18.45
      vertex 8.807150022546162 -74.42085697150931 -10.25
      vertex 13.202183923607096 -72.99282389144325 -10.45
    endloop
  endfacet
  facet normal 0.30901699437494856 -0.9510565162951532 0
    outer loop
      vertex 37.16541248920583 -82.02269839535843 -25.5
      vertex 41.920695070681596 -80.47761342348369 -9
      vertex 37.16541248920583 -82.02269839535843 -10.25
    endloop
  endfacet
  facet normal 0.9101842960899434 0.2957368050015061 -0.2900073952828709
    outer loop
      vertex 37.16541248920583 -82.02269839535843 -25.5
      vertex 37.42069334070846 -67.85381550669574 -10.25
      vertex 41.920695070681596 -80.47761342348369 -9
    endloop
  endfacet
  facet normal 0 0 -1
    outer loop
      vertex 18.27024991380542 -88.16210887962892 -25.5
      vertex 31.34918006691924 -68.14057350365377 -25.5
      vertex 32.53015757358162 -67.75685065093114 -25.5
    endloop
  endfacet
  facet normal 0 0 -1
    outer loop
      vertex 13.2021839236071 -72.99282389144325 -25.5
      vertex 32.22331424951017 -66.8124840039443 -25.5
      vertex 31.34918006691924 -68.14057350365377 -25.5
    endloop
  endfacet
  facet normal -0.3090169943749473 0.9510565162951536 3.4746863791567887e-17
    outer loop
      vertex 13.202183923607096 -72.99282389144325 -18.45
      vertex 32.22331424951017 -66.8124840039443 -18.45
      vertex 32.22331424951017 -66.8124840039443 -25.5
    endloop
  endfacet
  facet normal 0 0 -1
    outer loop
      vertex 31.34918006691924 -68.14057350365377 -25.5
      vertex 32.22331424951017 -66.8124840039443 -25.5
      vertex 32.53015757358162 -67.75685065093114 -25.5
    endloop
  endfacet
  facet normal 0.9101842960899436 0.29573680500150623 -0.2900073952828706
    outer loop
      vertex 32.53015757358162 -67.75685065093114 -25.5
      vertex 32.22331424951017 -66.8124840039443 -25.5
      vertex 36.6183481505711 -65.38445092387826 -10.25
    endloop
  endfacet
  facet normal 0.9101842960899434 0.29573680500150623 -0.2900073952828706
    outer loop
      vertex 32.53015757358162 -67.75685065093114 -25.5
      vertex 36.6183481505711 -65.38445092387826 -10.25
      vertex 37.16541248920583 -82.02269839535843 -25.5
    endloop
  endfacet
  facet normal -0.3090169943749474 0.9510565162951536 0
    outer loop
      vertex 32.22331424951017 -66.8124840039443 -25.5
      vertex 32.22331424951017 -66.8124840039443 -18.45
      vertex 36.6183481505711 -65.38445092387826 -10.25
    endloop
  endfacet
  facet normal -0.3090169943749445 0.9510565162951546 -1.6894157473770737e-15
    outer loop
      vertex 32.22331424951017 -66.8124840039443 -18.45
      vertex 32.22331424951017 -66.81248400394429 -10.45
      vertex 36.6183481505711 -65.38445092387826 -10.25
    endloop
  endfacet
  facet normal 0.910184296089942 0.29573680500150823 -0.29000739528287284
    outer loop
      vertex 37.16541248920583 -82.02269839535843 -25.5
      vertex 36.6183481505711 -65.38445092387826 -10.25
      vertex 37.42069334070846 -67.85381550669574 -10.25
    endloop
  endfacet
  facet normal -0.910184296089942 -0.29573680500150584 -0.2900073952828756
    outer loop
      vertex 9.609495212683512 -76.89022155432677 -10.25
      vertex 13.388999581826988 -89.74812325473212 -9
      vertex 12.995304006926096 -88.5364528652009 -9
    endloop
  endfacet
  facet normal -0.9101842960899432 -0.295736805001506 -0.2900073952828718
    outer loop
      vertex 9.609495212683512 -76.89022155432677 -10.25
      vertex 12.995304006926096 -88.5364528652009 -9
      vertex 9.226493949353753 -76.93724819626998 -9
    endloop
  endfacet
  facet normal 0.3090169943749487 -0.9510565162951532 2.929497088400035e-18
    outer loop
      vertex 18.144282163302755 -88.20303828285738 -10.25
      vertex 13.388999581826988 -89.74812325473212 9
      vertex 13.388999581826988 -89.74812325473212 -9
    endloop
  endfacet
  facet normal 0.30901699437494723 -0.9510565162951535 -3.819122799356364e-16
    outer loop
      vertex 18.144282163302755 -88.20303828285738 -10.25
      vertex 37.16541248920583 -82.02269839535843 -10.25
      vertex 13.388999581826988 -89.74812325473212 9
    endloop
  endfacet
  facet normal -0.9510565162951535 -0.3090169943749479 -1.049687957649566e-18
    outer loop
      vertex 12.995304006926096 -88.5364528652009 -9
      vertex 13.388999581826988 -89.74812325473212 -9
      vertex 13.388999581826988 -89.74812325473212 9
    endloop
  endfacet
  facet normal -0.3090169943749455 0.9510565162951543 3.678733744053631e-13
    outer loop
      vertex 8.807150022546162 -74.42085697150931 -10.25
      vertex 10.057391204205304 -74.01462898654675 -10.25
      vertex 32.22331424951017 -66.81248400394429 -10.45
    endloop
  endfacet
  facet normal -0.30901699437494795 0.9510565162951534 5.436117296937317e-14
    outer loop
      vertex 8.807150022546162 -74.42085697150931 -10.25
      vertex 32.22331424951017 -66.81248400394429 -10.45
      vertex 13.202183923607096 -72.99282389144325 -10.45
    endloop
  endfacet
  facet normal 0.9101842960899381 0.2957368050015022 -0.29000739528289143
    outer loop
      vertex 41.920695070681596 -80.47761342348369 -9
      vertex 37.42069334070846 -67.85381550669574 -10.25
      vertex 41.52699949578071 -79.26594303395247 -9
    endloop
  endfacet
  facet normal 0.30901699437494834 -0.9510565162951533 1.039579393646794e-15
    outer loop
      vertex 37.16541248920583 -82.02269839535843 -10.25
      vertex 41.920695070681596 -80.47761342348369 -9
      vertex 13.388999581826988 -89.74812325473212 9
    endloop
  endfacet
  facet normal 0.9510565162951542 0.30901699437494534 2.741700235169505e-19
    outer loop
      vertex 41.920695070681596 -80.47761342348369 -9
      vertex 41.52699949578071 -79.26594303395247 -9
      vertex 41.52699949578071 -79.26594303395247 9
    endloop
  endfacet
  facet normal -0.3090169943749476 0.9510565162951534 1.0055749755244421e-13
    outer loop
      vertex 10.057391204205304 -74.01462898654675 -10.25
      vertex 35.36810696891203 -65.7906789088408 -10.25
      vertex 32.22331424951017 -66.81248400394429 -10.45
    endloop
  endfacet
  facet normal -0.30901699437495156 0.9510565162951522 1.6887494720332292e-13
    outer loop
      vertex 32.22331424951017 -66.81248400394429 -10.45
      vertex 35.36810696891203 -65.7906789088408 -10.25
      vertex 36.6183481505711 -65.38445092387826 -10.25
    endloop
  endfacet
  facet normal 0.9101842960899437 0.29573680500150656 -0.2900073952828696
    outer loop
      vertex 41.52699949578071 -79.26594303395247 -9
      vertex 37.42069334070846 -67.85381550669574 -10.25
      vertex 37.75818943820836 -67.66673836502156 -9
    endloop
  endfacet
  facet normal -0.9510565162951535 -0.3090169943749479 0
    outer loop
      vertex 12.995304006926096 -88.5364528652009 -9
      vertex 13.388999581826988 -89.74812325473212 9
      vertex 12.995304006926096 -88.5364528652009 9
    endloop
  endfacet
  facet normal -0.9101842960899431 -0.29573680500150623 0.2900073952828717
    outer loop
      vertex 9.609495212683512 -76.89022155432679 10.25
      vertex 12.995304006926096 -88.5364528652009 9
      vertex 13.388999581826988 -89.74812325473212 9
    endloop
  endfacet
  facet normal -0.9101842960899441 -0.2957368050015063 0.29000739528286873
    outer loop
      vertex 9.226493949353753 -76.93724819626998 9
      vertex 12.995304006926096 -88.5364528652009 9
      vertex 9.609495212683512 -76.89022155432679 10.25
    endloop
  endfacet
  facet normal 0.30901699437494834 -0.9510565162951533 9.527218273449278e-16
    outer loop
      vertex 41.920695070681596 -80.47761342348369 -9
      vertex 18.144282163302755 -88.20303828285738 10.25
      vertex 13.388999581826988 -89.74812325473212 9
    endloop
  endfacet
  facet normal 0.30901699437494723 -0.9510565162951535 -3.4427629270121103e-16
    outer loop
      vertex 41.920695070681596 -80.47761342348369 -9
      vertex 37.16541248920583 -82.02269839535843 10.25
      vertex 18.144282163302755 -88.20303828285738 10.25
    endloop
  endfacet
  facet normal 0.9510565162951542 0.30901699437494534 0
    outer loop
      vertex 41.920695070681596 -80.47761342348369 -9
      vertex 41.52699949578071 -79.26594303395247 9
      vertex 41.920695070681596 -80.47761342348369 9
    endloop
  endfacet
  facet normal 0.30901699437494856 -0.9510565162951532 0
    outer loop
      vertex 41.920695070681596 -80.47761342348369 -9
      vertex 41.920695070681596 -80.47761342348369 9
      vertex 37.16541248920583 -82.02269839535843 10.25
    endloop
  endfacet
  facet normal 0.910184296089938 0.2957368050015022 0.29000739528289166
    outer loop
      vertex 41.920695070681596 -80.47761342348369 9
      vertex 41.52699949578071 -79.26594303395247 9
      vertex 37.42069334070846 -67.85381550669574 10.25
    endloop
  endfacet
  facet normal 0.9101842960899437 0.29573680500150656 0.2900073952828696
    outer loop
      vertex 41.52699949578071 -79.26594303395247 9
      vertex 37.75818943820836 -67.66673836502156 9
      vertex 37.42069334070846 -67.85381550669574 10.25
    endloop
  endfacet
  facet normal -0.9101842960899436 -0.2957368050015038 0.2900073952828728
    outer loop
      vertex 9.609495212683512 -76.89022155432679 10.25
      vertex 18.144282163302755 -88.20303828285738 25.5
      vertex 8.807150022546162 -74.4208569715093 10.25
    endloop
  endfacet
  facet normal 0.3090169943749486 -0.9510565162951532 3.457767055160697e-18
    outer loop
      vertex 13.388999581826988 -89.74812325473212 9
      vertex 18.144282163302755 -88.20303828285738 10.25
      vertex 18.144282163302755 -88.20303828285738 25.5
    endloop
  endfacet
  facet normal -0.9101842960899434 -0.29573680500150634 0.29000739528287084
    outer loop
      vertex 9.609495212683512 -76.89022155432679 10.25
      vertex 13.388999581826988 -89.74812325473212 9
      vertex 18.144282163302755 -88.20303828285738 25.5
    endloop
  endfacet
  facet normal -0.9101842960899434 -0.2957368050015062 0.29000739528287056
    outer loop
      vertex 8.807150022546162 -74.4208569715093 10.25
      vertex 18.144282163302755 -88.20303828285738 25.5
      vertex 13.509027247678548 -73.93719053843009 25.5
    endloop
  endfacet
  facet normal 0 0 1
    outer loop
      vertex 13.509027247678548 -73.93719053843009 25.5
      vertex 37.03944473870317 -82.0636277985869 25.5
      vertex 14.690004754340924 -73.55346768570746 25.5
    endloop
  endfacet
  facet normal -0.3090169943749418 0.9510565162951554 -1.6978650765536683e-15
    outer loop
      vertex 8.807150022546162 -74.4208569715093 10.25
      vertex 13.2021839236071 -72.99282389144325 25.5
      vertex 10.057391204205233 -74.01462898654677 10.25
    endloop
  endfacet
  facet normal -0.3090169943749476 0.9510565162951535 -3.7150898376023235e-16
    outer loop
      vertex 10.057391204205233 -74.01462898654677 10.25
      vertex 13.2021839236071 -72.99282389144325 25.5
      vertex 35.368106968912095 -65.79067890884077 10.25
    endloop
  endfacet
  facet normal -0.9101842960899444 -0.29573680500150323 0.2900073952828708
    outer loop
      vertex 8.807150022546162 -74.4208569715093 10.25
      vertex 13.509027247678548 -73.93719053843009 25.5
      vertex 13.2021839236071 -72.99282389144325 25.5
    endloop
  endfacet
  facet normal 0 0 1
    outer loop
      vertex 13.2021839236071 -72.99282389144325 25.5
      vertex 13.509027247678548 -73.93719053843009 25.5
      vertex 14.690004754340924 -73.55346768570746 25.5
    endloop
  endfacet
  facet normal 0 0 1
    outer loop
      vertex 13.2021839236071 -72.99282389144325 25.5
      vertex 14.690004754340924 -73.55346768570746 25.5
      vertex 32.22331424951017 -66.8124840039443 25.5
    endloop
  endfacet
  facet normal 0.30901699437494856 -0.9510565162951532 4.508088342293398e-18
    outer loop
      vertex 41.920695070681596 -80.47761342348369 9
      vertex 37.16541248920583 -82.02269839535843 25.5
      vertex 37.16541248920583 -82.02269839535843 10.25
    endloop
  endfacet
  facet normal 0.9101842960899434 0.2957368050015062 0.29000739528287095
    outer loop
      vertex 41.920695070681596 -80.47761342348369 9
      vertex 32.53015757358162 -67.75685065093114 25.5
      vertex 37.16541248920583 -82.02269839535843 25.5
    endloop
  endfacet
  facet normal -0.30901699437495606 0.9510565162951506 -1.3907144598012767e-14
    outer loop
      vertex 35.368106968912095 -65.79067890884077 10.25
      vertex 13.2021839236071 -72.99282389144325 25.5
      vertex 36.6183481505711 -65.38445092387825 10.25
    endloop
  endfacet
  facet normal 0.9101842960899434 0.29573680500150606 0.29000739528287095
    outer loop
      vertex 41.920695070681596 -80.47761342348369 9
      vertex 37.42069334070846 -67.85381550669574 10.25
      vertex 32.22331424951017 -66.8124840039443 25.5
    endloop
  endfacet
  facet normal 0.9101842960899433 0.29573680500150695 0.2900073952828709
    outer loop
      vertex 37.42069334070846 -67.85381550669574 10.25
      vertex 36.6183481505711 -65.38445092387825 10.25
      vertex 32.22331424951017 -66.8124840039443 25.5
    endloop
  endfacet
  facet normal -0.3090169943749473 0.9510565162951535 8.89333615676198e-16
    outer loop
      vertex 36.6183481505711 -65.38445092387825 10.25
      vertex 13.2021839236071 -72.99282389144325 25.5
      vertex 32.22331424951017 -66.8124840039443 25.5
    endloop
  endfacet
  facet normal 0 0 1
    outer loop
      vertex 14.690004754340924 -73.55346768570746 25.5
      vertex 32.53015757358162 -67.75685065093114 25.5
      vertex 32.22331424951017 -66.8124840039443 25.5
    endloop
  endfacet
  facet normal 0.9101842960899437 0.29573680500150595 0.29000739528287045
    outer loop
      vertex 41.920695070681596 -80.47761342348369 9
      vertex 32.22331424951017 -66.8124840039443 25.5
      vertex 32.53015757358162 -67.75685065093114 25.5
    endloop
  endfacet
  facet normal -0.9510565162951542 0.30901699437494534 0
    outer loop
      vertex -41.920695070681596 -80.47761342348369 -9
      vertex -41.920695070681596 -80.47761342348369 9
      vertex -41.52699949578071 -79.26594303395247 -9
    endloop
  endfacet
  facet normal -0.9101842960899434 0.29573680500150623 -0.29000739528287095
    outer loop
      vertex -37.16541248920583 -82.02269839535843 -25.5
      vertex -41.920695070681596 -80.47761342348369 -9
      vertex -32.53015757358162 -67.75685065093114 -25.5
    endloop
  endfacet
  facet normal 0 0 -1
    outer loop
      vertex -37.03944473870317 -82.0636277985869 -25.5
      vertex -14.690004754340924 -73.55346768570746 -25.5
      vertex -13.509027247678548 -73.93719053843009 -25.5
    endloop
  endfacet
  facet normal -0.30901699437494856 -0.9510565162951532 0
    outer loop
      vertex -37.16541248920583 -82.02269839535843 -25.5
      vertex -37.16541248920583 -82.02269839535843 -10.25
      vertex -41.920695070681596 -80.47761342348369 -9
    endloop
  endfacet
  facet normal -0.9101842960899433 0.2957368050015062 -0.2900073952828709
    outer loop
      vertex -32.53015757358162 -67.75685065093114 -25.5
      vertex -41.920695070681596 -80.47761342348369 -9
      vertex -32.22331424951017 -66.8124840039443 -25.5
    endloop
  endfacet
  facet normal 0 0 -1
    outer loop
      vertex -32.53015757358162 -67.75685065093114 -25.5
      vertex -32.22331424951017 -66.8124840039443 -25.5
      vertex -14.690004754340924 -73.55346768570746 -25.5
    endloop
  endfacet
  facet normal 0.3090169943749473 0.9510565162951534 -1.9170675147541234e-15
    outer loop
      vertex -32.22331424951017 -66.8124840039443 -25.5
      vertex -32.22331424951017 -66.81248400394429 -18.45
      vertex -13.2021839236071 -72.99282389144325 -25.5
    endloop
  endfacet
  facet normal 0 0 -1
    outer loop
      vertex -32.22331424951017 -66.8124840039443 -25.5
      vertex -13.2021839236071 -72.99282389144325 -25.5
      vertex -14.690004754340924 -73.55346768570746 -25.5
    endloop
  endfacet
  facet normal 0.30901699437494795 0.9510565162951534 -3.3923512008305326e-16
    outer loop
      vertex -32.22331424951017 -66.81248400394429 -18.45
      vertex -13.202183923607096 -72.99282389144325 -18.45
      vertex -13.2021839236071 -72.99282389144325 -25.5
    endloop
  endfacet
  facet normal -0.9101842960899433 0.2957368050015061 -0.2900073952828709
    outer loop
      vertex -32.22331424951017 -66.8124840039443 -25.5
      vertex -41.920695070681596 -80.47761342348369 -9
      vertex -37.42069334070846 -67.85381550669574 -10.25
    endloop
  endfacet
  facet normal 0.3090169943749441 0.9510565162951545 -1.9170675147541257e-15
    outer loop
      vertex -32.22331424951017 -66.8124840039443 -25.5
      vertex -36.6183481505711 -65.38445092387825 -10.25
      vertex -32.22331424951017 -66.81248400394429 -18.45
    endloop
  endfacet
  facet normal -0.9101842960899433 0.29573680500150706 -0.2900073952828709
    outer loop
      vertex -32.22331424951017 -66.8124840039443 -25.5
      vertex -37.42069334070846 -67.85381550669574 -10.25
      vertex -36.6183481505711 -65.38445092387825 -10.25
    endloop
  endfacet
  facet normal 0.30901699437494734 0.9510565162951535 0
    outer loop
      vertex -32.22331424951017 -66.81248400394429 -18.45
      vertex -36.6183481505711 -65.38445092387825 -10.25
      vertex -32.22331424951017 -66.81248400394429 -10.45
    endloop
  endfacet
  facet normal 0.9101842960899434 -0.2957368050015061 -0.2900073952828706
    outer loop
      vertex -18.144282163302755 -88.20303828285738 -25.5
      vertex -13.509027247678548 -73.93719053843009 -25.5
      vertex -8.807150022546162 -74.4208569715093 -10.25
    endloop
  endfacet
  facet normal -0.3090169943749486 -0.9510565162951532 0
    outer loop
      vertex -18.144282163302755 -88.20303828285738 -25.5
      vertex -13.388999581826988 -89.74812325473212 -9
      vertex -18.144282163302755 -88.20303828285738 -10.25
    endloop
  endfacet
  facet normal 0.9101842960899434 -0.29573680500150634 -0.29000739528287084
    outer loop
      vertex -18.144282163302755 -88.20303828285738 -25.5
      vertex -9.609495212683512 -76.89022155432679 -10.25
      vertex -13.388999581826988 -89.74812325473212 -9
    endloop
  endfacet
  facet normal 0.9101842960899437 -0.2957368050015039 -0.29000739528287284
    outer loop
      vertex -18.144282163302755 -88.20303828285738 -25.5
      vertex -8.807150022546162 -74.4208569715093 -10.25
      vertex -9.609495212683512 -76.89022155432679 -10.25
    endloop
  endfacet
  facet normal 0 0 -1
    outer loop
      vertex -14.690004754340924 -73.55346768570746 -25.5
      vertex -13.2021839236071 -72.99282389144325 -25.5
      vertex -13.509027247678548 -73.93719053843009 -25.5
    endloop
  endfacet
  facet normal 0.9101842960899444 -0.2957368050015031 -0.2900073952828708
    outer loop
      vertex -13.509027247678548 -73.93719053843009 -25.5
      vertex -13.2021839236071 -72.99282389144325 -25.5
      vertex -8.807150022546162 -74.4208569715093 -10.25
    endloop
  endfacet
  facet normal 0.3090169943749476 0.9510565162951534 -1.5572324863797073e-16
    outer loop
      vertex -13.2021839236071 -72.99282389144325 -25.5
      vertex -13.202183923607096 -72.99282389144325 -18.45
      vertex -8.807150022546162 -74.4208569715093 -10.25
    endloop
  endfacet
  facet normal 0.30901699437494734 0.9510565162951535 0
    outer loop
      vertex -13.202183923607096 -72.99282389144325 -18.45
      vertex -13.202183923607096 -72.99282389144325 -10.45
      vertex -8.807150022546162 -74.4208569715093 -10.25
    endloop
  endfacet
  facet normal -0.910184296089938 0.2957368050015022 -0.29000739528289166
    outer loop
      vertex -41.920695070681596 -80.47761342348369 -9
      vertex -41.52699949578071 -79.26594303395247 -9
      vertex -37.42069334070846 -67.85381550669574 -10.25
    endloop
  endfacet
  facet normal -0.30901699437494723 -0.9510565162951535 3.5422879672420397e-16
    outer loop
      vertex -37.16541248920583 -82.02269839535843 -10.25
      vertex -18.144282163302755 -88.20303828285738 -10.25
      vertex -41.920695070681596 -80.47761342348369 9
    endloop
  endfacet
  facet normal -0.30901699437494856 -0.9510565162951532 -3.819352623331906e-18
    outer loop
      vertex -37.16541248920583 -82.02269839535843 -10.25
      vertex -41.920695070681596 -80.47761342348369 9
      vertex -41.920695070681596 -80.47761342348369 -9
    endloop
  endfacet
  facet normal -0.3090169943749484 -0.9510565162951532 -1.147211639028921e-15
    outer loop
      vertex -18.144282163302755 -88.20303828285738 -10.25
      vertex -13.388999581826988 -89.74812325473212 -9
      vertex -41.920695070681596 -80.47761342348369 9
    endloop
  endfacet
  facet normal -0.9101842960899437 0.29573680500150656 -0.2900073952828696
    outer loop
      vertex -41.52699949578071 -79.26594303395247 -9
      vertex -37.75818943820836 -67.66673836502156 -9
      vertex -37.42069334070846 -67.85381550669574 -10.25
    endloop
  endfacet
  facet normal 0.3090169943749561 0.9510565162951509 1.0728410453139173e-12
    outer loop
      vertex -36.6183481505711 -65.38445092387825 -10.25
      vertex -35.368106968912095 -65.79067890884077 -10.25
      vertex -13.202183923607096 -72.99282389144325 -10.45
    endloop
  endfacet
  facet normal 0.30901699437494795 0.9510565162951534 1.2842542430198796e-14
    outer loop
      vertex -36.6183481505711 -65.38445092387825 -10.25
      vertex -13.202183923607096 -72.99282389144325 -10.45
      vertex -32.22331424951017 -66.81248400394429 -10.45
    endloop
  endfacet
  facet normal 0.3090169943749476 0.9510565162951535 3.3654563000460776e-14
    outer loop
      vertex -35.368106968912095 -65.79067890884077 -10.25
      vertex -10.057391204205233 -74.01462898654677 -10.25
      vertex -13.202183923607096 -72.99282389144325 -10.45
    endloop
  endfacet
  facet normal 0.9101842960899427 -0.29573680500150634 -0.29000739528287345
    outer loop
      vertex -13.388999581826988 -89.74812325473212 -9
      vertex -9.609495212683512 -76.89022155432679 -10.25
      vertex -12.995304006926096 -88.5364528652009 -9
    endloop
  endfacet
  facet normal 0.9101842960899441 -0.2957368050015063 -0.2900073952828687
    outer loop
      vertex -12.995304006926096 -88.5364528652009 -9
      vertex -9.609495212683512 -76.89022155432679 -10.25
      vertex -9.226493949353753 -76.93724819626998 -9
    endloop
  endfacet
  facet normal 0.9510565162951535 -0.3090169943749479 1.049687957649566e-18
    outer loop
      vertex -13.388999581826988 -89.74812325473212 -9
      vertex -12.995304006926096 -88.5364528652009 -9
      vertex -12.995304006926096 -88.5364528652009 9
    endloop
  endfacet
  facet normal 0.30901699437494196 0.9510565162951554 1.340914111624789e-13
    outer loop
      vertex -13.202183923607096 -72.99282389144325 -10.45
      vertex -10.057391204205233 -74.01462898654677 -10.25
      vertex -8.807150022546162 -74.4208569715093 -10.25
    endloop
  endfacet
  facet normal -0.9510565162951542 0.30901699437494534 0
    outer loop
      vertex -41.52699949578071 -79.26594303395247 -9
      vertex -41.920695070681596 -80.47761342348369 9
      vertex -41.52699949578071 -79.26594303395247 9
    endloop
  endfacet
  facet normal -0.30901699437494834 -0.9510565162951533 -9.527218273449278e-16
    outer loop
      vertex -13.388999581826988 -89.74812325473212 -9
      vertex -37.16541248920583 -82.02269839535843 10.25
      vertex -41.920695070681596 -80.47761342348369 9
    endloop
  endfacet
  facet normal -0.30901699437494723 -0.9510565162951535 3.799207376004868e-16
    outer loop
      vertex -13.388999581826988 -89.74812325473212 -9
      vertex -18.144282163302755 -88.20303828285738 10.25
      vertex -37.16541248920583 -82.02269839535843 10.25
    endloop
  endfacet
  facet normal -0.9101842960899381 0.2957368050015022 0.29000739528289143
    outer loop
      vertex -41.920695070681596 -80.47761342348369 9
      vertex -37.42069334070846 -67.85381550669574 10.25
      vertex -41.52699949578071 -79.26594303395247 9
    endloop
  endfacet
  facet normal -0.9101842960899437 0.29573680500150656 0.2900073952828696
    outer loop
      vertex -41.52699949578071 -79.26594303395247 9
      vertex -37.42069334070846 -67.85381550669574 10.25
      vertex -37.75818943820836 -67.66673836502156 9
    endloop
  endfacet
  facet normal 0.9510565162951535 -0.3090169943749479 0
    outer loop
      vertex -13.388999581826988 -89.74812325473212 -9
      vertex -12.995304006926096 -88.5364528652009 9
      vertex -13.388999581826988 -89.74812325473212 9
    endloop
  endfacet
  facet normal -0.3090169943749487 -0.9510565162951532 0
    outer loop
      vertex -13.388999581826988 -89.74812325473212 -9
      vertex -13.388999581826988 -89.74812325473212 9
      vertex -18.144282163302755 -88.20303828285738 10.25
    endloop
  endfacet
  facet normal 0.9101842960899417 -0.295736805001506 0.2900073952828763
    outer loop
      vertex -13.388999581826988 -89.74812325473212 9
      vertex -12.995304006926096 -88.5364528652009 9
      vertex -9.609495212683512 -76.89022155432677 10.25
    endloop
  endfacet
  facet normal 0.9101842960899432 -0.295736805001506 0.2900073952828717
    outer loop
      vertex -12.995304006926096 -88.5364528652009 9
      vertex -9.226493949353753 -76.93724819626998 9
      vertex -9.609495212683512 -76.89022155432677 10.25
    endloop
  endfacet
  facet normal -0.30901699437494856 -0.9510565162951532 -4.508088342293398e-18
    outer loop
      vertex -41.920695070681596 -80.47761342348369 9
      vertex -37.16541248920583 -82.02269839535843 10.25
      vertex -37.16541248920583 -82.02269839535843 25.5
    endloop
  endfacet
  facet normal -0.9101842960899434 0.2957368050015061 0.2900073952828709
    outer loop
      vertex -41.920695070681596 -80.47761342348369 9
      vertex -37.16541248920583 -82.02269839535843 25.5
      vertex -37.42069334070846 -67.85381550669574 10.25
    endloop
  endfacet
  facet normal -0.910184296089942 0.29573680500150823 0.29000739528287284
    outer loop
      vertex -37.42069334070846 -67.85381550669574 10.25
      vertex -37.16541248920583 -82.02269839535843 25.5
      vertex -36.6183481505711 -65.38445092387826 10.25
    endloop
  endfacet
  facet normal 0.30901699437495156 0.9510565162951522 -1.3456258575097887e-15
    outer loop
      vertex -36.6183481505711 -65.38445092387826 10.25
      vertex -32.22331424951017 -66.8124840039443 25.5
      vertex -35.36810696891203 -65.7906789088408 10.25
    endloop
  endfacet
  facet normal 0.3090169943749476 0.9510565162951535 -4.516773058472116e-16
    outer loop
      vertex -35.36810696891203 -65.7906789088408 10.25
      vertex -32.22331424951017 -66.8124840039443 25.5
      vertex -10.057391204205304 -74.01462898654675 10.25
    endloop
  endfacet
  facet normal -0.9101842960899434 0.29573680500150623 0.29000739528287056
    outer loop
      vertex -36.6183481505711 -65.38445092387826 10.25
      vertex -37.16541248920583 -82.02269839535843 25.5
      vertex -32.53015757358162 -67.75685065093114 25.5
    endloop
  endfacet
  facet normal -0.9101842960899436 0.2957368050015061 0.29000739528287056
    outer loop
      vertex -36.6183481505711 -65.38445092387826 10.25
      vertex -32.53015757358162 -67.75685065093114 25.5
      vertex -32.22331424951017 -66.8124840039443 25.5
    endloop
  endfacet
  facet normal 0 0 1
    outer loop
      vertex -32.53015757358162 -67.75685065093114 25.5
      vertex -31.34918006691924 -68.14057350365377 25.5
      vertex -32.22331424951017 -66.8124840039443 25.5
    endloop
  endfacet
  facet normal 0 0 1
    outer loop
      vertex -32.53015757358162 -67.75685065093114 25.5
      vertex -18.27024991380542 -88.16210887962892 25.5
      vertex -31.34918006691924 -68.14057350365377 25.5
    endloop
  endfacet
  facet normal 0 0 1
    outer loop
      vertex -31.34918006691924 -68.14057350365377 25.5
      vertex -13.2021839236071 -72.99282389144325 25.5
      vertex -32.22331424951017 -66.8124840039443 25.5
    endloop
  endfacet
  facet normal -0.3090169943749486 -0.9510565162951532 -3.457767055160697e-18
    outer loop
      vertex -13.388999581826988 -89.74812325473212 9
      vertex -18.144282163302755 -88.20303828285738 25.5
      vertex -18.144282163302755 -88.20303828285738 10.25
    endloop
  endfacet
  facet normal 0.9101842960899434 -0.295736805001506 0.29000739528287084
    outer loop
      vertex -13.388999581826988 -89.74812325473212 9
      vertex -9.609495212683512 -76.89022155432677 10.25
      vertex -13.2021839236071 -72.99282389144325 25.5
    endloop
  endfacet
  facet normal 0.9101842960899434 -0.2957368050015061 0.2900073952828708
    outer loop
      vertex -13.388999581826988 -89.74812325473212 9
      vertex -13.509027247678548 -73.93719053843009 25.5
      vertex -18.144282163302755 -88.20303828285738 25.5
    endloop
  endfacet
  facet normal 0.9101842960899456 -0.29573680500150296 0.2900073952828678
    outer loop
      vertex -13.388999581826988 -89.74812325473212 9
      vertex -13.2021839236071 -72.99282389144325 25.5
      vertex -13.509027247678548 -73.93719053843009 25.5
    endloop
  endfacet
  facet normal 0.3090169943749455 0.9510565162951542 -3.955663568680203e-15
    outer loop
      vertex -10.057391204205304 -74.01462898654675 10.25
      vertex -32.22331424951017 -66.8124840039443 25.5
      vertex -8.807150022546162 -74.42085697150931 10.25
    endloop
  endfacet
  facet normal 0.9101842960899431 -0.29573680500150706 0.29000739528287106
    outer loop
      vertex -9.609495212683512 -76.89022155432677 10.25
      vertex -8.807150022546162 -74.42085697150931 10.25
      vertex -13.2021839236071 -72.99282389144325 25.5
    endloop
  endfacet
  facet normal 0.30901699437494723 0.9510565162951535 -8.294158316901539e-16
    outer loop
      vertex -8.807150022546162 -74.42085697150931 10.25
      vertex -32.22331424951017 -66.8124840039443 25.5
      vertex -13.2021839236071 -72.99282389144325 25.5
    endloop
  endfacet
  facet normal 0 0 1
    outer loop
      vertex -31.34918006691924 -68.14057350365377 25.5
      vertex -13.509027247678548 -73.93719053843009 25.5
      vertex -13.2021839236071 -72.99282389144325 25.5
    endloop
  endfacet
  facet normal -0.8090169943749473 -0.5877852522924731 0
    outer loop
      vertex -66.52347773089816 -60.692815457312975 -25.5
      vertex -63.584551469435795 -64.73790042918772 -9
      vertex -66.52347773089816 -60.692815457312975 -10.25
    endloop
  endfacet
  facet normal 0.5625248310099833 -0.7742490072182426 -0.2900073952828712
    outer loop
      vertex -66.52347773089816 -60.692815457312975 -25.5
      vertex -52.96918320955978 -56.55717637071476 -10.25
      vertex -63.584551469435795 -64.73790042918772 -9
    endloop
  endfacet
  facet normal 0.5625248310099793 -0.7742490072182399 -0.2900073952828863
    outer loop
      vertex -63.584551469435795 -64.73790042918772 -9
      vertex -52.96918320955978 -56.55717637071476 -10.25
      vertex -62.55384307312482 -63.98904694529559 -9
    endloop
  endfacet
  facet normal 0.587785252292472 -0.8090169943749483 4.916918479336707e-19
    outer loop
      vertex -63.584551469435795 -64.73790042918772 -9
      vertex -62.55384307312482 -63.98904694529559 -9
      vertex -62.55384307312482 -63.98904694529559 9
    endloop
  endfacet
  facet normal -0.5625248310099833 0.7742490072182425 -0.29000739528287117
    outer loop
      vertex -78.27918277674762 -44.51247556981403 -25.5
      vertex -81.21810903820999 -40.467390597939286 -9
      vertex -66.14392786112342 -35.69569678542693 -25.5
    endloop
  endfacet
  facet normal -0.5625248310099834 0.7742490072182424 -0.2900073952828714
    outer loop
      vertex -66.14392786112342 -35.69569678542693 -25.5
      vertex -81.21810903820999 -40.467390597939286 -9
      vertex -65.34060160948337 -35.1120460997473 -25.5
    endloop
  endfacet
  facet normal -0.8090169943749473 -0.5877852522924731 0
    outer loop
      vertex -78.27918277674762 -44.51247556981403 -25.5
      vertex -78.27918277674762 -44.51247556981403 -10.25
      vertex -81.21810903820999 -40.467390597939286 -9
    endloop
  endfacet
  facet normal 0.8090169943749465 0.5877852522924742 0
    outer loop
      vertex -65.34060160948337 -35.1120460997473 -25.5
      vertex -68.05688194204708 -31.373406959075194 -10.25
      vertex -65.34060160948337 -35.1120460997473 -18.45
    endloop
  endfacet
  facet normal -0.5625248310099833 0.7742490072182426 -0.2900073952828711
    outer loop
      vertex -65.34060160948337 -35.1120460997473 -25.5
      vertex -81.21810903820999 -40.467390597939286 -9
      vertex -70.15744892053665 -32.89955820187159 -10.25
    endloop
  endfacet
  facet normal -0.5625248310099844 0.7742490072182417 -0.29000739528287134
    outer loop
      vertex -65.34060160948337 -35.1120460997473 -25.5
      vertex -70.15744892053665 -32.89955820187159 -10.25
      vertex -68.05688194204708 -31.373406959075194 -10.25
    endloop
  endfacet
  facet normal 0.8090169943749466 0.5877852522924744 0
    outer loop
      vertex -65.34060160948337 -35.1120460997473 -18.45
      vertex -68.05688194204708 -31.373406959075194 -10.25
      vertex -65.34060160948337 -35.1120460997473 -10.45
    endloop
  endfacet
  facet normal 0.5625248310099831 -0.7742490072182431 -0.29000739528287073
    outer loop
      vertex -66.52347773089816 -60.692815457312975 -25.5
      vertex -54.38822281527395 -51.87603667292588 -25.5
      vertex -54.45223018592101 -54.49377993955309 -18.635418536344766
    endloop
  endfacet
  facet normal 0.5625248310099833 -0.7742490072182421 -0.29000739528287217
    outer loop
      vertex -66.52347773089816 -60.692815457312975 -25.5
      vertex -54.45223018592101 -54.49377993955309 -18.635418536344766
      vertex -52.2049755542281 -53.763602647265444 -16.22583347179551
    endloop
  endfacet
  facet normal 0.5625248310099688 -0.7742490072182521 -0.2900073952828742
    outer loop
      vertex -54.38822281527395 -51.87603667292588 -25.5
      vertex -54.219216764141414 -54.319853816536884 -18.64778474639089
      vertex -54.45223018592101 -54.49377993955309 -18.635418536344766
    endloop
  endfacet
  facet normal 0.5625248310099943 -0.7742490072182354 -0.29000739528286895
    outer loop
      vertex -54.38822281527395 -51.87603667292588 -25.5
      vertex -53.88153265780181 -54.094342730034576 -18.59484140680001
      vertex -54.219216764141414 -54.319853816536884 -18.64778474639089
    endloop
  endfacet
  facet normal 0.562524831009973 -0.7742490072182497 -0.29000739528287195
    outer loop
      vertex -54.38822281527395 -51.87603667292588 -25.5
      vertex -53.55044547333412 -53.89944603573866 -18.47296109961319
      vertex -53.88153265780181 -54.094342730034576 -18.59484140680001
    endloop
  endfacet
  facet normal 0 0 -1
    outer loop
      vertex -55.118107054340406 -50.87143720223795 -25.5
      vertex -54.38822281527395 -51.87603667292588 -25.5
      vertex -78.2013304254506 -44.6196301386054 -25.5
    endloop
  endfacet
  facet normal 0 0 -1
    outer loop
      vertex -55.118107054340406 -50.87143720223795 -25.5
      vertex -53.584896563633905 -51.29238598724625 -25.5
      vertex -54.38822281527395 -51.87603667292588 -25.5
    endloop
  endfacet
  facet normal 0.5625248310099835 -0.7742490072182425 -0.2900073952828711
    outer loop
      vertex -54.38822281527395 -51.87603667292588 -25.5
      vertex -53.584896563633905 -51.29238598724625 -25.5
      vertex -52.700085108809574 -53.5549939374929 -17.74312755504344
    endloop
  endfacet
  facet normal 0.8090169943749473 0.5877852522924734 0
    outer loop
      vertex -53.584896563633905 -51.29238598724625 -25.5
      vertex -65.34060160948337 -35.1120460997473 -25.5
      vertex -53.584896563633905 -51.29238598724625 -18.45
    endloop
  endfacet
  facet normal 0.5625248310099857 -0.7742490072182407 -0.29000739528287106
    outer loop
      vertex -54.38822281527395 -51.87603667292588 -25.5
      vertex -53.2365966252666 -53.741427873765346 -18.286061158186865
      vertex -53.55044547333412 -53.89944603573866 -18.47296109961319
    endloop
  endfacet
  facet normal 0.562524831009979 -0.7742490072182459 -0.290007395282871
    outer loop
      vertex -54.38822281527395 -51.87603667292588 -25.5
      vertex -52.95007347381182 -53.62536707785823 -18.04014870042026
      vertex -53.2365966252666 -53.741427873765346 -18.286061158186865
    endloop
  endfacet
  facet normal 0.5625248310099858 -0.7742490072182407 -0.2900073952828714
    outer loop
      vertex -54.38822281527395 -51.87603667292588 -25.5
      vertex -52.700085108809574 -53.5549939374929 -17.74312755504344
      vertex -52.95007347381182 -53.62536707785823 -18.04014870042026
    endloop
  endfacet
  facet normal 0.562524831009995 -0.7742490072182346 -0.2900073952828701
    outer loop
      vertex -53.584896563633905 -51.29238598724625 -25.5
      vertex -52.49466636200213 -53.532570303303906 -17.40454422605863
      vertex -52.700085108809574 -53.5549939374929 -17.74312755504344
    endloop
  endfacet
  facet normal 0.5625248310099913 -0.774249007218237 -0.2900073952828704
    outer loop
      vertex -53.584896563633905 -51.29238598724625 -25.5
      vertex -52.34041956093102 -53.558816889344335 -17.035281060246685
      vertex -52.49466636200213 -53.532570303303906 -17.40454422605863
    endloop
  endfacet
  facet normal 0.8090169943749465 0.5877852522924744 0
    outer loop
      vertex -53.584896563633905 -51.29238598724625 -25.5
      vertex -53.584896563633905 -51.29238598724625 -18.45
      vertex -52.929398904496786 -52.19460111419375 -17.40454422605863
    endloop
  endfacet
  facet normal 0.8090169943749519 0.5877852522924669 -1.2659583861198562e-15
    outer loop
      vertex -53.584896563633905 -51.29238598724625 -25.5
      vertex -52.929398904496786 -52.19460111419375 -17.40454422605863
      vertex -52.66579117622877 -52.55742602547833 -17.035281060246685
    endloop
  endfacet
  facet normal 0.5625248310099049 -0.7742490072182986 -0.29000739528287356
    outer loop
      vertex -53.584896563633905 -51.29238598724625 -25.5
      vertex -52.24230232469733 -53.63289010874307 -16.647206479587553
      vertex -52.34041956093102 -53.558816889344335 -17.035281060246685
    endloop
  endfacet
  facet normal 0.8090169943749543 0.5877852522924636 -2.092953447447771e-15
    outer loop
      vertex -53.584896563633905 -51.29238598724625 -25.5
      vertex -52.66579117622877 -52.55742602547833 -17.035281060246685
      vertex -52.53183457439332 -52.7418014703724 -16.647206479587553
    endloop
  endfacet
  facet normal 0.5625248310099831 -0.7742490072182427 -0.2900073952828712
    outer loop
      vertex -66.52347773089816 -60.692815457312975 -25.5
      vertex -52.2049755542281 -53.763602647265444 -16.22583347179551
      vertex -50.868616231070206 -55.03102512791836 -10.25
    endloop
  endfacet
  facet normal 0.5625248310099824 -0.7742490072182434 -0.2900073952828704
    outer loop
      vertex -66.52347773089816 -60.692815457312975 -25.5
      vertex -50.868616231070206 -55.03102512791836 -10.25
      vertex -52.96918320955978 -56.55717637071476 -10.25
    endloop
  endfacet
  facet normal 0.8090169943749469 0.5877852522924737 0
    outer loop
      vertex -53.584896563633905 -51.29238598724625 -18.45
      vertex -53.584896563633905 -51.29238598724625 -17.906027495063856
      vertex -53.31418518991375 -51.66498822770058 -17.74312755504344
    endloop
  endfacet
  facet normal 0.8090169943749458 0.5877852522924751 1.1929938956404683e-15
    outer loop
      vertex -53.584896563633905 -51.29238598724625 -18.45
      vertex -53.31418518991375 -51.66498822770058 -17.74312755504344
      vertex -52.929398904496786 -52.19460111419375 -17.40454422605863
    endloop
  endfacet
  facet normal 0.8090169943749478 0.5877852522924726 1.929954087111775e-16
    outer loop
      vertex -53.584896563633905 -51.29238598724625 -25.5
      vertex -52.53183457439332 -52.7418014703724 -16.647206479587553
      vertex -50.868616231070206 -55.03102512791836 -10.25
    endloop
  endfacet
  facet normal 0.8090169943749469 0.5877852522924739 2.2494534827513647e-15
    outer loop
      vertex -53.31418518991375 -51.66498822770058 -15.156872444956559
      vertex -50.868616231070206 -55.03102512791836 -10.25
      vertex -52.929398904496786 -52.19460111419375 -15.495455773941371
    endloop
  endfacet
  facet normal 0.8090169943749473 0.5877852522924732 1.6679731297251007e-15
    outer loop
      vertex -53.31418518991375 -51.66498822770058 -15.156872444956559
      vertex -53.584896563633905 -51.29238598724625 -14.993972504936142
      vertex -50.868616231070206 -55.03102512791836 -10.25
    endloop
  endfacet
  facet normal 0.5625248310099886 -0.7742490072182387 -0.29000739528287117
    outer loop
      vertex -53.584896563633905 -51.29238598724625 -25.5
      vertex -50.868616231070206 -55.03102512791836 -10.25
      vertex -52.24230232469733 -53.63289010874307 -16.647206479587553
    endloop
  endfacet
  facet normal 0.5625248310099502 -0.7742490072182674 -0.29000739528286906
    outer loop
      vertex -52.24230232469733 -53.63289010874307 -16.647206479587553
      vertex -50.868616231070206 -55.03102512791836 -10.25
      vertex -52.20346822200476 -53.75240918728098 -16.252793520412446
    endloop
  endfacet
  facet normal 0.8090169943749481 0.587785252292472 0
    outer loop
      vertex -52.53183457439332 -52.7418014703724 -16.647206479587553
      vertex -52.53183457439332 -52.7418014703724 -16.252793520412446
      vertex -50.868616231070206 -55.03102512791836 -10.25
    endloop
  endfacet
  facet normal 0.5625248310099012 -0.7742490072183041 -0.29000739528286595
    outer loop
      vertex -52.20346822200476 -53.75240918728098 -16.252793520412446
      vertex -50.868616231070206 -55.03102512791836 -10.25
      vertex -52.2049755542281 -53.763602647265444 -16.22583347179551
    endloop
  endfacet
  facet normal 0.8090169943749507 0.5877852522924687 -1.962899592718186e-15
    outer loop
      vertex -52.53183457439332 -52.7418014703724 -16.252793520412446
      vertex -52.66579117622877 -52.55742602547833 -15.864718939753315
      vertex -50.868616231070206 -55.03102512791836 -10.25
    endloop
  endfacet
  facet normal 0.8090169943749504 0.587785252292469 -1.7774595200255157e-15
    outer loop
      vertex -52.66579117622877 -52.55742602547833 -15.864718939753315
      vertex -52.929398904496786 -52.19460111419375 -15.495455773941371
      vertex -50.868616231070206 -55.03102512791836 -10.25
    endloop
  endfacet
  facet normal 0 0 -1
    outer loop
      vertex -55.118107054340406 -50.87143720223795 -25.5
      vertex -65.34060160948337 -35.1120460997473 -25.5
      vertex -53.584896563633905 -51.29238598724625 -25.5
    endloop
  endfacet
  facet normal 0 0 -1
    outer loop
      vertex -55.118107054340406 -50.87143720223795 -25.5
      vertex -66.14392786112342 -35.69569678542693 -25.5
      vertex -65.34060160948337 -35.1120460997473 -25.5
    endloop
  endfacet
  facet normal 0.8090169943749475 0.5877852522924729 -1.07900163339395e-15
    outer loop
      vertex -53.584896563633905 -51.29238598724625 -18.45
      vertex -65.34060160948337 -35.1120460997473 -25.5
      vertex -54.97380438494047 -49.38071837279888 -18.45
    endloop
  endfacet
  facet normal 0.8090169943749286 0.587785252292499 7.925639822109314e-14
    outer loop
      vertex -54.97380438494047 -49.38071837279888 -18.45
      vertex -65.34060160948337 -35.1120460997473 -25.5
      vertex -55.0549654041516 -49.26900981330967 -18.47296109961319
    endloop
  endfacet
  facet normal 0.8090169943749457 0.5877852522924755 6.738235394102978e-15
    outer loop
      vertex -55.0549654041516 -49.26900981330967 -18.47296109961319
      vertex -65.34060160948337 -35.1120460997473 -25.5
      vertex -55.768465150101086 -48.28696166272403 -18.59484140680001
    endloop
  endfacet
  facet normal 0.8090169943749497 0.5877852522924701 -8.803365762020072e-15
    outer loop
      vertex -56.51189352807426 -47.26372028411654 -18.64778474639089
      vertex -55.768465150101086 -48.28696166272403 -18.59484140680001
      vertex -65.34060160948337 -35.1120460997473 -25.5
    endloop
  endfacet
  facet normal 0.8090169943749469 0.5877852522924739 1.206527830900793e-15
    outer loop
      vertex -56.51189352807426 -47.26372028411654 -18.64778474639089
      vertex -65.34060160948337 -35.1120460997473 -25.5
      vertex -57.26135613830814 -46.2321734973215 -18.630089475889456
    endloop
  endfacet
  facet normal 0.8090169943749492 0.5877852522924708 -5.968167992266642e-15
    outer loop
      vertex -57.99276463584996 -45.22547606482595 -18.542324335849337
      vertex -65.34060160948337 -35.1120460997473 -25.5
      vertex -58.403627749281824 -44.659971503709826 -18.45
    endloop
  endfacet
  facet normal 0.8090169943749479 0.5877852522924724 -2.216812148263386e-15
    outer loop
      vertex -57.99276463584996 -45.22547606482595 -18.542324335849337
      vertex -57.26135613830814 -46.2321734973215 -18.630089475889456
      vertex -65.34060160948337 -35.1120460997473 -25.5
    endloop
  endfacet
  facet normal 0.809016994374947 0.5877852522924737 0
    outer loop
      vertex -65.34060160948337 -35.1120460997473 -25.5
      vertex -65.34060160948337 -35.1120460997473 -18.45
      vertex -58.403627749281824 -44.659971503709826 -18.45
    endloop
  endfacet
  facet normal -0.8090169943749476 -0.5877852522924729 -7.62624431198528e-17
    outer loop
      vertex -66.52347773089816 -60.692815457312975 -10.25
      vertex -81.21810903820999 -40.467390597939286 9
      vertex -78.27918277674762 -44.51247556981403 -10.25
    endloop
  endfacet
  facet normal -0.8090169943749475 -0.5877852522924731 2.3140375828042545e-16
    outer loop
      vertex -66.52347773089816 -60.692815457312975 -10.25
      vertex -63.584551469435795 -64.73790042918772 -9
      vertex -81.21810903820999 -40.467390597939286 9
    endloop
  endfacet
  facet normal -0.562524831009986 0.7742490072182511 -0.2900073952828435
    outer loop
      vertex -81.21810903820999 -40.467390597939286 -9
      vertex -80.18740064189902 -39.718537114047166 -9
      vertex -70.15744892053665 -32.89955820187159 -10.25
    endloop
  endfacet
  facet normal 0.8090169943749475 0.5877852522924732 3.3503454809572574e-14
    outer loop
      vertex -56.13485378544772 -47.78267096916682 -10.45
      vertex -65.34060160948337 -35.1120460997473 -10.45
      vertex -68.05688194204708 -31.373406959075194 -10.25
    endloop
  endfacet
  facet normal -0.5625248310099835 0.774249007218243 -0.2900073952828695
    outer loop
      vertex -80.18740064189902 -39.718537114047166 -9
      vertex -70.32052781403218 -32.54983438618138 -9
      vertex -70.15744892053665 -32.89955820187159 -10.25
    endloop
  endfacet
  facet normal -0.8090169943749475 -0.5877852522924731 0
    outer loop
      vertex -81.21810903820999 -40.467390597939286 -9
      vertex -78.27918277674762 -44.51247556981403 -10.25
      vertex -81.21810903820999 -40.467390597939286 9
    endloop
  endfacet
  facet normal -0.587785252292471 0.809016994374949 0
    outer loop
      vertex -81.21810903820999 -40.467390597939286 -9
      vertex -81.21810903820999 -40.467390597939286 9
      vertex -80.18740064189902 -39.718537114047166 -9
    endloop
  endfacet
  facet normal 0.562524831009983 -0.7742490072182423 -0.29000739528287284
    outer loop
      vertex -62.55384307312482 -63.98904694529559 -9
      vertex -52.96918320955978 -56.55717637071476 -10.25
      vertex -52.68697024525798 -56.82034421742981 -9
    endloop
  endfacet
  facet normal 0.8090169943749483 0.587785252292472 0
    outer loop
      vertex -53.584896563633905 -51.29238598724625 -14.993972504936142
      vertex -53.584896563633905 -51.29238598724625 -10.45
      vertex -50.868616231070206 -55.03102512791836 -10.25
    endloop
  endfacet
  facet normal 0.8090169943749473 0.5877852522924732 4.787508704747749e-14
    outer loop
      vertex -53.584896563633905 -51.29238598724625 -10.45
      vertex -67.28419039764687 -32.4369256308886 -10.25
      vertex -51.64130777547039 -53.967506456105006 -10.25
    endloop
  endfacet
  facet normal 0.8090169943749463 0.5877852522924745 7.452501904862639e-14
    outer loop
      vertex -53.584896563633905 -51.29238598724625 -10.45
      vertex -51.64130777547039 -53.967506456105006 -10.25
      vertex -50.868616231070206 -55.03102512791836 -10.25
    endloop
  endfacet
  facet normal 0.8090169943749468 0.5877852522924739 -6.827864101708974e-14
    outer loop
      vertex -56.13485378544772 -47.78267096916682 -10.45
      vertex -68.05688194204708 -31.373406959075194 -10.25
      vertex -53.584896563633905 -51.29238598724625 -10.45
    endloop
  endfacet
  facet normal 0.809016994374948 0.5877852522924725 9.811817913928238e-14
    outer loop
      vertex -53.584896563633905 -51.29238598724625 -10.45
      vertex -68.05688194204708 -31.373406959075194 -10.25
      vertex -67.28419039764687 -32.4369256308886 -10.25
    endloop
  endfacet
  facet normal 0.587785252292472 -0.8090169943749483 0
    outer loop
      vertex -63.584551469435795 -64.73790042918772 -9
      vertex -62.55384307312482 -63.98904694529559 9
      vertex -63.584551469435795 -64.73790042918772 9
    endloop
  endfacet
  facet normal -0.8090169943749475 -0.5877852522924731 0
    outer loop
      vertex -63.584551469435795 -64.73790042918772 -9
      vertex -63.584551469435795 -64.73790042918772 9
      vertex -66.52347773089816 -60.692815457312975 10.25
    endloop
  endfacet
  facet normal 0.5625248310099793 -0.7742490072182399 0.2900073952828863
    outer loop
      vertex -63.584551469435795 -64.73790042918772 9
      vertex -62.55384307312482 -63.98904694529559 9
      vertex -52.96918320955978 -56.55717637071476 10.25
    endloop
  endfacet
  facet normal -0.8090169943749473 -0.5877852522924731 6.3735269235277306e-18
    outer loop
      vertex -63.584551469435795 -64.73790042918772 9
      vertex -66.52347773089816 -60.692815457312975 25.5
      vertex -66.52347773089816 -60.692815457312975 10.25
    endloop
  endfacet
  facet normal -0.8090169943749475 -0.587785252292473 2.4590010039731644e-16
    outer loop
      vertex -63.584551469435795 -64.73790042918772 -9
      vertex -78.27918277674762 -44.51247556981403 10.25
      vertex -81.21810903820999 -40.467390597939286 9
    endloop
  endfacet
  facet normal -0.8090169943749476 -0.5877852522924729 -7.663371215780337e-17
    outer loop
      vertex -63.584551469435795 -64.73790042918772 -9
      vertex -66.52347773089816 -60.692815457312975 10.25
      vertex -78.27918277674762 -44.51247556981403 10.25
    endloop
  endfacet
  facet normal -0.587785252292471 0.809016994374949 0
    outer loop
      vertex -80.18740064189902 -39.718537114047166 -9
      vertex -81.21810903820999 -40.467390597939286 9
      vertex -80.18740064189902 -39.718537114047166 9
    endloop
  endfacet
  facet normal -0.562524831009986 0.7742490072182511 0.2900073952828435
    outer loop
      vertex -81.21810903820999 -40.467390597939286 9
      vertex -70.15744892053665 -32.89955820187159 10.25
      vertex -80.18740064189902 -39.718537114047166 9
    endloop
  endfacet
  facet normal -0.5625248310099836 0.7742490072182431 0.290007395282869
    outer loop
      vertex -80.18740064189902 -39.718537114047166 9
      vertex -70.15744892053665 -32.89955820187159 10.25
      vertex -70.32052781403218 -32.54983438618138 9
    endloop
  endfacet
  facet normal 0.562524831009983 -0.7742490072182423 0.29000739528287256
    outer loop
      vertex -62.55384307312482 -63.98904694529559 9
      vertex -52.68697024525798 -56.82034421742981 9
      vertex -52.96918320955978 -56.55717637071476 10.25
    endloop
  endfacet
  facet normal -0.8090169943749473 -0.5877852522924731 6.3735269235277306e-18
    outer loop
      vertex -81.21810903820999 -40.467390597939286 9
      vertex -78.27918277674762 -44.51247556981403 10.25
      vertex -78.27918277674762 -44.51247556981403 25.5
    endloop
  endfacet
  facet normal -0.5625248310099833 0.7742490072182425 0.2900073952828712
    outer loop
      vertex -81.21810903820999 -40.467390597939286 9
      vertex -78.27918277674762 -44.51247556981403 25.5
      vertex -70.15744892053665 -32.89955820187159 10.25
    endloop
  endfacet
  facet normal -0.5625248310099837 0.7742490072182424 0.2900073952828709
    outer loop
      vertex -70.15744892053665 -32.89955820187159 10.25
      vertex -78.27918277674762 -44.51247556981403 25.5
      vertex -68.05688194204708 -31.373406959075197 10.25
    endloop
  endfacet
  facet normal 0.8090169943749466 0.5877852522924742 -1.5880911727622382e-16
    outer loop
      vertex -67.28419039764687 -32.4369256308886 10.25
      vertex -68.05688194204708 -31.373406959075197 10.25
      vertex -65.34060160948337 -35.1120460997473 25.5
    endloop
  endfacet
  facet normal 0 0 1
    outer loop
      vertex -66.60133008219518 -60.5856608885216 25.5
      vertex -65.41404362205697 -36.70029625611486 25.5
      vertex -66.14392786112342 -35.69569678542693 25.5
    endloop
  endfacet
  facet normal -0.5625248310099833 0.7742490072182425 0.2900073952828712
    outer loop
      vertex -68.05688194204708 -31.373406959075197 10.25
      vertex -78.27918277674762 -44.51247556981403 25.5
      vertex -66.14392786112342 -35.69569678542693 25.5
    endloop
  endfacet
  facet normal -0.5625248310099836 0.7742490072182424 0.29000739528287117
    outer loop
      vertex -68.05688194204708 -31.373406959075197 10.25
      vertex -66.14392786112342 -35.69569678542693 25.5
      vertex -65.34060160948337 -35.1120460997473 25.5
    endloop
  endfacet
  facet normal 0 0 1
    outer loop
      vertex -65.41404362205697 -36.70029625611486 25.5
      vertex -65.34060160948337 -35.1120460997473 25.5
      vertex -66.14392786112342 -35.69569678542693 25.5
    endloop
  endfacet
  facet normal 0.5625248310099833 -0.7742490072182426 0.2900073952828709
    outer loop
      vertex -63.584551469435795 -64.73790042918772 9
      vertex -52.96918320955978 -56.55717637071476 10.25
      vertex -53.584896563633905 -51.29238598724625 25.5
    endloop
  endfacet
  facet normal 0.5625248310099823 -0.7742490072182433 0.290007395282871
    outer loop
      vertex -52.96918320955978 -56.55717637071476 10.25
      vertex -50.868616231070206 -55.03102512791836 10.25
      vertex -53.584896563633905 -51.29238598724625 25.5
    endloop
  endfacet
  facet normal 0.8090169943749463 0.5877852522924746 -2.9576899943691753e-15
    outer loop
      vertex -50.868616231070206 -55.03102512791836 10.25
      vertex -51.64130777547039 -53.967506456105006 10.25
      vertex -65.34060160948337 -35.1120460997473 25.5
    endloop
  endfacet
  facet normal 0.5625248310099829 -0.7742490072182429 0.2900073952828712
    outer loop
      vertex -63.584551469435795 -64.73790042918772 9
      vertex -54.38822281527395 -51.87603667292588 25.5
      vertex -66.52347773089816 -60.692815457312975 25.5
    endloop
  endfacet
  facet normal 0.5625248310099831 -0.7742490072182431 0.2900073952828705
    outer loop
      vertex -63.584551469435795 -64.73790042918772 9
      vertex -53.584896563633905 -51.29238598724625 25.5
      vertex -54.38822281527395 -51.87603667292588 25.5
    endloop
  endfacet
  facet normal 0.8090169943749472 0.5877852522924734 -5.234953103769284e-16
    outer loop
      vertex -50.868616231070206 -55.03102512791836 10.25
      vertex -65.34060160948337 -35.1120460997473 25.5
      vertex -53.584896563633905 -51.29238598724625 25.5
    endloop
  endfacet
  facet normal 0 0 1
    outer loop
      vertex -54.38822281527395 -51.87603667292588 25.5
      vertex -53.584896563633905 -51.29238598724625 25.5
      vertex -65.41404362205697 -36.70029625611486 25.5
    endloop
  endfacet
  facet normal 0.8090169943749475 0.5877852522924732 -4.481658097087906e-16
    outer loop
      vertex -51.64130777547039 -53.967506456105006 10.25
      vertex -67.28419039764687 -32.4369256308886 10.25
      vertex -65.34060160948337 -35.1120460997473 25.5
    endloop
  endfacet
  facet normal 0 0 1
    outer loop
      vertex -53.584896563633905 -51.29238598724625 25.5
      vertex -65.34060160948337 -35.1120460997473 25.5
      vertex -65.41404362205697 -36.70029625611486 25.5
    endloop
  endfacet
  facet normal 5.286280351052744e-16 -0.9570244044334735 -0.29000739528287084
    outer loop
      vertex 73.5 -10 -25.5
      vertex 75.00451993081748 -12.129405727389942 -18.47296109961319
      vertex 74.65773013386357 -12.186042073276708 -18.286061158186865
    endloop
  endfacet
  facet normal 9.379571098663367e-16 -0.9570244044334735 -0.29000739528287095
    outer loop
      vertex 73.5 -10 -25.5
      vertex 76.08341979216735 -12.080176201107648 -18.635418536344762
      vertex 75.79267676393285 -12.076428864730033 -18.64778474639089
    endloop
  endfacet
  facet normal -2.076003720529889e-15 -0.9570244044334737 -0.2900073952828703
    outer loop
      vertex 73.5 -10 -25.5
      vertex 75.38693249229928 -12.092472300969694 -18.59484140680001
      vertex 75.00451993081748 -12.129405727389942 -18.47296109961319
    endloop
  endfacet
  facet normal 1.7940645028507763e-15 -0.9570244044334734 -0.29000739528287134
    outer loop
      vertex 73.5 -10 -25.5
      vertex 75.79267676393285 -12.076428864730033 -18.64778474639089
      vertex 75.38693249229928 -12.092472300969694 -18.59484140680001
    endloop
  endfacet
  facet normal 6.144634682774646e-16 -0.9570244044334736 -0.2900073952828709
    outer loop
      vertex 73.5 -10 -25.5
      vertex 74.65773013386357 -12.186042073276708 -18.286061158186865
      vertex 74.35770921085125 -12.260560999872649 -18.04014870042026
    endloop
  endfacet
  facet normal 2.5354054847700135e-15 -0.9570244044334735 -0.2900073952828711
    outer loop
      vertex 73.5 -10 -25.5
      vertex 74.35770921085125 -12.260560999872649 -18.04014870042026
      vertex 74.11410008110418 -12.350567407562595 -17.74312755504344
    endloop
  endfacet
  facet normal -6.2542914510138865e-15 -0.9570244044334737 -0.2900073952828703
    outer loop
      vertex 73.5 -10 -25.5
      vertex 74.11410008110418 -12.350567407562595 -17.74312755504344
      vertex 73.93473254249466 -12.45316841634587 -17.40454422605863
    endloop
  endfacet
  facet normal 1.0882902344195174e-15 -0.9570244044334736 -0.29000739528287084
    outer loop
      vertex 73.5 -10 -25.5
      vertex 73.93473254249466 -12.45316841634587 -17.40454422605863
      vertex 73.82537161529775 -12.565066345379792 -17.035281060246685
    endloop
  endfacet
  facet normal -1.9279867265690946e-14 -0.9570244044334738 -0.29000739528286995
    outer loop
      vertex 73.5 -10 -25.5
      vertex 73.82537161529775 -12.565066345379792 -17.035281060246685
      vertex 73.789532249696 -12.682664703155286 -16.647206479587553
    endloop
  endfacet
  facet normal -1 0 0
    outer loop
      vertex 73.5 -10 -25.5
      vertex 73.5 -11.563675481513785 -17.035281060246685
      vertex 73.5 -11.115199227235701 -17.40454422605863
    endloop
  endfacet
  facet normal -1 0 0
    outer loop
      vertex 73.5 -10 -25.5
      vertex 73.5 -11.115199227235701 -17.40454422605863
      vertex 73.5 -10.460561697770263 -17.74312755504344
    endloop
  endfacet
  facet normal -1 0 0
    outer loop
      vertex 73.5 -10 -25.5
      vertex 73.5 -10.460561697770263 -17.74312755504344
      vertex 73.5 -10 -18.45
    endloop
  endfacet
  facet normal -1 0 0
    outer loop
      vertex 73.5 -10 -25.5
      vertex 73.5 -11.791576064784621 -16.647206479587553
      vertex 73.5 -11.563675481513785 -17.035281060246685
    endloop
  endfacet
  facet normal 0 0 -1
    outer loop
      vertex 73.5 -10 -25.5
      vertex 74.4929658551372 8.758246764069414 -25.5
      vertex 74.4929658551372 -10 -25.5
    endloop
  endfacet
  facet normal -1 0 0
    outer loop
      vertex 73.5 -10 -25.5
      vertex 73.5 -10 -18.45
      vertex 73.5 10 -25.5
    endloop
  endfacet
  facet normal -1 0 0
    outer loop
      vertex 73.5 -10 -18.45
      vertex 73.5 -7.637048878158187 -18.45
      vertex 73.5 10 -25.5
    endloop
  endfacet
  facet normal 0 -0.9570244044334736 -0.2900073952828708
    outer loop
      vertex 73.5 -10 -25.5
      vertex 74.4929658551372 -10 -25.5
      vertex 89.4929658551372 -15 -9
    endloop
  endfacet
  facet normal 0 -0.9570244044334736 -0.2900073952828708
    outer loop
      vertex 74.4929658551372 -10 -25.5
      vertex 89.4929658551372 -10 -25.5
      vertex 89.4929658551372 -15 -9
    endloop
  endfacet
  facet normal -1 0 0
    outer loop
      vertex 73.5 -10 -18.45
      vertex 73.5 -10.460561697770263 -17.74312755504344
      vertex 73.5 -10 -17.906027495063856
    endloop
  endfacet
  facet normal -1 0 0
    outer loop
      vertex 73.5 -10 -25.5
      vertex 73.5 -14.621212121212121 -10.25
      vertex 73.5 -11.791576064784621 -16.647206479587553
    endloop
  endfacet
  facet normal 4.427762082528789e-15 -0.9570244044334736 -0.2900073952828708
    outer loop
      vertex 73.5 -10 -25.5
      vertex 73.789532249696 -12.682664703155286 -16.647206479587553
      vertex 73.5 -14.621212121212121 -10.25
    endloop
  endfacet
  facet normal -2.444719035381017e-14 -0.9570244044334731 -0.2900073952828719
    outer loop
      vertex 73.789532249696 -12.682664703155286 -16.647206479587553
      vertex 73.82836635238857 -12.802183781693198 -16.252793520412446
      vertex 73.5 -14.621212121212121 -10.25
    endloop
  endfacet
  facet normal -1.2870133316747908e-16 -0.9570244044334736 -0.2900073952828708
    outer loop
      vertex 76.08341979216735 -12.080176201107648 -18.635418536344762
      vertex 76.09644357670446 -14.621212121212121 -10.25
      vertex 73.83616516047441 -12.810353493395302 -16.2258334717955
    endloop
  endfacet
  facet normal 8.313194406331738e-14 -0.9570244044334748 -0.29000739528286656
    outer loop
      vertex 73.82836635238857 -12.802183781693198 -16.252793520412446
      vertex 73.83616516047441 -12.810353493395302 -16.2258334717955
      vertex 73.5 -14.621212121212121 -10.25
    endloop
  endfacet
  facet normal -1 0 0
    outer loop
      vertex 73.5 -11.791576064784621 -16.647206479587553
      vertex 73.5 -14.621212121212121 -10.25
      vertex 73.5 -11.791576064784621 -16.252793520412446
    endloop
  endfacet
  facet normal -1 0 0
    outer loop
      vertex 73.5 -11.791576064784621 -16.252793520412446
      vertex 73.5 -14.621212121212121 -10.25
      vertex 73.5 -11.563675481513785 -15.864718939753315
    endloop
  endfacet
  facet normal -1 0 0
    outer loop
      vertex 73.5 -11.563675481513785 -15.864718939753315
      vertex 73.5 -14.621212121212121 -10.25
      vertex 73.5 -11.115199227235701 -15.495455773941371
    endloop
  endfacet
  facet normal -1 0 0
    outer loop
      vertex 73.5 -11.115199227235701 -15.495455773941371
      vertex 73.5 -14.621212121212121 -10.25
      vertex 73.5 -10.460561697770263 -15.156872444956559
    endloop
  endfacet
  facet normal -1 0 0
    outer loop
      vertex 73.5 -10.460561697770263 -15.156872444956559
      vertex 73.5 -14.621212121212121 -10.25
      vertex 73.5 -10 -14.993972504936144
    endloop
  endfacet
  facet normal -5.0626936523975034e-17 -0.9570244044334736 -0.2900073952828707
    outer loop
      vertex 73.5 -10 -25.5
      vertex 89.4929658551372 -15 -9
      vertex 76.08341979216735 -12.080176201107648 -18.635418536344762
    endloop
  endfacet
  facet normal 1 0 0
    outer loop
      vertex 89.4929658551372 -10 -25.5
      vertex 89.4929658551372 -10 -10.25
      vertex 89.4929658551372 -15 -9
    endloop
  endfacet
  facet normal 3.8952072647521913e-17 -0.9570244044334736 -0.2900073952828709
    outer loop
      vertex 73.83616516047441 -12.810353493395302 -16.2258334717955
      vertex 76.09644357670446 -14.621212121212121 -10.25
      vertex 73.5 -14.621212121212121 -10.25
    endloop
  endfacet
  facet normal -1 0 0
    outer loop
      vertex 73.5 -10 -14.993972504936144
      vertex 73.5 -14.621212121212121 -10.25
      vertex 73.5 -10 -10.45
    endloop
  endfacet
  facet normal -1 0 0
    outer loop
      vertex 73.5 -14.621212121212121 -10.25
      vertex 73.5 -13.306630747510539 -10.25
      vertex 73.5 10 -10.45
    endloop
  endfacet
  facet normal -1 0 0
    outer loop
      vertex 73.5 -14.621212121212121 -10.25
      vertex 73.5 10 -10.45
      vertex 73.5 -10 -10.45
    endloop
  endfacet
  facet normal -9.825659322010404e-18 -0.9570244044334735 -0.29000739528287073
    outer loop
      vertex 76.08341979216735 -12.080176201107648 -18.635418536344762
      vertex 89.4929658551372 -15 -9
      vertex 76.09644357670446 -14.621212121212121 -10.25
    endloop
  endfacet
  facet normal 0 -0.9570244044334736 -0.29000739528287084
    outer loop
      vertex 76.09644357670446 -14.621212121212121 -10.25
      vertex 88.21894021231704 -15 -9
      vertex 76.02281467172806 -15 -9
    endloop
  endfacet
  facet normal 0 -0.9570244044334736 -0.29000739528287084
    outer loop
      vertex 76.09644357670446 -14.621212121212121 -10.25
      vertex 89.4929658551372 -15 -9
      vertex 88.21894021231704 -15 -9
    endloop
  endfacet
  facet normal 1 0 0
    outer loop
      vertex 89.4929658551372 -15 -9
      vertex 89.4929658551372 -10 -10.25
      vertex 89.4929658551372 -15 9
    endloop
  endfacet
  facet normal 0 -1 0
    outer loop
      vertex 88.21894021231704 -15 -9
      vertex 89.4929658551372 -15 -9
      vertex 89.4929658551372 -15 9
    endloop
  endfacet
  facet normal 1 0 0
    outer loop
      vertex 89.4929658551372 -10 -10.25
      vertex 89.4929658551372 10 -10.25
      vertex 89.4929658551372 -15 9
    endloop
  endfacet
  facet normal 0 0 -1
    outer loop
      vertex 73.5 -10 -25.5
      vertex 73.5 10 -25.5
      vertex 74.4929658551372 8.758246764069414 -25.5
    endloop
  endfacet
  facet normal -1 0 0
    outer loop
      vertex 73.5 -7.637048878158187 -18.45
      vertex 73.5 -7.498969504960944 -18.47296109961319
      vertex 73.5 10 -25.5
    endloop
  endfacet
  facet normal -1 0 0
    outer loop
      vertex 73.5 -7.498969504960944 -18.47296109961319
      vertex 73.5 -6.285091233659127 -18.59484140680001
      vertex 73.5 10 -25.5
    endloop
  endfacet
  facet normal -1 0 0
    outer loop
      vertex 73.5 -6.285091233659127 -18.59484140680001
      vertex 73.5 -5.020295332309675 -18.64778474639089
      vertex 73.5 10 -25.5
    endloop
  endfacet
  facet normal -1 0 0
    outer loop
      vertex 73.5 -5.020295332309675 -18.64778474639089
      vertex 73.5 -3.745233381859517 -18.630089475889456
      vertex 73.5 10 -25.5
    endloop
  endfacet
  facet normal -1 0 0
    outer loop
      vertex 73.5 -3.745233381859517 -18.630089475889456
      vertex 73.5 -2.5008869225205146 -18.542324335849337
      vertex 73.5 10 -25.5
    endloop
  endfacet
  facet normal -1 0 0
    outer loop
      vertex 73.5 -2.5008869225205146 -18.542324335849337
      vertex 73.5 -1.801884843394807 -18.45
      vertex 73.5 10 -25.5
    endloop
  endfacet
  facet normal 0 0 -1
    outer loop
      vertex 73.5 10 -25.5
      vertex 74.4929658551372 10 -25.5
      vertex 74.4929658551372 8.758246764069414 -25.5
    endloop
  endfacet
  facet normal -1 0 0
    outer loop
      vertex 73.5 -1.801884843394807 -18.45
      vertex 73.5 10 -18.45
      vertex 73.5 10 -25.5
    endloop
  endfacet
  facet normal 0 0.9570244044334736 -0.29000739528287073
    outer loop
      vertex 73.5 10 -25.5
      vertex 73.5 14.621212121212121 -10.25
      vertex 74.4929658551372 10 -25.5
    endloop
  endfacet
  facet normal 0 0 -1
    outer loop
      vertex 89.4929658551372 -9.86754966887418 -25.5
      vertex 74.4929658551372 8.758246764069414 -25.5
      vertex 74.4929658551372 10 -25.5
    endloop
  endfacet
  facet normal 0 0.9570244044334736 -0.29000739528287073
    outer loop
      vertex 74.4929658551372 10 -25.5
      vertex 73.5 14.621212121212121 -10.25
      vertex 89.4929658551372 10 -25.5
    endloop
  endfacet
  facet normal -1 0 0
    outer loop
      vertex 73.5 10 -25.5
      vertex 73.5 10 -18.45
      vertex 73.5 14.621212121212121 -10.25
    endloop
  endfacet
  facet normal -1 0 0
    outer loop
      vertex 73.5 10 -18.45
      vertex 73.5 10 -10.45
      vertex 73.5 14.621212121212121 -10.25
    endloop
  endfacet
  facet normal 1 0 0
    outer loop
      vertex 89.4929658551372 10 -25.5
      vertex 89.4929658551372 15 -9
      vertex 89.4929658551372 10 -10.25
    endloop
  endfacet
  facet normal 6.440146563026994e-17 0.9570244044334736 -0.2900073952828707
    outer loop
      vertex 89.4929658551372 10 -25.5
      vertex 73.5 14.621212121212121 -10.25
      vertex 76.09644357670446 14.621212121212121 -10.25
    endloop
  endfacet
  facet normal -7.690900808140897e-18 0.9570244044334735 -0.2900073952828708
    outer loop
      vertex 89.4929658551372 10 -25.5
      vertex 76.09644357670446 14.621212121212121 -10.25
      vertex 89.4929658551372 15 -9
    endloop
  endfacet
  facet normal -1 0 0
    outer loop
      vertex 73.5 -13.306630747510539 -10.25
      vertex 73.5 13.306630747510539 -10.25
      vertex 73.5 10 -10.45
    endloop
  endfacet
  facet normal -1 0 0
    outer loop
      vertex 73.5 10 -10.45
      vertex 73.5 13.306630747510539 -10.25
      vertex 73.5 14.621212121212121 -10.25
    endloop
  endfacet
  facet normal 1 0 0
    outer loop
      vertex 89.4929658551372 -10 10.25
      vertex 89.4929658551372 10 -10.25
      vertex 89.4929658551372 15 -9
    endloop
  endfacet
  facet normal 0 0.9570244044334736 -0.29000739528287084
    outer loop
      vertex 76.09644357670446 14.621212121212121 -10.25
      vertex 76.02281467172806 15 -9
      vertex 88.21894021231704 15 -9
    endloop
  endfacet
  facet normal 0 0.9570244044334735 -0.290007395282871
    outer loop
      vertex 76.09644357670446 14.621212121212121 -10.25
      vertex 88.21894021231704 15 -9
      vertex 89.4929658551372 15 -9
    endloop
  endfacet
  facet normal 0 1 0
    outer loop
      vertex 88.21894021231704 15 -9
      vertex 88.21894021231704 15 9
      vertex 89.4929658551372 15 -9
    endloop
  endfacet
  facet normal 0 -1 0
    outer loop
      vertex 88.21894021231704 -15 -9
      vertex 89.4929658551372 -15 9
      vertex 88.21894021231704 -15 9
    endloop
  endfacet
  facet normal 1 0 0
    outer loop
      vertex 89.4929658551372 -15 9
      vertex 89.4929658551372 10 -10.25
      vertex 89.4929658551372 -10 10.25
    endloop
  endfacet
  facet normal 0 -0.9570244044334736 0.29000739528287084
    outer loop
      vertex 76.02281467172806 -15 9
      vertex 88.21894021231704 -15 9
      vertex 76.09644357670446 -14.621212121212121 10.25
    endloop
  endfacet
  facet normal 0 -0.9570244044334735 0.290007395282871
    outer loop
      vertex 76.09644357670446 -14.621212121212121 10.25
      vertex 88.21894021231704 -15 9
      vertex 89.4929658551372 -15 9
    endloop
  endfacet
  facet normal -1 0 0
    outer loop
      vertex 73.5 -14.621212121212121 10.25
      vertex 73.5 -10 25.5
      vertex 73.5 -13.306630747510539 10.25
    endloop
  endfacet
  facet normal -1 0 0
    outer loop
      vertex 73.5 -13.306630747510539 10.25
      vertex 73.5 -10 25.5
      vertex 73.5 13.306630747510539 10.25
    endloop
  endfacet
  facet normal 0 -0.9570244044334736 0.29000739528287073
    outer loop
      vertex 73.5 -14.621212121212121 10.25
      vertex 76.09644357670446 -14.621212121212121 10.25
      vertex 89.4929658551372 -10 25.5
    endloop
  endfacet
  facet normal -7.690900808140897e-18 -0.9570244044334735 0.2900073952828708
    outer loop
      vertex 76.09644357670446 -14.621212121212121 10.25
      vertex 89.4929658551372 -15 9
      vertex 89.4929658551372 -10 25.5
    endloop
  endfacet
  facet normal 1 0 0
    outer loop
      vertex 89.4929658551372 -15 9
      vertex 89.4929658551372 -10 10.25
      vertex 89.4929658551372 -10 25.5
    endloop
  endfacet
  facet normal 1.6839931695633485e-16 -0.9570244044334736 0.29000739528287073
    outer loop
      vertex 73.5 -14.621212121212121 10.25
      vertex 74.4929658551372 -10 25.5
      vertex 73.5 -10 25.5
    endloop
  endfacet
  facet normal 0 0 1
    outer loop
      vertex 73.5 -10 25.5
      vertex 74.4929658551372 -10 25.5
      vertex 74.4929658551372 -8.758246764069414 25.5
    endloop
  endfacet
  facet normal 0 0 1
    outer loop
      vertex 73.5 -10 25.5
      vertex 74.4929658551372 -8.758246764069414 25.5
      vertex 73.5 10 25.5
    endloop
  endfacet
  facet normal 1.114765145107116e-17 -0.9570244044334736 0.29000739528287073
    outer loop
      vertex 73.5 -14.621212121212121 10.25
      vertex 89.4929658551372 -10 25.5
      vertex 74.4929658551372 -10 25.5
    endloop
  endfacet
  facet normal 0 0 1
    outer loop
      vertex 74.4929658551372 -10 25.5
      vertex 89.4929658551372 9.86754966887418 25.5
      vertex 74.4929658551372 -8.758246764069414 25.5
    endloop
  endfacet
  facet normal 1 0 0
    outer loop
      vertex 89.4929658551372 -10 10.25
      vertex 89.4929658551372 15 -9
      vertex 89.4929658551372 10 10.25
    endloop
  endfacet
  facet normal 0 1 0
    outer loop
      vertex 89.4929658551372 15 -9
      vertex 88.21894021231704 15 9
      vertex 89.4929658551372 15 9
    endloop
  endfacet
  facet normal 1 0 0
    outer loop
      vertex 89.4929658551372 15 -9
      vertex 89.4929658551372 15 9
      vertex 89.4929658551372 10 10.25
    endloop
  endfacet
  facet normal 0 0.9570244044334736 0.29000739528287084
    outer loop
      vertex 76.02281467172806 15 9
      vertex 76.09644357670446 14.621212121212121 10.25
      vertex 88.21894021231704 15 9
    endloop
  endfacet
  facet normal 0 0.9570244044334736 0.29000739528287084
    outer loop
      vertex 76.09644357670446 14.621212121212121 10.25
      vertex 89.4929658551372 15 9
      vertex 88.21894021231704 15 9
    endloop
  endfacet
  facet normal -1 0 0
    outer loop
      vertex 73.5 -10 25.5
      vertex 73.5 14.621212121212121 10.25
      vertex 73.5 13.306630747510539 10.25
    endloop
  endfacet
  facet normal 1 0 0
    outer loop
      vertex 89.4929658551372 10 10.25
      vertex 89.4929658551372 15 9
      vertex 89.4929658551372 10 25.5
    endloop
  endfacet
  facet normal -1 0 0
    outer loop
      vertex 73.5 -10 25.5
      vertex 73.5 10 25.5
      vertex 73.5 14.621212121212121 10.25
    endloop
  endfacet
  facet normal 0 0 1
    outer loop
      vertex 74.4929658551372 -8.758246764069414 25.5
      vertex 74.4929658551372 10 25.5
      vertex 73.5 10 25.5
    endloop
  endfacet
  facet normal 0 0.9570244044334736 0.2900073952828709
    outer loop
      vertex 89.4929658551372 15 9
      vertex 73.5 10 25.5
      vertex 74.4929658551372 10 25.5
    endloop
  endfacet
  facet normal 0 0.9570244044334736 0.2900073952828708
    outer loop
      vertex 89.4929658551372 15 9
      vertex 74.4929658551372 10 25.5
      vertex 89.4929658551372 10 25.5
    endloop
  endfacet
  facet normal 0 0.9570244044334736 0.29000739528287073
    outer loop
      vertex 73.5 14.621212121212121 10.25
      vertex 73.5 10 25.5
      vertex 76.09644357670446 14.621212121212121 10.25
    endloop
  endfacet
  facet normal -8.455632536778546e-18 0.9570244044334735 0.29000739528287073
    outer loop
      vertex 76.09644357670446 14.621212121212121 10.25
      vertex 73.5 10 25.5
      vertex 89.4929658551372 15 9
    endloop
  endfacet
  facet normal 0.3090169943749467 -0.9510565162951538 0
    outer loop
      vertex 65.97840021666161 5.6657483927568055 -22.45
      vertex 68.87215710809446 6.605987002893042 -18.45
      vertex 65.97840021666161 5.6657483927568055 -18.45
    endloop
  endfacet
  facet normal -0.9510565162951535 -0.3090169943749475 0
    outer loop
      vertex 65.97840021666161 5.6657483927568055 -22.45
      vertex 65.97840021666161 5.6657483927568055 -18.45
      vertex 61.43011384724429 19.663934474271088 -22.45
    endloop
  endfacet
  facet normal -0.9510565162951536 -0.3090169943749476 -4.45318053568826e-16
    outer loop
      vertex 65.97840021666161 5.6657483927568055 -18.45
      vertex 64.57011650103917 10 -18.45
      vertex 61.43011384724429 19.663934474271088 -22.45
    endloop
  endfacet
  facet normal 0 0 -1
    outer loop
      vertex 65.97840021666161 5.6657483927568055 -22.45
      vertex 61.43011384724429 19.663934474271088 -22.45
      vertex 68.94886096487957 22.070704401760437 -22.45
    endloop
  endfacet
  facet normal -0.9510565162951536 -0.3090169943749468 1.6768593269654477e-15
    outer loop
      vertex 64.57011650103917 10 -18.45
      vertex 61.4301138472443 19.663934474271088 -18.45
      vertex 61.43011384724429 19.663934474271088 -22.45
    endloop
  endfacet
  facet normal 0 0 -1
    outer loop
      vertex 65.97840021666161 5.6657483927568055 -22.45
      vertex 71.6954081768897 10.076132509508739 -22.45
      vertex 71.9968292905393 7.621254539240433 -22.45
    endloop
  endfacet
  facet normal 0 0 -1
    outer loop
      vertex 65.97840021666161 5.6657483927568055 -22.45
      vertex 71.30008131808387 12.572128063085756 -22.45
      vertex 71.6954081768897 10.076132509508739 -22.45
    endloop
  endfacet
  facet normal 0 0 -1
    outer loop
      vertex 65.97840021666161 5.6657483927568055 -22.45
      vertex 70.81788629312754 15.052806415205778 -22.45
      vertex 71.30008131808387 12.572128063085756 -22.45
    endloop
  endfacet
  facet normal 0.30901699437494723 -0.9510565162951535 1.606724795371697e-17
    outer loop
      vertex 65.97840021666161 5.6657483927568055 -22.45
      vertex 71.9968292905393 7.621254539240433 -22.45
      vertex 71.9968292905393 7.621254539240433 -18.45
    endloop
  endfacet
  facet normal 0.3090169943749456 -0.9510565162951542 1.042556446232514e-15
    outer loop
      vertex 65.97840021666161 5.6657483927568055 -22.45
      vertex 69.26948749067476 6.73508747010514 -18.59484140680001
      vertex 68.91273761770002 6.619172409747058 -18.47296109961319
    endloop
  endfacet
  facet normal 0.30901699437495683 -0.9510565162951505 -7.621737011641876e-15
    outer loop
      vertex 65.97840021666161 5.6657483927568055 -22.45
      vertex 68.91273761770002 6.619172409747058 -18.47296109961319
      vertex 68.87215710809446 6.605987002893042 -18.45
    endloop
  endfacet
  facet normal 0.30901699437494734 -0.9510565162951535 -5.801577039200425e-16
    outer loop
      vertex 65.97840021666161 5.6657483927568055 -22.45
      vertex 69.64120167966135 6.855864731476123 -18.64778474639089
      vertex 69.26948749067476 6.73508747010514 -18.59484140680001
    endloop
  endfacet
  facet normal 0.30901699437494834 -0.9510565162951533 -1.0688149589302472e-15
    outer loop
      vertex 65.97840021666161 5.6657483927568055 -22.45
      vertex 70.01593298477829 6.977622313303679 -18.630089475889456
      vertex 69.64120167966135 6.855864731476123 -18.64778474639089
    endloop
  endfacet
  facet normal 0.3090169943749478 -0.9510565162951534 -3.8470857404480797e-16
    outer loop
      vertex 65.97840021666161 5.6657483927568055 -22.45
      vertex 70.3816372335492 7.096446826725407 -18.542324335849337
      vertex 70.01593298477829 6.977622313303679 -18.630089475889456
    endloop
  endfacet
  facet normal 0.30901699437495156 -0.9510565162951523 -4.150451621599849e-15
    outer loop
      vertex 65.97840021666161 5.6657483927568055 -22.45
      vertex 70.58706879026514 7.163195585730202 -18.45
      vertex 70.3816372335492 7.096446826725407 -18.542324335849337
    endloop
  endfacet
  facet normal 0.30901699437494795 -0.9510565162951533 -1.1276895320428173e-15
    outer loop
      vertex 65.97840021666161 5.6657483927568055 -22.45
      vertex 71.9968292905393 7.621254539240433 -18.45
      vertex 70.58706879026514 7.163195585730202 -18.45
    endloop
  endfacet
  facet normal 0 0 -1
    outer loop
      vertex 65.97840021666161 5.6657483927568055 -22.45
      vertex 70.24941058238215 17.515145241415944 -22.45
      vertex 70.81788629312754 15.052806415205778 -22.45
    endloop
  endfacet
  facet normal 0 0 -1
    outer loop
      vertex 65.97840021666161 5.6657483927568055 -22.45
      vertex 69.5953467859343 19.95614456115074 -22.45
      vertex 70.24941058238215 17.515145241415944 -22.45
    endloop
  endfacet
  facet normal 0 0 -1
    outer loop
      vertex 65.97840021666161 5.6657483927568055 -22.45
      vertex 68.94886096487957 22.070704401760437 -22.45
      vertex 69.5953467859343 19.95614456115074 -22.45
    endloop
  endfacet
  facet normal 0 0 1
    outer loop
      vertex 66.83140237367434 5.942905594499392 -10.45
      vertex 70.32990001214233 10 -10.45
      vertex 66.02475878255004 7.3466226180973235 -10.45
    endloop
  endfacet
  facet normal 0 0 1
    outer loop
      vertex 66.02475878255004 7.3466226180973235 -10.45
      vertex 70.32990001214233 10 -10.45
      vertex 65.32752539918262 17.138500749737936 -10.45
    endloop
  endfacet
  facet normal 0 0 1
    outer loop
      vertex 64.33131977367164 10.734940756550378 -10.45
      vertex 64.37391407022956 20.60625235494556 -10.45
      vertex 63.92540572298632 11.984215747852701 -10.45
    endloop
  endfacet
  facet normal 0 0 1
    outer loop
      vertex 63.92540572298632 11.984215747852701 -10.45
      vertex 64.37391407022956 20.60625235494556 -10.45
      vertex 63.51133841333095 20.330139710281845 -10.45
    endloop
  endfacet
  facet normal 0 0 1
    outer loop
      vertex 65.32752539918262 17.138500749737936 -10.45
      vertex 70.24941058238215 17.515145241415944 -10.45
      vertex 65.11729227526588 20.8442095944484 -10.45
    endloop
  endfacet
  facet normal 0 0 1
    outer loop
      vertex 65.32752539918262 17.138500749737936 -10.45
      vertex 70.32990001214233 10 -10.45
      vertex 71.6954081768897 10.076132509508739 -10.45
    endloop
  endfacet
  facet normal 0 0 1
    outer loop
      vertex 70.32990001214233 10 -10.45
      vertex 71.70475607364017 10 -10.45
      vertex 71.6954081768897 10.076132509508739 -10.45
    endloop
  endfacet
  facet normal 0 0 1
    outer loop
      vertex 65.32752539918262 17.138500749737936 -10.45
      vertex 71.6954081768897 10.076132509508739 -10.45
      vertex 71.30008131808387 12.572128063085756 -10.45
    endloop
  endfacet
  facet normal 0 0 1
    outer loop
      vertex 65.32752539918262 17.138500749737936 -10.45
      vertex 71.30008131808387 12.572128063085756 -10.45
      vertex 70.81788629312754 15.052806415205778 -10.45
    endloop
  endfacet
  facet normal 0 0 1
    outer loop
      vertex 65.32752539918262 17.138500749737936 -10.45
      vertex 70.81788629312754 15.052806415205778 -10.45
      vertex 70.24941058238215 17.515145241415944 -10.45
    endloop
  endfacet
  facet normal 0 0 1
    outer loop
      vertex 69.5953467859343 19.95614456115074 -10.45
      vertex 65.11729227526588 20.8442095944484 -10.45
      vertex 70.24941058238215 17.515145241415944 -10.45
    endloop
  endfacet
  facet normal 0 0 1
    outer loop
      vertex 69.5953467859343 19.95614456115074 -10.45
      vertex 68.94886096487957 22.070704401760437 -10.45
      vertex 65.11729227526588 20.8442095944484 -10.45
    endloop
  endfacet
  facet normal 0 0 -1
    outer loop
      vertex -63.92540572298632 -33.989741145698495 -22.45
      vertex -56.707890385413194 -34.19744388161141 -22.45
      vertex -62.72631945929088 -36.15295002809504 -22.45
    endloop
  endfacet
  facet normal 0.30901699437494573 -0.9510565162951542 0
    outer loop
      vertex -62.72631945929088 -36.15295002809504 -22.45
      vertex -61.3165589590167 -35.69489107458481 -18.45
      vertex -62.72631945929088 -36.15295002809504 -18.45
    endloop
  endfacet
  facet normal 0.3090169943749485 -0.9510565162951531 -1.0555021814142401e-15
    outer loop
      vertex -62.72631945929088 -36.15295002809504 -22.45
      vertex -61.11112740230077 -35.628142315580014 -18.542324335849337
      vertex -61.3165589590167 -35.69489107458481 -18.45
    endloop
  endfacet
  facet normal 0.3090169943749541 -0.9510565162951514 -3.5522863585790736e-15
    outer loop
      vertex -62.72631945929088 -36.15295002809504 -22.45
      vertex -60.74542315352986 -35.509317802158286 -18.630089475889456
      vertex -61.11112740230077 -35.628142315580014 -18.542324335849337
    endloop
  endfacet
  facet normal 0.3090169943749488 -0.9510565162951531 -6.640827229815332e-16
    outer loop
      vertex -62.72631945929088 -36.15295002809504 -22.45
      vertex -60.37069184841292 -35.38756022033073 -18.64778474639089
      vertex -60.74542315352986 -35.509317802158286 -18.630089475889456
    endloop
  endfacet
  facet normal 0.30901699437494484 -0.9510565162951544 1.8346267980315792e-15
    outer loop
      vertex -62.72631945929088 -36.15295002809504 -22.45
      vertex -59.99897765942633 -35.266782958959745 -18.59484140680001
      vertex -60.37069184841292 -35.38756022033073 -18.64778474639089
    endloop
  endfacet
  facet normal 0.30901699437495317 -0.9510565162951516 -4.224567820539449e-15
    outer loop
      vertex -62.72631945929088 -36.15295002809504 -22.45
      vertex -59.642227786451585 -35.15086789860166 -18.47296109961319
      vertex -59.99897765942633 -35.266782958959745 -18.59484140680001
    endloop
  endfacet
  facet normal 0.30901699437486857 -0.9510565162951792 6.832318139717693e-14
    outer loop
      vertex -62.72631945929088 -36.15295002809504 -22.45
      vertex -59.60164727684602 -35.13768249174765 -18.45
      vertex -59.642227786451585 -35.15086789860166 -18.47296109961319
    endloop
  endfacet
  facet normal 0.30901699437494734 -0.9510565162951536 1.6650630717751856e-16
    outer loop
      vertex -62.72631945929088 -36.15295002809504 -22.45
      vertex -56.707890385413194 -34.19744388161141 -18.45
      vertex -59.60164727684602 -35.13768249174765 -18.45
    endloop
  endfacet
  facet normal 0.3090169943749474 -0.9510565162951535 1.6713894429822954e-17
    outer loop
      vertex -62.72631945929088 -36.15295002809504 -22.45
      vertex -56.707890385413194 -34.19744388161141 -22.45
      vertex -56.707890385413194 -34.19744388161141 -18.45
    endloop
  endfacet
  facet normal 0.9510565162951536 0.30901699437494695 0
    outer loop
      vertex -56.707890385413194 -34.19744388161141 -22.45
      vertex -58.024946133811724 -30.143963087223216 -18.45
      vertex -56.707890385413194 -34.19744388161141 -18.45
    endloop
  endfacet
  facet normal 0 0 1
    outer loop
      vertex -63.888218764009856 -34.05682819556536 -10.45
      vertex -62.8671211253724 -33.3149573358494 -10.45
      vertex -63.92540572298632 -33.989741145698495 -10.45
    endloop
  endfacet
  facet normal 0 0 1
    outer loop
      vertex -63.92540572298632 -33.989741145698495 -10.45
      vertex -62.8671211253724 -33.3149573358494 -10.45
      vertex -64.42741198314292 -33.00449838568579 -10.45
    endloop
  endfacet
  facet normal 0 0 -1
    outer loop
      vertex -63.92540572298632 -33.989741145698495 -22.45
      vertex -65.07268895205969 -31.73807102752921 -22.45
      vertex -61.25617675429194 -20.19925780175466 -22.45
    endloop
  endfacet
  facet normal 0 0 -1
    outer loop
      vertex -65.07268895205969 -31.73807102752921 -22.45
      vertex -66.14069113332431 -29.447732958687936 -22.45
      vertex -61.25617675429194 -20.19925780175466 -22.45
    endloop
  endfacet
  facet normal 0 0 -1
    outer loop
      vertex -66.14069113332431 -29.447732958687936 -22.45
      vertex -67.12811107063541 -27.121517363312034 -22.45
      vertex -61.25617675429194 -20.19925780175466 -22.45
    endloop
  endfacet
  facet normal 0 0 -1
    outer loop
      vertex -68.03374574489978 -24.762258376778416 -22.45
      vertex -61.25617675429194 -20.19925780175466 -22.45
      vertex -67.12811107063541 -27.121517363312034 -22.45
    endloop
  endfacet
  facet normal 0 0 -1
    outer loop
      vertex -68.03374574489978 -24.762258376778416 -22.45
      vertex -68.75363481780745 -22.671548700519946 -22.45
      vertex -61.25617675429194 -20.19925780175466 -22.45
    endloop
  endfacet
  facet normal 0 0 -1
    outer loop
      vertex -63.92540572298632 -33.989741145698495 -22.45
      vertex -61.25617675429194 -20.19925780175466 -22.45
      vertex -56.707890385413194 -34.19744388161141 -22.45
    endloop
  endfacet
  facet normal 0.9510565162951534 0.30901699437494773 -8.329606965050481e-16
    outer loop
      vertex -56.707890385413194 -34.19744388161141 -22.45
      vertex -61.25617675429195 -20.19925780175466 -18.45
      vertex -58.024946133811724 -30.143963087223216 -18.45
    endloop
  endfacet
  facet normal 0.9510565162951536 0.30901699437494706 1.6823275878666445e-15
    outer loop
      vertex -56.707890385413194 -34.19744388161141 -22.45
      vertex -61.25617675429194 -20.19925780175466 -22.45
      vertex -61.25617675429195 -20.19925780175466 -18.45
    endloop
  endfacet
  facet normal 1.778858599123934e-13 9.063737273056523e-14 1
    outer loop
      vertex -64.42741198314292 -33.00449838568579 -10.45
      vertex -68.75363481780744 -22.671548700519942 -10.450000000000166
      vertex -65.07268895205969 -31.73807102752921 -10.45
    endloop
  endfacet
  facet normal 0 0 1
    outer loop
      vertex -68.03374574489978 -24.762258376778416 -10.45
      vertex -66.14069113332431 -29.447732958687936 -10.45
      vertex -65.07268895205969 -31.73807102752921 -10.45
    endloop
  endfacet
  facet normal 0 0 1
    outer loop
      vertex -64.42741198314292 -33.00449838568579 -10.45
      vertex -62.8671211253724 -33.3149573358494 -10.45
      vertex -63.48142688581887 -20.933035250197054 -10.45
    endloop
  endfacet
  facet normal 9.964969331109596e-13 4.229878525357099e-13 1
    outer loop
      vertex -68.03374574489978 -24.762258376778416 -10.45
      vertex -65.07268895205969 -31.73807102752921 -10.45
      vertex -68.75363481780744 -22.671548700519942 -10.450000000000166
    endloop
  endfacet
  facet normal 0 0 1
    outer loop
      vertex -68.03374574489978 -24.762258376778416 -10.45
      vertex -67.12811107063541 -27.121517363312034 -10.45
      vertex -66.14069113332431 -29.447732958687936 -10.45
    endloop
  endfacet
  facet normal -4.464626380387019e-14 -2.5328820757454056e-15 1
    outer loop
      vertex -64.42741198314292 -33.00449838568579 -10.45
      vertex -65.08230460404815 -21.460925553721953 -10.45
      vertex -68.75363481780744 -22.671548700519942 -10.450000000000166
    endloop
  endfacet
  facet normal 0 0 1
    outer loop
      vertex -64.42741198314292 -33.00449838568579 -10.45
      vertex -63.48142688581887 -20.933035250197054 -10.45
      vertex -64.37659782751146 -21.228218358023337 -10.45
    endloop
  endfacet
  facet normal 0 0 -1
    outer loop
      vertex -46.53782294130544 -55.46161768181401 -18.45
      vertex -43.15892411014636 -47.93284124329193 -18.45
      vertex -44.57389081357766 -57.05197856112667 -18.45
    endloop
  endfacet
  facet normal 0 0 -1
    outer loop
      vertex -44.57389081357766 -57.05197856112667 -18.45
      vertex -41.45980082478178 -49.40986658117408 -18.45
      vertex -42.555652265975056 -58.5728303927462 -18.45
    endloop
  endfacet
  facet normal -0.6819983600624991 -0.7313537016191699 0
    outer loop
      vertex -48.44505590038134 -53.80368536456335 -18.45
      vertex -48.44505590038134 -53.80368536456335 -10.45
      vertex -50.2932660212314 -52.08020154451835 -18.45
    endloop
  endfacet
  facet normal -0.6560590289905041 -0.7547095802227749 -6.48754526314023e-18
    outer loop
      vertex -48.44505590038134 -53.80368536456335 -18.45
      vertex -46.53782294130544 -55.46161768181401 -18.45
      vertex -46.53782294130544 -55.46161768181401 -10.45
    endloop
  endfacet
  facet normal -0.6560590289905041 -0.7547095802227749 0
    outer loop
      vertex -48.44505590038134 -53.80368536456335 -18.45
      vertex -46.53782294130544 -55.46161768181401 -10.45
      vertex -48.44505590038134 -53.80368536456335 -10.45
    endloop
  endfacet
  facet normal -0.6018150231520497 -0.7986355100472918 9.615099255886788e-19
    outer loop
      vertex -44.57389081357766 -57.05197856112667 -18.45
      vertex -42.555652265975056 -58.5728303927462 -18.45
      vertex -42.555652265975056 -58.5728303927462 -10.45
    endloop
  endfacet
  facet normal -0.5735764363510476 -0.8191520442889906 0
    outer loop
      vertex -42.555652265975056 -58.5728303927462 -18.45
      vertex -40.48556621128208 -60.022320252985025 -10.45
      vertex -42.555652265975056 -58.5728303927462 -10.45
    endloop
  endfacet
  facet normal -0.6018150231520497 -0.7986355100472918 0
    outer loop
      vertex -44.57389081357766 -57.05197856112667 -18.45
      vertex -42.555652265975056 -58.5728303927462 -10.45
      vertex -44.57389081357766 -57.05197856112667 -10.45
    endloop
  endfacet
  facet normal -0.6293203910498378 -0.7771459614569707 9.531101340714687e-18
    outer loop
      vertex -46.53782294130544 -55.46161768181401 -18.45
      vertex -44.57389081357766 -57.05197856112667 -18.45
      vertex -44.57389081357766 -57.05197856112667 -10.45
    endloop
  endfacet
  facet normal -0.6293203910498378 -0.7771459614569707 0
    outer loop
      vertex -46.53782294130544 -55.46161768181401 -18.45
      vertex -44.57389081357766 -57.05197856112667 -10.45
      vertex -46.53782294130544 -55.46161768181401 -10.45
    endloop
  endfacet
  facet normal 0 0 -1
    outer loop
      vertex -52.08020154451835 -50.2932660212314 -18.45
      vertex -52.13251371816039 -50.237168083064304 -18.45
      vertex -52.08020154451835 -50.19916106418096 -18.45
    endloop
  endfacet
  facet normal 0 0 -1
    outer loop
      vertex -48.44505590038134 -53.80368536456335 -18.45
      vertex -46.397417121843 -44.80546489460532 -18.45
      vertex -46.53782294130544 -55.46161768181401 -18.45
    endloop
  endfacet
  facet normal 0 0 -1
    outer loop
      vertex -48.44505590038134 -53.80368536456335 -18.45
      vertex -50.2932660212314 -52.08020154451835 -18.45
      vertex -47.93284124329193 -43.15892411014636 -18.45
    endloop
  endfacet
  facet normal 0 0 -1
    outer loop
      vertex -52.08020154451835 -50.2932660212314 -18.45
      vertex -49.40986658117408 -41.45980082478178 -18.45
      vertex -50.2932660212314 -52.08020154451835 -18.45
    endloop
  endfacet
  facet normal 0 0 -1
    outer loop
      vertex -52.08020154451835 -50.2932660212314 -18.45
      vertex -52.08020154451835 -50.19916106418096 -18.45
      vertex -50.826693607633565 -39.71016515850496 -18.45
    endloop
  endfacet
  facet normal 0 0 -1
    outer loop
      vertex -48.44505590038134 -53.80368536456335 -18.45
      vertex -47.93284124329193 -43.15892411014636 -18.45
      vertex -46.397417121843 -44.80546489460532 -18.45
    endloop
  endfacet
  facet normal 0 0 -1
    outer loop
      vertex -46.53782294130544 -55.46161768181401 -18.45
      vertex -44.80546489460532 -46.397417121843 -18.45
      vertex -43.15892411014636 -47.93284124329193 -18.45
    endloop
  endfacet
  facet normal 0 0 -1
    outer loop
      vertex -44.57389081357766 -57.05197856112667 -18.45
      vertex -43.15892411014636 -47.93284124329193 -18.45
      vertex -41.45980082478178 -49.40986658117408 -18.45
    endloop
  endfacet
  facet normal 0 0 -1
    outer loop
      vertex -46.53782294130544 -55.46161768181401 -18.45
      vertex -46.397417121843 -44.80546489460532 -18.45
      vertex -44.80546489460532 -46.397417121843 -18.45
    endloop
  endfacet
  facet normal -0.7071067811865476 -0.7071067811865476 0
    outer loop
      vertex -52.08020154451835 -50.2932660212314 -18.45
      vertex -50.2932660212314 -52.08020154451835 -18.45
      vertex -52.08020154451835 -50.2932660212314 -10.45
    endloop
  endfacet
  facet normal -0.7313537016191775 -0.6819983600624911 0
    outer loop
      vertex -52.08020154451835 -50.2932660212314 -18.45
      vertex -52.08020154451835 -50.2932660212314 -10.45
      vertex -52.13251371816039 -50.237168083064304 -18.45
    endloop
  endfacet
  facet normal -0.7071067811865476 -0.7071067811865476 0
    outer loop
      vertex -50.2932660212314 -52.08020154451835 -18.45
      vertex -50.2932660212314 -52.08020154451835 -10.45
      vertex -52.08020154451835 -50.2932660212314 -10.45
    endloop
  endfacet
  facet normal -0.6819983600624991 -0.7313537016191699 0
    outer loop
      vertex -50.2932660212314 -52.08020154451835 -18.45
      vertex -48.44505590038134 -53.80368536456335 -10.45
      vertex -50.2932660212314 -52.08020154451835 -10.45
    endloop
  endfacet
  facet normal -0.7313537016191775 -0.6819983600624911 0
    outer loop
      vertex -52.13251371816039 -50.237168083064304 -18.45
      vertex -52.08020154451835 -50.2932660212314 -10.45
      vertex -52.13251371816039 -50.237168083064304 -10.45
    endloop
  endfacet
  facet normal 0 0 -1
    outer loop
      vertex -52.08020154451835 -50.19916106418096 -18.45
      vertex -53.47292342980019 -36.067942273863174 -18.45
      vertex -52.18159613718411 -37.91214877286452 -18.45
    endloop
  endfacet
  facet normal 0 0 -1
    outer loop
      vertex -52.08020154451835 -50.19916106418096 -18.45
      vertex -53.58609005112226 -35.97902874230825 -18.45
      vertex -53.47292342980019 -36.067942273863174 -18.45
    endloop
  endfacet
  facet normal 0 0 -1
    outer loop
      vertex -54.69910220208948 -34.179792543041714 -18.45
      vertex -53.47292342980019 -36.067942273863174 -18.45
      vertex -53.58609005112226 -35.97902874230825 -18.45
    endloop
  endfacet
  facet normal 0 0 -1
    outer loop
      vertex -56.66987210050927 -31.73456688285843 -18.45
      vertex -54.69910220208948 -34.179792543041714 -18.45
      vertex -53.58609005112226 -35.97902874230825 -18.45
    endloop
  endfacet
  facet normal 0 0 -1
    outer loop
      vertex -56.66987210050927 -31.73456688285843 -18.45
      vertex -56.95011973940079 -30.280915799689957 -18.45
      vertex -55.85863854409629 -32.25 -18.45
    endloop
  endfacet
  facet normal 0 0 -1
    outer loop
      vertex -56.66987210050927 -31.73456688285843 -18.45
      vertex -55.85863854409629 -32.25 -18.45
      vertex -54.69910220208948 -34.179792543041714 -18.45
    endloop
  endfacet
  facet normal 0 0 -1
    outer loop
      vertex -52.08020154451835 -50.19916106418096 -18.45
      vertex -52.18159613718411 -37.91214877286452 -18.45
      vertex -50.826693607633565 -39.71016515850496 -18.45
    endloop
  endfacet
  facet normal 0 0 -1
    outer loop
      vertex -52.08020154451835 -50.2932660212314 -18.45
      vertex -50.826693607633565 -39.71016515850496 -18.45
      vertex -49.40986658117408 -41.45980082478178 -18.45
    endloop
  endfacet
  facet normal 0 0 -1
    outer loop
      vertex -50.2932660212314 -52.08020154451835 -18.45
      vertex -49.40986658117408 -41.45980082478178 -18.45
      vertex -47.93284124329193 -43.15892411014636 -18.45
    endloop
  endfacet
  facet normal 0 0 1
    outer loop
      vertex -42.555652265975056 -58.5728303927462 -10.45
      vertex -40.48556621128208 -60.022320252985025 -10.45
      vertex -41.45980082478178 -49.40986658117408 -10.45
    endloop
  endfacet
  facet normal 0 0 1
    outer loop
      vertex -44.57389081357766 -57.05197856112667 -10.45
      vertex -42.555652265975056 -58.5728303927462 -10.45
      vertex -43.15892411014636 -47.93284124329193 -10.45
    endloop
  endfacet
  facet normal 0 0 1
    outer loop
      vertex -48.44505590038134 -53.80368536456335 -10.45
      vertex -46.53782294130544 -55.46161768181401 -10.45
      vertex -47.93284124329193 -43.15892411014636 -10.45
    endloop
  endfacet
  facet normal 0 0 1
    outer loop
      vertex -52.08020154451835 -50.2932660212314 -10.45
      vertex -50.2932660212314 -52.08020154451835 -10.45
      vertex -50.826693607633565 -39.71016515850496 -10.45
    endloop
  endfacet
  facet normal 0 0 1
    outer loop
      vertex -48.44505590038134 -53.80368536456335 -10.45
      vertex -49.40986658117408 -41.45980082478178 -10.45
      vertex -50.2932660212314 -52.08020154451835 -10.45
    endloop
  endfacet
  facet normal 0 0 1
    outer loop
      vertex -46.53782294130544 -55.46161768181401 -10.45
      vertex -46.397417121843 -44.80546489460532 -10.45
      vertex -47.93284124329193 -43.15892411014636 -10.45
    endloop
  endfacet
  facet normal 0 0 1
    outer loop
      vertex -48.44505590038134 -53.80368536456335 -10.45
      vertex -47.93284124329193 -43.15892411014636 -10.45
      vertex -49.40986658117408 -41.45980082478178 -10.45
    endloop
  endfacet
  facet normal 0 0 1
    outer loop
      vertex -46.53782294130544 -55.46161768181401 -10.45
      vertex -44.57389081357766 -57.05197856112667 -10.45
      vertex -44.80546489460532 -46.397417121843 -10.45
    endloop
  endfacet
  facet normal 0 0 1
    outer loop
      vertex -44.80546489460532 -46.397417121843 -10.45
      vertex -44.57389081357766 -57.05197856112667 -10.45
      vertex -43.15892411014636 -47.93284124329193 -10.45
    endloop
  endfacet
  facet normal 0 0 1
    outer loop
      vertex -42.555652265975056 -58.5728303927462 -10.45
      vertex -41.45980082478178 -49.40986658117408 -10.45
      vertex -43.15892411014636 -47.93284124329193 -10.45
    endloop
  endfacet
  facet normal 0 0 1
    outer loop
      vertex -46.53782294130544 -55.46161768181401 -10.45
      vertex -44.80546489460532 -46.397417121843 -10.45
      vertex -46.397417121843 -44.80546489460532 -10.45
    endloop
  endfacet
  facet normal 0 0 1
    outer loop
      vertex -52.08020154451835 -50.2932660212314 -10.45
      vertex -53.47292342980019 -36.067942273863174 -10.45
      vertex -52.13251371816039 -50.237168083064304 -10.45
    endloop
  endfacet
  facet normal 0 0 1
    outer loop
      vertex -52.08020154451835 -50.2932660212314 -10.45
      vertex -52.18159613718411 -37.91214877286452 -10.45
      vertex -53.47292342980019 -36.067942273863174 -10.45
    endloop
  endfacet
  facet normal 0 0 1
    outer loop
      vertex -52.13251371816039 -50.237168083064304 -10.45
      vertex -53.47292342980019 -36.067942273863174 -10.45
      vertex -53.80368536456335 -35.67953448690868 -10.45
    endloop
  endfacet
  facet normal 0 0 1
    outer loop
      vertex -57.16353516844928 -38.1828170604075 -10.45
      vertex -57.97221598629628 -28.274938967895498 -10.45
      vertex -58.5728303927462 -30.194972490977165 -10.45
    endloop
  endfacet
  facet normal 0 0 1
    outer loop
      vertex -56.39126348589647 -45.38980598125927 -10.45
      vertex -56.95011973940079 -30.280915799689957 -10.45
      vertex -57.16353516844928 -38.1828170604075 -10.45
    endloop
  endfacet
  facet normal 0 0 1
    outer loop
      vertex -56.39126348589647 -45.38980598125927 -10.45
      vertex -55.69662743417311 -33.074123245798525 -10.45
      vertex -55.85863854409629 -32.25 -10.45
    endloop
  endfacet
  facet normal 0 0 1
    outer loop
      vertex -56.39126348589647 -45.38980598125927 -10.45
      vertex -55.85863854409629 -32.25 -10.45
      vertex -56.95011973940079 -30.280915799689957 -10.45
    endloop
  endfacet
  facet normal 0 0 1
    outer loop
      vertex -54.69910220208948 -34.179792543041714 -10.45
      vertex -53.80368536456335 -35.67953448690868 -10.45
      vertex -53.47292342980019 -36.067942273863174 -10.45
    endloop
  endfacet
  facet normal 0 0 1
    outer loop
      vertex -53.80368536456335 -35.67953448690868 -10.45
      vertex -55.85863854409629 -32.25 -10.45
      vertex -55.69662743417311 -33.074123245798525 -10.45
    endloop
  endfacet
  facet normal 0 0 1
    outer loop
      vertex -57.16353516844928 -38.1828170604075 -10.45
      vertex -56.95011973940079 -30.280915799689957 -10.45
      vertex -57.97221598629628 -28.274938967895498 -10.45
    endloop
  endfacet
  facet normal 0 0 1
    outer loop
      vertex -54.69910220208948 -34.179792543041714 -10.45
      vertex -55.85863854409629 -32.25 -10.45
      vertex -53.80368536456335 -35.67953448690868 -10.45
    endloop
  endfacet
  facet normal 0 0 1
    outer loop
      vertex -50.2932660212314 -52.08020154451835 -10.45
      vertex -49.40986658117408 -41.45980082478178 -10.45
      vertex -50.826693607633565 -39.71016515850496 -10.45
    endloop
  endfacet
  facet normal 0 0 1
    outer loop
      vertex -52.08020154451835 -50.2932660212314 -10.45
      vertex -50.826693607633565 -39.71016515850496 -10.45
      vertex -52.18159613718411 -37.91214877286452 -10.45
    endloop
  endfacet
  facet normal 0 0 -1
    outer loop
      vertex -36.2 -62.70023923399336 -18.45
      vertex -32.25 -55.85863854409629 -18.45
      vertex -33.989741145698495 -63.92540572298632 -18.45
    endloop
  endfacet
  facet normal 0 0 -1
    outer loop
      vertex -31.73807102752921 -65.07268895205969 -18.45
      vertex -29.447732958687936 -58.27012315908908 -18.45
      vertex -31.668553367216575 -65.1051055694405 -18.45
    endloop
  endfacet
  facet normal 0 0 -1
    outer loop
      vertex -33.989741145698495 -63.92540572298632 -18.45
      vertex -30.280915799689957 -56.95011973940079 -18.45
      vertex -31.73807102752921 -65.07268895205969 -18.45
    endloop
  endfacet
  facet normal -0.5446390350150264 -0.8386705679454244 5.0842424349053924e-18
    outer loop
      vertex -40.48556621128208 -60.022320252985025 -18.45
      vertex -38.36615473048404 -61.39868216172525 -18.45
      vertex -38.36615473048404 -61.39868216172525 -10.45
    endloop
  endfacet
  facet normal -0.5150380749100522 -0.8571673007021136 0
    outer loop
      vertex -36.2 -62.70023923399336 -18.45
      vertex -36.2 -62.70023923399336 -10.45
      vertex -38.36615473048404 -61.39868216172525 -18.45
    endloop
  endfacet
  facet normal -0.5150380749100522 -0.8571673007021136 0
    outer loop
      vertex -38.36615473048404 -61.39868216172525 -18.45
      vertex -36.2 -62.70023923399336 -10.45
      vertex -38.36615473048404 -61.39868216172525 -10.45
    endloop
  endfacet
  facet normal -0.4539904997395449 -0.8910065241883688 8.541081758686013e-18
    outer loop
      vertex -33.989741145698495 -63.92540572298632 -18.45
      vertex -31.73807102752921 -65.07268895205969 -18.45
      vertex -31.73807102752921 -65.07268895205969 -10.45
    endloop
  endfacet
  facet normal -0.4226182617407496 -0.9063077870366266 -2.17795393511911e-19
    outer loop
      vertex -31.73807102752921 -65.07268895205969 -18.45
      vertex -31.668553367216575 -65.1051055694405 -18.45
      vertex -31.668553367216575 -65.1051055694405 -10.45
    endloop
  endfacet
  facet normal -0.4539904997395449 -0.8910065241883688 0
    outer loop
      vertex -33.989741145698495 -63.92540572298632 -18.45
      vertex -31.73807102752921 -65.07268895205969 -10.45
      vertex -33.989741145698495 -63.92540572298632 -10.45
    endloop
  endfacet
  facet normal -0.4226182617407496 -0.9063077870366266 0
    outer loop
      vertex -31.73807102752921 -65.07268895205969 -18.45
      vertex -31.668553367216575 -65.1051055694405 -10.45
      vertex -31.73807102752921 -65.07268895205969 -10.45
    endloop
  endfacet
  facet normal -0.4848096202463397 -0.8746197071393942 4.681184920322839e-18
    outer loop
      vertex -36.2 -62.70023923399336 -18.45
      vertex -33.989741145698495 -63.92540572298632 -18.45
      vertex -33.989741145698495 -63.92540572298632 -10.45
    endloop
  endfacet
  facet normal -0.4848096202463397 -0.8746197071393942 0
    outer loop
      vertex -36.2 -62.70023923399336 -18.45
      vertex -33.989741145698495 -63.92540572298632 -10.45
      vertex -36.2 -62.70023923399336 -10.45
    endloop
  endfacet
  facet normal 0 0 -1
    outer loop
      vertex -12.647423041313502 -71.28544545693944 -18.45
      vertex -14.915870853838154 -62.97285323648988 -18.45
      vertex -12.572128063085756 -71.30008131808387 -18.45
    endloop
  endfacet
  facet normal 0 0 -1
    outer loop
      vertex -12.572128063085756 -71.30008131808387 -18.45
      vertex -8.97666501192422 -63.87229043383129 -18.45
      vertex -10.076132509508739 -71.6954081768897 -18.45
    endloop
  endfacet
  facet normal -0.15643446504023226 -0.9876883405951374 2.5664572373773433e-18
    outer loop
      vertex -12.572128063085756 -71.30008131808387 -18.45
      vertex -10.076132509508739 -71.6954081768897 -18.45
      vertex -10.076132509508739 -71.6954081768897 -10.45
    endloop
  endfacet
  facet normal -0.12186934340514491 -0.9925461516413223 0
    outer loop
      vertex -10.076132509508739 -71.6954081768897 -18.45
      vertex -7.567860740578112 -72.00338522466299 -10.45
      vertex -10.076132509508739 -71.6954081768897 -10.45
    endloop
  endfacet
  facet normal -0.19080899537654622 -0.9816271834476638 -9.7912348280637e-20
    outer loop
      vertex -12.647423041313502 -71.28544545693944 -18.45
      vertex -12.572128063085756 -71.30008131808387 -18.45
      vertex -12.572128063085756 -71.30008131808387 -10.45
    endloop
  endfacet
  facet normal -0.19080899537654622 -0.9816271834476638 0
    outer loop
      vertex -12.647423041313502 -71.28544545693944 -18.45
      vertex -12.572128063085756 -71.30008131808387 -10.45
      vertex -12.647423041313502 -71.28544545693944 -10.45
    endloop
  endfacet
  facet normal -0.15643446504023226 -0.9876883405951374 0
    outer loop
      vertex -12.572128063085756 -71.30008131808387 -18.45
      vertex -10.076132509508739 -71.6954081768897 -10.45
      vertex -12.572128063085756 -71.30008131808387 -10.45
    endloop
  endfacet
  facet normal 0 0 -1
    outer loop
      vertex -17.778609450196445 -62.00137938802157 -18.45
      vertex -14.915870853838154 -62.97285323648988 -18.45
      vertex -19.93159613718411 -61.3431453010374 -18.45
    endloop
  endfacet
  facet normal 0 0 -1
    outer loop
      vertex -17.778609450196445 -62.00137938802157 -18.45
      vertex -15.603962266178568 -62.58407434480177 -18.45
      vertex -14.915870853838154 -62.97285323648988 -18.45
    endloop
  endfacet
  facet normal 0 0 -1
    outer loop
      vertex -15.603962266178568 -62.58407434480177 -18.45
      vertex -13.410304057745478 -63.09052024733047 -18.45
      vertex -14.915870853838154 -62.97285323648988 -18.45
    endloop
  endfacet
  facet normal 0 0 -1
    outer loop
      vertex -12.572128063085756 -71.30008131808387 -18.45
      vertex -14.915870853838154 -62.97285323648988 -18.45
      vertex -13.410304057745478 -63.09052024733047 -18.45
    endloop
  endfacet
  facet normal 0 0 -1
    outer loop
      vertex -12.572128063085756 -71.30008131808387 -18.45
      vertex -13.410304057745478 -63.09052024733047 -18.45
      vertex -11.200307459517006 -63.520100069287416 -18.45
    endloop
  endfacet
  facet normal 0 0 -1
    outer loop
      vertex -12.572128063085756 -71.30008131808387 -18.45
      vertex -11.200307459517006 -63.520100069287416 -18.45
      vertex -8.97666501192422 -63.87229043383129 -18.45
    endloop
  endfacet
  facet normal 0 0 -1
    outer loop
      vertex -10.076132509508739 -71.6954081768897 -18.45
      vertex -6.742085880763649 -64.14666225125363 -18.45
      vertex -7.567860740578112 -72.00338522466299 -18.45
    endloop
  endfacet
  facet normal 0 0 -1
    outer loop
      vertex -5.050368699074673 -72.22363723881128 -18.45
      vertex -2.2510175373113124 -64.46070834273168 -18.45
      vertex -2.5267235612610706 -72.35589587618254 -18.45
    endloop
  endfacet
  facet normal 0 0 -1
    outer loop
      vertex -7.567860740578112 -72.00338522466299 -18.45
      vertex -4.499292556496082 -64.34288124175866 -18.45
      vertex -5.050368699074673 -72.22363723881128 -18.45
    endloop
  endfacet
  facet normal 0 0 -1
    outer loop
      vertex -2.5267235612610706 -72.35589587618254 -18.45
      vertex 0 -64.5 -18.45
      vertex 0 -72.4 -18.45
    endloop
  endfacet
  facet normal 0 0 -1
    outer loop
      vertex 0 -72.4 -18.45
      vertex 2.2510175373113124 -64.46070834273168 -18.45
      vertex 2.5267235612610706 -72.35589587618254 -18.45
    endloop
  endfacet
  facet normal -0.12186934340514491 -0.9925461516413223 7.344094805126735e-19
    outer loop
      vertex -10.076132509508739 -71.6954081768897 -18.45
      vertex -7.567860740578112 -72.00338522466299 -18.45
      vertex -7.567860740578112 -72.00338522466299 -10.45
    endloop
  endfacet
  facet normal -0.08715574274765836 -0.9961946980917454 9.997101350952472e-19
    outer loop
      vertex -7.567860740578112 -72.00338522466299 -18.45
      vertex -5.050368699074673 -72.22363723881128 -18.45
      vertex -5.050368699074673 -72.22363723881128 -10.45
    endloop
  endfacet
  facet normal -0.05233595624294776 -0.9986295347545736 3.4725211813063115e-19
    outer loop
      vertex -5.050368699074673 -72.22363723881128 -18.45
      vertex -2.5267235612610706 -72.35589587618254 -18.45
      vertex -2.5267235612610706 -72.35589587618254 -10.45
    endloop
  endfacet
  facet normal -0.08715574274765836 -0.9961946980917454 0
    outer loop
      vertex -7.567860740578112 -72.00338522466299 -18.45
      vertex -5.050368699074673 -72.22363723881128 -10.45
      vertex -7.567860740578112 -72.00338522466299 -10.45
    endloop
  endfacet
  facet normal -0.05233595624294776 -0.9986295347545736 0
    outer loop
      vertex -5.050368699074673 -72.22363723881128 -18.45
      vertex -2.5267235612610706 -72.35589587618254 -10.45
      vertex -5.050368699074673 -72.22363723881128 -10.45
    endloop
  endfacet
  facet normal -0.017452406437280677 -0.9998476951563913 3.314309792355613e-19
    outer loop
      vertex -2.5267235612610706 -72.35589587618254 -18.45
      vertex 0 -72.4 -18.45
      vertex 0 -72.4 -10.45
    endloop
  endfacet
  facet normal 0.017452406437280677 -0.9998476951563913 -3.314309792355613e-19
    outer loop
      vertex 0 -72.4 -18.45
      vertex 2.5267235612610706 -72.35589587618254 -18.45
      vertex 2.5267235612610706 -72.35589587618254 -10.45
    endloop
  endfacet
  facet normal -0.017452406437280677 -0.9998476951563913 0
    outer loop
      vertex -2.5267235612610706 -72.35589587618254 -18.45
      vertex 0 -72.4 -10.45
      vertex -2.5267235612610706 -72.35589587618254 -10.45
    endloop
  endfacet
  facet normal 0.017452406437280677 -0.9998476951563913 0
    outer loop
      vertex 0 -72.4 -18.45
      vertex 2.5267235612610706 -72.35589587618254 -10.45
      vertex 0 -72.4 -10.45
    endloop
  endfacet
  facet normal 0 0 -1
    outer loop
      vertex -10.076132509508739 -71.6954081768897 -18.45
      vertex -8.97666501192422 -63.87229043383129 -18.45
      vertex -6.742085880763649 -64.14666225125363 -18.45
    endloop
  endfacet
  facet normal 0 0 -1
    outer loop
      vertex -7.567860740578112 -72.00338522466299 -18.45
      vertex -6.742085880763649 -64.14666225125363 -18.45
      vertex -4.499292556496082 -64.34288124175866 -18.45
    endloop
  endfacet
  facet normal 0 0 -1
    outer loop
      vertex -5.050368699074673 -72.22363723881128 -18.45
      vertex -4.499292556496082 -64.34288124175866 -18.45
      vertex -2.2510175373113124 -64.46070834273168 -18.45
    endloop
  endfacet
  facet normal 0 0 -1
    outer loop
      vertex -2.5267235612610706 -72.35589587618254 -18.45
      vertex -2.2510175373113124 -64.46070834273168 -18.45
      vertex 0 -64.5 -18.45
    endloop
  endfacet
  facet normal 0 0 -1
    outer loop
      vertex 0 -72.4 -18.45
      vertex 0 -64.5 -18.45
      vertex 2.2510175373113124 -64.46070834273168 -18.45
    endloop
  endfacet
  facet normal 0 0 1
    outer loop
      vertex -31.73807102752921 -65.07268895205969 -10.45
      vertex -31.668553367216575 -65.1051055694405 -10.45
      vertex -29.447732958687936 -58.27012315908908 -10.45
    endloop
  endfacet
  facet normal 0 0 1
    outer loop
      vertex -33.989741145698495 -63.92540572298632 -10.45
      vertex -31.73807102752921 -65.07268895205969 -10.45
      vertex -32.25 -55.85863854409629 -10.45
    endloop
  endfacet
  facet normal 0 0 1
    outer loop
      vertex -27.233796769024114 -60.6956282254658 -10.45
      vertex -19.95614456115074 -68.74537625787755 -10.45
      vertex -26.234513478389115 -58.923682017947755 -10.45
    endloop
  endfacet
  facet normal 0 0 1
    outer loop
      vertex -26.234513478389115 -58.923682017947755 -10.45
      vertex -19.95614456115074 -68.74537625787755 -10.45
      vertex -24.162125275326325 -59.80335861955779 -10.45
    endloop
  endfacet
  facet normal 0 0 1
    outer loop
      vertex -24.162125275326325 -59.80335861955779 -10.45
      vertex -19.95614456115074 -68.74537625787755 -10.45
      vertex -22.060299244505632 -60.61017404069109 -10.45
    endloop
  endfacet
  facet normal 0 0 1
    outer loop
      vertex -19.95614456115074 -68.74537625787755 -10.45
      vertex -19.93159613718411 -61.3431453010374 -10.45
      vertex -22.060299244505632 -60.61017404069109 -10.45
    endloop
  endfacet
  facet normal 0 0 1
    outer loop
      vertex -12.647423041313502 -71.28544545693944 -10.45
      vertex -12.572128063085756 -71.30008131808387 -10.45
      vertex -13.410304057745478 -63.09052024733047 -10.45
    endloop
  endfacet
  facet normal 0 0 1
    outer loop
      vertex -12.572128063085756 -71.30008131808387 -10.45
      vertex -10.076132509508739 -71.6954081768897 -10.45
      vertex -11.200307459517006 -63.520100069287416 -10.45
    endloop
  endfacet
  facet normal 0 0 1
    outer loop
      vertex -10.076132509508739 -71.6954081768897 -10.45
      vertex -7.567860740578112 -72.00338522466299 -10.45
      vertex -8.97666501192422 -63.87229043383129 -10.45
    endloop
  endfacet
  facet normal 0 0 1
    outer loop
      vertex -19.95614456115074 -68.74537625787755 -10.45
      vertex -17.65770833826513 -62.08197623392988 -10.45
      vertex -17.778609450196445 -62.00137938802157 -10.45
    endloop
  endfacet
  facet normal 0 0 1
    outer loop
      vertex -19.95614456115074 -68.74537625787755 -10.45
      vertex -17.778609450196445 -62.00137938802157 -10.45
      vertex -19.93159613718411 -61.3431453010374 -10.45
    endloop
  endfacet
  facet normal 0 0 1
    outer loop
      vertex -17.65770833826513 -62.08197623392988 -10.45
      vertex -15.603962266178568 -62.58407434480177 -10.45
      vertex -17.778609450196445 -62.00137938802157 -10.45
    endloop
  endfacet
  facet normal 0 0 1
    outer loop
      vertex -17.65770833826513 -62.08197623392988 -10.45
      vertex -15.052806415205778 -62.92836017548683 -10.45
      vertex -15.603962266178568 -62.58407434480177 -10.45
    endloop
  endfacet
  facet normal 0 0 1
    outer loop
      vertex -15.603962266178568 -62.58407434480177 -10.45
      vertex -15.052806415205778 -62.92836017548683 -10.45
      vertex -13.410304057745478 -63.09052024733047 -10.45
    endloop
  endfacet
  facet normal 0 0 1
    outer loop
      vertex -12.647423041313502 -71.28544545693944 -10.45
      vertex -13.410304057745478 -63.09052024733047 -10.45
      vertex -15.052806415205778 -62.92836017548683 -10.45
    endloop
  endfacet
  facet normal 0 0 1
    outer loop
      vertex -12.572128063085756 -71.30008131808387 -10.45
      vertex -11.200307459517006 -63.520100069287416 -10.45
      vertex -13.410304057745478 -63.09052024733047 -10.45
    endloop
  endfacet
  facet normal 0 0 1
    outer loop
      vertex -10.076132509508739 -71.6954081768897 -10.45
      vertex -8.97666501192422 -63.87229043383129 -10.45
      vertex -11.200307459517006 -63.520100069287416 -10.45
    endloop
  endfacet
  facet normal 0 0 1
    outer loop
      vertex -7.567860740578112 -72.00338522466299 -10.45
      vertex -5.050368699074673 -72.22363723881128 -10.45
      vertex -6.742085880763649 -64.14666225125363 -10.45
    endloop
  endfacet
  facet normal 0 0 1
    outer loop
      vertex -5.050368699074673 -72.22363723881128 -10.45
      vertex -2.5267235612610706 -72.35589587618254 -10.45
      vertex -4.499292556496082 -64.34288124175866 -10.45
    endloop
  endfacet
  facet normal 0 0 1
    outer loop
      vertex -2.5267235612610706 -72.35589587618254 -10.45
      vertex 0 -72.4 -10.45
      vertex -2.2510175373113124 -64.46070834273168 -10.45
    endloop
  endfacet
  facet normal 0 0 1
    outer loop
      vertex 0 -72.4 -10.45
      vertex 2.5267235612610706 -72.35589587618254 -10.45
      vertex 0 -64.5 -10.45
    endloop
  endfacet
  facet normal 0 0 1
    outer loop
      vertex -7.567860740578112 -72.00338522466299 -10.45
      vertex -6.742085880763649 -64.14666225125363 -10.45
      vertex -8.97666501192422 -63.87229043383129 -10.45
    endloop
  endfacet
  facet normal 0 0 1
    outer loop
      vertex -5.050368699074673 -72.22363723881128 -10.45
      vertex -4.499292556496082 -64.34288124175866 -10.45
      vertex -6.742085880763649 -64.14666225125363 -10.45
    endloop
  endfacet
  facet normal 0 0 1
    outer loop
      vertex -2.5267235612610706 -72.35589587618254 -10.45
      vertex -2.2510175373113124 -64.46070834273168 -10.45
      vertex -4.499292556496082 -64.34288124175866 -10.45
    endloop
  endfacet
  facet normal 0 0 1
    outer loop
      vertex -2.2510175373113124 -64.46070834273168 -10.45
      vertex 0 -72.4 -10.45
      vertex 0 -64.5 -10.45
    endloop
  endfacet
  facet normal 0 0 1
    outer loop
      vertex 2.5267235612610706 -72.35589587618254 -10.45
      vertex 2.2510175373113124 -64.46070834273168 -10.45
      vertex 0 -64.5 -10.45
    endloop
  endfacet
  facet normal 0 0 -1
    outer loop
      vertex -40.48556621128208 -60.022320252985025 -18.45
      vertex -37.91214877286452 -52.18159613718411 -18.45
      vertex -38.36615473048404 -61.39868216172525 -18.45
    endloop
  endfacet
  facet normal 0 0 -1
    outer loop
      vertex -36.2 -62.70023923399336 -18.45
      vertex -38.36615473048404 -61.39868216172525 -18.45
      vertex -36.067942273863174 -53.47292342980019 -18.45
    endloop
  endfacet
  facet normal 0 0 -1
    outer loop
      vertex -42.555652265975056 -58.5728303927462 -18.45
      vertex -39.71016515850496 -50.826693607633565 -18.45
      vertex -40.48556621128208 -60.022320252985025 -18.45
    endloop
  endfacet
  facet normal 0 0 -1
    outer loop
      vertex -40.48556621128208 -60.022320252985025 -18.45
      vertex -39.71016515850496 -50.826693607633565 -18.45
      vertex -37.91214877286452 -52.18159613718411 -18.45
    endloop
  endfacet
  facet normal 0 0 -1
    outer loop
      vertex -38.36615473048404 -61.39868216172525 -18.45
      vertex -37.91214877286452 -52.18159613718411 -18.45
      vertex -36.067942273863174 -53.47292342980019 -18.45
    endloop
  endfacet
  facet normal 0 0 -1
    outer loop
      vertex -36.2 -62.70023923399336 -18.45
      vertex -36.067942273863174 -53.47292342980019 -18.45
      vertex -34.179792543041714 -54.69910220208948 -18.45
    endloop
  endfacet
  facet normal 0 0 -1
    outer loop
      vertex -36.2 -62.70023923399336 -18.45
      vertex -34.179792543041714 -54.69910220208948 -18.45
      vertex -32.25 -55.85863854409629 -18.45
    endloop
  endfacet
  facet normal 0 0 -1
    outer loop
      vertex -33.989741145698495 -63.92540572298632 -18.45
      vertex -32.25 -55.85863854409629 -18.45
      vertex -30.280915799689957 -56.95011973940079 -18.45
    endloop
  endfacet
  facet normal 0 0 -1
    outer loop
      vertex -31.73807102752921 -65.07268895205969 -18.45
      vertex -30.280915799689957 -56.95011973940079 -18.45
      vertex -29.447732958687936 -58.27012315908908 -18.45
    endloop
  endfacet
  facet normal -0.5735764363510476 -0.8191520442889906 8.101274110492871e-18
    outer loop
      vertex -42.555652265975056 -58.5728303927462 -18.45
      vertex -40.48556621128208 -60.022320252985025 -18.45
      vertex -40.48556621128208 -60.022320252985025 -10.45
    endloop
  endfacet
  facet normal -0.5446390350150264 -0.8386705679454244 0
    outer loop
      vertex -40.48556621128208 -60.022320252985025 -18.45
      vertex -38.36615473048404 -61.39868216172525 -10.45
      vertex -40.48556621128208 -60.022320252985025 -10.45
    endloop
  endfacet
  facet normal 0 0 -1
    outer loop
      vertex -42.555652265975056 -58.5728303927462 -18.45
      vertex -41.45980082478178 -49.40986658117408 -18.45
      vertex -39.71016515850496 -50.826693607633565 -18.45
    endloop
  endfacet
  facet normal 0 0 -1
    outer loop
      vertex -29.447732958687936 -58.27012315908908 -18.45
      vertex -29.310797397320314 -58.29565807668666 -18.45
      vertex -29.312554669426536 -58.39633212822698 -18.45
    endloop
  endfacet
  facet normal 0 0 -1
    outer loop
      vertex -29.447732958687936 -58.27012315908908 -18.45
      vertex -30.280915799689957 -56.95011973940079 -18.45
      vertex -29.310797397320314 -58.29565807668666 -18.45
    endloop
  endfacet
  facet normal 0 0 -1
    outer loop
      vertex -30.280915799689957 -56.95011973940079 -18.45
      vertex -28.274938967895498 -57.97221598629628 -18.45
      vertex -29.310797397320314 -58.29565807668666 -18.45
    endloop
  endfacet
  facet normal 0 0 -1
    outer loop
      vertex -29.310797397320314 -58.29565807668666 -18.45
      vertex -28.274938967895498 -57.97221598629628 -18.45
      vertex -26.234513478389115 -58.923682017947755 -18.45
    endloop
  endfacet
  facet normal 0 0 -1
    outer loop
      vertex -29.310797397320314 -58.29565807668666 -18.45
      vertex -26.234513478389115 -58.923682017947755 -18.45
      vertex -24.162125275326325 -59.80335861955779 -18.45
    endloop
  endfacet
  facet normal 0 0 -1
    outer loop
      vertex -29.310797397320314 -58.29565807668666 -18.45
      vertex -24.162125275326325 -59.80335861955779 -18.45
      vertex -22.060299244505632 -60.61017404069109 -18.45
    endloop
  endfacet
  facet normal 0 0 -1
    outer loop
      vertex -29.310797397320314 -58.29565807668666 -18.45
      vertex -22.060299244505632 -60.61017404069109 -18.45
      vertex -19.93159613718411 -61.3431453010374 -18.45
    endloop
  endfacet
  facet normal 0 0 1
    outer loop
      vertex -40.48556621128208 -60.022320252985025 -10.45
      vertex -38.36615473048404 -61.39868216172525 -10.45
      vertex -39.71016515850496 -50.826693607633565 -10.45
    endloop
  endfacet
  facet normal 0 0 1
    outer loop
      vertex -36.2 -62.70023923399336 -10.45
      vertex -37.91214877286452 -52.18159613718411 -10.45
      vertex -38.36615473048404 -61.39868216172525 -10.45
    endloop
  endfacet
  facet normal 0 0 1
    outer loop
      vertex -40.48556621128208 -60.022320252985025 -10.45
      vertex -39.71016515850496 -50.826693607633565 -10.45
      vertex -41.45980082478178 -49.40986658117408 -10.45
    endloop
  endfacet
  facet normal 0 0 1
    outer loop
      vertex -38.36615473048404 -61.39868216172525 -10.45
      vertex -37.91214877286452 -52.18159613718411 -10.45
      vertex -39.71016515850496 -50.826693607633565 -10.45
    endloop
  endfacet
  facet normal 0 0 1
    outer loop
      vertex -36.2 -62.70023923399336 -10.45
      vertex -36.067942273863174 -53.47292342980019 -10.45
      vertex -37.91214877286452 -52.18159613718411 -10.45
    endloop
  endfacet
  facet normal 0 0 1
    outer loop
      vertex -36.2 -62.70023923399336 -10.45
      vertex -33.989741145698495 -63.92540572298632 -10.45
      vertex -34.179792543041714 -54.69910220208948 -10.45
    endloop
  endfacet
  facet normal 0 0 1
    outer loop
      vertex -36.2 -62.70023923399336 -10.45
      vertex -34.179792543041714 -54.69910220208948 -10.45
      vertex -36.067942273863174 -53.47292342980019 -10.45
    endloop
  endfacet
  facet normal 0 0 1
    outer loop
      vertex -33.989741145698495 -63.92540572298632 -10.45
      vertex -32.25 -55.85863854409629 -10.45
      vertex -34.179792543041714 -54.69910220208948 -10.45
    endloop
  endfacet
  facet normal 0 0 1
    outer loop
      vertex -31.73807102752921 -65.07268895205969 -10.45
      vertex -29.447732958687936 -58.27012315908908 -10.45
      vertex -30.280915799689957 -56.95011973940079 -10.45
    endloop
  endfacet
  facet normal 0 0 1
    outer loop
      vertex -31.73807102752921 -65.07268895205969 -10.45
      vertex -30.280915799689957 -56.95011973940079 -10.45
      vertex -32.25 -55.85863854409629 -10.45
    endloop
  endfacet
  facet normal 0 0 1
    outer loop
      vertex -29.447732958687936 -58.27012315908908 -10.45
      vertex -27.233796769024114 -60.6956282254658 -10.45
      vertex -28.274938967895498 -57.97221598629628 -10.45
    endloop
  endfacet
  facet normal 0 0 1
    outer loop
      vertex -29.447732958687936 -58.27012315908908 -10.45
      vertex -28.274938967895498 -57.97221598629628 -10.45
      vertex -30.280915799689957 -56.95011973940079 -10.45
    endloop
  endfacet
  facet normal 0 0 1
    outer loop
      vertex -28.274938967895498 -57.97221598629628 -10.45
      vertex -27.233796769024114 -60.6956282254658 -10.45
      vertex -26.234513478389115 -58.923682017947755 -10.45
    endloop
  endfacet
  facet normal 0 0 -1
    outer loop
      vertex -58.024946133811724 -30.143963087223216 -18.45
      vertex -58.923682017947755 -26.234513478389115 -18.45
      vertex -57.97221598629628 -28.274938967895498 -18.45
    endloop
  endfacet
  facet normal 0 0 -1
    outer loop
      vertex -58.024946133811724 -30.143963087223216 -18.45
      vertex -59.80335861955779 -24.162125275326325 -18.45
      vertex -58.923682017947755 -26.234513478389115 -18.45
    endloop
  endfacet
  facet normal 0 0 -1
    outer loop
      vertex -58.024946133811724 -30.143963087223216 -18.45
      vertex -60.61017404069109 -22.060299244505632 -18.45
      vertex -59.80335861955779 -24.162125275326325 -18.45
    endloop
  endfacet
  facet normal 0 0 -1
    outer loop
      vertex -58.024946133811724 -30.143963087223216 -18.45
      vertex -61.25617675429195 -20.19925780175466 -18.45
      vertex -60.61017404069109 -22.060299244505632 -18.45
    endloop
  endfacet
  facet normal 0 0 -1
    outer loop
      vertex -56.66987210050927 -31.73456688285843 -18.45
      vertex -58.024946133811724 -30.143963087223216 -18.45
      vertex -56.95011973940079 -30.280915799689957 -18.45
    endloop
  endfacet
  facet normal 0 0 -1
    outer loop
      vertex -58.024946133811724 -30.143963087223216 -18.45
      vertex -57.97221598629628 -28.274938967895498 -18.45
      vertex -56.95011973940079 -30.280915799689957 -18.45
    endloop
  endfacet
  facet normal 0 0 -1
    outer loop
      vertex -60.61017404069109 -22.060299244505632 -18.45
      vertex -61.25617675429195 -20.19925780175466 -18.45
      vertex -61.25151168161023 -20.197719491485312 -18.45
    endloop
  endfacet
  facet normal 0 0 1
    outer loop
      vertex -64.42741198314292 -33.00449838568579 -10.45
      vertex -64.37659782751146 -21.228218358023337 -10.45
      vertex -65.08230460404815 -21.460925553721953 -10.45
    endloop
  endfacet
  facet normal 0 0 1
    outer loop
      vertex -62.8671211253724 -33.3149573358494 -10.45
      vertex -58.5728303927462 -30.194972490977165 -10.45
      vertex -63.48142688581887 -20.933035250197054 -10.45
    endloop
  endfacet
  facet normal 0 0 1
    outer loop
      vertex -58.5728303927462 -30.194972490977165 -10.45
      vertex -57.97221598629628 -28.274938967895498 -10.45
      vertex -58.923682017947755 -26.234513478389115 -10.45
    endloop
  endfacet
  facet normal 0 0 1
    outer loop
      vertex -58.5728303927462 -30.194972490977165 -10.45
      vertex -60.61017404069109 -22.060299244505632 -10.45
      vertex -63.48142688581887 -20.933035250197054 -10.45
    endloop
  endfacet
  facet normal 0 0 1
    outer loop
      vertex -58.5728303927462 -30.194972490977165 -10.45
      vertex -58.923682017947755 -26.234513478389115 -10.45
      vertex -59.80335861955779 -24.162125275326325 -10.45
    endloop
  endfacet
  facet normal 0 0 1
    outer loop
      vertex -58.5728303927462 -30.194972490977165 -10.45
      vertex -59.80335861955779 -24.162125275326325 -10.45
      vertex -60.61017404069109 -22.060299244505632 -10.45
    endloop
  endfacet
  facet normal 0 0 1
    outer loop
      vertex -60.61017404069109 -22.060299244505632 -10.45
      vertex -61.25151168161023 -20.197719491485312 -10.45
      vertex -63.48142688581887 -20.933035250197054 -10.45
    endloop
  endfacet
  facet normal 0 0 -1
    outer loop
      vertex 2.5267235612610706 -72.35589587618254 -18.45
      vertex 4.499292556496082 -64.34288124175866 -18.45
      vertex 5.050368699074673 -72.22363723881128 -18.45
    endloop
  endfacet
  facet normal 0 0 -1
    outer loop
      vertex 5.050368699074673 -72.22363723881128 -18.45
      vertex 6.742085880763649 -64.14666225125363 -18.45
      vertex 7.567860740578112 -72.00338522466299 -18.45
    endloop
  endfacet
  facet normal 0 0 -1
    outer loop
      vertex 7.567860740578112 -72.00338522466299 -18.45
      vertex 8.97666501192422 -63.87229043383129 -18.45
      vertex 10.076132509508739 -71.6954081768897 -18.45
    endloop
  endfacet
  facet normal 0 0 -1
    outer loop
      vertex 10.076132509508739 -71.6954081768897 -18.45
      vertex 11.200307459517006 -63.520100069287416 -18.45
      vertex 12.572128063085756 -71.30008131808387 -18.45
    endloop
  endfacet
  facet normal 0 0 -1
    outer loop
      vertex 12.572128063085756 -71.30008131808387 -18.45
      vertex 13.410304057745478 -63.09052024733047 -18.45
      vertex 12.647423041313502 -71.28544545693944 -18.45
    endloop
  endfacet
  facet normal 0.05233595624294776 -0.9986295347545736 -3.4725211813063115e-19
    outer loop
      vertex 2.5267235612610706 -72.35589587618254 -18.45
      vertex 5.050368699074673 -72.22363723881128 -18.45
      vertex 5.050368699074673 -72.22363723881128 -10.45
    endloop
  endfacet
  facet normal 0.08715574274765836 -0.9961946980917454 -9.997101350952472e-19
    outer loop
      vertex 5.050368699074673 -72.22363723881128 -18.45
      vertex 7.567860740578112 -72.00338522466299 -18.45
      vertex 7.567860740578112 -72.00338522466299 -10.45
    endloop
  endfacet
  facet normal 0.05233595624294776 -0.9986295347545736 0
    outer loop
      vertex 2.5267235612610706 -72.35589587618254 -18.45
      vertex 5.050368699074673 -72.22363723881128 -10.45
      vertex 2.5267235612610706 -72.35589587618254 -10.45
    endloop
  endfacet
  facet normal 0.08715574274765836 -0.9961946980917454 0
    outer loop
      vertex 5.050368699074673 -72.22363723881128 -18.45
      vertex 7.567860740578112 -72.00338522466299 -10.45
      vertex 5.050368699074673 -72.22363723881128 -10.45
    endloop
  endfacet
  facet normal 0.12186934340514491 -0.9925461516413223 -7.344094805126735e-19
    outer loop
      vertex 7.567860740578112 -72.00338522466299 -18.45
      vertex 10.076132509508739 -71.6954081768897 -18.45
      vertex 10.076132509508739 -71.6954081768897 -10.45
    endloop
  endfacet
  facet normal 0.12186934340514491 -0.9925461516413223 0
    outer loop
      vertex 7.567860740578112 -72.00338522466299 -18.45
      vertex 10.076132509508739 -71.6954081768897 -10.45
      vertex 7.567860740578112 -72.00338522466299 -10.45
    endloop
  endfacet
  facet normal 0.15643446504023226 -0.9876883405951374 0
    outer loop
      vertex 10.076132509508739 -71.6954081768897 -18.45
      vertex 12.572128063085756 -71.30008131808387 -10.45
      vertex 10.076132509508739 -71.6954081768897 -10.45
    endloop
  endfacet
  facet normal 0.15643446504023226 -0.9876883405951374 -2.5664572373773433e-18
    outer loop
      vertex 10.076132509508739 -71.6954081768897 -18.45
      vertex 12.572128063085756 -71.30008131808387 -18.45
      vertex 12.572128063085756 -71.30008131808387 -10.45
    endloop
  endfacet
  facet normal 0.19080899537654622 -0.9816271834476638 9.7912348280637e-20
    outer loop
      vertex 12.572128063085756 -71.30008131808387 -18.45
      vertex 12.647423041313502 -71.28544545693944 -18.45
      vertex 12.647423041313502 -71.28544545693944 -10.45
    endloop
  endfacet
  facet normal 0.19080899537654622 -0.9816271834476638 0
    outer loop
      vertex 12.572128063085756 -71.30008131808387 -18.45
      vertex 12.647423041313502 -71.28544545693944 -10.45
      vertex 12.572128063085756 -71.30008131808387 -10.45
    endloop
  endfacet
  facet normal 0 0 -1
    outer loop
      vertex 2.5267235612610706 -72.35589587618254 -18.45
      vertex 2.2510175373113124 -64.46070834273168 -18.45
      vertex 4.499292556496082 -64.34288124175866 -18.45
    endloop
  endfacet
  facet normal 0 0 -1
    outer loop
      vertex 5.050368699074673 -72.22363723881128 -18.45
      vertex 4.499292556496082 -64.34288124175866 -18.45
      vertex 6.742085880763649 -64.14666225125363 -18.45
    endloop
  endfacet
  facet normal 0 0 -1
    outer loop
      vertex 7.567860740578112 -72.00338522466299 -18.45
      vertex 6.742085880763649 -64.14666225125363 -18.45
      vertex 8.97666501192422 -63.87229043383129 -18.45
    endloop
  endfacet
  facet normal 0 0 -1
    outer loop
      vertex 10.076132509508739 -71.6954081768897 -18.45
      vertex 8.97666501192422 -63.87229043383129 -18.45
      vertex 11.200307459517006 -63.520100069287416 -18.45
    endloop
  endfacet
  facet normal 0 0 -1
    outer loop
      vertex 12.572128063085756 -71.30008131808387 -18.45
      vertex 11.200307459517006 -63.520100069287416 -18.45
      vertex 13.410304057745478 -63.09052024733047 -18.45
    endloop
  endfacet
  facet normal 0 0 -1
    outer loop
      vertex 12.647423041313502 -71.28544545693944 -18.45
      vertex 13.410304057745478 -63.09052024733047 -18.45
      vertex 15.052806415205778 -62.92836017548683 -18.45
    endloop
  endfacet
  facet normal 0 0 -1
    outer loop
      vertex 13.410304057745478 -63.09052024733047 -18.45
      vertex 15.603962266178568 -62.58407434480177 -18.45
      vertex 15.052806415205778 -62.92836017548683 -18.45
    endloop
  endfacet
  facet normal 0 0 -1
    outer loop
      vertex 15.052806415205778 -62.92836017548683 -18.45
      vertex 15.603962266178568 -62.58407434480177 -18.45
      vertex 17.778609450196445 -62.00137938802157 -18.45
    endloop
  endfacet
  facet normal 0 0 -1
    outer loop
      vertex 15.052806415205778 -62.92836017548683 -18.45
      vertex 17.778609450196445 -62.00137938802157 -18.45
      vertex 19.93159613718411 -61.3431453010374 -18.45
    endloop
  endfacet
  facet normal 0 0 -1
    outer loop
      vertex 31.668553367216575 -65.1051055694405 -18.45
      vertex 29.447732958687936 -58.27012315908908 -18.45
      vertex 31.73807102752921 -65.07268895205969 -18.45
    endloop
  endfacet
  facet normal 0 0 -1
    outer loop
      vertex 31.73807102752921 -65.07268895205969 -18.45
      vertex 32.25 -55.85863854409629 -18.45
      vertex 33.989741145698495 -63.92540572298632 -18.45
    endloop
  endfacet
  facet normal 0.4226182617407496 -0.9063077870366266 2.17795393511911e-19
    outer loop
      vertex 31.668553367216575 -65.1051055694405 -18.45
      vertex 31.73807102752921 -65.07268895205969 -18.45
      vertex 31.73807102752921 -65.07268895205969 -10.45
    endloop
  endfacet
  facet normal 0.4539904997395449 -0.8910065241883688 -8.541081758686013e-18
    outer loop
      vertex 31.73807102752921 -65.07268895205969 -18.45
      vertex 33.989741145698495 -63.92540572298632 -18.45
      vertex 33.989741145698495 -63.92540572298632 -10.45
    endloop
  endfacet
  facet normal 0.4226182617407496 -0.9063077870366266 0
    outer loop
      vertex 31.668553367216575 -65.1051055694405 -18.45
      vertex 31.73807102752921 -65.07268895205969 -10.45
      vertex 31.668553367216575 -65.1051055694405 -10.45
    endloop
  endfacet
  facet normal 0.4539904997395449 -0.8910065241883688 0
    outer loop
      vertex 31.73807102752921 -65.07268895205969 -18.45
      vertex 33.989741145698495 -63.92540572298632 -10.45
      vertex 31.73807102752921 -65.07268895205969 -10.45
    endloop
  endfacet
  facet normal 0.4848096202463397 -0.8746197071393942 0
    outer loop
      vertex 33.989741145698495 -63.92540572298632 -18.45
      vertex 36.2 -62.70023923399336 -10.45
      vertex 33.989741145698495 -63.92540572298632 -10.45
    endloop
  endfacet
  facet normal 0.4848096202463397 -0.8746197071393942 -4.681184920322839e-18
    outer loop
      vertex 33.989741145698495 -63.92540572298632 -18.45
      vertex 36.2 -62.70023923399336 -18.45
      vertex 36.2 -62.70023923399336 -10.45
    endloop
  endfacet
  facet normal 0.5150380749100522 -0.8571673007021136 5.056712283295802e-18
    outer loop
      vertex 36.2 -62.70023923399336 -18.45
      vertex 38.36615473048404 -61.39868216172525 -18.45
      vertex 38.36615473048404 -61.39868216172525 -10.45
    endloop
  endfacet
  facet normal 0.5150380749100522 -0.8571673007021136 0
    outer loop
      vertex 36.2 -62.70023923399336 -18.45
      vertex 38.36615473048404 -61.39868216172525 -10.45
      vertex 36.2 -62.70023923399336 -10.45
    endloop
  endfacet
  facet normal 0.5446390350150264 -0.8386705679454244 0
    outer loop
      vertex 38.36615473048404 -61.39868216172525 -18.45
      vertex 40.48556621128208 -60.022320252985025 -10.45
      vertex 38.36615473048404 -61.39868216172525 -10.45
    endloop
  endfacet
  facet normal 0 0 1
    outer loop
      vertex 2.5267235612610706 -72.35589587618254 -10.45
      vertex 5.050368699074673 -72.22363723881128 -10.45
      vertex 2.2510175373113124 -64.46070834273168 -10.45
    endloop
  endfacet
  facet normal 0 0 1
    outer loop
      vertex 5.050368699074673 -72.22363723881128 -10.45
      vertex 7.567860740578112 -72.00338522466299 -10.45
      vertex 4.499292556496082 -64.34288124175866 -10.45
    endloop
  endfacet
  facet normal 0 0 1
    outer loop
      vertex 7.567860740578112 -72.00338522466299 -10.45
      vertex 10.076132509508739 -71.6954081768897 -10.45
      vertex 6.742085880763649 -64.14666225125363 -10.45
    endloop
  endfacet
  facet normal 0 0 1
    outer loop
      vertex 10.076132509508739 -71.6954081768897 -10.45
      vertex 12.572128063085756 -71.30008131808387 -10.45
      vertex 8.97666501192422 -63.87229043383129 -10.45
    endloop
  endfacet
  facet normal 0 0 1
    outer loop
      vertex 5.050368699074673 -72.22363723881128 -10.45
      vertex 4.499292556496082 -64.34288124175866 -10.45
      vertex 2.2510175373113124 -64.46070834273168 -10.45
    endloop
  endfacet
  facet normal 0 0 1
    outer loop
      vertex 7.567860740578112 -72.00338522466299 -10.45
      vertex 6.742085880763649 -64.14666225125363 -10.45
      vertex 4.499292556496082 -64.34288124175866 -10.45
    endloop
  endfacet
  facet normal 0 0 1
    outer loop
      vertex 10.076132509508739 -71.6954081768897 -10.45
      vertex 8.97666501192422 -63.87229043383129 -10.45
      vertex 6.742085880763649 -64.14666225125363 -10.45
    endloop
  endfacet
  facet normal 0 0 1
    outer loop
      vertex 12.572128063085756 -71.30008131808387 -10.45
      vertex 11.200307459517006 -63.520100069287416 -10.45
      vertex 8.97666501192422 -63.87229043383129 -10.45
    endloop
  endfacet
  facet normal 0 0 1
    outer loop
      vertex 12.572128063085756 -71.30008131808387 -10.45
      vertex 13.410304057745478 -63.09052024733047 -10.45
      vertex 11.200307459517006 -63.520100069287416 -10.45
    endloop
  endfacet
  facet normal 0 0 1
    outer loop
      vertex 12.572128063085756 -71.30008131808387 -10.45
      vertex 12.647423041313502 -71.28544545693944 -10.45
      vertex 14.915870853838154 -62.97285323648988 -10.45
    endloop
  endfacet
  facet normal 0 0 1
    outer loop
      vertex 12.572128063085756 -71.30008131808387 -10.45
      vertex 14.915870853838154 -62.97285323648988 -10.45
      vertex 13.410304057745478 -63.09052024733047 -10.45
    endloop
  endfacet
  facet normal 0 0 1
    outer loop
      vertex 19.941589287550606 -68.76147571985749 -10.45
      vertex 17.778609450196445 -62.00137938802157 -10.45
      vertex 17.515145241415944 -62.12829779205214 -10.45
    endloop
  endfacet
  facet normal 0 0 1
    outer loop
      vertex 13.410304057745478 -63.09052024733047 -10.45
      vertex 14.915870853838154 -62.97285323648988 -10.45
      vertex 15.603962266178568 -62.58407434480177 -10.45
    endloop
  endfacet
  facet normal 0 0 1
    outer loop
      vertex 14.915870853838154 -62.97285323648988 -10.45
      vertex 17.515145241415944 -62.12829779205214 -10.45
      vertex 15.603962266178568 -62.58407434480177 -10.45
    endloop
  endfacet
  facet normal 0 0 1
    outer loop
      vertex 15.603962266178568 -62.58407434480177 -10.45
      vertex 17.515145241415944 -62.12829779205214 -10.45
      vertex 17.778609450196445 -62.00137938802157 -10.45
    endloop
  endfacet
  facet normal 0 0 1
    outer loop
      vertex 19.941589287550606 -68.76147571985749 -10.45
      vertex 19.93159613718411 -61.3431453010374 -10.45
      vertex 17.778609450196445 -62.00137938802157 -10.45
    endloop
  endfacet
  facet normal 0 0 1
    outer loop
      vertex 19.941589287550606 -68.76147571985749 -10.45
      vertex 22.060299244505632 -60.61017404069109 -10.45
      vertex 19.93159613718411 -61.3431453010374 -10.45
    endloop
  endfacet
  facet normal 0 0 1
    outer loop
      vertex 19.941589287550606 -68.76147571985749 -10.45
      vertex 24.162125275326325 -59.80335861955779 -10.45
      vertex 22.060299244505632 -60.61017404069109 -10.45
    endloop
  endfacet
  facet normal 0 0 1
    outer loop
      vertex 19.941589287550606 -68.76147571985749 -10.45
      vertex 26.234513478389115 -58.923682017947755 -10.45
      vertex 24.162125275326325 -59.80335861955779 -10.45
    endloop
  endfacet
  facet normal 0 0 1
    outer loop
      vertex 19.941589287550606 -68.76147571985749 -10.45
      vertex 29.312554669426536 -58.39633212822698 -10.45
      vertex 26.234513478389115 -58.923682017947755 -10.45
    endloop
  endfacet
  facet normal 0 0 1
    outer loop
      vertex 31.668553367216575 -65.1051055694405 -10.45
      vertex 31.73807102752921 -65.07268895205969 -10.45
      vertex 29.447732958687936 -58.27012315908908 -10.45
    endloop
  endfacet
  facet normal 0 0 1
    outer loop
      vertex 31.73807102752921 -65.07268895205969 -10.45
      vertex 33.989741145698495 -63.92540572298632 -10.45
      vertex 30.280915799689957 -56.95011973940079 -10.45
    endloop
  endfacet
  facet normal 0 0 1
    outer loop
      vertex 32.25 -55.85863854409629 -10.45
      vertex 33.989741145698495 -63.92540572298632 -10.45
      vertex 36.2 -62.70023923399336 -10.45
    endloop
  endfacet
  facet normal 0 0 -1
    outer loop
      vertex 19.93159613718411 -61.3431453010374 -18.45
      vertex 22.060299244505632 -60.61017404069109 -18.45
      vertex 27.26408046016122 -58.96067672218314 -18.45
    endloop
  endfacet
  facet normal 0 0 -1
    outer loop
      vertex 22.060299244505632 -60.61017404069109 -18.45
      vertex 24.162125275326325 -59.80335861955779 -18.45
      vertex 27.26408046016122 -58.96067672218314 -18.45
    endloop
  endfacet
  facet normal 0 0 -1
    outer loop
      vertex 24.162125275326325 -59.80335861955779 -18.45
      vertex 26.234513478389115 -58.923682017947755 -18.45
      vertex 27.26408046016122 -58.96067672218314 -18.45
    endloop
  endfacet
  facet normal 0 0 -1
    outer loop
      vertex 27.233796769024114 -60.6956282254658 -18.45
      vertex 27.26408046016122 -58.96067672218314 -18.45
      vertex 29.447732958687936 -58.27012315908908 -18.45
    endloop
  endfacet
  facet normal 0 0 -1
    outer loop
      vertex 26.234513478389115 -58.923682017947755 -18.45
      vertex 28.274938967895498 -57.97221598629628 -18.45
      vertex 27.26408046016122 -58.96067672218314 -18.45
    endloop
  endfacet
  facet normal 0 0 -1
    outer loop
      vertex 27.26408046016122 -58.96067672218314 -18.45
      vertex 28.274938967895498 -57.97221598629628 -18.45
      vertex 29.447732958687936 -58.27012315908908 -18.45
    endloop
  endfacet
  facet normal 0 0 -1
    outer loop
      vertex 28.274938967895498 -57.97221598629628 -18.45
      vertex 30.280915799689957 -56.95011973940079 -18.45
      vertex 29.447732958687936 -58.27012315908908 -18.45
    endloop
  endfacet
  facet normal 0 0 -1
    outer loop
      vertex 31.73807102752921 -65.07268895205969 -18.45
      vertex 29.447732958687936 -58.27012315908908 -18.45
      vertex 30.280915799689957 -56.95011973940079 -18.45
    endloop
  endfacet
  facet normal 0 0 -1
    outer loop
      vertex 31.73807102752921 -65.07268895205969 -18.45
      vertex 30.280915799689957 -56.95011973940079 -18.45
      vertex 32.25 -55.85863854409629 -18.45
    endloop
  endfacet
  facet normal 0 0 -1
    outer loop
      vertex 33.989741145698495 -63.92540572298632 -18.45
      vertex 34.179792543041714 -54.69910220208948 -18.45
      vertex 36.2 -62.70023923399336 -18.45
    endloop
  endfacet
  facet normal 0 0 -1
    outer loop
      vertex 32.25 -55.85863854409629 -18.45
      vertex 34.179792543041714 -54.69910220208948 -18.45
      vertex 33.989741145698495 -63.92540572298632 -18.45
    endloop
  endfacet
  facet normal 0 0 -1
    outer loop
      vertex 36.2 -62.70023923399336 -18.45
      vertex 37.91214877286452 -52.18159613718411 -18.45
      vertex 38.36615473048404 -61.39868216172525 -18.45
    endloop
  endfacet
  facet normal 0 0 -1
    outer loop
      vertex 36.2 -62.70023923399336 -18.45
      vertex 34.179792543041714 -54.69910220208948 -18.45
      vertex 36.067942273863174 -53.47292342980019 -18.45
    endloop
  endfacet
  facet normal 0 0 -1
    outer loop
      vertex 38.36615473048404 -61.39868216172525 -18.45
      vertex 39.71016515850496 -50.826693607633565 -18.45
      vertex 40.48556621128208 -60.022320252985025 -18.45
    endloop
  endfacet
  facet normal 0 0 -1
    outer loop
      vertex 36.2 -62.70023923399336 -18.45
      vertex 36.067942273863174 -53.47292342980019 -18.45
      vertex 37.91214877286452 -52.18159613718411 -18.45
    endloop
  endfacet
  facet normal 0 0 -1
    outer loop
      vertex 38.36615473048404 -61.39868216172525 -18.45
      vertex 37.91214877286452 -52.18159613718411 -18.45
      vertex 39.71016515850496 -50.826693607633565 -18.45
    endloop
  endfacet
  facet normal 0 0 -1
    outer loop
      vertex 40.48556621128208 -60.022320252985025 -18.45
      vertex 41.45980082478178 -49.40986658117408 -18.45
      vertex 42.555652265975056 -58.5728303927462 -18.45
    endloop
  endfacet
  facet normal 0 0 -1
    outer loop
      vertex 40.48556621128208 -60.022320252985025 -18.45
      vertex 39.71016515850496 -50.826693607633565 -18.45
      vertex 41.45980082478178 -49.40986658117408 -18.45
    endloop
  endfacet
  facet normal 0 0 -1
    outer loop
      vertex 42.555652265975056 -58.5728303927462 -18.45
      vertex 43.15892411014636 -47.93284124329193 -18.45
      vertex 44.57389081357766 -57.05197856112667 -18.45
    endloop
  endfacet
  facet normal 0.5446390350150264 -0.8386705679454244 -5.0842424349053924e-18
    outer loop
      vertex 38.36615473048404 -61.39868216172525 -18.45
      vertex 40.48556621128208 -60.022320252985025 -18.45
      vertex 40.48556621128208 -60.022320252985025 -10.45
    endloop
  endfacet
  facet normal 0.5735764363510476 -0.8191520442889906 -8.101274110492871e-18
    outer loop
      vertex 40.48556621128208 -60.022320252985025 -18.45
      vertex 42.555652265975056 -58.5728303927462 -18.45
      vertex 42.555652265975056 -58.5728303927462 -10.45
    endloop
  endfacet
  facet normal 0.6018150231520497 -0.7986355100472918 -9.615099255886788e-19
    outer loop
      vertex 42.555652265975056 -58.5728303927462 -18.45
      vertex 44.57389081357766 -57.05197856112667 -18.45
      vertex 44.57389081357766 -57.05197856112667 -10.45
    endloop
  endfacet
  facet normal 0.5735764363510476 -0.8191520442889906 0
    outer loop
      vertex 40.48556621128208 -60.022320252985025 -18.45
      vertex 42.555652265975056 -58.5728303927462 -10.45
      vertex 40.48556621128208 -60.022320252985025 -10.45
    endloop
  endfacet
  facet normal 0.6018150231520497 -0.7986355100472918 0
    outer loop
      vertex 42.555652265975056 -58.5728303927462 -18.45
      vertex 44.57389081357766 -57.05197856112667 -10.45
      vertex 42.555652265975056 -58.5728303927462 -10.45
    endloop
  endfacet
  facet normal 0.6293203910498378 -0.7771459614569707 -9.531101340714687e-18
    outer loop
      vertex 44.57389081357766 -57.05197856112667 -18.45
      vertex 46.53782294130544 -55.46161768181401 -18.45
      vertex 46.53782294130544 -55.46161768181401 -10.45
    endloop
  endfacet
  facet normal 0.6293203910498378 -0.7771459614569707 0
    outer loop
      vertex 44.57389081357766 -57.05197856112667 -18.45
      vertex 46.53782294130544 -55.46161768181401 -10.45
      vertex 44.57389081357766 -57.05197856112667 -10.45
    endloop
  endfacet
  facet normal 0 0 -1
    outer loop
      vertex 42.555652265975056 -58.5728303927462 -18.45
      vertex 41.45980082478178 -49.40986658117408 -18.45
      vertex 43.15892411014636 -47.93284124329193 -18.45
    endloop
  endfacet
  facet normal 0 0 -1
    outer loop
      vertex 44.57389081357766 -57.05197856112667 -18.45
      vertex 44.80546489460532 -46.397417121843 -18.45
      vertex 46.53782294130544 -55.46161768181401 -18.45
    endloop
  endfacet
  facet normal 0 0 -1
    outer loop
      vertex 44.57389081357766 -57.05197856112667 -18.45
      vertex 43.15892411014636 -47.93284124329193 -18.45
      vertex 44.80546489460532 -46.397417121843 -18.45
    endloop
  endfacet
  facet normal 0 0 -1
    outer loop
      vertex 46.53782294130544 -55.46161768181401 -18.45
      vertex 44.80546489460532 -46.397417121843 -18.45
      vertex 46.397417121843 -44.80546489460532 -18.45
    endloop
  endfacet
  facet normal 0 0 1
    outer loop
      vertex 26.234513478389115 -58.923682017947755 -10.45
      vertex 29.312554669426536 -58.39633212822698 -10.45
      vertex 28.274938967895498 -57.97221598629628 -10.45
    endloop
  endfacet
  facet normal 0 0 1
    outer loop
      vertex 28.274938967895498 -57.97221598629628 -10.45
      vertex 29.312554669426536 -58.39633212822698 -10.45
      vertex 30.280915799689957 -56.95011973940079 -10.45
    endloop
  endfacet
  facet normal 0 0 1
    outer loop
      vertex 31.73807102752921 -65.07268895205969 -10.45
      vertex 30.280915799689957 -56.95011973940079 -10.45
      vertex 29.447732958687936 -58.27012315908908 -10.45
    endloop
  endfacet
  facet normal 0 0 1
    outer loop
      vertex 30.280915799689957 -56.95011973940079 -10.45
      vertex 33.989741145698495 -63.92540572298632 -10.45
      vertex 32.25 -55.85863854409629 -10.45
    endloop
  endfacet
  facet normal 0 0 1
    outer loop
      vertex 29.312554669426536 -58.39633212822698 -10.45
      vertex 29.447732958687936 -58.27012315908908 -10.45
      vertex 30.280915799689957 -56.95011973940079 -10.45
    endloop
  endfacet
  facet normal 0 0 1
    outer loop
      vertex 32.25 -55.85863854409629 -10.45
      vertex 36.2 -62.70023923399336 -10.45
      vertex 34.179792543041714 -54.69910220208948 -10.45
    endloop
  endfacet
  facet normal 0 0 1
    outer loop
      vertex 36.2 -62.70023923399336 -10.45
      vertex 38.36615473048404 -61.39868216172525 -10.45
      vertex 36.067942273863174 -53.47292342980019 -10.45
    endloop
  endfacet
  facet normal 0 0 1
    outer loop
      vertex 36.2 -62.70023923399336 -10.45
      vertex 36.067942273863174 -53.47292342980019 -10.45
      vertex 34.179792543041714 -54.69910220208948 -10.45
    endloop
  endfacet
  facet normal 0 0 1
    outer loop
      vertex 38.36615473048404 -61.39868216172525 -10.45
      vertex 40.48556621128208 -60.022320252985025 -10.45
      vertex 37.91214877286452 -52.18159613718411 -10.45
    endloop
  endfacet
  facet normal 0 0 1
    outer loop
      vertex 38.36615473048404 -61.39868216172525 -10.45
      vertex 37.91214877286452 -52.18159613718411 -10.45
      vertex 36.067942273863174 -53.47292342980019 -10.45
    endloop
  endfacet
  facet normal 0 0 1
    outer loop
      vertex 40.48556621128208 -60.022320252985025 -10.45
      vertex 39.71016515850496 -50.826693607633565 -10.45
      vertex 37.91214877286452 -52.18159613718411 -10.45
    endloop
  endfacet
  facet normal 0 0 1
    outer loop
      vertex 40.48556621128208 -60.022320252985025 -10.45
      vertex 42.555652265975056 -58.5728303927462 -10.45
      vertex 39.71016515850496 -50.826693607633565 -10.45
    endloop
  endfacet
  facet normal 0 0 1
    outer loop
      vertex 42.555652265975056 -58.5728303927462 -10.45
      vertex 44.57389081357766 -57.05197856112667 -10.45
      vertex 41.45980082478178 -49.40986658117408 -10.45
    endloop
  endfacet
  facet normal 0 0 1
    outer loop
      vertex 44.57389081357766 -57.05197856112667 -10.45
      vertex 46.53782294130544 -55.46161768181401 -10.45
      vertex 43.15892411014636 -47.93284124329193 -10.45
    endloop
  endfacet
  facet normal 0 0 1
    outer loop
      vertex 42.555652265975056 -58.5728303927462 -10.45
      vertex 41.45980082478178 -49.40986658117408 -10.45
      vertex 39.71016515850496 -50.826693607633565 -10.45
    endloop
  endfacet
  facet normal 0 0 1
    outer loop
      vertex 44.57389081357766 -57.05197856112667 -10.45
      vertex 43.15892411014636 -47.93284124329193 -10.45
      vertex 41.45980082478178 -49.40986658117408 -10.45
    endloop
  endfacet
  facet normal 0 0 1
    outer loop
      vertex 43.15892411014636 -47.93284124329193 -10.45
      vertex 46.53782294130544 -55.46161768181401 -10.45
      vertex 44.80546489460532 -46.397417121843 -10.45
    endloop
  endfacet
  facet normal 0 0 1
    outer loop
      vertex 46.53782294130544 -55.46161768181401 -10.45
      vertex 46.397417121843 -44.80546489460532 -10.45
      vertex 44.80546489460532 -46.397417121843 -10.45
    endloop
  endfacet
  facet normal 0.6560590289905041 -0.7547095802227749 6.48754526314023e-18
    outer loop
      vertex 46.53782294130544 -55.46161768181401 -18.45
      vertex 48.44505590038134 -53.80368536456335 -18.45
      vertex 48.44505590038134 -53.80368536456335 -10.45
    endloop
  endfacet
  facet normal 0.6560590289905041 -0.7547095802227749 0
    outer loop
      vertex 46.53782294130544 -55.46161768181401 -18.45
      vertex 48.44505590038134 -53.80368536456335 -10.45
      vertex 46.53782294130544 -55.46161768181401 -10.45
    endloop
  endfacet
  facet normal 0.6819983600624991 -0.7313537016191699 0
    outer loop
      vertex 48.44505590038134 -53.80368536456335 -18.45
      vertex 50.2932660212314 -52.08020154451835 -10.45
      vertex 48.44505590038134 -53.80368536456335 -10.45
    endloop
  endfacet
  facet normal 0 0 -1
    outer loop
      vertex 46.53782294130544 -55.46161768181401 -18.45
      vertex 47.93284124329193 -43.15892411014636 -18.45
      vertex 48.44505590038134 -53.80368536456335 -18.45
    endloop
  endfacet
  facet normal 0 0 -1
    outer loop
      vertex 46.53782294130544 -55.46161768181401 -18.45
      vertex 46.397417121843 -44.80546489460532 -18.45
      vertex 47.93284124329193 -43.15892411014636 -18.45
    endloop
  endfacet
  facet normal 0 0 -1
    outer loop
      vertex 48.44505590038134 -53.80368536456335 -18.45
      vertex 47.93284124329193 -43.15892411014636 -18.45
      vertex 49.40986658117408 -41.45980082478178 -18.45
    endloop
  endfacet
  facet normal 0 0 -1
    outer loop
      vertex 48.44505590038134 -53.80368536456335 -18.45
      vertex 49.40986658117408 -41.45980082478178 -18.45
      vertex 50.2932660212314 -52.08020154451835 -18.45
    endloop
  endfacet
  facet normal 0 0 -1
    outer loop
      vertex 50.2932660212314 -52.08020154451835 -18.45
      vertex 50.826693607633565 -39.71016515850496 -18.45
      vertex 52.08020154451835 -50.2932660212314 -18.45
    endloop
  endfacet
  facet normal 0.6819983600624991 -0.7313537016191699 8.406819232966315e-18
    outer loop
      vertex 48.44505590038134 -53.80368536456335 -18.45
      vertex 50.2932660212314 -52.08020154451835 -18.45
      vertex 50.2932660212314 -52.08020154451835 -10.45
    endloop
  endfacet
  facet normal 0.7071067811865476 -0.7071067811865476 0
    outer loop
      vertex 50.2932660212314 -52.08020154451835 -18.45
      vertex 52.08020154451835 -50.2932660212314 -18.45
      vertex 50.2932660212314 -52.08020154451835 -10.45
    endloop
  endfacet
  facet normal 0.7313537016191775 -0.6819983600624911 -1.2223742875964808e-19
    outer loop
      vertex 52.08020154451835 -50.2932660212314 -18.45
      vertex 52.13251371816039 -50.237168083064304 -18.45
      vertex 52.13251371816039 -50.237168083064304 -10.45
    endloop
  endfacet
  facet normal 0.7071067811865476 -0.7071067811865476 0
    outer loop
      vertex 52.08020154451835 -50.2932660212314 -18.45
      vertex 52.08020154451835 -50.2932660212314 -10.45
      vertex 50.2932660212314 -52.08020154451835 -10.45
    endloop
  endfacet
  facet normal 0.7313537016191775 -0.6819983600624911 0
    outer loop
      vertex 52.08020154451835 -50.2932660212314 -18.45
      vertex 52.13251371816039 -50.237168083064304 -10.45
      vertex 52.08020154451835 -50.2932660212314 -10.45
    endloop
  endfacet
  facet normal 0 0 -1
    outer loop
      vertex 50.2932660212314 -52.08020154451835 -18.45
      vertex 49.40986658117408 -41.45980082478178 -18.45
      vertex 50.826693607633565 -39.71016515850496 -18.45
    endloop
  endfacet
  facet normal 0 0 -1
    outer loop
      vertex 52.08020154451835 -50.2932660212314 -18.45
      vertex 53.47292342980019 -36.067942273863174 -18.45
      vertex 52.13251371816039 -50.237168083064304 -18.45
    endloop
  endfacet
  facet normal 0 0 -1
    outer loop
      vertex 52.08020154451835 -50.2932660212314 -18.45
      vertex 50.826693607633565 -39.71016515850496 -18.45
      vertex 52.18159613718411 -37.91214877286452 -18.45
    endloop
  endfacet
  facet normal 0 0 -1
    outer loop
      vertex 52.08020154451835 -50.2932660212314 -18.45
      vertex 52.18159613718411 -37.91214877286452 -18.45
      vertex 53.47292342980019 -36.067942273863174 -18.45
    endloop
  endfacet
  facet normal 0 0 -1
    outer loop
      vertex 52.13251371816039 -50.237168083064304 -18.45
      vertex 53.47292342980019 -36.067942273863174 -18.45
      vertex 53.80368536456335 -35.67953448690868 -18.45
    endloop
  endfacet
  facet normal 0 0 -1
    outer loop
      vertex 53.47292342980019 -36.067942273863174 -18.45
      vertex 54.69910220208948 -34.179792543041714 -18.45
      vertex 53.80368536456335 -35.67953448690868 -18.45
    endloop
  endfacet
  facet normal 0 0 -1
    outer loop
      vertex 53.80368536456335 -35.67953448690868 -18.45
      vertex 54.69910220208948 -34.179792543041714 -18.45
      vertex 55.66886059191763 -33.112341025467536 -18.45
    endloop
  endfacet
  facet normal 0 0 -1
    outer loop
      vertex 54.69910220208948 -34.179792543041714 -18.45
      vertex 55.85863854409629 -32.25 -18.45
      vertex 55.66886059191763 -33.112341025467536 -18.45
    endloop
  endfacet
  facet normal 0 0 -1
    outer loop
      vertex 55.66886059191763 -33.112341025467536 -18.45
      vertex 55.85863854409629 -32.25 -18.45
      vertex 56.95011973940079 -30.280915799689957 -18.45
    endloop
  endfacet
  facet normal 0 0 -1
    outer loop
      vertex 55.66886059191763 -33.112341025467536 -18.45
      vertex 58.730869905855116 -30.309794918356054 -18.45
      vertex 57.18483181594149 -37.984072621118564 -18.45
    endloop
  endfacet
  facet normal 0 0 -1
    outer loop
      vertex 55.66886059191763 -33.112341025467536 -18.45
      vertex 56.95011973940079 -30.280915799689957 -18.45
      vertex 58.730869905855116 -30.309794918356054 -18.45
    endloop
  endfacet
  facet normal 0 0 -1
    outer loop
      vertex 63.888218764009856 -34.05682819556536 -18.45
      vertex 58.730869905855116 -30.309794918356054 -18.45
      vertex 63.92540572298632 -33.989741145698495 -18.45
    endloop
  endfacet
  facet normal 0.8746197071394114 -0.48480962024630886 -1.6838929812607914e-19
    outer loop
      vertex 63.888218764009856 -34.05682819556536 -18.45
      vertex 63.92540572298632 -33.989741145698495 -18.45
      vertex 63.92540572298632 -33.989741145698495 -10.45
    endloop
  endfacet
  facet normal 0.8910065241883688 -0.4539904997395449 0
    outer loop
      vertex 63.92540572298632 -33.989741145698495 -18.45
      vertex 65.07268895205969 -31.73807102752921 -18.45
      vertex 63.92540572298632 -33.989741145698495 -10.45
    endloop
  endfacet
  facet normal 0.8746197071394114 -0.48480962024630886 0
    outer loop
      vertex 63.888218764009856 -34.05682819556536 -18.45
      vertex 63.92540572298632 -33.989741145698495 -10.45
      vertex 63.888218764009856 -34.05682819556536 -10.45
    endloop
  endfacet
  facet normal 0.8910065241883688 -0.4539904997395449 0
    outer loop
      vertex 65.07268895205969 -31.73807102752921 -18.45
      vertex 65.07268895205969 -31.73807102752921 -10.45
      vertex 63.92540572298632 -33.989741145698495 -10.45
    endloop
  endfacet
  facet normal 0 0 1
    outer loop
      vertex 46.53782294130544 -55.46161768181401 -10.45
      vertex 48.44505590038134 -53.80368536456335 -10.45
      vertex 46.397417121843 -44.80546489460532 -10.45
    endloop
  endfacet
  facet normal 0 0 1
    outer loop
      vertex 48.44505590038134 -53.80368536456335 -10.45
      vertex 50.2932660212314 -52.08020154451835 -10.45
      vertex 47.93284124329193 -43.15892411014636 -10.45
    endloop
  endfacet
  facet normal 0 0 1
    outer loop
      vertex 48.44505590038134 -53.80368536456335 -10.45
      vertex 47.93284124329193 -43.15892411014636 -10.45
      vertex 46.397417121843 -44.80546489460532 -10.45
    endloop
  endfacet
  facet normal 0 0 1
    outer loop
      vertex 50.2932660212314 -52.08020154451835 -10.45
      vertex 52.08020154451835 -50.2932660212314 -10.45
      vertex 49.40986658117408 -41.45980082478178 -10.45
    endloop
  endfacet
  facet normal 0 0 1
    outer loop
      vertex 50.2932660212314 -52.08020154451835 -10.45
      vertex 49.40986658117408 -41.45980082478178 -10.45
      vertex 47.93284124329193 -43.15892411014636 -10.45
    endloop
  endfacet
  facet normal 0 0 1
    outer loop
      vertex 52.08020154451835 -50.2932660212314 -10.45
      vertex 50.826693607633565 -39.71016515850496 -10.45
      vertex 49.40986658117408 -41.45980082478178 -10.45
    endloop
  endfacet
  facet normal 0 0 1
    outer loop
      vertex 52.08020154451835 -50.2932660212314 -10.45
      vertex 52.13251371816039 -50.237168083064304 -10.45
      vertex 53.58609005112226 -35.97902874230825 -10.45
    endloop
  endfacet
  facet normal 0 0 1
    outer loop
      vertex 52.08020154451835 -50.2932660212314 -10.45
      vertex 52.18159613718411 -37.91214877286452 -10.45
      vertex 50.826693607633565 -39.71016515850496 -10.45
    endloop
  endfacet
  facet normal 0 0 1
    outer loop
      vertex 52.08020154451835 -50.2932660212314 -10.45
      vertex 53.47292342980019 -36.067942273863174 -10.45
      vertex 52.18159613718411 -37.91214877286452 -10.45
    endloop
  endfacet
  facet normal 0 0 1
    outer loop
      vertex 52.08020154451835 -50.2932660212314 -10.45
      vertex 53.58609005112226 -35.97902874230825 -10.45
      vertex 53.47292342980019 -36.067942273863174 -10.45
    endloop
  endfacet
  facet normal 0 0 1
    outer loop
      vertex 53.47292342980019 -36.067942273863174 -10.45
      vertex 53.58609005112226 -35.97902874230825 -10.45
      vertex 54.69910220208948 -34.179792543041714 -10.45
    endloop
  endfacet
  facet normal 0 0 1
    outer loop
      vertex 55.85863854409629 -32.25 -10.45
      vertex 56.97167485643589 -39.97329465303517 -10.45
      vertex 57.05197856112667 -39.22388492704769 -10.45
    endloop
  endfacet
  facet normal 0 0 1
    outer loop
      vertex 55.46161768181401 -33.39758642007999 -10.45
      vertex 56.97167485643589 -39.97329465303517 -10.45
      vertex 55.85863854409629 -32.25 -10.45
    endloop
  endfacet
  facet normal 0 0 1
    outer loop
      vertex 53.58609005112226 -35.97902874230825 -10.45
      vertex 55.46161768181401 -33.39758642007999 -10.45
      vertex 54.69910220208948 -34.179792543041714 -10.45
    endloop
  endfacet
  facet normal 0 0 1
    outer loop
      vertex 54.69910220208948 -34.179792543041714 -10.45
      vertex 55.46161768181401 -33.39758642007999 -10.45
      vertex 55.85863854409629 -32.25 -10.45
    endloop
  endfacet
  facet normal 0 0 1
    outer loop
      vertex 55.85863854409629 -32.25 -10.45
      vertex 57.05197856112667 -39.22388492704769 -10.45
      vertex 56.95011973940079 -30.280915799689957 -10.45
    endloop
  endfacet
  facet normal 0 0 1
    outer loop
      vertex 57.05197856112667 -39.22388492704769 -10.45
      vertex 58.354302588538616 -30.036202747668728 -10.45
      vertex 56.95011973940079 -30.280915799689957 -10.45
    endloop
  endfacet
  facet normal 0 0 -1
    outer loop
      vertex 56.95011973940079 -30.280915799689957 -18.45
      vertex 57.97221598629628 -28.274938967895498 -18.45
      vertex 58.730869905855116 -30.309794918356054 -18.45
    endloop
  endfacet
  facet normal 0 0 -1
    outer loop
      vertex 58.730869905855116 -30.309794918356054 -18.45
      vertex 57.97221598629628 -28.274938967895498 -18.45
      vertex 58.923682017947755 -26.234513478389115 -18.45
    endloop
  endfacet
  facet normal 0 0 -1
    outer loop
      vertex 58.730869905855116 -30.309794918356054 -18.45
      vertex 58.923682017947755 -26.234513478389115 -18.45
      vertex 59.80335861955779 -24.162125275326325 -18.45
    endloop
  endfacet
  facet normal 0 0 -1
    outer loop
      vertex 58.730869905855116 -30.309794918356054 -18.45
      vertex 59.80335861955779 -24.162125275326325 -18.45
      vertex 60.61017404069109 -22.060299244505632 -18.45
    endloop
  endfacet
  facet normal 0 0 -1
    outer loop
      vertex 58.730869905855116 -30.309794918356054 -18.45
      vertex 60.61017404069109 -22.060299244505632 -18.45
      vertex 61.3431453010374 -19.93159613718411 -18.45
    endloop
  endfacet
  facet normal 0 0 -1
    outer loop
      vertex 63.92540572298632 -33.989741145698495 -18.45
      vertex 58.730869905855116 -30.309794918356054 -18.45
      vertex 71.70475607364017 -10 -18.45
    endloop
  endfacet
  facet normal 0 0 -1
    outer loop
      vertex 63.92540572298632 -33.989741145698495 -18.45
      vertex 71.70475607364017 -10 -18.45
      vertex 65.07268895205969 -31.73807102752921 -18.45
    endloop
  endfacet
  facet normal 0.9063077870366497 -0.4226182617407 0
    outer loop
      vertex 65.07268895205969 -31.73807102752921 -18.45
      vertex 66.14069113332431 -29.447732958687936 -18.45
      vertex 65.07268895205969 -31.73807102752921 -10.45
    endloop
  endfacet
  facet normal 0.9205048534524404 -0.39073112848927377 0
    outer loop
      vertex 66.14069113332431 -29.447732958687936 -18.45
      vertex 67.12811107063541 -27.121517363312034 -18.45
      vertex 66.14069113332431 -29.447732958687936 -10.45
    endloop
  endfacet
  facet normal 0.9063077870366497 -0.4226182617407 0
    outer loop
      vertex 66.14069113332431 -29.447732958687936 -18.45
      vertex 66.14069113332431 -29.447732958687936 -10.45
      vertex 65.07268895205969 -31.73807102752921 -10.45
    endloop
  endfacet
  facet normal 0.9205048534524404 -0.39073112848927377 0
    outer loop
      vertex 67.12811107063541 -27.121517363312034 -18.45
      vertex 67.12811107063541 -27.121517363312034 -10.45
      vertex 66.14069113332431 -29.447732958687936 -10.45
    endloop
  endfacet
  facet normal 0.9335804264972015 -0.3583679495453011 0
    outer loop
      vertex 67.12811107063541 -27.121517363312034 -18.45
      vertex 68.03374574489978 -24.762258376778416 -18.45
      vertex 67.12811107063541 -27.121517363312034 -10.45
    endloop
  endfacet
  facet normal 0.9335804264972015 -0.3583679495453011 0
    outer loop
      vertex 68.03374574489978 -24.762258376778416 -18.45
      vertex 68.03374574489978 -24.762258376778416 -10.45
      vertex 67.12811107063541 -27.121517363312034 -10.45
    endloop
  endfacet
  facet normal 0 0 -1
    outer loop
      vertex 58.730869905855116 -30.309794918356054 -18.45
      vertex 61.3431453010374 -19.93159613718411 -18.45
      vertex 62.00137938802157 -17.778609450196445 -18.45
    endloop
  endfacet
  facet normal 0 0 -1
    outer loop
      vertex 58.730869905855116 -30.309794918356054 -18.45
      vertex 62.00137938802157 -17.778609450196445 -18.45
      vertex 62.58407434480177 -15.603962266178568 -18.45
    endloop
  endfacet
  facet normal 0 0 -1
    outer loop
      vertex 58.730869905855116 -30.309794918356054 -18.45
      vertex 62.58407434480177 -15.603962266178568 -18.45
      vertex 64.5 -8.548396307102212 -18.45
    endloop
  endfacet
  facet normal 0 0 -1
    outer loop
      vertex 65.07268895205969 -31.73807102752921 -18.45
      vertex 71.70475607364017 -10 -18.45
      vertex 66.14069113332431 -29.447732958687936 -18.45
    endloop
  endfacet
  facet normal 0 0 -1
    outer loop
      vertex 58.730869905855116 -30.309794918356054 -18.45
      vertex 64.75174484521916 -10 -18.45
      vertex 71.70475607364017 -10 -18.45
    endloop
  endfacet
  facet normal 0 0 -1
    outer loop
      vertex 58.730869905855116 -30.309794918356054 -18.45
      vertex 64.79145915282456 -9.492804283074973 -18.45
      vertex 64.75174484521916 -10 -18.45
    endloop
  endfacet
  facet normal 0 0 -1
    outer loop
      vertex 58.730869905855116 -30.309794918356054 -18.45
      vertex 64.5 -8.548396307102212 -18.45
      vertex 64.79145915282456 -9.492804283074973 -18.45
    endloop
  endfacet
  facet normal 0 0 -1
    outer loop
      vertex 62.58407434480177 -15.603962266178568 -18.45
      vertex 63.09052024733047 -13.410304057745478 -18.45
      vertex 64.5 -8.548396307102212 -18.45
    endloop
  endfacet
  facet normal 0 0 -1
    outer loop
      vertex 63.09052024733047 -13.410304057745478 -18.45
      vertex 63.520100069287416 -11.200307459517006 -18.45
      vertex 64.5 -8.548396307102212 -18.45
    endloop
  endfacet
  facet normal 0 0 -1
    outer loop
      vertex 63.520100069287416 -11.200307459517006 -18.45
      vertex 63.87229043383129 -8.97666501192422 -18.45
      vertex 64.5 -8.548396307102212 -18.45
    endloop
  endfacet
  facet normal 0 0 -1
    outer loop
      vertex 63.87229043383129 -8.97666501192422 -18.45
      vertex 64.14666225125363 -6.742085880763649 -18.45
      vertex 64.5 -8.548396307102212 -18.45
    endloop
  endfacet
  facet normal 0 0 -1
    outer loop
      vertex 64.14666225125363 -6.742085880763649 -18.45
      vertex 64.34288124175866 -4.499292556496082 -18.45
      vertex 64.5 -8.548396307102212 -18.45
    endloop
  endfacet
  facet normal 0 0 -1
    outer loop
      vertex 64.5 -8.548396307102212 -18.45
      vertex 64.34288124175866 -4.499292556496082 -18.45
      vertex 64.46070834273168 -2.2510175373113124 -18.45
    endloop
  endfacet
  facet normal 0 0 -1
    outer loop
      vertex 64.5 -8.548396307102212 -18.45
      vertex 64.46070834273168 -2.2510175373113124 -18.45
      vertex 64.5 -1.6727860796502476 -18.45
    endloop
  endfacet
  facet normal 0.9455185755993183 -0.3255681544571523 0
    outer loop
      vertex 68.03374574489978 -24.762258376778416 -18.45
      vertex 68.85649177976912 -22.37283039274619 -18.45
      vertex 68.03374574489978 -24.762258376778416 -10.45
    endloop
  endfacet
  facet normal 0 0 -1
    outer loop
      vertex 66.14069113332431 -29.447732958687936 -18.45
      vertex 71.70475607364017 -10 -18.45
      vertex 67.12811107063541 -27.121517363312034 -18.45
    endloop
  endfacet
  facet normal 0 0 -1
    outer loop
      vertex 67.12811107063541 -27.121517363312034 -18.45
      vertex 71.70475607364017 -10 -18.45
      vertex 68.03374574489978 -24.762258376778416 -18.45
    endloop
  endfacet
  facet normal 0 0 -1
    outer loop
      vertex 68.03374574489978 -24.762258376778416 -18.45
      vertex 71.70475607364017 -10 -18.45
      vertex 68.85649177976912 -22.37283039274619 -18.45
    endloop
  endfacet
  facet normal 0 0 -1
    outer loop
      vertex 68.85649177976912 -22.37283039274619 -18.45
      vertex 71.70475607364017 -10 -18.45
      vertex 69.5953467859343 -19.95614456115074 -18.45
    endloop
  endfacet
  facet normal 0.9563047559630338 -0.292371704722742 0
    outer loop
      vertex 68.85649177976912 -22.37283039274619 -18.45
      vertex 69.5953467859343 -19.95614456115074 -18.45
      vertex 68.85649177976912 -22.37283039274619 -10.45
    endloop
  endfacet
  facet normal 0.9455185755993183 -0.3255681544571523 0
    outer loop
      vertex 68.85649177976912 -22.37283039274619 -18.45
      vertex 68.85649177976912 -22.37283039274619 -10.45
      vertex 68.03374574489978 -24.762258376778416 -10.45
    endloop
  endfacet
  facet normal 0.9563047559630338 -0.292371704722742 0
    outer loop
      vertex 69.5953467859343 -19.95614456115074 -18.45
      vertex 69.5953467859343 -19.95614456115074 -10.45
      vertex 68.85649177976912 -22.37283039274619 -10.45
    endloop
  endfacet
  facet normal 0.9659258262890683 -0.2588190451025204 0
    outer loop
      vertex 69.5953467859343 -19.95614456115074 -18.45
      vertex 70.24941058238215 -17.515145241415944 -18.45
      vertex 69.5953467859343 -19.95614456115074 -10.45
    endloop
  endfacet
  facet normal 0.9743700647852347 -0.22495105434386714 0
    outer loop
      vertex 70.24941058238215 -17.515145241415944 -18.45
      vertex 70.81788629312754 -15.052806415205778 -18.45
      vertex 70.24941058238215 -17.515145241415944 -10.45
    endloop
  endfacet
  facet normal 0.9659258262890683 -0.2588190451025204 0
    outer loop
      vertex 70.24941058238215 -17.515145241415944 -18.45
      vertex 70.24941058238215 -17.515145241415944 -10.45
      vertex 69.5953467859343 -19.95614456115074 -10.45
    endloop
  endfacet
  facet normal 0 0 -1
    outer loop
      vertex 69.5953467859343 -19.95614456115074 -18.45
      vertex 71.70475607364017 -10 -18.45
      vertex 70.24941058238215 -17.515145241415944 -18.45
    endloop
  endfacet
  facet normal 0 0 -1
    outer loop
      vertex 70.24941058238215 -17.515145241415944 -18.45
      vertex 71.70475607364017 -10 -18.45
      vertex 70.81788629312754 -15.052806415205778 -18.45
    endloop
  endfacet
  facet normal 0 0 -1
    outer loop
      vertex 70.81788629312754 -15.052806415205778 -18.45
      vertex 71.70475607364017 -10 -18.45
      vertex 71.30008131808387 -12.572128063085756 -18.45
    endloop
  endfacet
  facet normal 0 0 -1
    outer loop
      vertex 71.30008131808387 -12.572128063085756 -18.45
      vertex 71.70475607364017 -10 -18.45
      vertex 71.6954081768897 -10.076132509508739 -18.45
    endloop
  endfacet
  facet normal 0.9816271834476648 -0.190808995376541 0
    outer loop
      vertex 70.81788629312754 -15.052806415205778 -18.45
      vertex 71.30008131808387 -12.572128063085756 -18.45
      vertex 70.81788629312754 -15.052806415205778 -10.45
    endloop
  endfacet
  facet normal 0.9743700647852347 -0.22495105434386714 0
    outer loop
      vertex 70.81788629312754 -15.052806415205778 -18.45
      vertex 70.81788629312754 -15.052806415205778 -10.45
      vertex 70.24941058238215 -17.515145241415944 -10.45
    endloop
  endfacet
  facet normal 0.9816271834476648 -0.190808995376541 0
    outer loop
      vertex 71.30008131808387 -12.572128063085756 -18.45
      vertex 71.30008131808387 -12.572128063085756 -10.45
      vertex 70.81788629312754 -15.052806415205778 -10.45
    endloop
  endfacet
  facet normal 0.9876883405951374 -0.15643446504023226 0
    outer loop
      vertex 71.30008131808387 -12.572128063085756 -18.45
      vertex 71.6954081768897 -10.076132509508739 -18.45
      vertex 71.30008131808387 -12.572128063085756 -10.45
    endloop
  endfacet
  facet normal 0.9925461516413177 -0.12186934340518281 7.279048008969779e-20
    outer loop
      vertex 71.6954081768897 -10.076132509508739 -18.45
      vertex 71.70475607364017 -10 -18.45
      vertex 71.70475607364017 -10 -10.45
    endloop
  endfacet
  facet normal 0.9876883405951374 -0.15643446504023226 0
    outer loop
      vertex 71.6954081768897 -10.076132509508739 -18.45
      vertex 71.6954081768897 -10.076132509508739 -10.45
      vertex 71.30008131808387 -12.572128063085756 -10.45
    endloop
  endfacet
  facet normal 0.9925461516413177 -0.12186934340518281 0
    outer loop
      vertex 71.6954081768897 -10.076132509508739 -18.45
      vertex 71.70475607364017 -10 -10.45
      vertex 71.6954081768897 -10.076132509508739 -10.45
    endloop
  endfacet
  facet normal 0 0 1
    outer loop
      vertex 56.95011973940079 -30.280915799689957 -10.45
      vertex 58.354302588538616 -30.036202747668728 -10.45
      vertex 57.97221598629628 -28.274938967895498 -10.45
    endloop
  endfacet
  facet normal 0 0 1
    outer loop
      vertex 63.888218764009856 -34.05682819556536 -10.45
      vertex 57.97221598629628 -28.274938967895498 -10.45
      vertex 58.354302588538616 -30.036202747668728 -10.45
    endloop
  endfacet
  facet normal 0 0 1
    outer loop
      vertex 63.888218764009856 -34.05682819556536 -10.45
      vertex 58.923682017947755 -26.234513478389115 -10.45
      vertex 57.97221598629628 -28.274938967895498 -10.45
    endloop
  endfacet
  facet normal 0 0 1
    outer loop
      vertex 63.888218764009856 -34.05682819556536 -10.45
      vertex 59.80335861955779 -24.162125275326325 -10.45
      vertex 58.923682017947755 -26.234513478389115 -10.45
    endloop
  endfacet
  facet normal 0 0 1
    outer loop
      vertex 63.888218764009856 -34.05682819556536 -10.45
      vertex 60.61017404069109 -22.060299244505632 -10.45
      vertex 59.80335861955779 -24.162125275326325 -10.45
    endloop
  endfacet
  facet normal 0 0 1
    outer loop
      vertex 63.888218764009856 -34.05682819556536 -10.45
      vertex 61.3431453010374 -19.93159613718411 -10.45
      vertex 60.61017404069109 -22.060299244505632 -10.45
    endloop
  endfacet
  facet normal 0 0 1
    outer loop
      vertex 63.888218764009856 -34.05682819556536 -10.45
      vertex 63.92540572298632 -33.989741145698495 -10.45
      vertex 62.00137938802157 -17.778609450196445 -10.45
    endloop
  endfacet
  facet normal 0 0 1
    outer loop
      vertex 63.888218764009856 -34.05682819556536 -10.45
      vertex 62.00137938802157 -17.778609450196445 -10.45
      vertex 61.3431453010374 -19.93159613718411 -10.45
    endloop
  endfacet
  facet normal 0 0 1
    outer loop
      vertex 63.92540572298632 -33.989741145698495 -10.45
      vertex 65.07268895205969 -31.73807102752921 -10.45
      vertex 63.87229043383129 -8.97666501192422 -10.45
    endloop
  endfacet
  facet normal 0 0 1
    outer loop
      vertex 63.92540572298632 -33.989741145698495 -10.45
      vertex 62.58407434480177 -15.603962266178568 -10.45
      vertex 62.00137938802157 -17.778609450196445 -10.45
    endloop
  endfacet
  facet normal 0 0 1
    outer loop
      vertex 63.92540572298632 -33.989741145698495 -10.45
      vertex 63.09052024733047 -13.410304057745478 -10.45
      vertex 62.58407434480177 -15.603962266178568 -10.45
    endloop
  endfacet
  facet normal 0 0 1
    outer loop
      vertex 66.14069113332431 -29.447732958687936 -10.45
      vertex 67.12811107063541 -27.121517363312034 -10.45
      vertex 66.14069113332431 -10 -10.45
    endloop
  endfacet
  facet normal 0 0 1
    outer loop
      vertex 67.12811107063541 -27.121517363312034 -10.45
      vertex 68.03374574489978 -24.762258376778416 -10.45
      vertex 66.14069113332431 -10 -10.45
    endloop
  endfacet
  facet normal 0 0 1
    outer loop
      vertex 63.92540572298632 -33.989741145698495 -10.45
      vertex 63.520100069287416 -11.200307459517006 -10.45
      vertex 63.09052024733047 -13.410304057745478 -10.45
    endloop
  endfacet
  facet normal 0 0 1
    outer loop
      vertex 63.92540572298632 -33.989741145698495 -10.45
      vertex 63.87229043383129 -8.97666501192422 -10.45
      vertex 63.520100069287416 -11.200307459517006 -10.45
    endloop
  endfacet
  facet normal 0 0 1
    outer loop
      vertex 66.14069113332431 -10 -10.45
      vertex 68.03374574489978 -24.762258376778416 -10.45
      vertex 68.85649177976912 -22.37283039274619 -10.45
    endloop
  endfacet
  facet normal 0 0 1
    outer loop
      vertex 65.07268895205969 -31.73807102752921 -10.45
      vertex 64.14666225125363 -6.742085880763649 -10.45
      vertex 63.87229043383129 -8.97666501192422 -10.45
    endloop
  endfacet
  facet normal 0 0 1
    outer loop
      vertex 65.07268895205969 -31.73807102752921 -10.45
      vertex 64.34288124175866 -4.499292556496082 -10.45
      vertex 64.14666225125363 -6.742085880763649 -10.45
    endloop
  endfacet
  facet normal 0 0 1
    outer loop
      vertex 65.07268895205969 -31.73807102752921 -10.45
      vertex 66.14069113332431 -29.447732958687936 -10.45
      vertex 65.32752539918262 17.138500749737936 -10.45
    endloop
  endfacet
  facet normal 0 0 1
    outer loop
      vertex 65.07268895205969 -31.73807102752921 -10.45
      vertex 64.46070834273168 -2.2510175373113124 -10.45
      vertex 64.34288124175866 -4.499292556496082 -10.45
    endloop
  endfacet
  facet normal 0 0 1
    outer loop
      vertex 65.07268895205969 -31.73807102752921 -10.45
      vertex 64.5 0 -10.45
      vertex 64.46070834273168 -2.2510175373113124 -10.45
    endloop
  endfacet
  facet normal 0 0 1
    outer loop
      vertex 65.07268895205969 -31.73807102752921 -10.45
      vertex 64.46070834273168 2.2510175373113124 -10.45
      vertex 64.5 0 -10.45
    endloop
  endfacet
  facet normal 0 0 1
    outer loop
      vertex 65.07268895205969 -31.73807102752921 -10.45
      vertex 64.33131977367164 10.734940756550378 -10.45
      vertex 64.46070834273168 2.2510175373113124 -10.45
    endloop
  endfacet
  facet normal 0 0 1
    outer loop
      vertex 66.14069113332431 -29.447732958687936 -10.45
      vertex 66.14069113332431 -10 -10.45
      vertex 65.32752539918262 17.138500749737936 -10.45
    endloop
  endfacet
  facet normal 0 0 1
    outer loop
      vertex 66.14069113332431 -10 -10.45
      vertex 68.85649177976912 -22.37283039274619 -10.45
      vertex 69.5953467859343 -19.95614456115074 -10.45
    endloop
  endfacet
  facet normal 0 0 1
    outer loop
      vertex 66.14069113332431 -10 -10.45
      vertex 69.5953467859343 -19.95614456115074 -10.45
      vertex 70.24941058238215 -17.515145241415944 -10.45
    endloop
  endfacet
  facet normal 0 0 1
    outer loop
      vertex 66.14069113332431 -10 -10.45
      vertex 70.24941058238215 -17.515145241415944 -10.45
      vertex 70.81788629312754 -15.052806415205778 -10.45
    endloop
  endfacet
  facet normal 0 0 1
    outer loop
      vertex 66.14069113332431 -10 -10.45
      vertex 70.81788629312754 -15.052806415205778 -10.45
      vertex 71.30008131808387 -12.572128063085756 -10.45
    endloop
  endfacet
  facet normal 0 0 1
    outer loop
      vertex 66.14069113332431 -10 -10.45
      vertex 71.30008131808387 -12.572128063085756 -10.45
      vertex 71.6954081768897 -10.076132509508739 -10.45
    endloop
  endfacet
  facet normal 0 0 1
    outer loop
      vertex 66.14069113332431 -10 -10.45
      vertex 71.6954081768897 -10.076132509508739 -10.45
      vertex 71.70475607364017 -10 -10.45
    endloop
  endfacet
  facet normal 0 0 -1
    outer loop
      vertex 64.46070834273168 -2.2510175373113124 -18.45
      vertex 64.5 0 -18.45
      vertex 64.5 -1.6727860796502476 -18.45
    endloop
  endfacet
  facet normal 0 0 -1
    outer loop
      vertex 64.5 -1.6727860796502476 -18.45
      vertex 64.5 0 -18.45
      vertex 64.57011650103917 10 -18.45
    endloop
  endfacet
  facet normal 0 0 -1
    outer loop
      vertex 64.5 0 -18.45
      vertex 64.46070834273168 2.2510175373113124 -18.45
      vertex 64.57011650103917 10 -18.45
    endloop
  endfacet
  facet normal 0 0 -1
    outer loop
      vertex 64.34288124175866 4.499292556496082 -18.45
      vertex 64.57011650103917 10 -18.45
      vertex 64.46070834273168 2.2510175373113124 -18.45
    endloop
  endfacet
  facet normal 0 0 -1
    outer loop
      vertex 64.34288124175866 4.499292556496082 -18.45
      vertex 64.14666225125363 6.742085880763649 -18.45
      vertex 64.57011650103917 10 -18.45
    endloop
  endfacet
  facet normal 0 0 -1
    outer loop
      vertex 64.14666225125363 6.742085880763649 -18.45
      vertex 63.87229043383129 8.97666501192422 -18.45
      vertex 64.57011650103917 10 -18.45
    endloop
  endfacet
  facet normal 0 0 -1
    outer loop
      vertex 63.87229043383129 8.97666501192422 -18.45
      vertex 63.520100069287416 11.200307459517006 -18.45
      vertex 64.57011650103917 10 -18.45
    endloop
  endfacet
  facet normal 0 0 -1
    outer loop
      vertex 63.520100069287416 11.200307459517006 -18.45
      vertex 63.09052024733047 13.410304057745478 -18.45
      vertex 64.57011650103917 10 -18.45
    endloop
  endfacet
  facet normal 0 0 -1
    outer loop
      vertex 62.00137938802157 17.778609450196445 -18.45
      vertex 61.42543552810403 19.66243693250757 -18.45
      vertex 61.4301138472443 19.663934474271088 -18.45
    endloop
  endfacet
  facet normal 0 0 -1
    outer loop
      vertex 64.57011650103917 10 -18.45
      vertex 63.09052024733047 13.410304057745478 -18.45
      vertex 62.58407434480177 15.603962266178568 -18.45
    endloop
  endfacet
  facet normal 0 0 -1
    outer loop
      vertex 64.57011650103917 10 -18.45
      vertex 62.58407434480177 15.603962266178568 -18.45
      vertex 62.00137938802157 17.778609450196445 -18.45
    endloop
  endfacet
  facet normal 0 0 -1
    outer loop
      vertex 64.57011650103917 10 -18.45
      vertex 62.00137938802157 17.778609450196445 -18.45
      vertex 61.4301138472443 19.663934474271088 -18.45
    endloop
  endfacet
  facet normal 0 0 1
    outer loop
      vertex 65.07268895205969 -31.73807102752921 -10.45
      vertex 64.37391407022956 20.60625235494556 -10.45
      vertex 64.33131977367164 10.734940756550378 -10.45
    endloop
  endfacet
  facet normal 0 0 1
    outer loop
      vertex 65.07268895205969 -31.73807102752921 -10.45
      vertex 65.32752539918262 17.138500749737936 -10.45
      vertex 64.37391407022956 20.60625235494556 -10.45
    endloop
  endfacet
  facet normal 0 0 1
    outer loop
      vertex 66.14069113332431 -10 -10.45
      vertex 66.02475878255004 7.3466226180973235 -10.45
      vertex 65.32752539918262 17.138500749737936 -10.45
    endloop
  endfacet
  facet normal 0 0 1
    outer loop
      vertex 64.34288124175866 4.499292556496082 -10.45
      vertex 64.46070834273168 2.2510175373113124 -10.45
      vertex 64.33131977367164 10.734940756550378 -10.45
    endloop
  endfacet
  facet normal 0 0 1
    outer loop
      vertex 64.34288124175866 4.499292556496082 -10.45
      vertex 64.33131977367164 10.734940756550378 -10.45
      vertex 64.14666225125363 6.742085880763649 -10.45
    endloop
  endfacet
  facet normal 0 0 1
    outer loop
      vertex 64.14666225125363 6.742085880763649 -10.45
      vertex 63.92540572298632 11.984215747852701 -10.45
      vertex 63.87229043383129 8.97666501192422 -10.45
    endloop
  endfacet
  facet normal 0 0 1
    outer loop
      vertex 64.14666225125363 6.742085880763649 -10.45
      vertex 64.33131977367164 10.734940756550378 -10.45
      vertex 63.92540572298632 11.984215747852701 -10.45
    endloop
  endfacet
  facet normal 0 0 1
    outer loop
      vertex 63.87229043383129 8.97666501192422 -10.45
      vertex 63.92540572298632 11.984215747852701 -10.45
      vertex 63.520100069287416 11.200307459517006 -10.45
    endloop
  endfacet
  facet normal 0 0 1
    outer loop
      vertex 63.520100069287416 11.200307459517006 -10.45
      vertex 63.92540572298632 11.984215747852701 -10.45
      vertex 63.09052024733047 13.410304057745478 -10.45
    endloop
  endfacet
  facet normal 0 0 1
    outer loop
      vertex 63.92540572298632 11.984215747852701 -10.45
      vertex 62.58407434480177 15.603962266178568 -10.45
      vertex 63.09052024733047 13.410304057745478 -10.45
    endloop
  endfacet
  facet normal 0 0 1
    outer loop
      vertex 63.92540572298632 11.984215747852701 -10.45
      vertex 62.00137938802157 17.778609450196445 -10.45
      vertex 62.58407434480177 15.603962266178568 -10.45
    endloop
  endfacet
  facet normal 0 0 1
    outer loop
      vertex 63.92540572298632 11.984215747852701 -10.45
      vertex 61.42543552810403 19.662436932507568 -10.45
      vertex 62.00137938802157 17.778609450196445 -10.45
    endloop
  endfacet
  facet normal 0 0 1
    outer loop
      vertex 63.92540572298632 11.984215747852701 -10.45
      vertex 63.51133841333095 20.330139710281845 -10.45
      vertex 61.42543552810403 19.662436932507568 -10.45
    endloop
  endfacet
  facet normal 0 0 1
    outer loop
      vertex 65.32752539918262 17.138500749737936 -10.45
      vertex 65.11729227526588 20.8442095944484 -10.45
      vertex 64.37391407022956 20.60625235494556 -10.45
    endloop
  endfacet
  facet normal -0.8746197071393939 -0.4848096202463405 -6.932913718457306e-16
    outer loop
      vertex -63.92540572298632 -33.989741145698495 -22.45
      vertex -62.72631945929088 -36.15295002809504 -18.45
      vertex -63.888218764009856 -34.05682819556536 -18.45
    endloop
  endfacet
  facet normal -0.8910065241883688 -0.4539904997395449 0
    outer loop
      vertex -63.92540572298632 -33.989741145698495 -22.45
      vertex -63.92540572298632 -33.989741145698495 -10.45
      vertex -65.07268895205969 -31.73807102752921 -22.45
    endloop
  endfacet
  facet normal -0.8746197071394114 -0.48480962024630886 0
    outer loop
      vertex -63.92540572298632 -33.989741145698495 -22.45
      vertex -63.888218764009856 -34.05682819556536 -18.45
      vertex -63.92540572298632 -33.989741145698495 -10.45
    endloop
  endfacet
  facet normal -0.8910065241883679 -0.45399049973954675 0
    outer loop
      vertex -65.07268895205969 -31.73807102752921 -22.45
      vertex -64.42741198314292 -33.00449838568579 -10.45
      vertex -65.07268895205969 -31.73807102752921 -10.45
    endloop
  endfacet
  facet normal -0.8910065241883701 -0.4539904997395426 5.593446698330238e-16
    outer loop
      vertex -65.07268895205969 -31.73807102752921 -22.45
      vertex -63.92540572298632 -33.989741145698495 -10.45
      vertex -64.42741198314292 -33.00449838568579 -10.45
    endloop
  endfacet
  facet normal -0.8746197071394114 -0.48480962024630886 0
    outer loop
      vertex -63.888218764009856 -34.05682819556536 -18.45
      vertex -63.888218764009856 -34.05682819556536 -10.45
      vertex -63.92540572298632 -33.989741145698495 -10.45
    endloop
  endfacet
  facet normal -0.8746197071393943 -0.48480962024633945 1.9695434426035515e-18
    outer loop
      vertex -63.92540572298632 -33.989741145698495 -22.45
      vertex -62.72631945929088 -36.15295002809504 -22.45
      vertex -62.72631945929088 -36.15295002809504 -18.45
    endloop
  endfacet
  facet normal -0.9205048534524403 -0.3907311284892737 0
    outer loop
      vertex -66.14069113332431 -29.447732958687936 -22.45
      vertex -66.14069113332431 -29.447732958687936 -10.45
      vertex -67.12811107063541 -27.121517363312034 -22.45
    endloop
  endfacet
  facet normal -0.9063077870366497 -0.4226182617407 0
    outer loop
      vertex -65.07268895205969 -31.73807102752921 -22.45
      vertex -65.07268895205969 -31.73807102752921 -10.45
      vertex -66.14069113332431 -29.447732958687936 -22.45
    endloop
  endfacet
  facet normal -0.9335804264972014 -0.35836794954530105 -1.545758422653122e-18
    outer loop
      vertex -68.03374574489978 -24.762258376778416 -22.45
      vertex -67.12811107063541 -27.121517363312034 -22.45
      vertex -67.12811107063541 -27.121517363312034 -10.45
    endloop
  endfacet
  facet normal -0.9455185755993183 -0.32556815445715215 0
    outer loop
      vertex -68.03374574489978 -24.762258376778416 -22.45
      vertex -68.03374574489978 -24.762258376778416 -10.45
      vertex -68.75363481780745 -22.671548700519946 -22.45
    endloop
  endfacet
  facet normal -0.9205048534524403 -0.3907311284892737 0
    outer loop
      vertex -67.12811107063541 -27.121517363312034 -22.45
      vertex -66.14069113332431 -29.447732958687936 -10.45
      vertex -67.12811107063541 -27.121517363312034 -10.45
    endloop
  endfacet
  facet normal -0.9063077870366497 -0.4226182617407 0
    outer loop
      vertex -66.14069113332431 -29.447732958687936 -22.45
      vertex -65.07268895205969 -31.73807102752921 -10.45
      vertex -66.14069113332431 -29.447732958687936 -10.45
    endloop
  endfacet
  facet normal -0.9335804264972014 -0.35836794954530105 0
    outer loop
      vertex -68.03374574489978 -24.762258376778416 -22.45
      vertex -67.12811107063541 -27.121517363312034 -10.45
      vertex -68.03374574489978 -24.762258376778416 -10.45
    endloop
  endfacet
  facet normal -0.9455185755993204 -0.3255681544571459 1.2153357909111808e-15
    outer loop
      vertex -68.03374574489978 -24.762258376778416 -10.45
      vertex -68.75363481780744 -22.671548700519942 -10.450000000000166
      vertex -68.75363481780745 -22.671548700519946 -22.45
    endloop
  endfacet
  facet normal 0.9925461516413225 0.12186934340514283 0
    outer loop
      vertex 71.9968292905393 7.621254539240433 -22.45
      vertex 71.6954081768897 10.076132509508739 -22.45
      vertex 71.9968292905393 7.621254539240433 -18.45
    endloop
  endfacet
  facet normal 0.9925461516413228 0.12186934340514155 -7.971833125128781e-16
    outer loop
      vertex 71.6954081768897 10.076132509508739 -22.45
      vertex 71.70475607364017 10 -18.45
      vertex 71.9968292905393 7.621254539240433 -18.45
    endloop
  endfacet
  facet normal 0.9876883405951375 0.15643446504023228 1.7109714915848959e-18
    outer loop
      vertex 71.6954081768897 10.076132509508739 -22.45
      vertex 71.30008131808387 12.572128063085756 -22.45
      vertex 71.30008131808387 12.572128063085756 -10.45
    endloop
  endfacet
  facet normal 0.9925461516413178 0.12186934340518282 0
    outer loop
      vertex 71.6954081768897 10.076132509508739 -22.45
      vertex 71.6954081768897 10.076132509508739 -10.45
      vertex 71.70475607364017 10 -18.45
    endloop
  endfacet
  facet normal 0.9876883405951375 0.15643446504023228 0
    outer loop
      vertex 71.6954081768897 10.076132509508739 -22.45
      vertex 71.30008131808387 12.572128063085756 -10.45
      vertex 71.6954081768897 10.076132509508739 -10.45
    endloop
  endfacet
  facet normal 0.9925461516413177 0.12186934340518281 0
    outer loop
      vertex 71.70475607364017 10 -18.45
      vertex 71.6954081768897 10.076132509508739 -10.45
      vertex 71.70475607364017 10 -10.45
    endloop
  endfacet
  facet normal 0.9816271834476646 0.190808995376541 5.962423361016572e-19
    outer loop
      vertex 71.30008131808387 12.572128063085756 -22.45
      vertex 70.81788629312754 15.052806415205778 -22.45
      vertex 70.81788629312754 15.052806415205778 -10.45
    endloop
  endfacet
  facet normal 0.9743700647852347 0.22495105434386714 4.413509482447791e-19
    outer loop
      vertex 70.81788629312754 15.052806415205778 -22.45
      vertex 70.24941058238215 17.515145241415944 -22.45
      vertex 70.24941058238215 17.515145241415944 -10.45
    endloop
  endfacet
  facet normal 0.9659258262890683 0.2588190451025204 0
    outer loop
      vertex 69.5953467859343 19.95614456115074 -22.45
      vertex 69.5953467859343 19.95614456115074 -10.45
      vertex 70.24941058238215 17.515145241415944 -22.45
    endloop
  endfacet
  facet normal 0.9816271834476646 0.190808995376541 0
    outer loop
      vertex 71.30008131808387 12.572128063085756 -22.45
      vertex 70.81788629312754 15.052806415205778 -10.45
      vertex 71.30008131808387 12.572128063085756 -10.45
    endloop
  endfacet
  facet normal 0.9743700647852347 0.22495105434386714 0
    outer loop
      vertex 70.81788629312754 15.052806415205778 -22.45
      vertex 70.24941058238215 17.515145241415944 -10.45
      vertex 70.81788629312754 15.052806415205778 -10.45
    endloop
  endfacet
  facet normal 0.9659258262890683 0.2588190451025204 0
    outer loop
      vertex 70.24941058238215 17.515145241415944 -22.45
      vertex 69.5953467859343 19.95614456115074 -10.45
      vertex 70.24941058238215 17.515145241415944 -10.45
    endloop
  endfacet
  facet normal 0.9563047559630348 0.29237170472273916 4.051656368801512e-18
    outer loop
      vertex 69.5953467859343 19.95614456115074 -22.45
      vertex 68.94886096487957 22.070704401760437 -22.45
      vertex 68.94886096487957 22.070704401760437 -10.45
    endloop
  endfacet
  facet normal 0.9563047559630348 0.29237170472273916 0
    outer loop
      vertex 69.5953467859343 19.95614456115074 -22.45
      vertex 68.94886096487957 22.070704401760437 -10.45
      vertex 69.5953467859343 19.95614456115074 -10.45
    endloop
  endfacet
  facet normal 0 0 -1
    outer loop
      vertex 64.75174484521916 -10 -18.45
      vertex 64.79145915282456 -9.492804283074973 -18.45
      vertex 71.70475607364017 -10 -18.45
    endloop
  endfacet
  facet normal 0 0 -1
    outer loop
      vertex 64.79145915282456 -9.492804283074973 -18.45
      vertex 64.5 -8.548396307102212 -18.45
      vertex 73.5 -10 -18.45
    endloop
  endfacet
  facet normal 0 0 -1
    outer loop
      vertex 64.5 -8.548396307102212 -18.45
      vertex 64.5 -1.6727860796502476 -18.45
      vertex 73.5 -7.637048878158187 -18.45
    endloop
  endfacet
  facet normal 0 0 -1
    outer loop
      vertex 64.79145915282456 -9.492804283074973 -18.45
      vertex 73.5 -10 -18.45
      vertex 71.70475607364017 -10 -18.45
    endloop
  endfacet
  facet normal 0 -1 0
    outer loop
      vertex 71.70475607364017 -10 -18.45
      vertex 73.5 -10 -18.45
      vertex 73.5 -10 -17.906027495063856
    endloop
  endfacet
  facet normal 0 -1 0
    outer loop
      vertex 71.70475607364017 -10 -18.45
      vertex 73.5 -10 -17.906027495063856
      vertex 73.35035443306397 -10 -17.74312755504344
    endloop
  endfacet
  facet normal 0 -1 0
    outer loop
      vertex 71.70475607364017 -10 -18.45
      vertex 73.35035443306397 -10 -17.74312755504344
      vertex 73.1376498058474 -10 -17.40454422605863
    endloop
  endfacet
  facet normal 0 -1 0
    outer loop
      vertex 71.70475607364017 -10 -18.45
      vertex 73.1376498058474 -10 -17.40454422605863
      vertex 72.9919310375397 -10 -17.035281060246685
    endloop
  endfacet
  facet normal 0 -1 0
    outer loop
      vertex 71.70475607364017 -10 -18.45
      vertex 72.9919310375397 -10 -17.035281060246685
      vertex 72.91788164925204 -10 -16.647206479587553
    endloop
  endfacet
  facet normal 0 -1 0
    outer loop
      vertex 71.70475607364017 -10 -18.45
      vertex 72.91788164925204 -10 -16.647206479587553
      vertex 72.91788164925204 -10 -16.252793520412446
    endloop
  endfacet
  facet normal 0 -1 0
    outer loop
      vertex 71.70475607364017 -10 -18.45
      vertex 72.91788164925204 -10 -16.252793520412446
      vertex 73.5 -10 -10.45
    endloop
  endfacet
  facet normal 0 -1 0
    outer loop
      vertex 72.91788164925204 -10 -16.252793520412446
      vertex 72.9919310375397 -10 -15.864718939753315
      vertex 73.5 -10 -10.45
    endloop
  endfacet
  facet normal 0 -1 0
    outer loop
      vertex 72.9919310375397 -10 -15.864718939753315
      vertex 73.1376498058474 -10 -15.495455773941371
      vertex 73.5 -10 -10.45
    endloop
  endfacet
  facet normal 0 -1 0
    outer loop
      vertex 71.70475607364017 -10 -18.45
      vertex 73.5 -10 -10.45
      vertex 71.70475607364017 -10 -10.45
    endloop
  endfacet
  facet normal 0 -1 0
    outer loop
      vertex 73.1376498058474 -10 -15.495455773941371
      vertex 73.35035443306397 -10 -15.156872444956559
      vertex 73.5 -10 -10.45
    endloop
  endfacet
  facet normal 0 -1 0
    outer loop
      vertex 73.35035443306397 -10 -15.156872444956559
      vertex 73.5 -10 -14.993972504936144
      vertex 73.5 -10 -10.45
    endloop
  endfacet
  facet normal 0 0 -1
    outer loop
      vertex 64.5 -8.548396307102212 -18.45
      vertex 73.5 -7.637048878158187 -18.45
      vertex 73.5 -10 -18.45
    endloop
  endfacet
  facet normal 0 0 1
    outer loop
      vertex 66.14069113332431 -10 -10.45
      vertex 71.70475607364017 -10 -10.45
      vertex 66.83140237367434 5.942905594499392 -10.45
    endloop
  endfacet
  facet normal 0 0 1
    outer loop
      vertex 71.70475607364017 -10 -10.45
      vertex 73.5 -10 -10.45
      vertex 73.5 10 -10.45
    endloop
  endfacet
  facet normal 0 0 -1
    outer loop
      vertex 64.5 -1.6727860796502476 -18.45
      vertex 64.57011650103917 10 -18.45
      vertex 65.97840021666161 5.6657483927568055 -18.45
    endloop
  endfacet
  facet normal 0 0 -1
    outer loop
      vertex 64.5 -1.6727860796502476 -18.45
      vertex 65.97840021666161 5.6657483927568055 -18.45
      vertex 73.5 -7.637048878158187 -18.45
    endloop
  endfacet
  facet normal 0 0 -1
    outer loop
      vertex 73.5 -7.637048878158187 -18.45
      vertex 65.97840021666161 5.6657483927568055 -18.45
      vertex 68.87215710809446 6.605987002893042 -18.45
    endloop
  endfacet
  facet normal 0 0 -1
    outer loop
      vertex 73.5 -1.801884843394807 -18.45
      vertex 70.58706879026514 7.163195585730202 -18.45
      vertex 71.9968292905393 7.621254539240433 -18.45
    endloop
  endfacet
  facet normal 0 0 -1
    outer loop
      vertex 73.5 -1.801884843394807 -18.45
      vertex 71.9968292905393 7.621254539240433 -18.45
      vertex 73.5 10 -18.45
    endloop
  endfacet
  facet normal 0 0 -1
    outer loop
      vertex 71.9968292905393 7.621254539240433 -18.45
      vertex 71.70475607364017 10 -18.45
      vertex 73.5 10 -18.45
    endloop
  endfacet
  facet normal 0 1 0
    outer loop
      vertex 71.70475607364017 10 -18.45
      vertex 71.70475607364017 10 -10.45
      vertex 73.5 10 -18.45
    endloop
  endfacet
  facet normal 0 1 0
    outer loop
      vertex 73.5 10 -18.45
      vertex 71.70475607364017 10 -10.45
      vertex 73.5 10 -10.45
    endloop
  endfacet
  facet normal 0 0 1
    outer loop
      vertex 66.14069113332431 -10 -10.45
      vertex 66.83140237367434 5.942905594499392 -10.45
      vertex 66.02475878255004 7.3466226180973235 -10.45
    endloop
  endfacet
  facet normal 0 0 1
    outer loop
      vertex 71.70475607364017 -10 -10.45
      vertex 73.5 10 -10.45
      vertex 66.83140237367434 5.942905594499392 -10.45
    endloop
  endfacet
  facet normal 0 0 1
    outer loop
      vertex 66.83140237367434 5.942905594499392 -10.45
      vertex 71.70475607364017 10 -10.45
      vertex 70.32990001214233 10 -10.45
    endloop
  endfacet
  facet normal 0 0 1
    outer loop
      vertex 66.83140237367434 5.942905594499392 -10.45
      vertex 73.5 10 -10.45
      vertex 71.70475607364017 10 -10.45
    endloop
  endfacet
  facet normal 0 0 -1
    outer loop
      vertex -65.34060160948337 -35.1120460997473 -18.45
      vertex -63.888218764009856 -34.05682819556536 -18.45
      vertex -62.72631945929088 -36.15295002809504 -18.45
    endloop
  endfacet
  facet normal -0.587785252292472 0.8090169943749482 0
    outer loop
      vertex -65.34060160948337 -35.1120460997473 -18.45
      vertex -65.34060160948337 -35.1120460997473 -10.45
      vertex -63.888218764009856 -34.05682819556536 -18.45
    endloop
  endfacet
  facet normal -0.587785252292472 0.8090169943749482 0
    outer loop
      vertex -63.888218764009856 -34.05682819556536 -18.45
      vertex -65.34060160948337 -35.1120460997473 -10.45
      vertex -63.888218764009856 -34.05682819556536 -10.45
    endloop
  endfacet
  facet normal 0.5877852522924719 -0.8090169943749481 1.1343204774295166e-15
    outer loop
      vertex -53.584896563633905 -51.29238598724625 -18.45
      vertex -52.13251371816039 -50.237168083064304 -18.45
      vertex -53.46383075684978 -51.2044265299303 -17.74312755504344
    endloop
  endfacet
  facet normal 0.5877852522924765 -0.809016994374945 0
    outer loop
      vertex -53.584896563633905 -51.29238598724625 -18.45
      vertex -53.46383075684978 -51.2044265299303 -17.74312755504344
      vertex -53.584896563633905 -51.29238598724625 -17.906027495063856
    endloop
  endfacet
  facet normal 0.5877852522924704 -0.8090169943749494 -3.864418112534962e-15
    outer loop
      vertex -53.46383075684978 -51.2044265299303 -17.74312755504344
      vertex -52.13251371816039 -50.237168083064304 -18.45
      vertex -53.29174909864939 -51.07940188695804 -17.40454422605863
    endloop
  endfacet
  facet normal 0.5877852522924739 -0.8090169943749469 2.294785784597186e-15
    outer loop
      vertex -53.29174909864939 -51.07940188695804 -17.40454422605863
      vertex -52.13251371816039 -50.237168083064304 -18.45
      vertex -53.17386013868907 -50.993750543964545 -17.035281060246685
    endloop
  endfacet
  facet normal 0.5877852522924719 -0.8090169943749483 -2.289853265642106e-18
    outer loop
      vertex -53.17386013868907 -50.993750543964545 -17.035281060246685
      vertex -52.13251371816039 -50.237168083064304 -18.45
      vertex -52.13251371816039 -50.237168083064304 -10.45
    endloop
  endfacet
  facet normal 0.5877852522931923 -0.809016994374425 -1.7439792515273413e-13
    outer loop
      vertex -53.17386013868907 -50.993750543964545 -17.035281060246685
      vertex -52.13251371816039 -50.237168083064304 -10.45
      vertex -53.113952925141284 -50.95022540558778 -16.647206479587553
    endloop
  endfacet
  facet normal 0.587785252292473 -0.8090169943749475 0
    outer loop
      vertex -53.113952925141284 -50.95022540558778 -16.647206479587553
      vertex -52.13251371816039 -50.237168083064304 -10.45
      vertex -53.113952925141284 -50.95022540558778 -16.252793520412446
    endloop
  endfacet
  facet normal 0.5877852522924641 -0.8090169943749541 2.2959736287018977e-15
    outer loop
      vertex -53.113952925141284 -50.95022540558778 -16.252793520412446
      vertex -52.13251371816039 -50.237168083064304 -10.45
      vertex -53.17386013868907 -50.993750543964545 -15.864718939753315
    endloop
  endfacet
  facet normal 0.5877852522924676 -0.8090169943749514 1.7589368852404745e-15
    outer loop
      vertex -53.46383075684978 -51.2044265299303 -15.156872444956559
      vertex -53.29174909864939 -51.07940188695804 -15.495455773941371
      vertex -52.13251371816039 -50.237168083064304 -10.45
    endloop
  endfacet
  facet normal 0.587785252292476 -0.8090169943749451 -1.242287276439905e-15
    outer loop
      vertex -53.29174909864939 -51.07940188695804 -15.495455773941371
      vertex -53.17386013868907 -50.993750543964545 -15.864718939753315
      vertex -52.13251371816039 -50.237168083064304 -10.45
    endloop
  endfacet
  facet normal 0.5877852522924751 -0.809016994374946 -1.4966572930551295e-15
    outer loop
      vertex -53.46383075684978 -51.2044265299303 -15.156872444956559
      vertex -52.13251371816039 -50.237168083064304 -10.45
      vertex -53.584896563633905 -51.29238598724625 -14.993972504936142
    endloop
  endfacet
  facet normal 0 0 -1
    outer loop
      vertex -65.34060160948337 -35.1120460997473 -18.45
      vertex -62.72631945929088 -36.15295002809504 -18.45
      vertex -58.403627749281824 -44.659971503709826 -18.45
    endloop
  endfacet
  facet normal 0 0 -1
    outer loop
      vertex -62.72631945929088 -36.15295002809504 -18.45
      vertex -61.3165589590167 -35.69489107458481 -18.45
      vertex -58.403627749281824 -44.659971503709826 -18.45
    endloop
  endfacet
  facet normal 0 0 -1
    outer loop
      vertex -53.584896563633905 -51.29238598724625 -18.45
      vertex -54.97380438494047 -49.38071837279888 -18.45
      vertex -59.60164727684602 -35.13768249174765 -18.45
    endloop
  endfacet
  facet normal 0 0 -1
    outer loop
      vertex -53.584896563633905 -51.29238598724625 -18.45
      vertex -56.66987210050927 -31.73456688285843 -18.45
      vertex -52.13251371816039 -50.237168083064304 -18.45
    endloop
  endfacet
  facet normal 0 0 -1
    outer loop
      vertex -52.13251371816039 -50.237168083064304 -18.45
      vertex -56.66987210050927 -31.73456688285843 -18.45
      vertex -52.08020154451835 -50.19916106418096 -18.45
    endloop
  endfacet
  facet normal 0 0 -1
    outer loop
      vertex -53.584896563633905 -51.29238598724625 -18.45
      vertex -59.60164727684602 -35.13768249174765 -18.45
      vertex -56.707890385413194 -34.19744388161141 -18.45
    endloop
  endfacet
  facet normal 0 0 -1
    outer loop
      vertex -53.584896563633905 -51.29238598724625 -18.45
      vertex -56.707890385413194 -34.19744388161141 -18.45
      vertex -56.66987210050927 -31.73456688285843 -18.45
    endloop
  endfacet
  facet normal 0 0 -1
    outer loop
      vertex -52.08020154451835 -50.19916106418096 -18.45
      vertex -56.66987210050927 -31.73456688285843 -18.45
      vertex -53.58609005112226 -35.97902874230825 -18.45
    endloop
  endfacet
  facet normal 0 0 -1
    outer loop
      vertex -56.707890385413194 -34.19744388161141 -18.45
      vertex -58.024946133811724 -30.143963087223216 -18.45
      vertex -56.66987210050927 -31.73456688285843 -18.45
    endloop
  endfacet
  facet normal 0.587785252292472 -0.809016994374948 0
    outer loop
      vertex -53.584896563633905 -51.29238598724625 -14.993972504936142
      vertex -52.13251371816039 -50.237168083064304 -10.45
      vertex -53.584896563633905 -51.29238598724625 -10.45
    endloop
  endfacet
  facet normal 0 0 1
    outer loop
      vertex -56.13485378544772 -47.78267096916682 -10.45
      vertex -53.584896563633905 -51.29238598724625 -10.45
      vertex -52.13251371816039 -50.237168083064304 -10.45
    endloop
  endfacet
  facet normal 0 0 1
    outer loop
      vertex -56.13485378544772 -47.78267096916682 -10.45
      vertex -52.13251371816039 -50.237168083064304 -10.45
      vertex -56.39126348589647 -45.38980598125927 -10.45
    endloop
  endfacet
  facet normal 0 0 1
    outer loop
      vertex -56.13485378544772 -47.78267096916682 -10.45
      vertex -56.39126348589647 -45.38980598125927 -10.45
      vertex -63.888218764009856 -34.05682819556536 -10.45
    endloop
  endfacet
  facet normal 0 0 1
    outer loop
      vertex -56.13485378544772 -47.78267096916682 -10.45
      vertex -63.888218764009856 -34.05682819556536 -10.45
      vertex -65.34060160948337 -35.1120460997473 -10.45
    endloop
  endfacet
  facet normal 0 0 1
    outer loop
      vertex -56.39126348589647 -45.38980598125927 -10.45
      vertex -57.16353516844928 -38.1828170604075 -10.45
      vertex -63.888218764009856 -34.05682819556536 -10.45
    endloop
  endfacet
  facet normal 0 0 1
    outer loop
      vertex -56.39126348589647 -45.38980598125927 -10.45
      vertex -52.13251371816039 -50.237168083064304 -10.45
      vertex -53.80368536456335 -35.67953448690868 -10.45
    endloop
  endfacet
  facet normal 0 0 1
    outer loop
      vertex -63.888218764009856 -34.05682819556536 -10.45
      vertex -57.16353516844928 -38.1828170604075 -10.45
      vertex -62.8671211253724 -33.3149573358494 -10.45
    endloop
  endfacet
  facet normal 0 0 1
    outer loop
      vertex -57.16353516844928 -38.1828170604075 -10.45
      vertex -58.5728303927462 -30.194972490977165 -10.45
      vertex -62.8671211253724 -33.3149573358494 -10.45
    endloop
  endfacet
  facet normal 0 0 1
    outer loop
      vertex -56.39126348589647 -45.38980598125927 -10.45
      vertex -53.80368536456335 -35.67953448690868 -10.45
      vertex -55.69662743417311 -33.074123245798525 -10.45
    endloop
  endfacet
  facet normal 0 0 -1
    outer loop
      vertex -32.22331424951017 -66.81248400394429 -18.45
      vertex -31.668553367216575 -65.1051055694405 -18.45
      vertex -29.312554669426536 -58.39633212822698 -18.45
    endloop
  endfacet
  facet normal -0.9510565162951529 0.3090169943749497 0
    outer loop
      vertex -32.22331424951017 -66.81248400394429 -18.45
      vertex -32.22331424951017 -66.81248400394429 -10.45
      vertex -31.668553367216575 -65.1051055694405 -18.45
    endloop
  endfacet
  facet normal -0.9510565162951529 0.3090169943749497 0
    outer loop
      vertex -31.668553367216575 -65.1051055694405 -18.45
      vertex -32.22331424951017 -66.81248400394429 -10.45
      vertex -31.668553367216575 -65.1051055694405 -10.45
    endloop
  endfacet
  facet normal 0 0 -1
    outer loop
      vertex -31.668553367216575 -65.1051055694405 -18.45
      vertex -29.447732958687936 -58.27012315908908 -18.45
      vertex -29.312554669426536 -58.39633212822698 -18.45
    endloop
  endfacet
  facet normal 0 0 -1
    outer loop
      vertex -32.22331424951017 -66.81248400394429 -18.45
      vertex -29.312554669426536 -58.39633212822698 -18.45
      vertex -13.202183923607096 -72.99282389144325 -18.45
    endloop
  endfacet
  facet normal 0 0 -1
    outer loop
      vertex -29.312554669426536 -58.39633212822698 -18.45
      vertex -29.310797397320314 -58.29565807668666 -18.45
      vertex -13.202183923607096 -72.99282389144325 -18.45
    endloop
  endfacet
  facet normal 0 0 -1
    outer loop
      vertex -29.310797397320314 -58.29565807668666 -18.45
      vertex -19.93159613718411 -61.3431453010374 -18.45
      vertex -12.647423041313502 -71.28544545693944 -18.45
    endloop
  endfacet
  facet normal 0.9510565162951533 -0.3090169943749483 2.6345550214224807e-18
    outer loop
      vertex -13.202183923607096 -72.99282389144325 -18.45
      vertex -12.647423041313502 -71.28544545693944 -18.45
      vertex -12.647423041313502 -71.28544545693944 -10.45
    endloop
  endfacet
  facet normal 0.9510565162951533 -0.3090169943749483 0
    outer loop
      vertex -13.202183923607096 -72.99282389144325 -18.45
      vertex -12.647423041313502 -71.28544545693944 -10.45
      vertex -13.202183923607096 -72.99282389144325 -10.45
    endloop
  endfacet
  facet normal 0 0 -1
    outer loop
      vertex -29.310797397320314 -58.29565807668666 -18.45
      vertex -12.647423041313502 -71.28544545693944 -18.45
      vertex -13.202183923607096 -72.99282389144325 -18.45
    endloop
  endfacet
  facet normal 0 0 -1
    outer loop
      vertex -12.647423041313502 -71.28544545693944 -18.45
      vertex -19.93159613718411 -61.3431453010374 -18.45
      vertex -14.915870853838154 -62.97285323648988 -18.45
    endloop
  endfacet
  facet normal 0 0 1
    outer loop
      vertex -32.22331424951017 -66.81248400394429 -10.45
      vertex -13.202183923607096 -72.99282389144325 -10.45
      vertex -31.668553367216575 -65.1051055694405 -10.45
    endloop
  endfacet
  facet normal 0 0 1
    outer loop
      vertex -31.668553367216575 -65.1051055694405 -10.45
      vertex -13.202183923607096 -72.99282389144325 -10.45
      vertex -19.95614456115074 -68.74537625787755 -10.45
    endloop
  endfacet
  facet normal 0 0 1
    outer loop
      vertex -31.668553367216575 -65.1051055694405 -10.45
      vertex -19.95614456115074 -68.74537625787755 -10.45
      vertex -27.233796769024114 -60.6956282254658 -10.45
    endloop
  endfacet
  facet normal 0 0 1
    outer loop
      vertex -31.668553367216575 -65.1051055694405 -10.45
      vertex -27.233796769024114 -60.6956282254658 -10.45
      vertex -29.447732958687936 -58.27012315908908 -10.45
    endloop
  endfacet
  facet normal 0 0 1
    outer loop
      vertex -19.95614456115074 -68.74537625787755 -10.45
      vertex -13.202183923607096 -72.99282389144325 -10.45
      vertex -12.647423041313502 -71.28544545693944 -10.45
    endloop
  endfacet
  facet normal 0 0 1
    outer loop
      vertex -19.95614456115074 -68.74537625787755 -10.45
      vertex -15.052806415205778 -62.92836017548683 -10.45
      vertex -17.65770833826513 -62.08197623392988 -10.45
    endloop
  endfacet
  facet normal 0 0 1
    outer loop
      vertex -19.95614456115074 -68.74537625787755 -10.45
      vertex -12.647423041313502 -71.28544545693944 -10.45
      vertex -15.052806415205778 -62.92836017548683 -10.45
    endloop
  endfacet
  facet normal -0.9510565162951533 -0.3090169943749483 0
    outer loop
      vertex 13.202183923607096 -72.99282389144325 -18.45
      vertex 13.202183923607096 -72.99282389144325 -10.45
      vertex 12.647423041313502 -71.28544545693944 -18.45
    endloop
  endfacet
  facet normal -0.9510565162951533 -0.3090169943749483 0
    outer loop
      vertex 12.647423041313502 -71.28544545693944 -18.45
      vertex 13.202183923607096 -72.99282389144325 -10.45
      vertex 12.647423041313502 -71.28544545693944 -10.45
    endloop
  endfacet
  facet normal 0 0 -1
    outer loop
      vertex 13.202183923607096 -72.99282389144325 -18.45
      vertex 12.647423041313502 -71.28544545693944 -18.45
      vertex 15.052806415205778 -62.92836017548683 -18.45
    endloop
  endfacet
  facet normal 0 0 -1
    outer loop
      vertex 13.202183923607096 -72.99282389144325 -18.45
      vertex 15.052806415205778 -62.92836017548683 -18.45
      vertex 27.233796769024114 -60.6956282254658 -18.45
    endloop
  endfacet
  facet normal 0 0 -1
    outer loop
      vertex 13.202183923607096 -72.99282389144325 -18.45
      vertex 27.233796769024114 -60.6956282254658 -18.45
      vertex 31.668553367216575 -65.1051055694405 -18.45
    endloop
  endfacet
  facet normal 0 0 -1
    outer loop
      vertex 15.052806415205778 -62.92836017548683 -18.45
      vertex 19.93159613718411 -61.3431453010374 -18.45
      vertex 27.233796769024114 -60.6956282254658 -18.45
    endloop
  endfacet
  facet normal 0 0 -1
    outer loop
      vertex 13.202183923607096 -72.99282389144325 -18.45
      vertex 31.668553367216575 -65.1051055694405 -18.45
      vertex 32.22331424951017 -66.8124840039443 -18.45
    endloop
  endfacet
  facet normal 0 0 -1
    outer loop
      vertex 27.233796769024114 -60.6956282254658 -18.45
      vertex 29.447732958687936 -58.27012315908908 -18.45
      vertex 31.668553367216575 -65.1051055694405 -18.45
    endloop
  endfacet
  facet normal 0.9510565162951535 0.3090169943749474 0
    outer loop
      vertex 31.668553367216575 -65.1051055694405 -18.45
      vertex 31.668553367216575 -65.1051055694405 -10.45
      vertex 32.22331424951017 -66.8124840039443 -18.45
    endloop
  endfacet
  facet normal 0.9510565162951529 0.3090169943749497 -5.489244514488507e-16
    outer loop
      vertex 32.22331424951017 -66.8124840039443 -18.45
      vertex 31.668553367216575 -65.1051055694405 -10.45
      vertex 32.22331424951017 -66.81248400394429 -10.45
    endloop
  endfacet
  facet normal 0 0 1
    outer loop
      vertex 13.202183923607096 -72.99282389144325 -10.45
      vertex 32.22331424951017 -66.81248400394429 -10.45
      vertex 12.647423041313502 -71.28544545693944 -10.45
    endloop
  endfacet
  facet normal 0 0 1
    outer loop
      vertex 12.647423041313502 -71.28544545693944 -10.45
      vertex 32.22331424951017 -66.81248400394429 -10.45
      vertex 19.941589287550606 -68.76147571985749 -10.45
    endloop
  endfacet
  facet normal 0 0 1
    outer loop
      vertex 12.647423041313502 -71.28544545693944 -10.45
      vertex 17.515145241415944 -62.12829779205214 -10.45
      vertex 14.915870853838154 -62.97285323648988 -10.45
    endloop
  endfacet
  facet normal 0 0 1
    outer loop
      vertex 12.647423041313502 -71.28544545693944 -10.45
      vertex 19.941589287550606 -68.76147571985749 -10.45
      vertex 17.515145241415944 -62.12829779205214 -10.45
    endloop
  endfacet
  facet normal 0 0 1
    outer loop
      vertex 19.941589287550606 -68.76147571985749 -10.45
      vertex 32.22331424951017 -66.81248400394429 -10.45
      vertex 29.312554669426536 -58.39633212822698 -10.45
    endloop
  endfacet
  facet normal 0 0 1
    outer loop
      vertex 31.668553367216575 -65.1051055694405 -10.45
      vertex 29.312554669426536 -58.39633212822698 -10.45
      vertex 32.22331424951017 -66.81248400394429 -10.45
    endloop
  endfacet
  facet normal 0 0 1
    outer loop
      vertex 31.668553367216575 -65.1051055694405 -10.45
      vertex 29.447732958687936 -58.27012315908908 -10.45
      vertex 29.312554669426536 -58.39633212822698 -10.45
    endloop
  endfacet
  facet normal 0 0 -1
    outer loop
      vertex 19.93159613718411 -61.3431453010374 -18.45
      vertex 27.26408046016122 -58.96067672218314 -18.45
      vertex 27.233796769024114 -60.6956282254658 -18.45
    endloop
  endfacet
  facet normal 0 0 -1
    outer loop
      vertex 53.584896563633905 -51.29238598724625 -18.45
      vertex 52.13251371816039 -50.237168083064304 -18.45
      vertex 57.18483181594149 -37.984072621118564 -18.45
    endloop
  endfacet
  facet normal -0.587785252292472 -0.8090169943749482 0
    outer loop
      vertex 53.584896563633905 -51.29238598724625 -18.45
      vertex 53.584896563633905 -51.29238598724625 -10.45
      vertex 52.13251371816039 -50.237168083064304 -18.45
    endloop
  endfacet
  facet normal -0.587785252292472 -0.8090169943749482 0
    outer loop
      vertex 52.13251371816039 -50.237168083064304 -18.45
      vertex 53.584896563633905 -51.29238598724625 -10.45
      vertex 52.13251371816039 -50.237168083064304 -10.45
    endloop
  endfacet
  facet normal 0 0 -1
    outer loop
      vertex 52.13251371816039 -50.237168083064304 -18.45
      vertex 53.80368536456335 -35.67953448690868 -18.45
      vertex 57.18483181594149 -37.984072621118564 -18.45
    endloop
  endfacet
  facet normal 0 0 -1
    outer loop
      vertex 53.80368536456335 -35.67953448690868 -18.45
      vertex 55.66886059191763 -33.112341025467536 -18.45
      vertex 57.18483181594149 -37.984072621118564 -18.45
    endloop
  endfacet
  facet normal 0 0 -1
    outer loop
      vertex 53.584896563633905 -51.29238598724625 -18.45
      vertex 57.18483181594149 -37.984072621118564 -18.45
      vertex 63.888218764009856 -34.05682819556536 -18.45
    endloop
  endfacet
  facet normal 0 0 -1
    outer loop
      vertex 53.584896563633905 -51.29238598724625 -18.45
      vertex 63.888218764009856 -34.05682819556536 -18.45
      vertex 65.34060160948337 -35.1120460997473 -18.45
    endloop
  endfacet
  facet normal 0 0 -1
    outer loop
      vertex 57.18483181594149 -37.984072621118564 -18.45
      vertex 58.730869905855116 -30.309794918356054 -18.45
      vertex 63.888218764009856 -34.05682819556536 -18.45
    endloop
  endfacet
  facet normal 0.587785252292472 0.8090169943749482 0
    outer loop
      vertex 63.888218764009856 -34.05682819556536 -18.45
      vertex 63.888218764009856 -34.05682819556536 -10.45
      vertex 65.34060160948337 -35.1120460997473 -18.45
    endloop
  endfacet
  facet normal 0.587785252292472 0.8090169943749482 0
    outer loop
      vertex 65.34060160948337 -35.1120460997473 -18.45
      vertex 63.888218764009856 -34.05682819556536 -10.45
      vertex 65.34060160948337 -35.1120460997473 -10.45
    endloop
  endfacet
  facet normal 0 0 1
    outer loop
      vertex 52.13251371816039 -50.237168083064304 -10.45
      vertex 56.97167485643589 -39.97329465303517 -10.45
      vertex 53.58609005112226 -35.97902874230825 -10.45
    endloop
  endfacet
  facet normal 0 0 1
    outer loop
      vertex 53.58609005112226 -35.97902874230825 -10.45
      vertex 56.97167485643589 -39.97329465303517 -10.45
      vertex 55.46161768181401 -33.39758642007999 -10.45
    endloop
  endfacet
  facet normal 0 0 1
    outer loop
      vertex 53.584896563633905 -51.29238598724625 -10.45
      vertex 65.34060160948337 -35.1120460997473 -10.45
      vertex 52.13251371816039 -50.237168083064304 -10.45
    endloop
  endfacet
  facet normal 0 0 1
    outer loop
      vertex 52.13251371816039 -50.237168083064304 -10.45
      vertex 65.34060160948337 -35.1120460997473 -10.45
      vertex 56.97167485643589 -39.97329465303517 -10.45
    endloop
  endfacet
  facet normal 0 0 1
    outer loop
      vertex 56.97167485643589 -39.97329465303517 -10.45
      vertex 65.34060160948337 -35.1120460997473 -10.45
      vertex 57.05197856112667 -39.22388492704769 -10.45
    endloop
  endfacet
  facet normal 0 0 1
    outer loop
      vertex 57.05197856112667 -39.22388492704769 -10.45
      vertex 65.34060160948337 -35.1120460997473 -10.45
      vertex 63.888218764009856 -34.05682819556536 -10.45
    endloop
  endfacet
  facet normal 0 0 1
    outer loop
      vertex 57.05197856112667 -39.22388492704769 -10.45
      vertex 63.888218764009856 -34.05682819556536 -10.45
      vertex 58.354302588538616 -30.036202747668728 -10.45
    endloop
  endfacet
  facet normal -0.6018150231520493 -0.7986355100472919 3.3207358852167356e-17
    outer loop
      vertex -45.55335705266667 -62.698817064058424 -10.25
      vertex -47.71376433773852 -61.07083340452095 -9
      vertex -47.71376433773852 -61.07083340452095 -10.25
    endloop
  endfacet
  facet normal -0.544639035015025 -0.8386705679454255 0
    outer loop
      vertex -43.337450018982885 -64.25041187301574 -10.25
      vertex -41.06874297807338 -65.72372745212301 -10.25
      vertex -43.337450018982885 -64.25041187301574 -9
    endloop
  endfacet
  facet normal -0.5735764363510482 -0.8191520442889902 0
    outer loop
      vertex -45.55335705266667 -62.698817064058424 -10.25
      vertex -43.337450018982885 -64.25041187301574 -10.25
      vertex -45.55335705266667 -62.698817064058424 -9
    endloop
  endfacet
  facet normal 0 0 -1
    outer loop
      vertex -45.55335705266667 -62.698817064058424 -10.25
      vertex -47.71376433773852 -61.07083340452095 -10.25
      vertex -43.90755834624775 -60.433569479808575 -10.25
    endloop
  endfacet
  facet normal 0 0 -1
    outer loop
      vertex -45.55335705266667 -62.698817064058424 -10.25
      vertex -41.7717098892648 -61.92910666986162 -10.25
      vertex -43.337450018982885 -64.25041187301574 -10.25
    endloop
  endfacet
  facet normal 0 0 -1
    outer loop
      vertex -43.337450018982885 -64.25041187301574 -10.25
      vertex -41.7717098892648 -61.92910666986162 -10.25
      vertex -39.58496903822041 -63.34919278288502 -10.25
    endloop
  endfacet
  facet normal 0 0 -1
    outer loop
      vertex -45.55335705266667 -62.698817064058424 -10.25
      vertex -43.90755834624775 -60.433569479808575 -10.25
      vertex -41.7717098892648 -61.92910666986162 -10.25
    endloop
  endfacet
  facet normal -0.6293203910498378 -0.7771459614569705 0
    outer loop
      vertex -47.71376433773852 -61.07083340452095 -10.25
      vertex -47.71376433773852 -61.07083340452095 -9
      vertex -49.81603975070679 -59.368444341720796 -9
    endloop
  endfacet
  facet normal -0.544639035015025 -0.8386705679454255 0
    outer loop
      vertex -41.06874297807338 -65.72372745212301 -10.25
      vertex -41.06874297807338 -65.72372745212301 -9
      vertex -43.337450018982885 -64.25041187301574 -9
    endloop
  endfacet
  facet normal -0.5735764363510482 -0.8191520442889902 3.875105010692373e-17
    outer loop
      vertex -45.55335705266667 -62.698817064058424 -9
      vertex -43.337450018982885 -64.25041187301574 -10.25
      vertex -43.337450018982885 -64.25041187301574 -9
    endloop
  endfacet
  facet normal -0.6018150231520493 -0.7986355100472919 0
    outer loop
      vertex -45.55335705266667 -62.698817064058424 -10.25
      vertex -45.55335705266667 -62.698817064058424 -9
      vertex -47.71376433773852 -61.07083340452095 -9
    endloop
  endfacet
  facet normal -0.9063077870366519 -0.4226182617406953 5.404634469133736e-15
    outer loop
      vertex -70.15744892053665 -32.89955820187159 -10.25
      vertex -70.32052781403218 -32.54983438618138 -9
      vertex -70.79977296730156 -31.522089838374516 -10.25
    endloop
  endfacet
  facet normal 0 0 -1
    outer loop
      vertex -70.15744892053665 -32.89955820187159 -10.25
      vertex -68.24184568590229 -30.383227237762277 -10.25
      vertex -68.05688194204708 -31.373406959075194 -10.25
    endloop
  endfacet
  facet normal 0 0 -1
    outer loop
      vertex -67.28419039764687 -32.4369256308886 -10.25
      vertex -68.05688194204708 -31.373406959075194 -10.25
      vertex -68.24184568590229 -30.383227237762277 -10.25
    endloop
  endfacet
  facet normal -0.9063077870366495 -0.4226182617407007 0
    outer loop
      vertex -70.79977296730156 -31.522089838374516 -10.25
      vertex -70.32052781403218 -32.54983438618138 -9
      vertex -70.79977296730156 -31.522089838374516 -9
    endloop
  endfacet
  facet normal -0.6819983600625007 -0.7313537016191684 1.0950653582454737e-15
    outer loop
      vertex -51.85762199281152 -57.593723974498054 -10.25
      vertex -52.68697024525798 -56.82034421742981 -9
      vertex -52.96918320955978 -56.55717637071476 -10.25
    endloop
  endfacet
  facet normal -0.6560590289905048 -0.7547095802227741 0
    outer loop
      vertex -51.85762199281152 -57.593723974498054 -10.25
      vertex -49.81603975070679 -59.368444341720796 -10.25
      vertex -51.85762199281152 -57.593723974498054 -9
    endloop
  endfacet
  facet normal 0 0 -1
    outer loop
      vertex -51.85762199281152 -57.593723974498054 -10.25
      vertex -50.868616231070206 -55.03102512791836 -10.25
      vertex -49.81603975070679 -59.368444341720796 -10.25
    endloop
  endfacet
  facet normal -0.6293203910498378 -0.7771459614569705 0
    outer loop
      vertex -49.81603975070679 -59.368444341720796 -10.25
      vertex -47.71376433773852 -61.07083340452095 -10.25
      vertex -49.81603975070679 -59.368444341720796 -9
    endloop
  endfacet
  facet normal 0 0 -1
    outer loop
      vertex -49.81603975070679 -59.368444341720796 -10.25
      vertex -45.98991220682667 -58.864403294422125 -10.25
      vertex -47.71376433773852 -61.07083340452095 -10.25
    endloop
  endfacet
  facet normal 0 0 -1
    outer loop
      vertex -49.81603975070679 -59.368444341720796 -10.25
      vertex -49.98405629500671 -55.512918463161355 -10.25
      vertex -48.01623444358449 -57.22351990098766 -10.25
    endloop
  endfacet
  facet normal 0 0 -1
    outer loop
      vertex -49.81603975070679 -59.368444341720796 -10.25
      vertex -48.01623444358449 -57.22351990098766 -10.25
      vertex -45.98991220682667 -58.864403294422125 -10.25
    endloop
  endfacet
  facet normal 0 0 -1
    outer loop
      vertex -51.85762199281152 -57.593723974498054 -10.25
      vertex -52.96918320955978 -56.55717637071476 -10.25
      vertex -50.868616231070206 -55.03102512791836 -10.25
    endloop
  endfacet
  facet normal 0 0 -1
    outer loop
      vertex -49.81603975070679 -59.368444341720796 -10.25
      vertex -50.868616231070206 -55.03102512791836 -10.25
      vertex -49.98405629500671 -55.512918463161355 -10.25
    endloop
  endfacet
  facet normal 0 0 -1
    outer loop
      vertex -50.868616231070206 -55.03102512791836 -10.25
      vertex -51.64130777547039 -53.967506456105006 -10.25
      vertex -49.98405629500671 -55.512918463161355 -10.25
    endloop
  endfacet
  facet normal 0 0 -1
    outer loop
      vertex -47.71376433773852 -61.07083340452095 -10.25
      vertex -45.98991220682667 -58.864403294422125 -10.25
      vertex -43.90755834624775 -60.433569479808575 -10.25
    endloop
  endfacet
  facet normal -0.6560590289905048 -0.7547095802227741 0
    outer loop
      vertex -49.81603975070679 -59.368444341720796 -10.25
      vertex -49.81603975070679 -59.368444341720796 -9
      vertex -51.85762199281152 -57.593723974498054 -9
    endloop
  endfacet
  facet normal -0.6819983600625017 -0.7313537016191676 0
    outer loop
      vertex -51.85762199281152 -57.593723974498054 -10.25
      vertex -51.85762199281152 -57.593723974498054 -9
      vertex -52.68697024525798 -56.82034421742981 -9
    endloop
  endfacet
  facet normal -0.5150380749100534 -0.8571673007021128 0
    outer loop
      vertex -41.06874297807338 -65.72372745212301 -10.25
      vertex -38.75 -67.11696879329399 -10.25
      vertex -41.06874297807338 -65.72372745212301 -9
    endloop
  endfacet
  facet normal 0 0 -1
    outer loop
      vertex -43.337450018982885 -64.25041187301574 -10.25
      vertex -39.58496903822041 -63.34919278288502 -10.25
      vertex -41.06874297807338 -65.72372745212301 -10.25
    endloop
  endfacet
  facet normal 0 0 -1
    outer loop
      vertex -41.06874297807338 -65.72372745212301 -10.25
      vertex -37.35 -64.69209766269756 -10.25
      vertex -38.75 -67.11696879329399 -10.25
    endloop
  endfacet
  facet normal 0 0 -1
    outer loop
      vertex -41.06874297807338 -65.72372745212301 -10.25
      vertex -39.58496903822041 -63.34919278288502 -10.25
      vertex -37.35 -64.69209766269756 -10.25
    endloop
  endfacet
  facet normal -0.4848096202463391 -0.8746197071393946 -1.5594073404801474e-15
    outer loop
      vertex -37.42069334070846 -67.85381550669574 -10.25
      vertex -37.75818943820836 -67.66673836502156 -9
      vertex -38.75 -67.11696879329399 -10.25
    endloop
  endfacet
  facet normal 0 0 -1
    outer loop
      vertex -37.42069334070846 -67.85381550669574 -10.25
      vertex -38.75 -67.11696879329399 -10.25
      vertex -36.6183481505711 -65.38445092387825 -10.25
    endloop
  endfacet
  facet normal 0 0 -1
    outer loop
      vertex -38.75 -67.11696879329399 -10.25
      vertex -37.35 -64.69209766269756 -10.25
      vertex -36.6183481505711 -65.38445092387825 -10.25
    endloop
  endfacet
  facet normal 0 0 -1
    outer loop
      vertex -37.35 -64.69209766269756 -10.25
      vertex -35.368106968912095 -65.79067890884077 -10.25
      vertex -36.6183481505711 -65.38445092387825 -10.25
    endloop
  endfacet
  facet normal -0.5150380749100534 -0.8571673007021128 0
    outer loop
      vertex -38.75 -67.11696879329399 -10.25
      vertex -38.75 -67.11696879329399 -9
      vertex -41.06874297807338 -65.72372745212301 -9
    endloop
  endfacet
  facet normal -0.4848096202463406 -0.8746197071393937 1.893326082542956e-17
    outer loop
      vertex -37.75818943820836 -67.66673836502156 -9
      vertex -38.75 -67.11696879329399 -9
      vertex -38.75 -67.11696879329399 -10.25
    endloop
  endfacet
  facet normal -0.12186934340514051 -0.9925461516413229 6.935409102957991e-15
    outer loop
      vertex -9.609495212683512 -76.89022155432679 -10.25
      vertex -8.100955903243143 -77.07544689104118 -10.25
      vertex -9.226493949353753 -76.93724819626998 -9
    endloop
  endfacet
  facet normal 0 0 -1
    outer loop
      vertex -9.609495212683512 -76.89022155432679 -10.25
      vertex -8.807150022546162 -74.4208569715093 -10.25
      vertex -8.100955903243143 -77.07544689104118 -10.25
    endloop
  endfacet
  facet normal -0.08715574274765778 -0.9961946980917455 0
    outer loop
      vertex -8.100955903243143 -77.07544689104118 -10.25
      vertex -5.4061267151697106 -77.31121389513638 -10.25
      vertex -8.100955903243143 -77.07544689104118 -9
    endloop
  endfacet
  facet normal 0 0 -1
    outer loop
      vertex -8.807150022546162 -74.4208569715093 -10.25
      vertex -7.808276206093715 -74.29078558401002 -10.25
      vertex -8.100955903243143 -77.07544689104118 -10.25
    endloop
  endfacet
  facet normal 0 0 -1
    outer loop
      vertex -8.100955903243143 -77.07544689104118 -10.25
      vertex -5.21080858868616 -74.51803455440887 -10.25
      vertex -5.4061267151697106 -77.31121389513638 -10.25
    endloop
  endfacet
  facet normal 0 0 -1
    outer loop
      vertex -8.100955903243143 -77.07544689104118 -10.25
      vertex -7.808276206093715 -74.29078558401002 -10.25
      vertex -5.21080858868616 -74.51803455440887 -10.25
    endloop
  endfacet
  facet normal -0.052335956242943994 -0.9986295347545739 0
    outer loop
      vertex -5.4061267151697106 -77.31121389513638 -10.25
      vertex -2.704710994443825 -77.45278909397992 -10.25
      vertex -5.4061267151697106 -77.31121389513638 -9
    endloop
  endfacet
  facet normal 0 0 -1
    outer loop
      vertex -5.4061267151697106 -77.31121389513638 -10.25
      vertex -2.6069924036768226 -74.65449477832645 -10.25
      vertex -2.704710994443825 -77.45278909397992 -10.25
    endloop
  endfacet
  facet normal 0 0 -1
    outer loop
      vertex -5.4061267151697106 -77.31121389513638 -10.25
      vertex -5.21080858868616 -74.51803455440887 -10.25
      vertex -2.6069924036768226 -74.65449477832645 -10.25
    endloop
  endfacet
  facet normal -0.017452406437284504 -0.9998476951563913 0
    outer loop
      vertex -2.704710994443825 -77.45278909397992 -10.25
      vertex 0 -77.5 -10.25
      vertex -2.704710994443825 -77.45278909397992 -9
    endloop
  endfacet
  facet normal 0 0 -1
    outer loop
      vertex -2.704710994443825 -77.45278909397992 -10.25
      vertex 0 -74.7 -10.25
      vertex 0 -77.5 -10.25
    endloop
  endfacet
  facet normal 0 0 -1
    outer loop
      vertex -2.704710994443825 -77.45278909397992 -10.25
      vertex -2.6069924036768226 -74.65449477832645 -10.25
      vertex 0 -74.7 -10.25
    endloop
  endfacet
  facet normal 0.017452406437284504 -0.9998476951563913 0
    outer loop
      vertex 0 -77.5 -10.25
      vertex 2.704710994443825 -77.45278909397992 -10.25
      vertex 0 -77.5 -9
    endloop
  endfacet
  facet normal 0 0 -1
    outer loop
      vertex 0 -77.5 -10.25
      vertex 0 -74.7 -10.25
      vertex 2.6069924036768226 -74.65449477832645 -10.25
    endloop
  endfacet
  facet normal 0 0 -1
    outer loop
      vertex 0 -77.5 -10.25
      vertex 2.6069924036768226 -74.65449477832645 -10.25
      vertex 2.704710994443825 -77.45278909397992 -10.25
    endloop
  endfacet
  facet normal -0.12186934340514811 -0.992546151641322 0
    outer loop
      vertex -8.100955903243143 -77.07544689104118 -10.25
      vertex -8.100955903243143 -77.07544689104118 -9
      vertex -9.226493949353753 -76.93724819626998 -9
    endloop
  endfacet
  facet normal -0.08715574274765778 -0.9961946980917455 0
    outer loop
      vertex -5.4061267151697106 -77.31121389513638 -10.25
      vertex -5.4061267151697106 -77.31121389513638 -9
      vertex -8.100955903243143 -77.07544689104118 -9
    endloop
  endfacet
  facet normal -0.052335956242943994 -0.9986295347545739 0
    outer loop
      vertex -2.704710994443825 -77.45278909397992 -10.25
      vertex -2.704710994443825 -77.45278909397992 -9
      vertex -5.4061267151697106 -77.31121389513638 -9
    endloop
  endfacet
  facet normal -0.017452406437284504 -0.9998476951563913 -3.804294195032068e-18
    outer loop
      vertex -2.704710994443825 -77.45278909397992 -9
      vertex 0 -77.5 -10.25
      vertex 0 -77.5 -9
    endloop
  endfacet
  facet normal 0.017452406437284504 -0.9998476951563913 0
    outer loop
      vertex 2.704710994443825 -77.45278909397992 -10.25
      vertex 2.704710994443825 -77.45278909397992 -9
      vertex 0 -77.5 -9
    endloop
  endfacet
  facet normal 0 0 -1
    outer loop
      vertex -10.057391204205233 -74.01462898654677 -10.25
      vertex -7.808276206093715 -74.29078558401002 -10.25
      vertex -8.807150022546162 -74.4208569715093 -10.25
    endloop
  endfacet
  facet normal -0.6018150231520493 -0.7986355100472919 3.3207358852167356e-17
    outer loop
      vertex -45.55335705266667 -62.698817064058424 9
      vertex -47.71376433773852 -61.07083340452095 10.25
      vertex -47.71376433773852 -61.07083340452095 9
    endloop
  endfacet
  facet normal -0.544639035015025 -0.8386705679454255 0
    outer loop
      vertex -43.337450018982885 -64.25041187301574 9
      vertex -41.06874297807338 -65.72372745212301 9
      vertex -43.337450018982885 -64.25041187301574 10.25
    endloop
  endfacet
  facet normal -0.5735764363510482 -0.8191520442889902 0
    outer loop
      vertex -45.55335705266667 -62.698817064058424 9
      vertex -43.337450018982885 -64.25041187301574 9
      vertex -45.55335705266667 -62.698817064058424 10.25
    endloop
  endfacet
  facet normal -0.6293203910498378 -0.7771459614569705 0
    outer loop
      vertex -47.71376433773852 -61.07083340452095 9
      vertex -47.71376433773852 -61.07083340452095 10.25
      vertex -49.81603975070679 -59.368444341720796 10.25
    endloop
  endfacet
  facet normal -0.544639035015025 -0.8386705679454255 0
    outer loop
      vertex -41.06874297807338 -65.72372745212301 9
      vertex -41.06874297807338 -65.72372745212301 10.25
      vertex -43.337450018982885 -64.25041187301574 10.25
    endloop
  endfacet
  facet normal -0.5735764363510482 -0.8191520442889902 3.875105010692373e-17
    outer loop
      vertex -45.55335705266667 -62.698817064058424 10.25
      vertex -43.337450018982885 -64.25041187301574 9
      vertex -43.337450018982885 -64.25041187301574 10.25
    endloop
  endfacet
  facet normal 0 0 1
    outer loop
      vertex -45.55335705266667 -62.698817064058424 10.25
      vertex -43.337450018982885 -64.25041187301574 10.25
      vertex -43.90755834624775 -60.433569479808575 10.25
    endloop
  endfacet
  facet normal -0.6018150231520493 -0.7986355100472919 0
    outer loop
      vertex -45.55335705266667 -62.698817064058424 9
      vertex -45.55335705266667 -62.698817064058424 10.25
      vertex -47.71376433773852 -61.07083340452095 10.25
    endloop
  endfacet
  facet normal 0 0 1
    outer loop
      vertex -45.55335705266667 -62.698817064058424 10.25
      vertex -45.98991220682667 -58.864403294422125 10.25
      vertex -47.71376433773852 -61.07083340452095 10.25
    endloop
  endfacet
  facet normal 0 0 1
    outer loop
      vertex -45.55335705266667 -62.698817064058424 10.25
      vertex -43.90755834624775 -60.433569479808575 10.25
      vertex -45.98991220682667 -58.864403294422125 10.25
    endloop
  endfacet
  facet normal 0 0 1
    outer loop
      vertex -43.337450018982885 -64.25041187301574 10.25
      vertex -41.06874297807338 -65.72372745212301 10.25
      vertex -41.7717098892648 -61.92910666986162 10.25
    endloop
  endfacet
  facet normal 0 0 1
    outer loop
      vertex -43.337450018982885 -64.25041187301574 10.25
      vertex -41.7717098892648 -61.92910666986162 10.25
      vertex -43.90755834624775 -60.433569479808575 10.25
    endloop
  endfacet
  facet normal -0.9063077870366495 -0.4226182617407007 -1.0674807306447829e-17
    outer loop
      vertex -70.32052781403218 -32.54983438618138 9
      vertex -70.79977296730156 -31.522089838374516 10.25
      vertex -70.79977296730156 -31.522089838374516 9
    endloop
  endfacet
  facet normal -0.9063077870366519 -0.4226182617406953 -5.407503654636624e-15
    outer loop
      vertex -70.32052781403218 -32.54983438618138 9
      vertex -70.15744892053665 -32.89955820187159 10.25
      vertex -70.79977296730156 -31.522089838374516 10.25
    endloop
  endfacet
  facet normal 0 0 1
    outer loop
      vertex -70.15744892053665 -32.89955820187159 10.25
      vertex -68.05688194204708 -31.373406959075197 10.25
      vertex -70.79977296730156 -31.522089838374516 10.25
    endloop
  endfacet
  facet normal 0 0 1
    outer loop
      vertex -67.28419039764687 -32.4369256308886 10.25
      vertex -68.24184568590229 -30.383227237762277 10.25
      vertex -68.05688194204708 -31.373406959075197 10.25
    endloop
  endfacet
  facet normal -0.6819983600625007 -0.7313537016191684 -1.119425011888301e-15
    outer loop
      vertex -52.68697024525798 -56.82034421742981 9
      vertex -51.85762199281152 -57.593723974498054 10.25
      vertex -52.96918320955978 -56.55717637071476 10.25
    endloop
  endfacet
  facet normal -0.6560590289905048 -0.7547095802227741 0
    outer loop
      vertex -51.85762199281152 -57.593723974498054 9
      vertex -49.81603975070679 -59.368444341720796 9
      vertex -51.85762199281152 -57.593723974498054 10.25
    endloop
  endfacet
  facet normal -0.6819983600625017 -0.7313537016191676 0
    outer loop
      vertex -51.85762199281152 -57.593723974498054 9
      vertex -51.85762199281152 -57.593723974498054 10.25
      vertex -52.68697024525798 -56.82034421742981 9
    endloop
  endfacet
  facet normal -0.6293203910498378 -0.7771459614569705 0
    outer loop
      vertex -49.81603975070679 -59.368444341720796 9
      vertex -47.71376433773852 -61.07083340452095 9
      vertex -49.81603975070679 -59.368444341720796 10.25
    endloop
  endfacet
  facet normal -0.6560590289905048 -0.7547095802227741 0
    outer loop
      vertex -49.81603975070679 -59.368444341720796 9
      vertex -49.81603975070679 -59.368444341720796 10.25
      vertex -51.85762199281152 -57.593723974498054 10.25
    endloop
  endfacet
  facet normal 0 0 1
    outer loop
      vertex -51.85762199281152 -57.593723974498054 10.25
      vertex -49.81603975070679 -59.368444341720796 10.25
      vertex -50.868616231070206 -55.03102512791836 10.25
    endloop
  endfacet
  facet normal 0 0 1
    outer loop
      vertex -49.81603975070679 -59.368444341720796 10.25
      vertex -47.71376433773852 -61.07083340452095 10.25
      vertex -48.01623444358449 -57.22351990098766 10.25
    endloop
  endfacet
  facet normal 0 0 1
    outer loop
      vertex -47.71376433773852 -61.07083340452095 10.25
      vertex -45.98991220682667 -58.864403294422125 10.25
      vertex -48.01623444358449 -57.22351990098766 10.25
    endloop
  endfacet
  facet normal 0 0 1
    outer loop
      vertex -49.81603975070679 -59.368444341720796 10.25
      vertex -48.01623444358449 -57.22351990098766 10.25
      vertex -49.98405629500671 -55.512918463161355 10.25
    endloop
  endfacet
  facet normal 0 0 1
    outer loop
      vertex -51.85762199281152 -57.593723974498054 10.25
      vertex -50.868616231070206 -55.03102512791836 10.25
      vertex -52.96918320955978 -56.55717637071476 10.25
    endloop
  endfacet
  facet normal 0 0 1
    outer loop
      vertex -49.81603975070679 -59.368444341720796 10.25
      vertex -49.98405629500671 -55.512918463161355 10.25
      vertex -50.868616231070206 -55.03102512791836 10.25
    endloop
  endfacet
  facet normal 0 0 1
    outer loop
      vertex -50.868616231070206 -55.03102512791836 10.25
      vertex -49.98405629500671 -55.512918463161355 10.25
      vertex -51.64130777547039 -53.967506456105006 10.25
    endloop
  endfacet
  facet normal -0.5150380749100534 -0.8571673007021128 0
    outer loop
      vertex -41.06874297807338 -65.72372745212301 9
      vertex -38.75 -67.11696879329399 9
      vertex -41.06874297807338 -65.72372745212301 10.25
    endloop
  endfacet
  facet normal -0.4848096202463406 -0.8746197071393937 1.893326082542956e-17
    outer loop
      vertex -37.75818943820836 -67.66673836502156 9
      vertex -38.75 -67.11696879329399 10.25
      vertex -38.75 -67.11696879329399 9
    endloop
  endfacet
  facet normal -0.5150380749100534 -0.8571673007021128 0
    outer loop
      vertex -38.75 -67.11696879329399 9
      vertex -38.75 -67.11696879329399 10.25
      vertex -41.06874297807338 -65.72372745212301 10.25
    endloop
  endfacet
  facet normal 0 0 1
    outer loop
      vertex -41.06874297807338 -65.72372745212301 10.25
      vertex -38.75 -67.11696879329399 10.25
      vertex -39.58496903822041 -63.34919278288502 10.25
    endloop
  endfacet
  facet normal -0.4848096202463391 -0.8746197071393946 1.555433280667226e-15
    outer loop
      vertex -37.75818943820836 -67.66673836502156 9
      vertex -37.42069334070846 -67.85381550669574 10.25
      vertex -38.75 -67.11696879329399 10.25
    endloop
  endfacet
  facet normal 0 0 1
    outer loop
      vertex -37.42069334070846 -67.85381550669574 10.25
      vertex -36.6183481505711 -65.38445092387826 10.25
      vertex -38.75 -67.11696879329399 10.25
    endloop
  endfacet
  facet normal 0 0 1
    outer loop
      vertex -38.75 -67.11696879329399 10.25
      vertex -36.6183481505711 -65.38445092387826 10.25
      vertex -37.35 -64.69209766269756 10.25
    endloop
  endfacet
  facet normal 0 0 1
    outer loop
      vertex -39.58496903822041 -63.34919278288502 10.25
      vertex -38.75 -67.11696879329399 10.25
      vertex -37.35 -64.69209766269756 10.25
    endloop
  endfacet
  facet normal 0 0 1
    outer loop
      vertex -37.35 -64.69209766269756 10.25
      vertex -36.6183481505711 -65.38445092387826 10.25
      vertex -35.36810696891203 -65.7906789088408 10.25
    endloop
  endfacet
  facet normal 0 0 1
    outer loop
      vertex -41.06874297807338 -65.72372745212301 10.25
      vertex -39.58496903822041 -63.34919278288502 10.25
      vertex -41.7717098892648 -61.92910666986162 10.25
    endloop
  endfacet
  facet normal -0.12186934340514972 -0.9925461516413218 1.482287434146682e-15
    outer loop
      vertex -9.226493949353753 -76.93724819626998 9
      vertex -8.100955903243143 -77.07544689104118 10.25
      vertex -9.609495212683512 -76.89022155432677 10.25
    endloop
  endfacet
  facet normal 0 0 1
    outer loop
      vertex -9.609495212683512 -76.89022155432677 10.25
      vertex -8.100955903243143 -77.07544689104118 10.25
      vertex -8.807150022546162 -74.42085697150931 10.25
    endloop
  endfacet
  facet normal -0.12186934340514811 -0.992546151641322 6.7509780268459455e-18
    outer loop
      vertex -9.226493949353753 -76.93724819626998 9
      vertex -8.100955903243143 -77.07544689104118 9
      vertex -8.100955903243143 -77.07544689104118 10.25
    endloop
  endfacet
  facet normal -0.08715574274765778 -0.9961946980917455 0
    outer loop
      vertex -8.100955903243143 -77.07544689104118 9
      vertex -5.4061267151697106 -77.31121389513638 9
      vertex -8.100955903243143 -77.07544689104118 10.25
    endloop
  endfacet
  facet normal -0.052335956242943994 -0.9986295347545739 0
    outer loop
      vertex -5.4061267151697106 -77.31121389513638 9
      vertex -2.704710994443825 -77.45278909397992 9
      vertex -5.4061267151697106 -77.31121389513638 10.25
    endloop
  endfacet
  facet normal -0.017452406437284504 -0.9998476951563913 0
    outer loop
      vertex -2.704710994443825 -77.45278909397992 9
      vertex 0 -77.5 9
      vertex -2.704710994443825 -77.45278909397992 10.25
    endloop
  endfacet
  facet normal 0.017452406437284504 -0.9998476951563913 0
    outer loop
      vertex 0 -77.5 9
      vertex 2.704710994443825 -77.45278909397992 9
      vertex 0 -77.5 10.25
    endloop
  endfacet
  facet normal -0.08715574274765778 -0.9961946980917455 0
    outer loop
      vertex -5.4061267151697106 -77.31121389513638 9
      vertex -5.4061267151697106 -77.31121389513638 10.25
      vertex -8.100955903243143 -77.07544689104118 10.25
    endloop
  endfacet
  facet normal 0 0 1
    outer loop
      vertex -8.807150022546162 -74.42085697150931 10.25
      vertex -8.100955903243143 -77.07544689104118 10.25
      vertex -7.808276206093715 -74.29078558401002 10.25
    endloop
  endfacet
  facet normal 0 0 1
    outer loop
      vertex -8.100955903243143 -77.07544689104118 10.25
      vertex -5.4061267151697106 -77.31121389513638 10.25
      vertex -7.808276206093715 -74.29078558401002 10.25
    endloop
  endfacet
  facet normal 0 0 1
    outer loop
      vertex -7.808276206093715 -74.29078558401002 10.25
      vertex -5.4061267151697106 -77.31121389513638 10.25
      vertex -5.21080858868616 -74.51803455440887 10.25
    endloop
  endfacet
  facet normal -0.052335956242943994 -0.9986295347545739 0
    outer loop
      vertex -2.704710994443825 -77.45278909397992 9
      vertex -2.704710994443825 -77.45278909397992 10.25
      vertex -5.4061267151697106 -77.31121389513638 10.25
    endloop
  endfacet
  facet normal 0 0 1
    outer loop
      vertex -5.4061267151697106 -77.31121389513638 10.25
      vertex -2.704710994443825 -77.45278909397992 10.25
      vertex -5.21080858868616 -74.51803455440887 10.25
    endloop
  endfacet
  facet normal 0 0 1
    outer loop
      vertex -5.21080858868616 -74.51803455440887 10.25
      vertex -2.704710994443825 -77.45278909397992 10.25
      vertex -2.6069924036768226 -74.65449477832645 10.25
    endloop
  endfacet
  facet normal -0.017452406437284504 -0.9998476951563913 -3.804294195032068e-18
    outer loop
      vertex -2.704710994443825 -77.45278909397992 10.25
      vertex 0 -77.5 9
      vertex 0 -77.5 10.25
    endloop
  endfacet
  facet normal 0 0 1
    outer loop
      vertex -2.704710994443825 -77.45278909397992 10.25
      vertex 0 -77.5 10.25
      vertex -2.6069924036768226 -74.65449477832645 10.25
    endloop
  endfacet
  facet normal 0 0 1
    outer loop
      vertex -2.6069924036768226 -74.65449477832645 10.25
      vertex 0 -77.5 10.25
      vertex 0 -74.7 10.25
    endloop
  endfacet
  facet normal 0.017452406437284504 -0.9998476951563913 0
    outer loop
      vertex 2.704710994443825 -77.45278909397992 9
      vertex 2.704710994443825 -77.45278909397992 10.25
      vertex 0 -77.5 10.25
    endloop
  endfacet
  facet normal 0 0 1
    outer loop
      vertex 0 -77.5 10.25
      vertex 2.704710994443825 -77.45278909397992 10.25
      vertex 0 -74.7 10.25
    endloop
  endfacet
  facet normal 0 0 1
    outer loop
      vertex 2.704710994443825 -77.45278909397992 10.25
      vertex 2.6069924036768226 -74.65449477832645 10.25
      vertex 0 -74.7 10.25
    endloop
  endfacet
  facet normal 0 0 1
    outer loop
      vertex -10.057391204205304 -74.01462898654675 10.25
      vertex -8.807150022546162 -74.42085697150931 10.25
      vertex -7.808276206093715 -74.29078558401002 10.25
    endloop
  endfacet
  facet normal -0.92050485345244 -0.3907311284892745 2.8669925339698864e-17
    outer loop
      vertex -70.79977296730156 -31.522089838374516 -10.25
      vertex -71.85674872892602 -29.03201098973318 -9
      vertex -71.85674872892602 -29.03201098973318 -10.25
    endloop
  endfacet
  facet normal 0 0 -1
    outer loop
      vertex -70.15744892053665 -32.89955820187159 -10.25
      vertex -70.79977296730156 -31.522089838374516 -10.25
      vertex -69.26063393613903 -27.98311252816863 -10.25
    endloop
  endfacet
  facet normal 0 0 -1
    outer loop
      vertex -70.15744892053665 -32.89955820187159 -10.25
      vertex -69.26063393613903 -27.98311252816863 -10.25
      vertex -68.24184568590229 -30.383227237762277 -10.25
    endloop
  endfacet
  facet normal 0 0 -1
    outer loop
      vertex -70.79977296730156 -31.522089838374516 -10.25
      vertex -71.85674872892602 -29.03201098973318 -10.25
      vertex -70.19503877270736 -25.548904706427454 -10.25
    endloop
  endfacet
  facet normal 0 0 -1
    outer loop
      vertex -70.79977296730156 -31.522089838374516 -10.25
      vertex -70.19503877270736 -25.548904706427454 -10.25
      vertex -69.26063393613903 -27.98311252816863 -10.25
    endloop
  endfacet
  facet normal -0.9455185755993174 -0.325568154457155 0
    outer loop
      vertex -72.8261781109079 -26.506561107739326 -10.25
      vertex -72.8261781109079 -26.506561107739326 -9
      vertex -73.59677760193478 -24.26857768356762 -10.25
    endloop
  endfacet
  facet normal -0.9335804264972009 -0.3583679495453025 0
    outer loop
      vertex -72.8261781109079 -26.506561107739326 -10.25
      vertex -71.85674872892602 -29.03201098973318 -10.25
      vertex -72.8261781109079 -26.506561107739326 -9
    endloop
  endfacet
  facet normal 0 0 -1
    outer loop
      vertex -72.8261781109079 -26.506561107739326 -10.25
      vertex -70.93779724986487 -23.391777457580666 -10.25
      vertex -71.85674872892602 -29.03201098973318 -10.25
    endloop
  endfacet
  facet normal 0 0 -1
    outer loop
      vertex -72.8261781109079 -26.506561107739326 -10.25
      vertex -73.59677760193478 -24.26857768356762 -10.25
      vertex -70.93779724986487 -23.391777457580666 -10.25
    endloop
  endfacet
  facet normal 0 0 -1
    outer loop
      vertex -71.85674872892602 -29.03201098973318 -10.25
      vertex -70.93779724986487 -23.391777457580666 -10.25
      vertex -70.19503877270736 -25.548904706427454 -10.25
    endloop
  endfacet
  facet normal -0.9335804264972009 -0.3583679495453025 0
    outer loop
      vertex -71.85674872892602 -29.03201098973318 -10.25
      vertex -71.85674872892602 -29.03201098973318 -9
      vertex -72.8261781109079 -26.506561107739326 -9
    endloop
  endfacet
  facet normal -0.92050485345244 -0.3907311284892745 0
    outer loop
      vertex -70.79977296730156 -31.522089838374516 -10.25
      vertex -70.79977296730156 -31.522089838374516 -9
      vertex -71.85674872892602 -29.03201098973318 -9
    endloop
  endfacet
  facet normal -0.9455185755993174 -0.325568154457155 3.4511320010488326e-17
    outer loop
      vertex -72.8261781109079 -26.506561107739326 -9
      vertex -73.59677760193478 -24.26857768356762 -9
      vertex -73.59677760193478 -24.26857768356762 -10.25
    endloop
  endfacet
  facet normal -0.92050485345244 -0.3907311284892745 2.8669925339698864e-17
    outer loop
      vertex -70.79977296730156 -31.522089838374516 9
      vertex -71.85674872892602 -29.03201098973318 10.25
      vertex -71.85674872892602 -29.03201098973318 9
    endloop
  endfacet
  facet normal -0.9455185755993174 -0.325568154457155 0
    outer loop
      vertex -72.8261781109079 -26.506561107739326 9
      vertex -72.8261781109079 -26.506561107739326 10.25
      vertex -73.59677760193478 -24.26857768356762 9
    endloop
  endfacet
  facet normal -0.9335804264972009 -0.3583679495453025 0
    outer loop
      vertex -72.8261781109079 -26.506561107739326 9
      vertex -71.85674872892602 -29.03201098973318 9
      vertex -72.8261781109079 -26.506561107739326 10.25
    endloop
  endfacet
  facet normal -0.9335804264972009 -0.3583679495453025 0
    outer loop
      vertex -71.85674872892602 -29.03201098973318 9
      vertex -71.85674872892602 -29.03201098973318 10.25
      vertex -72.8261781109079 -26.506561107739326 10.25
    endloop
  endfacet
  facet normal 0 0 1
    outer loop
      vertex -70.79977296730156 -31.522089838374516 10.25
      vertex -73.59677760193478 -24.26857768356762 10.25
      vertex -71.85674872892602 -29.03201098973318 10.25
    endloop
  endfacet
  facet normal -0.92050485345244 -0.3907311284892745 0
    outer loop
      vertex -70.79977296730156 -31.522089838374516 9
      vertex -70.79977296730156 -31.522089838374516 10.25
      vertex -71.85674872892602 -29.03201098973318 10.25
    endloop
  endfacet
  facet normal 0 0 1
    outer loop
      vertex -70.79977296730156 -31.522089838374516 10.25
      vertex -68.05688194204708 -31.373406959075197 10.25
      vertex -68.24184568590229 -30.383227237762277 10.25
    endloop
  endfacet
  facet normal 0 0 1
    outer loop
      vertex -70.79977296730156 -31.522089838374516 10.25
      vertex -68.24184568590229 -30.383227237762277 10.25
      vertex -69.26063393613903 -27.98311252816863 10.25
    endloop
  endfacet
  facet normal 0 0 1
    outer loop
      vertex -70.79977296730156 -31.522089838374516 10.25
      vertex -69.26063393613903 -27.98311252816863 10.25
      vertex -70.19503877270736 -25.548904706427454 10.25
    endloop
  endfacet
  facet normal 0 0 1
    outer loop
      vertex -72.8261781109079 -26.506561107739326 10.25
      vertex -71.85674872892602 -29.03201098973318 10.25
      vertex -73.59677760193478 -24.26857768356762 10.25
    endloop
  endfacet
  facet normal 0 0 1
    outer loop
      vertex -70.79977296730156 -31.522089838374516 10.25
      vertex -70.19503877270736 -25.548904706427454 10.25
      vertex -73.59677760193478 -24.26857768356762 10.25
    endloop
  endfacet
  facet normal -0.9455185755993174 -0.325568154457155 3.4511320010488326e-17
    outer loop
      vertex -72.8261781109079 -26.506561107739326 10.25
      vertex -73.59677760193478 -24.26857768356762 10.25
      vertex -73.59677760193478 -24.26857768356762 9
    endloop
  endfacet
  facet normal 0 0 1
    outer loop
      vertex -70.19503877270736 -25.548904706427454 10.25
      vertex -70.93779724986487 -23.391777457580666 10.25
      vertex -73.59677760193478 -24.26857768356762 10.25
    endloop
  endfacet
  facet normal 0.052335956242943994 -0.9986295347545739 0
    outer loop
      vertex 2.704710994443825 -77.45278909397992 -10.25
      vertex 5.4061267151697106 -77.31121389513638 -10.25
      vertex 2.704710994443825 -77.45278909397992 -9
    endloop
  endfacet
  facet normal 0 0 -1
    outer loop
      vertex 2.704710994443825 -77.45278909397992 -10.25
      vertex 2.6069924036768226 -74.65449477832645 -10.25
      vertex 5.21080858868616 -74.51803455440887 -10.25
    endloop
  endfacet
  facet normal 0 0 -1
    outer loop
      vertex 2.704710994443825 -77.45278909397992 -10.25
      vertex 5.21080858868616 -74.51803455440887 -10.25
      vertex 5.4061267151697106 -77.31121389513638 -10.25
    endloop
  endfacet
  facet normal 0.08715574274765778 -0.9961946980917455 0
    outer loop
      vertex 5.4061267151697106 -77.31121389513638 -10.25
      vertex 8.100955903243143 -77.07544689104118 -10.25
      vertex 5.4061267151697106 -77.31121389513638 -9
    endloop
  endfacet
  facet normal 0 0 -1
    outer loop
      vertex 5.4061267151697106 -77.31121389513638 -10.25
      vertex 5.21080858868616 -74.51803455440887 -10.25
      vertex 7.808276206093715 -74.29078558401002 -10.25
    endloop
  endfacet
  facet normal 0 0 -1
    outer loop
      vertex 5.4061267151697106 -77.31121389513638 -10.25
      vertex 7.808276206093715 -74.29078558401002 -10.25
      vertex 8.100955903243143 -77.07544689104118 -10.25
    endloop
  endfacet
  facet normal 0.12186934340514972 -0.9925461516413218 -1.486628104105945e-15
    outer loop
      vertex 8.100955903243143 -77.07544689104118 -10.25
      vertex 9.609495212683512 -76.89022155432677 -10.25
      vertex 9.226493949353753 -76.93724819626998 -9
    endloop
  endfacet
  facet normal 0 0 -1
    outer loop
      vertex 8.100955903243143 -77.07544689104118 -10.25
      vertex 8.807150022546162 -74.42085697150931 -10.25
      vertex 9.609495212683512 -76.89022155432677 -10.25
    endloop
  endfacet
  facet normal 0 0 -1
    outer loop
      vertex 8.100955903243143 -77.07544689104118 -10.25
      vertex 7.808276206093715 -74.29078558401002 -10.25
      vertex 8.807150022546162 -74.42085697150931 -10.25
    endloop
  endfacet
  facet normal 0.052335956242943994 -0.9986295347545739 0
    outer loop
      vertex 5.4061267151697106 -77.31121389513638 -10.25
      vertex 5.4061267151697106 -77.31121389513638 -9
      vertex 2.704710994443825 -77.45278909397992 -9
    endloop
  endfacet
  facet normal 0.08715574274765778 -0.9961946980917455 0
    outer loop
      vertex 8.100955903243143 -77.07544689104118 -10.25
      vertex 8.100955903243143 -77.07544689104118 -9
      vertex 5.4061267151697106 -77.31121389513638 -9
    endloop
  endfacet
  facet normal 0.12186934340514811 -0.992546151641322 0
    outer loop
      vertex 8.100955903243143 -77.07544689104118 -10.25
      vertex 9.226493949353753 -76.93724819626998 -9
      vertex 8.100955903243143 -77.07544689104118 -9
    endloop
  endfacet
  facet normal 0 0 -1
    outer loop
      vertex 7.808276206093715 -74.29078558401002 -10.25
      vertex 10.057391204205304 -74.01462898654675 -10.25
      vertex 8.807150022546162 -74.42085697150931 -10.25
    endloop
  endfacet
  facet normal 0 0 -1
    outer loop
      vertex 37.42069334070846 -67.85381550669574 -10.25
      vertex 36.6183481505711 -65.38445092387826 -10.25
      vertex 38.75 -67.11696879329399 -10.25
    endloop
  endfacet
  facet normal 0 0 -1
    outer loop
      vertex 35.36810696891203 -65.7906789088408 -10.25
      vertex 37.35 -64.69209766269756 -10.25
      vertex 36.6183481505711 -65.38445092387826 -10.25
    endloop
  endfacet
  facet normal 0 0 -1
    outer loop
      vertex 36.6183481505711 -65.38445092387826 -10.25
      vertex 37.35 -64.69209766269756 -10.25
      vertex 38.75 -67.11696879329399 -10.25
    endloop
  endfacet
  facet normal 0.4848096202463391 -0.8746197071393946 -1.559225296133871e-15
    outer loop
      vertex 37.42069334070846 -67.85381550669574 -10.25
      vertex 38.75 -67.11696879329399 -10.25
      vertex 37.75818943820836 -67.66673836502156 -9
    endloop
  endfacet
  facet normal 0.5150380749100534 -0.8571673007021128 0
    outer loop
      vertex 38.75 -67.11696879329399 -10.25
      vertex 41.06874297807338 -65.72372745212301 -10.25
      vertex 38.75 -67.11696879329399 -9
    endloop
  endfacet
  facet normal 0 0 -1
    outer loop
      vertex 37.35 -64.69209766269756 -10.25
      vertex 39.58496903822041 -63.34919278288502 -10.25
      vertex 38.75 -67.11696879329399 -10.25
    endloop
  endfacet
  facet normal 0 0 -1
    outer loop
      vertex 38.75 -67.11696879329399 -10.25
      vertex 39.58496903822041 -63.34919278288502 -10.25
      vertex 41.06874297807338 -65.72372745212301 -10.25
    endloop
  endfacet
  facet normal 0.544639035015025 -0.8386705679454255 0
    outer loop
      vertex 41.06874297807338 -65.72372745212301 -10.25
      vertex 43.337450018982885 -64.25041187301574 -10.25
      vertex 41.06874297807338 -65.72372745212301 -9
    endloop
  endfacet
  facet normal 0 0 -1
    outer loop
      vertex 41.06874297807338 -65.72372745212301 -10.25
      vertex 39.58496903822041 -63.34919278288502 -10.25
      vertex 41.7717098892648 -61.92910666986162 -10.25
    endloop
  endfacet
  facet normal 0 0 -1
    outer loop
      vertex 41.06874297807338 -65.72372745212301 -10.25
      vertex 41.7717098892648 -61.92910666986162 -10.25
      vertex 43.337450018982885 -64.25041187301574 -10.25
    endloop
  endfacet
  facet normal 0 0 -1
    outer loop
      vertex 41.7717098892648 -61.92910666986162 -10.25
      vertex 43.90755834624775 -60.433569479808575 -10.25
      vertex 43.337450018982885 -64.25041187301574 -10.25
    endloop
  endfacet
  facet normal 0.5735764363510482 -0.8191520442889902 0
    outer loop
      vertex 43.337450018982885 -64.25041187301574 -10.25
      vertex 45.55335705266667 -62.698817064058424 -10.25
      vertex 43.337450018982885 -64.25041187301574 -9
    endloop
  endfacet
  facet normal 0 0 -1
    outer loop
      vertex 43.337450018982885 -64.25041187301574 -10.25
      vertex 43.90755834624775 -60.433569479808575 -10.25
      vertex 45.55335705266667 -62.698817064058424 -10.25
    endloop
  endfacet
  facet normal 0 0 -1
    outer loop
      vertex 43.90755834624775 -60.433569479808575 -10.25
      vertex 45.98991220682667 -58.864403294422125 -10.25
      vertex 45.55335705266667 -62.698817064058424 -10.25
    endloop
  endfacet
  facet normal 0.4848096202463406 -0.8746197071393937 -1.893326082542956e-17
    outer loop
      vertex 37.75818943820836 -67.66673836502156 -9
      vertex 38.75 -67.11696879329399 -10.25
      vertex 38.75 -67.11696879329399 -9
    endloop
  endfacet
  facet normal 0.5150380749100534 -0.8571673007021128 0
    outer loop
      vertex 41.06874297807338 -65.72372745212301 -10.25
      vertex 41.06874297807338 -65.72372745212301 -9
      vertex 38.75 -67.11696879329399 -9
    endloop
  endfacet
  facet normal 0.544639035015025 -0.8386705679454255 0
    outer loop
      vertex 43.337450018982885 -64.25041187301574 -10.25
      vertex 43.337450018982885 -64.25041187301574 -9
      vertex 41.06874297807338 -65.72372745212301 -9
    endloop
  endfacet
  facet normal 0.5735764363510482 -0.8191520442889902 -3.875105010692373e-17
    outer loop
      vertex 43.337450018982885 -64.25041187301574 -9
      vertex 45.55335705266667 -62.698817064058424 -10.25
      vertex 45.55335705266667 -62.698817064058424 -9
    endloop
  endfacet
  facet normal 0.6018150231520493 -0.7986355100472919 0
    outer loop
      vertex 45.55335705266667 -62.698817064058424 -10.25
      vertex 47.71376433773852 -61.07083340452095 -10.25
      vertex 45.55335705266667 -62.698817064058424 -9
    endloop
  endfacet
  facet normal 0 0 -1
    outer loop
      vertex 45.55335705266667 -62.698817064058424 -10.25
      vertex 45.98991220682667 -58.864403294422125 -10.25
      vertex 47.71376433773852 -61.07083340452095 -10.25
    endloop
  endfacet
  facet normal 0.6293203910498378 -0.7771459614569705 0
    outer loop
      vertex 47.71376433773852 -61.07083340452095 -10.25
      vertex 49.81603975070679 -59.368444341720796 -10.25
      vertex 47.71376433773852 -61.07083340452095 -9
    endloop
  endfacet
  facet normal 0.6018150231520493 -0.7986355100472919 0
    outer loop
      vertex 47.71376433773852 -61.07083340452095 -10.25
      vertex 47.71376433773852 -61.07083340452095 -9
      vertex 45.55335705266667 -62.698817064058424 -9
    endloop
  endfacet
  facet normal 0 0 -1
    outer loop
      vertex 45.98991220682667 -58.864403294422125 -10.25
      vertex 48.01623444358449 -57.22351990098766 -10.25
      vertex 47.71376433773852 -61.07083340452095 -10.25
    endloop
  endfacet
  facet normal 0 0 -1
    outer loop
      vertex 47.71376433773852 -61.07083340452095 -10.25
      vertex 48.01623444358449 -57.22351990098766 -10.25
      vertex 49.81603975070679 -59.368444341720796 -10.25
    endloop
  endfacet
  facet normal 0.6560590289905048 -0.7547095802227741 0
    outer loop
      vertex 49.81603975070679 -59.368444341720796 -10.25
      vertex 51.85762199281152 -57.593723974498054 -10.25
      vertex 49.81603975070679 -59.368444341720796 -9
    endloop
  endfacet
  facet normal 0 0 -1
    outer loop
      vertex 49.81603975070679 -59.368444341720796 -10.25
      vertex 48.01623444358449 -57.22351990098766 -10.25
      vertex 49.98405629500671 -55.512918463161355 -10.25
    endloop
  endfacet
  facet normal 0 0 -1
    outer loop
      vertex 49.81603975070679 -59.368444341720796 -10.25
      vertex 50.868616231070206 -55.03102512791836 -10.25
      vertex 51.85762199281152 -57.593723974498054 -10.25
    endloop
  endfacet
  facet normal 0 0 -1
    outer loop
      vertex 49.81603975070679 -59.368444341720796 -10.25
      vertex 49.98405629500671 -55.512918463161355 -10.25
      vertex 50.868616231070206 -55.03102512791836 -10.25
    endloop
  endfacet
  facet normal 0 0 -1
    outer loop
      vertex 49.98405629500671 -55.512918463161355 -10.25
      vertex 51.64130777547039 -53.967506456105006 -10.25
      vertex 50.868616231070206 -55.03102512791836 -10.25
    endloop
  endfacet
  facet normal 0.6819983600625007 -0.7313537016191684 1.1320836558122575e-15
    outer loop
      vertex 51.85762199281152 -57.593723974498054 -10.25
      vertex 52.96918320955978 -56.55717637071476 -10.25
      vertex 52.68697024525798 -56.82034421742981 -9
    endloop
  endfacet
  facet normal 0 0 -1
    outer loop
      vertex 51.85762199281152 -57.593723974498054 -10.25
      vertex 50.868616231070206 -55.03102512791836 -10.25
      vertex 52.96918320955978 -56.55717637071476 -10.25
    endloop
  endfacet
  facet normal 0.6293203910498378 -0.7771459614569705 0
    outer loop
      vertex 49.81603975070679 -59.368444341720796 -10.25
      vertex 49.81603975070679 -59.368444341720796 -9
      vertex 47.71376433773852 -61.07083340452095 -9
    endloop
  endfacet
  facet normal 0.6560590289905048 -0.7547095802227741 0
    outer loop
      vertex 51.85762199281152 -57.593723974498054 -10.25
      vertex 51.85762199281152 -57.593723974498054 -9
      vertex 49.81603975070679 -59.368444341720796 -9
    endloop
  endfacet
  facet normal 0.6819983600625017 -0.7313537016191676 0
    outer loop
      vertex 51.85762199281152 -57.593723974498054 -10.25
      vertex 52.68697024525798 -56.82034421742981 -9
      vertex 51.85762199281152 -57.593723974498054 -9
    endloop
  endfacet
  facet normal 0 0 -1
    outer loop
      vertex 67.28419039764687 -32.4369256308886 -10.25
      vertex 68.24184568590229 -30.383227237762277 -10.25
      vertex 68.05688194204708 -31.373406959075197 -10.25
    endloop
  endfacet
  facet normal 0.9063077870366519 -0.4226182617406953 5.4056073786859064e-15
    outer loop
      vertex 70.15744892053665 -32.89955820187159 -10.25
      vertex 70.79977296730156 -31.522089838374516 -10.25
      vertex 70.32052781403218 -32.54983438618138 -9
    endloop
  endfacet
  facet normal 0 0 -1
    outer loop
      vertex 68.05688194204708 -31.373406959075197 -10.25
      vertex 70.79977296730156 -31.522089838374516 -10.25
      vertex 70.15744892053665 -32.89955820187159 -10.25
    endloop
  endfacet
  facet normal 0.9063077870366495 -0.4226182617407007 0
    outer loop
      vertex 70.79977296730156 -31.522089838374516 -10.25
      vertex 70.79977296730156 -31.522089838374516 -9
      vertex 70.32052781403218 -32.54983438618138 -9
    endloop
  endfacet
  facet normal 0.052335956242943994 -0.9986295347545739 0
    outer loop
      vertex 2.704710994443825 -77.45278909397992 9
      vertex 5.4061267151697106 -77.31121389513638 9
      vertex 2.704710994443825 -77.45278909397992 10.25
    endloop
  endfacet
  facet normal 0.08715574274765778 -0.9961946980917455 0
    outer loop
      vertex 5.4061267151697106 -77.31121389513638 9
      vertex 8.100955903243143 -77.07544689104118 9
      vertex 5.4061267151697106 -77.31121389513638 10.25
    endloop
  endfacet
  facet normal 0.12186934340514811 -0.992546151641322 0
    outer loop
      vertex 8.100955903243143 -77.07544689104118 9
      vertex 9.226493949353753 -76.93724819626998 9
      vertex 8.100955903243143 -77.07544689104118 10.25
    endloop
  endfacet
  facet normal 0.052335956242943994 -0.9986295347545739 0
    outer loop
      vertex 5.4061267151697106 -77.31121389513638 9
      vertex 5.4061267151697106 -77.31121389513638 10.25
      vertex 2.704710994443825 -77.45278909397992 10.25
    endloop
  endfacet
  facet normal 0 0 1
    outer loop
      vertex 2.704710994443825 -77.45278909397992 10.25
      vertex 5.4061267151697106 -77.31121389513638 10.25
      vertex 2.6069924036768226 -74.65449477832645 10.25
    endloop
  endfacet
  facet normal 0 0 1
    outer loop
      vertex 2.6069924036768226 -74.65449477832645 10.25
      vertex 5.4061267151697106 -77.31121389513638 10.25
      vertex 5.21080858868616 -74.51803455440887 10.25
    endloop
  endfacet
  facet normal 0.08715574274765778 -0.9961946980917455 0
    outer loop
      vertex 8.100955903243143 -77.07544689104118 9
      vertex 8.100955903243143 -77.07544689104118 10.25
      vertex 5.4061267151697106 -77.31121389513638 10.25
    endloop
  endfacet
  facet normal 0 0 1
    outer loop
      vertex 5.4061267151697106 -77.31121389513638 10.25
      vertex 8.100955903243143 -77.07544689104118 10.25
      vertex 5.21080858868616 -74.51803455440887 10.25
    endloop
  endfacet
  facet normal 0 0 1
    outer loop
      vertex 5.21080858868616 -74.51803455440887 10.25
      vertex 8.100955903243143 -77.07544689104118 10.25
      vertex 7.808276206093715 -74.29078558401002 10.25
    endloop
  endfacet
  facet normal 0.12186934340514051 -0.9925461516413229 -6.937112917585798e-15
    outer loop
      vertex 9.226493949353753 -76.93724819626998 9
      vertex 9.609495212683512 -76.89022155432679 10.25
      vertex 8.100955903243143 -77.07544689104118 10.25
    endloop
  endfacet
  facet normal 0 0 1
    outer loop
      vertex 8.100955903243143 -77.07544689104118 10.25
      vertex 9.609495212683512 -76.89022155432679 10.25
      vertex 8.807150022546162 -74.4208569715093 10.25
    endloop
  endfacet
  facet normal 0 0 1
    outer loop
      vertex 8.100955903243143 -77.07544689104118 10.25
      vertex 8.807150022546162 -74.4208569715093 10.25
      vertex 7.808276206093715 -74.29078558401002 10.25
    endloop
  endfacet
  facet normal 0 0 1
    outer loop
      vertex 7.808276206093715 -74.29078558401002 10.25
      vertex 8.807150022546162 -74.4208569715093 10.25
      vertex 10.057391204205233 -74.01462898654677 10.25
    endloop
  endfacet
  facet normal 0.4848096202463406 -0.8746197071393937 -1.893326082542956e-17
    outer loop
      vertex 37.75818943820836 -67.66673836502156 9
      vertex 38.75 -67.11696879329399 9
      vertex 38.75 -67.11696879329399 10.25
    endloop
  endfacet
  facet normal 0.5150380749100534 -0.8571673007021128 0
    outer loop
      vertex 38.75 -67.11696879329399 9
      vertex 41.06874297807338 -65.72372745212301 9
      vertex 38.75 -67.11696879329399 10.25
    endloop
  endfacet
  facet normal 0.544639035015025 -0.8386705679454255 0
    outer loop
      vertex 41.06874297807338 -65.72372745212301 9
      vertex 43.337450018982885 -64.25041187301574 9
      vertex 41.06874297807338 -65.72372745212301 10.25
    endloop
  endfacet
  facet normal 0.5735764363510482 -0.8191520442889902 0
    outer loop
      vertex 43.337450018982885 -64.25041187301574 9
      vertex 45.55335705266667 -62.698817064058424 9
      vertex 43.337450018982885 -64.25041187301574 10.25
    endloop
  endfacet
  facet normal 0 0 1
    outer loop
      vertex 37.42069334070846 -67.85381550669574 10.25
      vertex 38.75 -67.11696879329399 10.25
      vertex 36.6183481505711 -65.38445092387825 10.25
    endloop
  endfacet
  facet normal 0 0 1
    outer loop
      vertex 35.368106968912095 -65.79067890884077 10.25
      vertex 36.6183481505711 -65.38445092387825 10.25
      vertex 37.35 -64.69209766269756 10.25
    endloop
  endfacet
  facet normal 0 0 1
    outer loop
      vertex 36.6183481505711 -65.38445092387825 10.25
      vertex 38.75 -67.11696879329399 10.25
      vertex 37.35 -64.69209766269756 10.25
    endloop
  endfacet
  facet normal 0.4848096202463391 -0.8746197071393946 1.5485898912326898e-15
    outer loop
      vertex 37.75818943820836 -67.66673836502156 9
      vertex 38.75 -67.11696879329399 10.25
      vertex 37.42069334070846 -67.85381550669574 10.25
    endloop
  endfacet
  facet normal 0.5150380749100534 -0.8571673007021128 0
    outer loop
      vertex 41.06874297807338 -65.72372745212301 9
      vertex 41.06874297807338 -65.72372745212301 10.25
      vertex 38.75 -67.11696879329399 10.25
    endloop
  endfacet
  facet normal 0 0 1
    outer loop
      vertex 37.35 -64.69209766269756 10.25
      vertex 38.75 -67.11696879329399 10.25
      vertex 41.06874297807338 -65.72372745212301 10.25
    endloop
  endfacet
  facet normal 0 0 1
    outer loop
      vertex 37.35 -64.69209766269756 10.25
      vertex 41.06874297807338 -65.72372745212301 10.25
      vertex 39.58496903822041 -63.34919278288502 10.25
    endloop
  endfacet
  facet normal 0 0 1
    outer loop
      vertex 41.06874297807338 -65.72372745212301 10.25
      vertex 43.337450018982885 -64.25041187301574 10.25
      vertex 39.58496903822041 -63.34919278288502 10.25
    endloop
  endfacet
  facet normal 0.544639035015025 -0.8386705679454255 0
    outer loop
      vertex 43.337450018982885 -64.25041187301574 9
      vertex 43.337450018982885 -64.25041187301574 10.25
      vertex 41.06874297807338 -65.72372745212301 10.25
    endloop
  endfacet
  facet normal 0 0 1
    outer loop
      vertex 39.58496903822041 -63.34919278288502 10.25
      vertex 43.337450018982885 -64.25041187301574 10.25
      vertex 41.7717098892648 -61.92910666986162 10.25
    endloop
  endfacet
  facet normal 0 0 1
    outer loop
      vertex 41.7717098892648 -61.92910666986162 10.25
      vertex 43.337450018982885 -64.25041187301574 10.25
      vertex 45.55335705266667 -62.698817064058424 10.25
    endloop
  endfacet
  facet normal 0.5735764363510482 -0.8191520442889902 -3.875105010692373e-17
    outer loop
      vertex 43.337450018982885 -64.25041187301574 10.25
      vertex 45.55335705266667 -62.698817064058424 9
      vertex 45.55335705266667 -62.698817064058424 10.25
    endloop
  endfacet
  facet normal 0 0 1
    outer loop
      vertex 41.7717098892648 -61.92910666986162 10.25
      vertex 45.55335705266667 -62.698817064058424 10.25
      vertex 43.90755834624775 -60.433569479808575 10.25
    endloop
  endfacet
  facet normal 0 0 1
    outer loop
      vertex 43.90755834624775 -60.433569479808575 10.25
      vertex 45.55335705266667 -62.698817064058424 10.25
      vertex 47.71376433773852 -61.07083340452095 10.25
    endloop
  endfacet
  facet normal 0 0 1
    outer loop
      vertex 43.90755834624775 -60.433569479808575 10.25
      vertex 47.71376433773852 -61.07083340452095 10.25
      vertex 45.98991220682667 -58.864403294422125 10.25
    endloop
  endfacet
  facet normal 0.6018150231520493 -0.7986355100472919 0
    outer loop
      vertex 45.55335705266667 -62.698817064058424 9
      vertex 47.71376433773852 -61.07083340452095 9
      vertex 45.55335705266667 -62.698817064058424 10.25
    endloop
  endfacet
  facet normal 0.6293203910498378 -0.7771459614569705 0
    outer loop
      vertex 47.71376433773852 -61.07083340452095 9
      vertex 49.81603975070679 -59.368444341720796 9
      vertex 47.71376433773852 -61.07083340452095 10.25
    endloop
  endfacet
  facet normal 0.6018150231520493 -0.7986355100472919 0
    outer loop
      vertex 47.71376433773852 -61.07083340452095 9
      vertex 47.71376433773852 -61.07083340452095 10.25
      vertex 45.55335705266667 -62.698817064058424 10.25
    endloop
  endfacet
  facet normal 0.6560590289905048 -0.7547095802227741 0
    outer loop
      vertex 49.81603975070679 -59.368444341720796 9
      vertex 51.85762199281152 -57.593723974498054 9
      vertex 49.81603975070679 -59.368444341720796 10.25
    endloop
  endfacet
  facet normal 0.6819983600625017 -0.7313537016191676 0
    outer loop
      vertex 51.85762199281152 -57.593723974498054 9
      vertex 52.68697024525798 -56.82034421742981 9
      vertex 51.85762199281152 -57.593723974498054 10.25
    endloop
  endfacet
  facet normal 0 0 1
    outer loop
      vertex 45.98991220682667 -58.864403294422125 10.25
      vertex 47.71376433773852 -61.07083340452095 10.25
      vertex 49.81603975070679 -59.368444341720796 10.25
    endloop
  endfacet
  facet normal 0 0 1
    outer loop
      vertex 45.98991220682667 -58.864403294422125 10.25
      vertex 49.81603975070679 -59.368444341720796 10.25
      vertex 48.01623444358449 -57.22351990098766 10.25
    endloop
  endfacet
  facet normal 0.6293203910498378 -0.7771459614569705 0
    outer loop
      vertex 49.81603975070679 -59.368444341720796 9
      vertex 49.81603975070679 -59.368444341720796 10.25
      vertex 47.71376433773852 -61.07083340452095 10.25
    endloop
  endfacet
  facet normal 0 0 1
    outer loop
      vertex 49.81603975070679 -59.368444341720796 10.25
      vertex 49.98405629500671 -55.512918463161355 10.25
      vertex 48.01623444358449 -57.22351990098766 10.25
    endloop
  endfacet
  facet normal 0.6560590289905048 -0.7547095802227741 0
    outer loop
      vertex 51.85762199281152 -57.593723974498054 9
      vertex 51.85762199281152 -57.593723974498054 10.25
      vertex 49.81603975070679 -59.368444341720796 10.25
    endloop
  endfacet
  facet normal 0 0 1
    outer loop
      vertex 49.81603975070679 -59.368444341720796 10.25
      vertex 51.85762199281152 -57.593723974498054 10.25
      vertex 50.868616231070206 -55.03102512791836 10.25
    endloop
  endfacet
  facet normal 0 0 1
    outer loop
      vertex 49.81603975070679 -59.368444341720796 10.25
      vertex 50.868616231070206 -55.03102512791836 10.25
      vertex 49.98405629500671 -55.512918463161355 10.25
    endloop
  endfacet
  facet normal 0 0 1
    outer loop
      vertex 49.98405629500671 -55.512918463161355 10.25
      vertex 50.868616231070206 -55.03102512791836 10.25
      vertex 51.64130777547039 -53.967506456105006 10.25
    endloop
  endfacet
  facet normal 0.6819983600625007 -0.7313537016191684 -1.122333466883533e-15
    outer loop
      vertex 52.68697024525798 -56.82034421742981 9
      vertex 52.96918320955978 -56.55717637071476 10.25
      vertex 51.85762199281152 -57.593723974498054 10.25
    endloop
  endfacet
  facet normal 0 0 1
    outer loop
      vertex 51.85762199281152 -57.593723974498054 10.25
      vertex 52.96918320955978 -56.55717637071476 10.25
      vertex 50.868616231070206 -55.03102512791836 10.25
    endloop
  endfacet
  facet normal 0.9063077870366495 -0.4226182617407007 1.0674807306447829e-17
    outer loop
      vertex 70.32052781403218 -32.54983438618138 9
      vertex 70.79977296730156 -31.522089838374516 9
      vertex 70.79977296730156 -31.522089838374516 10.25
    endloop
  endfacet
  facet normal 0 0 1
    outer loop
      vertex 67.28419039764687 -32.4369256308886 10.25
      vertex 68.05688194204708 -31.373406959075194 10.25
      vertex 68.24184568590229 -30.383227237762277 10.25
    endloop
  endfacet
  facet normal 0 0 1
    outer loop
      vertex 68.05688194204708 -31.373406959075194 10.25
      vertex 70.15744892053665 -32.89955820187159 10.25
      vertex 68.24184568590229 -30.383227237762277 10.25
    endloop
  endfacet
  facet normal 0.9063077870366519 -0.4226182617406953 -5.402738193183018e-15
    outer loop
      vertex 70.32052781403218 -32.54983438618138 9
      vertex 70.79977296730156 -31.522089838374516 10.25
      vertex 70.15744892053665 -32.89955820187159 10.25
    endloop
  endfacet
  facet normal 0 0 -1
    outer loop
      vertex 68.05688194204708 -31.373406959075197 -10.25
      vertex 68.24184568590229 -30.383227237762277 -10.25
      vertex 70.79977296730156 -31.522089838374516 -10.25
    endloop
  endfacet
  facet normal 0 0 -1
    outer loop
      vertex 68.24184568590229 -30.383227237762277 -10.25
      vertex 69.26063393613903 -27.98311252816863 -10.25
      vertex 70.79977296730156 -31.522089838374516 -10.25
    endloop
  endfacet
  facet normal 0 0 -1
    outer loop
      vertex 70.79977296730156 -31.522089838374516 -10.25
      vertex 69.26063393613903 -27.98311252816863 -10.25
      vertex 70.19503877270736 -25.548904706427454 -10.25
    endloop
  endfacet
  facet normal 0.92050485345244 -0.3907311284892745 0
    outer loop
      vertex 70.79977296730156 -31.522089838374516 -10.25
      vertex 71.85674872892602 -29.03201098973318 -10.25
      vertex 70.79977296730156 -31.522089838374516 -9
    endloop
  endfacet
  facet normal 0 0 -1
    outer loop
      vertex 70.79977296730156 -31.522089838374516 -10.25
      vertex 71.04392176724797 -23.08356947980857 -10.25
      vertex 71.85674872892602 -29.03201098973318 -10.25
    endloop
  endfacet
  facet normal 0.9335804264972009 -0.3583679495453025 0
    outer loop
      vertex 71.85674872892602 -29.03201098973318 -10.25
      vertex 72.8261781109079 -26.506561107739326 -10.25
      vertex 71.85674872892602 -29.03201098973318 -9
    endloop
  endfacet
  facet normal 0 0 -1
    outer loop
      vertex 70.79977296730156 -31.522089838374516 -10.25
      vertex 70.19503877270736 -25.548904706427454 -10.25
      vertex 71.04392176724797 -23.08356947980857 -10.25
    endloop
  endfacet
  facet normal 0 0 -1
    outer loop
      vertex 71.85674872892602 -29.03201098973318 -10.25
      vertex 71.04392176724797 -23.08356947980857 -10.25
      vertex 71.80624868659243 -20.590110479529837 -10.25
    endloop
  endfacet
  facet normal 0.9455185755993183 -0.32556815445715237 0
    outer loop
      vertex 72.8261781109079 -26.506561107739326 -10.25
      vertex 73.7068800128744 -23.948817064058424 -10.25
      vertex 72.8261781109079 -26.506561107739326 -9
    endloop
  endfacet
  facet normal 0 0 -1
    outer loop
      vertex 71.85674872892602 -29.03201098973318 -10.25
      vertex 72.48109075281694 -18.07156560129518 -10.25
      vertex 72.8261781109079 -26.506561107739326 -10.25
    endloop
  endfacet
  facet normal 0.92050485345244 -0.3907311284892745 0
    outer loop
      vertex 71.85674872892602 -29.03201098973318 -10.25
      vertex 71.85674872892602 -29.03201098973318 -9
      vertex 70.79977296730156 -31.522089838374516 -9
    endloop
  endfacet
  facet normal 0.9335804264972009 -0.3583679495453025 0
    outer loop
      vertex 72.8261781109079 -26.506561107739326 -10.25
      vertex 72.8261781109079 -26.506561107739326 -9
      vertex 71.85674872892602 -29.03201098973318 -9
    endloop
  endfacet
  facet normal 0.9455185755993183 -0.32556815445715237 0
    outer loop
      vertex 73.7068800128744 -23.948817064058424 -10.25
      vertex 73.7068800128744 -23.948817064058424 -9
      vertex 72.8261781109079 -26.506561107739326 -9
    endloop
  endfacet
  facet normal 0 0 -1
    outer loop
      vertex 71.85674872892602 -29.03201098973318 -10.25
      vertex 71.80624868659243 -20.590110479529837 -10.25
      vertex 72.48109075281694 -18.07156560129518 -10.25
    endloop
  endfacet
  facet normal 0 0 -1
    outer loop
      vertex 72.8261781109079 -26.506561107739326 -10.25
      vertex 72.48109075281694 -18.07156560129518 -10.25
      vertex 73.06762577481528 -15.531003304086623 -10.25
    endloop
  endfacet
  facet normal 0 0 -1
    outer loop
      vertex 72.8261781109079 -26.506561107739326 -10.25
      vertex 73.06762577481528 -15.531003304086623 -10.25
      vertex 73.5 -14.621212121212121 -10.25
    endloop
  endfacet
  facet normal 0.956304755963035 -0.29237170472273816 0
    outer loop
      vertex 73.7068800128744 -23.948817064058424 -10.25
      vertex 74.49778143521971 -21.361895075817436 -10.25
      vertex 73.7068800128744 -23.948817064058424 -9
    endloop
  endfacet
  facet normal 0 0 -1
    outer loop
      vertex 72.8261781109079 -26.506561107739326 -10.25
      vertex 73.5 -14.621212121212121 -10.25
      vertex 73.7068800128744 -23.948817064058424 -10.25
    endloop
  endfacet
  facet normal 0.9659258262890682 -0.25881904510252063 0
    outer loop
      vertex 74.49778143521971 -21.361895075817436 -10.25
      vertex 75.19791878638972 -18.74894690897425 -10.25
      vertex 74.49778143521971 -21.361895075817436 -9
    endloop
  endfacet
  facet normal 0 0 -1
    outer loop
      vertex 73.7068800128744 -23.948817064058424 -10.25
      vertex 76.09644357670446 -14.621212121212121 -10.25
      vertex 74.49778143521971 -21.361895075817436 -10.25
    endloop
  endfacet
  facet normal 0 0 -1
    outer loop
      vertex 73.7068800128744 -23.948817064058424 -10.25
      vertex 73.5 -14.621212121212121 -10.25
      vertex 76.09644357670446 -14.621212121212121 -10.25
    endloop
  endfacet
  facet normal 0 0 -1
    outer loop
      vertex 74.49778143521971 -21.361895075817436 -10.25
      vertex 76.09644357670446 -14.621212121212121 -10.25
      vertex 75.19791878638972 -18.74894690897425 -10.25
    endloop
  endfacet
  facet normal 0.9743700647852339 -0.22495105434387075 0
    outer loop
      vertex 75.19791878638972 -18.74894690897425 -10.25
      vertex 75.80643905686995 -16.11315603837635 -10.25
      vertex 75.19791878638972 -18.74894690897425 -9
    endloop
  endfacet
  facet normal 0.956304755963035 -0.29237170472273816 5.618442441769775e-17
    outer loop
      vertex 73.7068800128744 -23.948817064058424 -9
      vertex 74.49778143521971 -21.361895075817436 -10.25
      vertex 74.49778143521971 -21.361895075817436 -9
    endloop
  endfacet
  facet normal 0.9659258262890682 -0.25881904510252063 0
    outer loop
      vertex 75.19791878638972 -18.74894690897425 -10.25
      vertex 75.19791878638972 -18.74894690897425 -9
      vertex 74.49778143521971 -21.361895075817436 -9
    endloop
  endfacet
  facet normal 0.9743700647852339 -0.22495105434387075 0
    outer loop
      vertex 75.80643905686995 -16.11315603837635 -10.25
      vertex 75.80643905686995 -16.11315603837635 -9
      vertex 75.19791878638972 -18.74894690897425 -9
    endloop
  endfacet
  facet normal 0 0 -1
    outer loop
      vertex 75.19791878638972 -18.74894690897425 -10.25
      vertex 76.09644357670446 -14.621212121212121 -10.25
      vertex 75.80643905686995 -16.11315603837635 -10.25
    endloop
  endfacet
  facet normal 0 0 -1
    outer loop
      vertex 73.06762577481528 -15.531003304086623 -10.25
      vertex 73.5 -13.306630747510539 -10.25
      vertex 73.5 -14.621212121212121 -10.25
    endloop
  endfacet
  facet normal 0.9816271834476652 -0.19080899537653834 -2.714793591693141e-15
    outer loop
      vertex 75.80643905686995 -16.11315603837635 -10.25
      vertex 76.09644357670446 -14.621212121212121 -10.25
      vertex 76.02281467172806 -15 -9
    endloop
  endfacet
  facet normal 0.9816271834476646 -0.19080899537654128 0
    outer loop
      vertex 75.80643905686995 -16.11315603837635 -10.25
      vertex 76.02281467172806 -15 -9
      vertex 75.80643905686995 -16.11315603837635 -9
    endloop
  endfacet
  facet normal 0 0 -1
    outer loop
      vertex 73.5 14.621212121212121 -10.25
      vertex 73.06762577481528 15.531003304086623 -10.25
      vertex 73.00406947613571 23.368786880382185 -10.25
    endloop
  endfacet
  facet normal 0 0 -1
    outer loop
      vertex 72.48109075281694 18.07156560129518 -10.25
      vertex 73.00406947613571 23.368786880382185 -10.25
      vertex 73.06762577481528 15.531003304086623 -10.25
    endloop
  endfacet
  facet normal 0 0 -1
    outer loop
      vertex 73.5 13.306630747510539 -10.25
      vertex 73.06762577481528 15.531003304086623 -10.25
      vertex 73.5 14.621212121212121 -10.25
    endloop
  endfacet
  facet normal 0 0 -1
    outer loop
      vertex 73.5 14.621212121212121 -10.25
      vertex 75.80643905686995 16.11315603837635 -10.25
      vertex 76.09644357670446 14.621212121212121 -10.25
    endloop
  endfacet
  facet normal 0.9816271834476652 0.19080899537653834 -2.704796553294484e-15
    outer loop
      vertex 76.09644357670446 14.621212121212121 -10.25
      vertex 75.80643905686995 16.11315603837635 -10.25
      vertex 76.02281467172806 15 -9
    endloop
  endfacet
  facet normal 0 0 -1
    outer loop
      vertex 73.5 14.621212121212121 -10.25
      vertex 75.19791878638972 18.74894690897425 -10.25
      vertex 75.80643905686995 16.11315603837635 -10.25
    endloop
  endfacet
  facet normal 0.9743700647852339 0.22495105434387075 0
    outer loop
      vertex 75.80643905686995 16.11315603837635 -10.25
      vertex 75.19791878638972 18.74894690897425 -10.25
      vertex 75.80643905686995 16.11315603837635 -9
    endloop
  endfacet
  facet normal 0 0 -1
    outer loop
      vertex 73.5 14.621212121212121 -10.25
      vertex 74.49778143521971 21.361895075817436 -10.25
      vertex 75.19791878638972 18.74894690897425 -10.25
    endloop
  endfacet
  facet normal 0 0 -1
    outer loop
      vertex 73.5 14.621212121212121 -10.25
      vertex 73.80575586710174 23.625408717354055 -10.25
      vertex 74.49778143521971 21.361895075817436 -10.25
    endloop
  endfacet
  facet normal 0.9659258262890682 0.25881904510252063 0
    outer loop
      vertex 75.19791878638972 18.74894690897425 -10.25
      vertex 74.49778143521971 21.361895075817436 -10.25
      vertex 75.19791878638972 18.74894690897425 -9
    endloop
  endfacet
  facet normal 0.9816271834476646 0.19080899537654128 0
    outer loop
      vertex 75.80643905686995 16.11315603837635 -10.25
      vertex 75.80643905686995 16.11315603837635 -9
      vertex 76.02281467172806 15 -9
    endloop
  endfacet
  facet normal 0.9743700647852339 0.22495105434387075 0
    outer loop
      vertex 75.19791878638972 18.74894690897425 -10.25
      vertex 75.19791878638972 18.74894690897425 -9
      vertex 75.80643905686995 16.11315603837635 -9
    endloop
  endfacet
  facet normal 0 0 -1
    outer loop
      vertex 72.48109075281694 18.07156560129518 -10.25
      vertex 71.80624868659243 20.590110479529837 -10.25
      vertex 73.00406947613571 23.368786880382185 -10.25
    endloop
  endfacet
  facet normal 0 0 -1
    outer loop
      vertex 71.80624868659243 20.590110479529837 -10.25
      vertex 71.13922533254839 22.77184556369481 -10.25
      vertex 73.00406947613571 23.368786880382185 -10.25
    endloop
  endfacet
  facet normal 0 0 -1
    outer loop
      vertex 73.5 14.621212121212121 -10.25
      vertex 73.00406947613571 23.368786880382185 -10.25
      vertex 73.80575586710174 23.625408717354055 -10.25
    endloop
  endfacet
  facet normal 0.956304755963035 0.2923717047227388 -2.0243464552106356e-17
    outer loop
      vertex 74.49778143521971 21.361895075817436 -10.25
      vertex 73.80575586710174 23.625408717354055 -10.25
      vertex 73.80575586710174 23.625408717354055 -9
    endloop
  endfacet
  facet normal 0.9659258262890682 0.25881904510252063 0
    outer loop
      vertex 74.49778143521971 21.361895075817436 -10.25
      vertex 74.49778143521971 21.361895075817436 -9
      vertex 75.19791878638972 18.74894690897425 -9
    endloop
  endfacet
  facet normal 0.956304755963035 0.2923717047227388 0
    outer loop
      vertex 74.49778143521971 21.361895075817436 -10.25
      vertex 73.80575586710174 23.625408717354055 -9
      vertex 74.49778143521971 21.361895075817436 -9
    endloop
  endfacet
  facet normal 0.92050485345244 -0.3907311284892745 0
    outer loop
      vertex 70.79977296730156 -31.522089838374516 9
      vertex 71.85674872892602 -29.03201098973318 9
      vertex 70.79977296730156 -31.522089838374516 10.25
    endloop
  endfacet
  facet normal 0.9335804264972009 -0.3583679495453025 0
    outer loop
      vertex 71.85674872892602 -29.03201098973318 9
      vertex 72.8261781109079 -26.506561107739326 9
      vertex 71.85674872892602 -29.03201098973318 10.25
    endloop
  endfacet
  facet normal 0.9455185755993183 -0.32556815445715237 0
    outer loop
      vertex 72.8261781109079 -26.506561107739326 9
      vertex 73.7068800128744 -23.948817064058424 9
      vertex 72.8261781109079 -26.506561107739326 10.25
    endloop
  endfacet
  facet normal 0 0 1
    outer loop
      vertex 68.24184568590229 -30.383227237762277 10.25
      vertex 70.15744892053665 -32.89955820187159 10.25
      vertex 69.26063393613903 -27.98311252816863 10.25
    endloop
  endfacet
  facet normal 0 0 1
    outer loop
      vertex 70.15744892053665 -32.89955820187159 10.25
      vertex 70.79977296730156 -31.522089838374516 10.25
      vertex 69.26063393613903 -27.98311252816863 10.25
    endloop
  endfacet
  facet normal 0 0 1
    outer loop
      vertex 70.79977296730156 -31.522089838374516 10.25
      vertex 70.19503877270736 -25.548904706427454 10.25
      vertex 69.26063393613903 -27.98311252816863 10.25
    endloop
  endfacet
  facet normal 0.92050485345244 -0.3907311284892745 0
    outer loop
      vertex 71.85674872892602 -29.03201098973318 9
      vertex 71.85674872892602 -29.03201098973318 10.25
      vertex 70.79977296730156 -31.522089838374516 10.25
    endloop
  endfacet
  facet normal 0 0 1
    outer loop
      vertex 70.79977296730156 -31.522089838374516 10.25
      vertex 71.85674872892602 -29.03201098973318 10.25
      vertex 70.19503877270736 -25.548904706427454 10.25
    endloop
  endfacet
  facet normal 0 0 1
    outer loop
      vertex 71.85674872892602 -29.03201098973318 10.25
      vertex 71.04392176724797 -23.08356947980857 10.25
      vertex 70.19503877270736 -25.548904706427454 10.25
    endloop
  endfacet
  facet normal 0.9335804264972009 -0.3583679495453025 0
    outer loop
      vertex 72.8261781109079 -26.506561107739326 9
      vertex 72.8261781109079 -26.506561107739326 10.25
      vertex 71.85674872892602 -29.03201098973318 10.25
    endloop
  endfacet
  facet normal 0 0 1
    outer loop
      vertex 71.85674872892602 -29.03201098973318 10.25
      vertex 71.80624868659243 -20.590110479529837 10.25
      vertex 71.04392176724797 -23.08356947980857 10.25
    endloop
  endfacet
  facet normal 0 0 1
    outer loop
      vertex 71.85674872892602 -29.03201098973318 10.25
      vertex 72.8261781109079 -26.506561107739326 10.25
      vertex 71.80624868659243 -20.590110479529837 10.25
    endloop
  endfacet
  facet normal 0.9455185755993183 -0.32556815445715237 0
    outer loop
      vertex 73.7068800128744 -23.948817064058424 9
      vertex 73.7068800128744 -23.948817064058424 10.25
      vertex 72.8261781109079 -26.506561107739326 10.25
    endloop
  endfacet
  facet normal 0.956304755963035 -0.29237170472273816 0
    outer loop
      vertex 73.7068800128744 -23.948817064058424 9
      vertex 74.49778143521971 -21.361895075817436 9
      vertex 73.7068800128744 -23.948817064058424 10.25
    endloop
  endfacet
  facet normal 0.9659258262890682 -0.25881904510252063 0
    outer loop
      vertex 74.49778143521971 -21.361895075817436 9
      vertex 75.19791878638972 -18.74894690897425 9
      vertex 74.49778143521971 -21.361895075817436 10.25
    endloop
  endfacet
  facet normal 0.9743700647852339 -0.22495105434387075 0
    outer loop
      vertex 75.19791878638972 -18.74894690897425 9
      vertex 75.80643905686995 -16.11315603837635 9
      vertex 75.19791878638972 -18.74894690897425 10.25
    endloop
  endfacet
  facet normal 0 0 1
    outer loop
      vertex 72.8261781109079 -26.506561107739326 10.25
      vertex 72.48109075281694 -18.07156560129518 10.25
      vertex 71.80624868659243 -20.590110479529837 10.25
    endloop
  endfacet
  facet normal 0 0 1
    outer loop
      vertex 72.8261781109079 -26.506561107739326 10.25
      vertex 73.06762577481528 -15.531003304086623 10.25
      vertex 72.48109075281694 -18.07156560129518 10.25
    endloop
  endfacet
  facet normal 0 0 1
    outer loop
      vertex 72.8261781109079 -26.506561107739326 10.25
      vertex 73.5 -14.621212121212121 10.25
      vertex 73.06762577481528 -15.531003304086623 10.25
    endloop
  endfacet
  facet normal 0.956304755963035 -0.29237170472273816 5.618442441769775e-17
    outer loop
      vertex 73.7068800128744 -23.948817064058424 10.25
      vertex 74.49778143521971 -21.361895075817436 9
      vertex 74.49778143521971 -21.361895075817436 10.25
    endloop
  endfacet
  facet normal 0 0 1
    outer loop
      vertex 72.8261781109079 -26.506561107739326 10.25
      vertex 73.7068800128744 -23.948817064058424 10.25
      vertex 73.5 -14.621212121212121 10.25
    endloop
  endfacet
  facet normal 0 0 1
    outer loop
      vertex 73.7068800128744 -23.948817064058424 10.25
      vertex 74.49778143521971 -21.361895075817436 10.25
      vertex 73.5 -14.621212121212121 10.25
    endloop
  endfacet
  facet normal 0.9659258262890682 -0.25881904510252063 0
    outer loop
      vertex 75.19791878638972 -18.74894690897425 9
      vertex 75.19791878638972 -18.74894690897425 10.25
      vertex 74.49778143521971 -21.361895075817436 10.25
    endloop
  endfacet
  facet normal 0 0 1
    outer loop
      vertex 74.49778143521971 -21.361895075817436 10.25
      vertex 75.19791878638972 -18.74894690897425 10.25
      vertex 73.5 -14.621212121212121 10.25
    endloop
  endfacet
  facet normal 0.9743700647852339 -0.22495105434387075 0
    outer loop
      vertex 75.80643905686995 -16.11315603837635 9
      vertex 75.80643905686995 -16.11315603837635 10.25
      vertex 75.19791878638972 -18.74894690897425 10.25
    endloop
  endfacet
  facet normal 0.9816271834476646 -0.19080899537654128 0
    outer loop
      vertex 75.80643905686995 -16.11315603837635 9
      vertex 76.02281467172806 -15 9
      vertex 75.80643905686995 -16.11315603837635 10.25
    endloop
  endfacet
  facet normal 0 0 1
    outer loop
      vertex 75.19791878638972 -18.74894690897425 10.25
      vertex 75.80643905686995 -16.11315603837635 10.25
      vertex 73.5 -14.621212121212121 10.25
    endloop
  endfacet
  facet normal 0 0 1
    outer loop
      vertex 73.5 -14.621212121212121 10.25
      vertex 75.80643905686995 -16.11315603837635 10.25
      vertex 76.09644357670446 -14.621212121212121 10.25
    endloop
  endfacet
  facet normal 0 0 1
    outer loop
      vertex 73.06762577481528 -15.531003304086623 10.25
      vertex 73.5 -14.621212121212121 10.25
      vertex 73.5 -13.306630747510539 10.25
    endloop
  endfacet
  facet normal 0.9816271834476652 -0.19080899537653834 2.7066329101178766e-15
    outer loop
      vertex 76.02281467172806 -15 9
      vertex 76.09644357670446 -14.621212121212121 10.25
      vertex 75.80643905686995 -16.11315603837635 10.25
    endloop
  endfacet
  facet normal 0.9816271834476646 0.19080899537654128 1.1472140342309668e-18
    outer loop
      vertex 76.02281467172806 15 9
      vertex 75.80643905686995 16.11315603837635 9
      vertex 75.80643905686995 16.11315603837635 10.25
    endloop
  endfacet
  facet normal 0.9743700647852339 0.22495105434387075 0
    outer loop
      vertex 75.80643905686995 16.11315603837635 9
      vertex 75.19791878638972 18.74894690897425 9
      vertex 75.80643905686995 16.11315603837635 10.25
    endloop
  endfacet
  facet normal 0.9659258262890682 0.25881904510252063 0
    outer loop
      vertex 75.19791878638972 18.74894690897425 9
      vertex 74.49778143521971 21.361895075817436 9
      vertex 75.19791878638972 18.74894690897425 10.25
    endloop
  endfacet
  facet normal 0 0 1
    outer loop
      vertex 72.48109075281694 18.07156560129518 10.25
      vertex 73.06762577481528 15.531003304086623 10.25
      vertex 73.80575586710174 23.625408717354055 10.25
    endloop
  endfacet
  facet normal 0 0 1
    outer loop
      vertex 73.5 13.306630747510539 10.25
      vertex 73.5 14.621212121212121 10.25
      vertex 73.06762577481528 15.531003304086623 10.25
    endloop
  endfacet
  facet normal 0.9816271834476652 0.19080899537653834 2.7074862443627318e-15
    outer loop
      vertex 76.02281467172806 15 9
      vertex 75.80643905686995 16.11315603837635 10.25
      vertex 76.09644357670446 14.621212121212121 10.25
    endloop
  endfacet
  facet normal 0 0 1
    outer loop
      vertex 73.5 14.621212121212121 10.25
      vertex 73.80575586710174 23.625408717354055 10.25
      vertex 73.06762577481528 15.531003304086623 10.25
    endloop
  endfacet
  facet normal 0 0 1
    outer loop
      vertex 73.5 14.621212121212121 10.25
      vertex 76.09644357670446 14.621212121212121 10.25
      vertex 73.80575586710174 23.625408717354055 10.25
    endloop
  endfacet
  facet normal 0 0 1
    outer loop
      vertex 76.09644357670446 14.621212121212121 10.25
      vertex 75.80643905686995 16.11315603837635 10.25
      vertex 75.19791878638972 18.74894690897425 10.25
    endloop
  endfacet
  facet normal 0.9743700647852339 0.22495105434387075 0
    outer loop
      vertex 75.19791878638972 18.74894690897425 9
      vertex 75.19791878638972 18.74894690897425 10.25
      vertex 75.80643905686995 16.11315603837635 10.25
    endloop
  endfacet
  facet normal 0 0 1
    outer loop
      vertex 76.09644357670446 14.621212121212121 10.25
      vertex 75.19791878638972 18.74894690897425 10.25
      vertex 74.49778143521971 21.361895075817436 10.25
    endloop
  endfacet
  facet normal 0 0 1
    outer loop
      vertex 76.09644357670446 14.621212121212121 10.25
      vertex 74.49778143521971 21.361895075817436 10.25
      vertex 73.80575586710174 23.625408717354055 10.25
    endloop
  endfacet
  facet normal 0.956304755963035 0.2923717047227388 -2.0243464552106356e-17
    outer loop
      vertex 74.49778143521971 21.361895075817436 9
      vertex 73.80575586710174 23.625408717354055 9
      vertex 73.80575586710174 23.625408717354055 10.25
    endloop
  endfacet
  facet normal 0 0 1
    outer loop
      vertex 72.48109075281694 18.07156560129518 10.25
      vertex 73.80575586710174 23.625408717354055 10.25
      vertex 71.80624868659243 20.590110479529837 10.25
    endloop
  endfacet
  facet normal 0 0 1
    outer loop
      vertex 71.80624868659243 20.590110479529837 10.25
      vertex 73.80575586710174 23.625408717354055 10.25
      vertex 71.13922533254839 22.77184556369481 10.25
    endloop
  endfacet
  facet normal 0.9659258262890682 0.25881904510252063 0
    outer loop
      vertex 74.49778143521971 21.361895075817436 9
      vertex 74.49778143521971 21.361895075817436 10.25
      vertex 75.19791878638972 18.74894690897425 10.25
    endloop
  endfacet
  facet normal 0.956304755963035 0.2923717047227388 0
    outer loop
      vertex 74.49778143521971 21.361895075817436 9
      vertex 73.80575586710174 23.625408717354055 10.25
      vertex 74.49778143521971 21.361895075817436 10.25
    endloop
  endfacet
  facet normal -0.5446390350150262 -0.8386705679454246 -7.30954646936294e-18
    outer loop
      vertex -50.043831416742584 -74.19303117329417 -9
      vertex -47.42404662000163 -75.89433931284114 -9
      vertex -47.42404662000163 -75.89433931284114 9
    endloop
  endfacet
  facet normal -0.4539904997395349 -0.8910065241883739 0
    outer loop
      vertex -42.014402538355625 -79.01759877959954 -9
      vertex -41.52699949578071 -79.26594303395247 -9
      vertex -42.014402538355625 -79.01759877959954 9
    endloop
  endfacet
  facet normal -0.5150380749100547 -0.857167300702112 -5.987787329836268e-18
    outer loop
      vertex -47.42404662000163 -75.89433931284114 -9
      vertex -44.7464829275686 -77.50318189056217 -9
      vertex -44.7464829275686 -77.50318189056217 9
    endloop
  endfacet
  facet normal -0.48480962024633895 -0.8746197071393947 0
    outer loop
      vertex -42.014402538355625 -79.01759877959954 -9
      vertex -42.014402538355625 -79.01759877959954 9
      vertex -44.7464829275686 -77.50318189056217 -9
    endloop
  endfacet
  facet normal 0 0 -1
    outer loop
      vertex -62.55384307312482 -63.98904694529559 -9
      vertex -59.88248250750055 -66.50623449187033 -9
      vertex -62.16703782847229 -64.37585218994812 -9
    endloop
  endfacet
  facet normal 0 0 -1
    outer loop
      vertex -57.524969605782715 -68.5555891915643 -9
      vertex -59.88248250750055 -66.50623449187033 -9
      vertex -62.55384307312482 -63.98904694529559 -9
    endloop
  endfacet
  facet normal 0 0 -1
    outer loop
      vertex -57.524969605782715 -68.5555891915643 -9
      vertex -62.55384307312482 -63.98904694529559 -9
      vertex -55.09737138964253 -70.5214194660073 -9
    endloop
  endfacet
  facet normal 0 0 -1
    outer loop
      vertex -55.09737138964253 -70.5214194660073 -9
      vertex -52.68697024525798 -56.82034421742981 -9
      vertex -52.6026455135635 -72.40133025382289 -9
    endloop
  endfacet
  facet normal 0 0 -1
    outer loop
      vertex -55.09737138964253 -70.5214194660073 -9
      vertex -62.55384307312482 -63.98904694529559 -9
      vertex -52.68697024525798 -56.82034421742981 -9
    endloop
  endfacet
  facet normal 0 0 -1
    outer loop
      vertex -52.6026455135635 -72.40133025382289 -9
      vertex -52.68697024525798 -56.82034421742981 -9
      vertex -51.85762199281152 -57.593723974498054 -9
    endloop
  endfacet
  facet normal 0 0 -1
    outer loop
      vertex -52.6026455135635 -72.40133025382289 -9
      vertex -51.85762199281152 -57.593723974498054 -9
      vertex -50.043831416742584 -74.19303117329417 -9
    endloop
  endfacet
  facet normal 0 0 -1
    outer loop
      vertex -50.043831416742584 -74.19303117329417 -9
      vertex -47.71376433773852 -61.07083340452095 -9
      vertex -47.42404662000163 -75.89433931284114 -9
    endloop
  endfacet
  facet normal 0 0 -1
    outer loop
      vertex -47.42404662000163 -75.89433931284114 -9
      vertex -45.55335705266667 -62.698817064058424 -9
      vertex -44.7464829275686 -77.50318189056217 -9
    endloop
  endfacet
  facet normal 0 0 -1
    outer loop
      vertex -42.014402538355625 -79.01759877959954 -9
      vertex -44.7464829275686 -77.50318189056217 -9
      vertex -43.337450018982885 -64.25041187301574 -9
    endloop
  endfacet
  facet normal 0 0 -1
    outer loop
      vertex -42.014402538355625 -79.01759877959954 -9
      vertex -43.337450018982885 -64.25041187301574 -9
      vertex -41.52699949578071 -79.26594303395247 -9
    endloop
  endfacet
  facet normal 0 0 -1
    outer loop
      vertex -45.55335705266667 -62.698817064058424 -9
      vertex -43.337450018982885 -64.25041187301574 -9
      vertex -44.7464829275686 -77.50318189056217 -9
    endloop
  endfacet
  facet normal 0 0 -1
    outer loop
      vertex -41.52699949578071 -79.26594303395247 -9
      vertex -43.337450018982885 -64.25041187301574 -9
      vertex -41.06874297807338 -65.72372745212301 -9
    endloop
  endfacet
  facet normal 0 0 -1
    outer loop
      vertex -47.42404662000163 -75.89433931284114 -9
      vertex -47.71376433773852 -61.07083340452095 -9
      vertex -45.55335705266667 -62.698817064058424 -9
    endloop
  endfacet
  facet normal 0 0 -1
    outer loop
      vertex -50.043831416742584 -74.19303117329417 -9
      vertex -49.81603975070679 -59.368444341720796 -9
      vertex -47.71376433773852 -61.07083340452095 -9
    endloop
  endfacet
  facet normal 0 0 -1
    outer loop
      vertex -50.043831416742584 -74.19303117329417 -9
      vertex -51.85762199281152 -57.593723974498054 -9
      vertex -49.81603975070679 -59.368444341720796 -9
    endloop
  endfacet
  facet normal -0.6560590289905078 -0.7547095802227716 0
    outer loop
      vertex -57.524969605782715 -68.5555891915643 -9
      vertex -57.524969605782715 -68.5555891915643 9
      vertex -59.88248250750055 -66.50623449187033 -9
    endloop
  endfacet
  facet normal -0.6018150231520473 -0.7986355100472937 7.671829874619377e-18
    outer loop
      vertex -55.09737138964253 -70.5214194660073 -9
      vertex -52.6026455135635 -72.40133025382289 -9
      vertex -52.6026455135635 -72.40133025382289 9
    endloop
  endfacet
  facet normal -0.6293203910498385 -0.77714596145697 3.6156735778442285e-18
    outer loop
      vertex -57.524969605782715 -68.5555891915643 -9
      vertex -55.09737138964253 -70.5214194660073 -9
      vertex -55.09737138964253 -70.5214194660073 9
    endloop
  endfacet
  facet normal -0.6819983600624976 -0.7313537016191713 -4.361048813532147e-18
    outer loop
      vertex -62.16703782847229 -64.37585218994812 -9
      vertex -59.88248250750055 -66.50623449187033 -9
      vertex -59.88248250750055 -66.50623449187033 9
    endloop
  endfacet
  facet normal -0.7071067811865476 -0.7071067811865476 0
    outer loop
      vertex -62.55384307312482 -63.98904694529559 -9
      vertex -62.16703782847229 -64.37585218994812 -9
      vertex -62.55384307312482 -63.98904694529559 9
    endloop
  endfacet
  facet normal -0.5735764363510473 -0.819152044288991 -3.536114620290007e-18
    outer loop
      vertex -52.6026455135635 -72.40133025382289 -9
      vertex -50.043831416742584 -74.19303117329417 -9
      vertex -50.043831416742584 -74.19303117329417 9
    endloop
  endfacet
  facet normal 0 0 -1
    outer loop
      vertex -81.75589244792496 -36.400068510815714 -9
      vertex -73.59677760193478 -24.26857768356762 -9
      vertex -80.43574489625196 -39.23113407147225 -9
    endloop
  endfacet
  facet normal 0 0 -1
    outer loop
      vertex -80.18740064189902 -39.718537114047166 -9
      vertex -80.43574489625196 -39.23113407147225 -9
      vertex -73.59677760193478 -24.26857768356762 -9
    endloop
  endfacet
  facet normal 0 0 -1
    outer loop
      vertex -81.75589244792496 -36.400068510815714 -9
      vertex -82.97643303818 -33.524655073679476 -9
      vertex -73.59677760193478 -24.26857768356762 -9
    endloop
  endfacet
  facet normal 0 0 -1
    outer loop
      vertex -80.18740064189902 -39.718537114047166 -9
      vertex -71.85674872892602 -29.03201098973318 -9
      vertex -70.79977296730156 -31.522089838374516 -9
    endloop
  endfacet
  facet normal 0 0 -1
    outer loop
      vertex -80.18740064189902 -39.718537114047166 -9
      vertex -72.8261781109079 -26.506561107739326 -9
      vertex -71.85674872892602 -29.03201098973318 -9
    endloop
  endfacet
  facet normal 0 0 -1
    outer loop
      vertex -80.18740064189902 -39.718537114047166 -9
      vertex -70.79977296730156 -31.522089838374516 -9
      vertex -70.32052781403218 -32.54983438618138 -9
    endloop
  endfacet
  facet normal -0.8910065241883635 -0.4539904997395556 -5.83497283483658e-19
    outer loop
      vertex -80.18740064189902 -39.718537114047166 -9
      vertex -80.43574489625196 -39.23113407147225 9
      vertex -80.43574489625196 -39.23113407147225 -9
    endloop
  endfacet
  facet normal -0.9063077870366516 -0.4226182617406959 0
    outer loop
      vertex -81.75589244792496 -36.400068510815714 -9
      vertex -80.43574489625196 -39.23113407147225 -9
      vertex -81.75589244792496 -36.400068510815714 9
    endloop
  endfacet
  facet normal -0.9205048534524394 -0.39073112848927605 3.706383345362242e-18
    outer loop
      vertex -81.75589244792496 -36.400068510815714 -9
      vertex -82.97643303818 -33.524655073679476 9
      vertex -82.97643303818 -33.524655073679476 -9
    endloop
  endfacet
  facet normal -0.9335804264972013 -0.3583679495453016 0
    outer loop
      vertex -84.0958796263177 -30.608397008413203 -9
      vertex -82.97643303818 -33.524655073679476 -9
      vertex -84.0958796263177 -30.608397008413203 9
    endloop
  endfacet
  facet normal 0 0 -1
    outer loop
      vertex -41.52699949578071 -79.26594303395247 -9
      vertex -41.06874297807338 -65.72372745212301 -9
      vertex -38.75 -67.11696879329399 -9
    endloop
  endfacet
  facet normal 0 0 -1
    outer loop
      vertex -41.52699949578071 -79.26594303395247 -9
      vertex -38.75 -67.11696879329399 -9
      vertex -37.75818943820836 -67.66673836502156 -9
    endloop
  endfacet
  facet normal 0 0 -1
    outer loop
      vertex -12.995304006926096 -88.5364528652009 -9
      vertex -9.354562194102074 -89.00271402437922 -9
      vertex -12.455013572172698 -88.62202646332202 -9
    endloop
  endfacet
  facet normal 0 0 -1
    outer loop
      vertex -12.995304006926096 -88.5364528652009 -9
      vertex -9.226493949353753 -76.93724819626998 -9
      vertex -9.354562194102074 -89.00271402437922 -9
    endloop
  endfacet
  facet normal 0 0 -1
    outer loop
      vertex -9.354562194102074 -89.00271402437922 -9
      vertex -9.226493949353753 -76.93724819626998 -9
      vertex -8.100955903243143 -77.07544689104118 -9
    endloop
  endfacet
  facet normal 0 0 -1
    outer loop
      vertex -9.354562194102074 -89.00271402437922 -9
      vertex -8.100955903243143 -77.07544689104118 -9
      vertex -6.24271372295778 -89.27496548821482 -9
    endloop
  endfacet
  facet normal 0 0 -1
    outer loop
      vertex -6.24271372295778 -89.27496548821482 -9
      vertex -5.4061267151697106 -77.31121389513638 -9
      vertex -3.1232594667583924 -89.43844915835726 -9
    endloop
  endfacet
  facet normal 0 0 -1
    outer loop
      vertex -3.1232594667583924 -89.43844915835726 -9
      vertex -2.704710994443825 -77.45278909397992 -9
      vertex 0 -89.4929658551372 -9
    endloop
  endfacet
  facet normal 0 0 -1
    outer loop
      vertex 0 -89.4929658551372 -9
      vertex 0 -77.5 -9
      vertex 3.1232594667583924 -89.43844915835726 -9
    endloop
  endfacet
  facet normal 0 0 -1
    outer loop
      vertex -6.24271372295778 -89.27496548821482 -9
      vertex -8.100955903243143 -77.07544689104118 -9
      vertex -5.4061267151697106 -77.31121389513638 -9
    endloop
  endfacet
  facet normal 0 0 -1
    outer loop
      vertex -3.1232594667583924 -89.43844915835726 -9
      vertex -5.4061267151697106 -77.31121389513638 -9
      vertex -2.704710994443825 -77.45278909397992 -9
    endloop
  endfacet
  facet normal 0 0 -1
    outer loop
      vertex -2.704710994443825 -77.45278909397992 -9
      vertex 0 -77.5 -9
      vertex 0 -89.4929658551372 -9
    endloop
  endfacet
  facet normal 0 0 -1
    outer loop
      vertex 3.1232594667583924 -89.43844915835726 -9
      vertex 0 -77.5 -9
      vertex 2.704710994443825 -77.45278909397992 -9
    endloop
  endfacet
  facet normal -0.15643446504022737 -0.9876883405951383 0
    outer loop
      vertex -12.995304006926096 -88.5364528652009 -9
      vertex -12.455013572172698 -88.62202646332202 -9
      vertex -12.995304006926096 -88.5364528652009 9
    endloop
  endfacet
  facet normal -0.12186934340514552 -0.9925461516413222 1.3260173237226284e-18
    outer loop
      vertex -12.455013572172698 -88.62202646332202 -9
      vertex -9.354562194102074 -89.00271402437922 -9
      vertex -9.354562194102074 -89.00271402437922 9
    endloop
  endfacet
  facet normal -0.08715574274765739 -0.9961946980917457 6.27772210416438e-20
    outer loop
      vertex -9.354562194102074 -89.00271402437922 -9
      vertex -6.24271372295778 -89.27496548821482 -9
      vertex -6.24271372295778 -89.27496548821482 9
    endloop
  endfacet
  facet normal -0.052335956242943675 -0.9986295347545739 -2.887014076844547e-20
    outer loop
      vertex -6.24271372295778 -89.27496548821482 -9
      vertex -3.1232594667583924 -89.43844915835726 -9
      vertex -3.1232594667583924 -89.43844915835726 9
    endloop
  endfacet
  facet normal -0.017452406437284722 -0.9998476951563913 1.448987411989783e-19
    outer loop
      vertex -3.1232594667583924 -89.43844915835726 -9
      vertex 0 -89.4929658551372 -9
      vertex 0 -89.4929658551372 9
    endloop
  endfacet
  facet normal 0.017452406437284722 -0.9998476951563913 -1.448987411989783e-19
    outer loop
      vertex 0 -89.4929658551372 -9
      vertex 3.1232594667583924 -89.43844915835726 -9
      vertex 3.1232594667583924 -89.43844915835726 9
    endloop
  endfacet
  facet normal -0.4539904997395349 -0.8910065241883739 0
    outer loop
      vertex -41.52699949578071 -79.26594303395247 -9
      vertex -41.52699949578071 -79.26594303395247 9
      vertex -42.014402538355625 -79.01759877959954 9
    endloop
  endfacet
  facet normal -0.5150380749100547 -0.857167300702112 0
    outer loop
      vertex -47.42404662000163 -75.89433931284114 -9
      vertex -44.7464829275686 -77.50318189056217 9
      vertex -47.42404662000163 -75.89433931284114 9
    endloop
  endfacet
  facet normal -0.48480962024633895 -0.8746197071393947 0
    outer loop
      vertex -44.7464829275686 -77.50318189056217 -9
      vertex -42.014402538355625 -79.01759877959954 9
      vertex -44.7464829275686 -77.50318189056217 9
    endloop
  endfacet
  facet normal -0.6293203910498385 -0.77714596145697 0
    outer loop
      vertex -57.524969605782715 -68.5555891915643 -9
      vertex -55.09737138964253 -70.5214194660073 9
      vertex -57.524969605782715 -68.5555891915643 9
    endloop
  endfacet
  facet normal -0.6018150231520473 -0.7986355100472937 0
    outer loop
      vertex -55.09737138964253 -70.5214194660073 -9
      vertex -52.6026455135635 -72.40133025382289 9
      vertex -55.09737138964253 -70.5214194660073 9
    endloop
  endfacet
  facet normal -0.7071067811865476 -0.7071067811865476 0
    outer loop
      vertex -62.16703782847229 -64.37585218994812 -9
      vertex -62.16703782847229 -64.37585218994812 9
      vertex -62.55384307312482 -63.98904694529559 9
    endloop
  endfacet
  facet normal -0.6819983600624976 -0.7313537016191713 0
    outer loop
      vertex -62.16703782847229 -64.37585218994812 -9
      vertex -59.88248250750055 -66.50623449187033 9
      vertex -62.16703782847229 -64.37585218994812 9
    endloop
  endfacet
  facet normal -0.6560590289905078 -0.7547095802227716 0
    outer loop
      vertex -59.88248250750055 -66.50623449187033 -9
      vertex -57.524969605782715 -68.5555891915643 9
      vertex -59.88248250750055 -66.50623449187033 9
    endloop
  endfacet
  facet normal -0.5735764363510473 -0.819152044288991 0
    outer loop
      vertex -52.6026455135635 -72.40133025382289 -9
      vertex -50.043831416742584 -74.19303117329417 9
      vertex -52.6026455135635 -72.40133025382289 9
    endloop
  endfacet
  facet normal -0.5446390350150262 -0.8386705679454246 0
    outer loop
      vertex -50.043831416742584 -74.19303117329417 -9
      vertex -47.42404662000163 -75.89433931284114 9
      vertex -50.043831416742584 -74.19303117329417 9
    endloop
  endfacet
  facet normal 0 0 1
    outer loop
      vertex -62.16703782847229 -64.37585218994812 9
      vertex -59.88248250750055 -66.50623449187033 9
      vertex -52.68697024525798 -56.82034421742981 9
    endloop
  endfacet
  facet normal 0 0 1
    outer loop
      vertex -62.55384307312482 -63.98904694529559 9
      vertex -62.16703782847229 -64.37585218994812 9
      vertex -52.68697024525798 -56.82034421742981 9
    endloop
  endfacet
  facet normal 0 0 1
    outer loop
      vertex -57.524969605782715 -68.5555891915643 9
      vertex -55.09737138964253 -70.5214194660073 9
      vertex -52.68697024525798 -56.82034421742981 9
    endloop
  endfacet
  facet normal 0 0 1
    outer loop
      vertex -55.09737138964253 -70.5214194660073 9
      vertex -52.6026455135635 -72.40133025382289 9
      vertex -52.68697024525798 -56.82034421742981 9
    endloop
  endfacet
  facet normal 0 0 1
    outer loop
      vertex -57.524969605782715 -68.5555891915643 9
      vertex -52.68697024525798 -56.82034421742981 9
      vertex -59.88248250750055 -66.50623449187033 9
    endloop
  endfacet
  facet normal 0 0 1
    outer loop
      vertex -52.6026455135635 -72.40133025382289 9
      vertex -51.85762199281152 -57.593723974498054 9
      vertex -52.68697024525798 -56.82034421742981 9
    endloop
  endfacet
  facet normal 0 0 1
    outer loop
      vertex -52.6026455135635 -72.40133025382289 9
      vertex -50.043831416742584 -74.19303117329417 9
      vertex -49.81603975070679 -59.368444341720796 9
    endloop
  endfacet
  facet normal 0 0 1
    outer loop
      vertex -50.043831416742584 -74.19303117329417 9
      vertex -47.42404662000163 -75.89433931284114 9
      vertex -45.55335705266667 -62.698817064058424 9
    endloop
  endfacet
  facet normal 0 0 1
    outer loop
      vertex -47.42404662000163 -75.89433931284114 9
      vertex -44.7464829275686 -77.50318189056217 9
      vertex -43.337450018982885 -64.25041187301574 9
    endloop
  endfacet
  facet normal 0 0 1
    outer loop
      vertex -42.014402538355625 -79.01759877959954 9
      vertex -41.52699949578071 -79.26594303395247 9
      vertex -41.06874297807338 -65.72372745212301 9
    endloop
  endfacet
  facet normal 0 0 1
    outer loop
      vertex -42.014402538355625 -79.01759877959954 9
      vertex -41.06874297807338 -65.72372745212301 9
      vertex -44.7464829275686 -77.50318189056217 9
    endloop
  endfacet
  facet normal 0 0 1
    outer loop
      vertex -44.7464829275686 -77.50318189056217 9
      vertex -41.06874297807338 -65.72372745212301 9
      vertex -43.337450018982885 -64.25041187301574 9
    endloop
  endfacet
  facet normal 0 0 1
    outer loop
      vertex -50.043831416742584 -74.19303117329417 9
      vertex -45.55335705266667 -62.698817064058424 9
      vertex -47.71376433773852 -61.07083340452095 9
    endloop
  endfacet
  facet normal 0 0 1
    outer loop
      vertex -50.043831416742584 -74.19303117329417 9
      vertex -47.71376433773852 -61.07083340452095 9
      vertex -49.81603975070679 -59.368444341720796 9
    endloop
  endfacet
  facet normal 0 0 1
    outer loop
      vertex -52.6026455135635 -72.40133025382289 9
      vertex -49.81603975070679 -59.368444341720796 9
      vertex -51.85762199281152 -57.593723974498054 9
    endloop
  endfacet
  facet normal 0 0 1
    outer loop
      vertex -47.42404662000163 -75.89433931284114 9
      vertex -43.337450018982885 -64.25041187301574 9
      vertex -45.55335705266667 -62.698817064058424 9
    endloop
  endfacet
  facet normal -0.8910065241883635 -0.4539904997395556 0
    outer loop
      vertex -80.18740064189902 -39.718537114047166 -9
      vertex -80.18740064189902 -39.718537114047166 9
      vertex -80.43574489625196 -39.23113407147225 9
    endloop
  endfacet
  facet normal -0.9063077870366516 -0.4226182617406959 0
    outer loop
      vertex -80.43574489625196 -39.23113407147225 -9
      vertex -80.43574489625196 -39.23113407147225 9
      vertex -81.75589244792496 -36.400068510815714 9
    endloop
  endfacet
  facet normal -0.9205048534524394 -0.39073112848927605 0
    outer loop
      vertex -81.75589244792496 -36.400068510815714 -9
      vertex -81.75589244792496 -36.400068510815714 9
      vertex -82.97643303818 -33.524655073679476 9
    endloop
  endfacet
  facet normal -0.9335804264972013 -0.3583679495453016 0
    outer loop
      vertex -82.97643303818 -33.524655073679476 -9
      vertex -82.97643303818 -33.524655073679476 9
      vertex -84.0958796263177 -30.608397008413203 9
    endloop
  endfacet
  facet normal 0 0 1
    outer loop
      vertex -80.18740064189902 -39.718537114047166 9
      vertex -84.9857278061687 -28.02409024500983 9
      vertex -80.43574489625196 -39.23113407147225 9
    endloop
  endfacet
  facet normal 0 0 1
    outer loop
      vertex -81.75589244792496 -36.400068510815714 9
      vertex -80.43574489625196 -39.23113407147225 9
      vertex -84.9857278061687 -28.02409024500983 9
    endloop
  endfacet
  facet normal 0 0 1
    outer loop
      vertex -81.75589244792496 -36.400068510815714 9
      vertex -84.9857278061687 -28.02409024500983 9
      vertex -82.97643303818 -33.524655073679476 9
    endloop
  endfacet
  facet normal 0 0 1
    outer loop
      vertex -80.18740064189902 -39.718537114047166 9
      vertex -72.8261781109079 -26.506561107739326 9
      vertex -84.9857278061687 -28.02409024500983 9
    endloop
  endfacet
  facet normal 0 0 1
    outer loop
      vertex -80.18740064189902 -39.718537114047166 9
      vertex -70.79977296730156 -31.522089838374516 9
      vertex -71.85674872892602 -29.03201098973318 9
    endloop
  endfacet
  facet normal 0 0 1
    outer loop
      vertex -80.18740064189902 -39.718537114047166 9
      vertex -71.85674872892602 -29.03201098973318 9
      vertex -72.8261781109079 -26.506561107739326 9
    endloop
  endfacet
  facet normal 0 0 1
    outer loop
      vertex -80.18740064189902 -39.718537114047166 9
      vertex -70.32052781403218 -32.54983438618138 9
      vertex -70.79977296730156 -31.522089838374516 9
    endloop
  endfacet
  facet normal 0 0 1
    outer loop
      vertex -41.52699949578071 -79.26594303395247 9
      vertex -38.75 -67.11696879329399 9
      vertex -41.06874297807338 -65.72372745212301 9
    endloop
  endfacet
  facet normal 0 0 1
    outer loop
      vertex -41.52699949578071 -79.26594303395247 9
      vertex -37.75818943820836 -67.66673836502156 9
      vertex -38.75 -67.11696879329399 9
    endloop
  endfacet
  facet normal -0.15643446504022737 -0.9876883405951383 0
    outer loop
      vertex -12.455013572172698 -88.62202646332202 -9
      vertex -12.455013572172698 -88.62202646332202 9
      vertex -12.995304006926096 -88.5364528652009 9
    endloop
  endfacet
  facet normal -0.12186934340514552 -0.9925461516413222 0
    outer loop
      vertex -12.455013572172698 -88.62202646332202 -9
      vertex -9.354562194102074 -89.00271402437922 9
      vertex -12.455013572172698 -88.62202646332202 9
    endloop
  endfacet
  facet normal -0.08715574274765739 -0.9961946980917457 0
    outer loop
      vertex -9.354562194102074 -89.00271402437922 -9
      vertex -6.24271372295778 -89.27496548821482 9
      vertex -9.354562194102074 -89.00271402437922 9
    endloop
  endfacet
  facet normal -0.052335956242943675 -0.9986295347545739 0
    outer loop
      vertex -6.24271372295778 -89.27496548821482 -9
      vertex -3.1232594667583924 -89.43844915835726 9
      vertex -6.24271372295778 -89.27496548821482 9
    endloop
  endfacet
  facet normal -0.017452406437284722 -0.9998476951563913 0
    outer loop
      vertex -3.1232594667583924 -89.43844915835726 -9
      vertex 0 -89.4929658551372 9
      vertex -3.1232594667583924 -89.43844915835726 9
    endloop
  endfacet
  facet normal 0.017452406437284722 -0.9998476951563913 0
    outer loop
      vertex 0 -89.4929658551372 -9
      vertex 3.1232594667583924 -89.43844915835726 9
      vertex 0 -89.4929658551372 9
    endloop
  endfacet
  facet normal 0 0 1
    outer loop
      vertex -12.995304006926096 -88.5364528652009 9
      vertex -12.455013572172698 -88.62202646332202 9
      vertex -9.226493949353753 -76.93724819626998 9
    endloop
  endfacet
  facet normal 0 0 1
    outer loop
      vertex -12.455013572172698 -88.62202646332202 9
      vertex -9.354562194102074 -89.00271402437922 9
      vertex -9.226493949353753 -76.93724819626998 9
    endloop
  endfacet
  facet normal 0 0 1
    outer loop
      vertex -9.354562194102074 -89.00271402437922 9
      vertex -8.100955903243143 -77.07544689104118 9
      vertex -9.226493949353753 -76.93724819626998 9
    endloop
  endfacet
  facet normal 0 0 1
    outer loop
      vertex -9.354562194102074 -89.00271402437922 9
      vertex -6.24271372295778 -89.27496548821482 9
      vertex -5.4061267151697106 -77.31121389513638 9
    endloop
  endfacet
  facet normal 0 0 1
    outer loop
      vertex -6.24271372295778 -89.27496548821482 9
      vertex -3.1232594667583924 -89.43844915835726 9
      vertex -2.704710994443825 -77.45278909397992 9
    endloop
  endfacet
  facet normal 0 0 1
    outer loop
      vertex -3.1232594667583924 -89.43844915835726 9
      vertex 0 -89.4929658551372 9
      vertex 0 -77.5 9
    endloop
  endfacet
  facet normal 0 0 1
    outer loop
      vertex 0 -89.4929658551372 9
      vertex 3.1232594667583924 -89.43844915835726 9
      vertex 2.704710994443825 -77.45278909397992 9
    endloop
  endfacet
  facet normal 0 0 1
    outer loop
      vertex -9.354562194102074 -89.00271402437922 9
      vertex -5.4061267151697106 -77.31121389513638 9
      vertex -8.100955903243143 -77.07544689104118 9
    endloop
  endfacet
  facet normal 0 0 1
    outer loop
      vertex -6.24271372295778 -89.27496548821482 9
      vertex -2.704710994443825 -77.45278909397992 9
      vertex -5.4061267151697106 -77.31121389513638 9
    endloop
  endfacet
  facet normal 0 0 1
    outer loop
      vertex -3.1232594667583924 -89.43844915835726 9
      vertex 0 -77.5 9
      vertex -2.704710994443825 -77.45278909397992 9
    endloop
  endfacet
  facet normal 0 0 1
    outer loop
      vertex 0 -89.4929658551372 9
      vertex 2.704710994443825 -77.45278909397992 9
      vertex 0 -77.5 9
    endloop
  endfacet
  facet normal 0 0 -1
    outer loop
      vertex -84.0958796263177 -30.608397008413203 -9
      vertex -73.59677760193478 -24.26857768356762 -9
      vertex -82.97643303818 -33.524655073679476 -9
    endloop
  endfacet
  facet normal 0 0 -1
    outer loop
      vertex -84.0958796263177 -30.608397008413203 -9
      vertex -84.9857278061687 -28.02409024500983 -9
      vertex -73.59677760193478 -24.26857768356762 -9
    endloop
  endfacet
  facet normal 0 0 -1
    outer loop
      vertex -80.18740064189902 -39.718537114047166 -9
      vertex -73.59677760193478 -24.26857768356762 -9
      vertex -72.8261781109079 -26.506561107739326 -9
    endloop
  endfacet
  facet normal -0.9455185755993193 -0.3255681544571494 0
    outer loop
      vertex -84.0958796263177 -30.608397008413203 -9
      vertex -84.0958796263177 -30.608397008413203 9
      vertex -84.9857278061687 -28.02409024500983 -9
    endloop
  endfacet
  facet normal -0.9455185755993193 -0.3255681544571494 -2.902973344930274e-18
    outer loop
      vertex -84.0958796263177 -30.608397008413203 9
      vertex -84.9857278061687 -28.02409024500983 9
      vertex -84.9857278061687 -28.02409024500983 -9
    endloop
  endfacet
  facet normal 0 0 1
    outer loop
      vertex -84.0958796263177 -30.608397008413203 9
      vertex -82.97643303818 -33.524655073679476 9
      vertex -84.9857278061687 -28.02409024500983 9
    endloop
  endfacet
  facet normal 0 0 1
    outer loop
      vertex -72.8261781109079 -26.506561107739326 9
      vertex -73.59677760193478 -24.26857768356762 9
      vertex -84.9857278061687 -28.02409024500983 9
    endloop
  endfacet
  facet normal 0 0 -1
    outer loop
      vertex 3.1232594667583924 -89.43844915835726 -9
      vertex 2.704710994443825 -77.45278909397992 -9
      vertex 6.24271372295778 -89.27496548821482 -9
    endloop
  endfacet
  facet normal 0 0 -1
    outer loop
      vertex 6.24271372295778 -89.27496548821482 -9
      vertex 5.4061267151697106 -77.31121389513638 -9
      vertex 9.354562194102074 -89.00271402437922 -9
    endloop
  endfacet
  facet normal 0 0 -1
    outer loop
      vertex 9.354562194102074 -89.00271402437922 -9
      vertex 9.226493949353753 -76.93724819626998 -9
      vertex 12.455013572172698 -88.62202646332202 -9
    endloop
  endfacet
  facet normal 0 0 -1
    outer loop
      vertex 9.226493949353753 -76.93724819626998 -9
      vertex 12.995304006926096 -88.5364528652009 -9
      vertex 12.455013572172698 -88.62202646332202 -9
    endloop
  endfacet
  facet normal 0 0 -1
    outer loop
      vertex 6.24271372295778 -89.27496548821482 -9
      vertex 2.704710994443825 -77.45278909397992 -9
      vertex 5.4061267151697106 -77.31121389513638 -9
    endloop
  endfacet
  facet normal 0 0 -1
    outer loop
      vertex 9.354562194102074 -89.00271402437922 -9
      vertex 5.4061267151697106 -77.31121389513638 -9
      vertex 8.100955903243143 -77.07544689104118 -9
    endloop
  endfacet
  facet normal 0 0 -1
    outer loop
      vertex 9.354562194102074 -89.00271402437922 -9
      vertex 8.100955903243143 -77.07544689104118 -9
      vertex 9.226493949353753 -76.93724819626998 -9
    endloop
  endfacet
  facet normal 0.052335956242943675 -0.9986295347545739 2.887014076844547e-20
    outer loop
      vertex 3.1232594667583924 -89.43844915835726 -9
      vertex 6.24271372295778 -89.27496548821482 -9
      vertex 6.24271372295778 -89.27496548821482 9
    endloop
  endfacet
  facet normal 0.08715574274765739 -0.9961946980917457 -6.27772210416438e-20
    outer loop
      vertex 6.24271372295778 -89.27496548821482 -9
      vertex 9.354562194102074 -89.00271402437922 -9
      vertex 9.354562194102074 -89.00271402437922 9
    endloop
  endfacet
  facet normal 0.12186934340514552 -0.9925461516413222 -1.3260173237226284e-18
    outer loop
      vertex 9.354562194102074 -89.00271402437922 -9
      vertex 12.455013572172698 -88.62202646332202 -9
      vertex 12.455013572172698 -88.62202646332202 9
    endloop
  endfacet
  facet normal 0.15643446504022737 -0.9876883405951383 0
    outer loop
      vertex 12.455013572172698 -88.62202646332202 -9
      vertex 12.995304006926096 -88.5364528652009 -9
      vertex 12.455013572172698 -88.62202646332202 9
    endloop
  endfacet
  facet normal 0.4539904997395349 -0.8910065241883739 0
    outer loop
      vertex 41.52699949578071 -79.26594303395247 -9
      vertex 42.014402538355625 -79.01759877959954 -9
      vertex 41.52699949578071 -79.26594303395247 9
    endloop
  endfacet
  facet normal 0.48480962024633895 -0.8746197071393947 -7.59034823409296e-18
    outer loop
      vertex 42.014402538355625 -79.01759877959954 -9
      vertex 44.7464829275686 -77.50318189056217 -9
      vertex 44.7464829275686 -77.50318189056217 9
    endloop
  endfacet
  facet normal 0 0 -1
    outer loop
      vertex 41.52699949578071 -79.26594303395247 -9
      vertex 37.75818943820836 -67.66673836502156 -9
      vertex 38.75 -67.11696879329399 -9
    endloop
  endfacet
  facet normal 0 0 -1
    outer loop
      vertex 41.52699949578071 -79.26594303395247 -9
      vertex 38.75 -67.11696879329399 -9
      vertex 41.06874297807338 -65.72372745212301 -9
    endloop
  endfacet
  facet normal 0 0 -1
    outer loop
      vertex 41.52699949578071 -79.26594303395247 -9
      vertex 41.06874297807338 -65.72372745212301 -9
      vertex 42.014402538355625 -79.01759877959954 -9
    endloop
  endfacet
  facet normal 0 0 -1
    outer loop
      vertex 42.014402538355625 -79.01759877959954 -9
      vertex 41.06874297807338 -65.72372745212301 -9
      vertex 44.7464829275686 -77.50318189056217 -9
    endloop
  endfacet
  facet normal 0 0 -1
    outer loop
      vertex 44.7464829275686 -77.50318189056217 -9
      vertex 43.337450018982885 -64.25041187301574 -9
      vertex 47.42404662000163 -75.89433931284114 -9
    endloop
  endfacet
  facet normal 0 0 -1
    outer loop
      vertex 44.7464829275686 -77.50318189056217 -9
      vertex 41.06874297807338 -65.72372745212301 -9
      vertex 43.337450018982885 -64.25041187301574 -9
    endloop
  endfacet
  facet normal 0 0 -1
    outer loop
      vertex 43.337450018982885 -64.25041187301574 -9
      vertex 45.55335705266667 -62.698817064058424 -9
      vertex 47.42404662000163 -75.89433931284114 -9
    endloop
  endfacet
  facet normal 0.5150380749100547 -0.857167300702112 5.987787329836268e-18
    outer loop
      vertex 44.7464829275686 -77.50318189056217 -9
      vertex 47.42404662000163 -75.89433931284114 -9
      vertex 47.42404662000163 -75.89433931284114 9
    endloop
  endfacet
  facet normal 0 0 -1
    outer loop
      vertex 47.42404662000163 -75.89433931284114 -9
      vertex 45.55335705266667 -62.698817064058424 -9
      vertex 50.043831416742584 -74.19303117329417 -9
    endloop
  endfacet
  facet normal 0 0 -1
    outer loop
      vertex 50.043831416742584 -74.19303117329417 -9
      vertex 49.81603975070679 -59.368444341720796 -9
      vertex 52.6026455135635 -72.40133025382289 -9
    endloop
  endfacet
  facet normal 0 0 -1
    outer loop
      vertex 50.043831416742584 -74.19303117329417 -9
      vertex 45.55335705266667 -62.698817064058424 -9
      vertex 47.71376433773852 -61.07083340452095 -9
    endloop
  endfacet
  facet normal 0 0 -1
    outer loop
      vertex 50.043831416742584 -74.19303117329417 -9
      vertex 47.71376433773852 -61.07083340452095 -9
      vertex 49.81603975070679 -59.368444341720796 -9
    endloop
  endfacet
  facet normal 0 0 -1
    outer loop
      vertex 52.6026455135635 -72.40133025382289 -9
      vertex 52.68697024525798 -56.82034421742981 -9
      vertex 55.09737138964253 -70.5214194660073 -9
    endloop
  endfacet
  facet normal 0 0 -1
    outer loop
      vertex 55.09737138964253 -70.5214194660073 -9
      vertex 52.68697024525798 -56.82034421742981 -9
      vertex 57.524969605782715 -68.5555891915643 -9
    endloop
  endfacet
  facet normal 0 0 -1
    outer loop
      vertex 52.6026455135635 -72.40133025382289 -9
      vertex 49.81603975070679 -59.368444341720796 -9
      vertex 51.85762199281152 -57.593723974498054 -9
    endloop
  endfacet
  facet normal 0 0 -1
    outer loop
      vertex 52.6026455135635 -72.40133025382289 -9
      vertex 51.85762199281152 -57.593723974498054 -9
      vertex 52.68697024525798 -56.82034421742981 -9
    endloop
  endfacet
  facet normal 0 0 -1
    outer loop
      vertex 57.524969605782715 -68.5555891915643 -9
      vertex 52.68697024525798 -56.82034421742981 -9
      vertex 59.88248250750055 -66.50623449187033 -9
    endloop
  endfacet
  facet normal 0 0 -1
    outer loop
      vertex 52.68697024525798 -56.82034421742981 -9
      vertex 62.16703782847229 -64.37585218994812 -9
      vertex 59.88248250750055 -66.50623449187033 -9
    endloop
  endfacet
  facet normal 0 0 -1
    outer loop
      vertex 52.68697024525798 -56.82034421742981 -9
      vertex 62.55384307312482 -63.98904694529559 -9
      vertex 62.16703782847229 -64.37585218994812 -9
    endloop
  endfacet
  facet normal 0.5446390350150262 -0.8386705679454246 7.30954646936294e-18
    outer loop
      vertex 47.42404662000163 -75.89433931284114 -9
      vertex 50.043831416742584 -74.19303117329417 -9
      vertex 50.043831416742584 -74.19303117329417 9
    endloop
  endfacet
  facet normal 0.5735764363510473 -0.819152044288991 3.536114620290007e-18
    outer loop
      vertex 50.043831416742584 -74.19303117329417 -9
      vertex 52.6026455135635 -72.40133025382289 -9
      vertex 52.6026455135635 -72.40133025382289 9
    endloop
  endfacet
  facet normal 0.6018150231520473 -0.7986355100472937 -7.671829874619377e-18
    outer loop
      vertex 52.6026455135635 -72.40133025382289 -9
      vertex 55.09737138964253 -70.5214194660073 -9
      vertex 55.09737138964253 -70.5214194660073 9
    endloop
  endfacet
  facet normal 0.6293203910498385 -0.77714596145697 -3.6156735778442285e-18
    outer loop
      vertex 55.09737138964253 -70.5214194660073 -9
      vertex 57.524969605782715 -68.5555891915643 -9
      vertex 57.524969605782715 -68.5555891915643 9
    endloop
  endfacet
  facet normal 0.6560590289905078 -0.7547095802227716 -5.793904293791017e-19
    outer loop
      vertex 57.524969605782715 -68.5555891915643 -9
      vertex 59.88248250750055 -66.50623449187033 -9
      vertex 59.88248250750055 -66.50623449187033 9
    endloop
  endfacet
  facet normal 0.6819983600624976 -0.7313537016191713 4.361048813532147e-18
    outer loop
      vertex 59.88248250750055 -66.50623449187033 -9
      vertex 62.16703782847229 -64.37585218994812 -9
      vertex 62.16703782847229 -64.37585218994812 9
    endloop
  endfacet
  facet normal 0.7071067811865476 -0.7071067811865476 0
    outer loop
      vertex 62.16703782847229 -64.37585218994812 -9
      vertex 62.55384307312482 -63.98904694529559 -9
      vertex 62.16703782847229 -64.37585218994812 9
    endloop
  endfacet
  facet normal 0 0 -1
    outer loop
      vertex 70.32052781403218 -32.54983438618138 -9
      vertex 70.79977296730156 -31.522089838374516 -9
      vertex 80.18740064189902 -39.718537114047166 -9
    endloop
  endfacet
  facet normal 0 0 -1
    outer loop
      vertex 70.79977296730156 -31.522089838374516 -9
      vertex 71.85674872892602 -29.03201098973318 -9
      vertex 80.18740064189902 -39.718537114047166 -9
    endloop
  endfacet
  facet normal 0 0 -1
    outer loop
      vertex 71.85674872892602 -29.03201098973318 -9
      vertex 72.8261781109079 -26.506561107739326 -9
      vertex 80.18740064189902 -39.718537114047166 -9
    endloop
  endfacet
  facet normal 0 0 -1
    outer loop
      vertex 80.18740064189902 -39.718537114047166 -9
      vertex 76.02281467172806 -15 -9
      vertex 80.43574489625196 -39.23113407147225 -9
    endloop
  endfacet
  facet normal 0.8910065241883635 -0.4539904997395556 0
    outer loop
      vertex 80.18740064189902 -39.718537114047166 -9
      vertex 80.43574489625196 -39.23113407147225 -9
      vertex 80.18740064189902 -39.718537114047166 9
    endloop
  endfacet
  facet normal 0.9063077870366516 -0.4226182617406959 0
    outer loop
      vertex 80.43574489625196 -39.23113407147225 -9
      vertex 81.75589244792496 -36.400068510815714 -9
      vertex 80.43574489625196 -39.23113407147225 9
    endloop
  endfacet
  facet normal 0.9205048534524394 -0.39073112848927605 0
    outer loop
      vertex 81.75589244792496 -36.400068510815714 -9
      vertex 82.97643303818 -33.524655073679476 -9
      vertex 81.75589244792496 -36.400068510815714 9
    endloop
  endfacet
  facet normal 0.9335804264972013 -0.3583679495453016 0
    outer loop
      vertex 82.97643303818 -33.524655073679476 -9
      vertex 84.0958796263177 -30.608397008413203 -9
      vertex 82.97643303818 -33.524655073679476 9
    endloop
  endfacet
  facet normal 0.052335956242943675 -0.9986295347545739 0
    outer loop
      vertex 3.1232594667583924 -89.43844915835726 -9
      vertex 6.24271372295778 -89.27496548821482 9
      vertex 3.1232594667583924 -89.43844915835726 9
    endloop
  endfacet
  facet normal 0.08715574274765739 -0.9961946980917457 0
    outer loop
      vertex 6.24271372295778 -89.27496548821482 -9
      vertex 9.354562194102074 -89.00271402437922 9
      vertex 6.24271372295778 -89.27496548821482 9
    endloop
  endfacet
  facet normal 0.12186934340514552 -0.9925461516413222 0
    outer loop
      vertex 9.354562194102074 -89.00271402437922 -9
      vertex 12.455013572172698 -88.62202646332202 9
      vertex 9.354562194102074 -89.00271402437922 9
    endloop
  endfacet
  facet normal 0.15643446504022737 -0.9876883405951383 0
    outer loop
      vertex 12.995304006926096 -88.5364528652009 -9
      vertex 12.995304006926096 -88.5364528652009 9
      vertex 12.455013572172698 -88.62202646332202 9
    endloop
  endfacet
  facet normal 0 0 1
    outer loop
      vertex 3.1232594667583924 -89.43844915835726 9
      vertex 6.24271372295778 -89.27496548821482 9
      vertex 5.4061267151697106 -77.31121389513638 9
    endloop
  endfacet
  facet normal 0 0 1
    outer loop
      vertex 9.354562194102074 -89.00271402437922 9
      vertex 12.455013572172698 -88.62202646332202 9
      vertex 12.995304006926096 -88.5364528652009 9
    endloop
  endfacet
  facet normal 0 0 1
    outer loop
      vertex 6.24271372295778 -89.27496548821482 9
      vertex 9.354562194102074 -89.00271402437922 9
      vertex 8.100955903243143 -77.07544689104118 9
    endloop
  endfacet
  facet normal 0 0 1
    outer loop
      vertex 9.354562194102074 -89.00271402437922 9
      vertex 12.995304006926096 -88.5364528652009 9
      vertex 9.226493949353753 -76.93724819626998 9
    endloop
  endfacet
  facet normal 0 0 1
    outer loop
      vertex 3.1232594667583924 -89.43844915835726 9
      vertex 5.4061267151697106 -77.31121389513638 9
      vertex 2.704710994443825 -77.45278909397992 9
    endloop
  endfacet
  facet normal 0 0 1
    outer loop
      vertex 6.24271372295778 -89.27496548821482 9
      vertex 8.100955903243143 -77.07544689104118 9
      vertex 5.4061267151697106 -77.31121389513638 9
    endloop
  endfacet
  facet normal 0 0 1
    outer loop
      vertex 9.354562194102074 -89.00271402437922 9
      vertex 9.226493949353753 -76.93724819626998 9
      vertex 8.100955903243143 -77.07544689104118 9
    endloop
  endfacet
  facet normal 0.4539904997395349 -0.8910065241883739 0
    outer loop
      vertex 42.014402538355625 -79.01759877959954 -9
      vertex 42.014402538355625 -79.01759877959954 9
      vertex 41.52699949578071 -79.26594303395247 9
    endloop
  endfacet
  facet normal 0.48480962024633895 -0.8746197071393947 0
    outer loop
      vertex 42.014402538355625 -79.01759877959954 -9
      vertex 44.7464829275686 -77.50318189056217 9
      vertex 42.014402538355625 -79.01759877959954 9
    endloop
  endfacet
  facet normal 0.5150380749100547 -0.857167300702112 0
    outer loop
      vertex 44.7464829275686 -77.50318189056217 -9
      vertex 47.42404662000163 -75.89433931284114 9
      vertex 44.7464829275686 -77.50318189056217 9
    endloop
  endfacet
  facet normal 0 0 1
    outer loop
      vertex 41.52699949578071 -79.26594303395247 9
      vertex 38.75 -67.11696879329399 9
      vertex 37.75818943820836 -67.66673836502156 9
    endloop
  endfacet
  facet normal 0 0 1
    outer loop
      vertex 41.52699949578071 -79.26594303395247 9
      vertex 41.06874297807338 -65.72372745212301 9
      vertex 38.75 -67.11696879329399 9
    endloop
  endfacet
  facet normal 0 0 1
    outer loop
      vertex 41.52699949578071 -79.26594303395247 9
      vertex 42.014402538355625 -79.01759877959954 9
      vertex 43.337450018982885 -64.25041187301574 9
    endloop
  endfacet
  facet normal 0 0 1
    outer loop
      vertex 42.014402538355625 -79.01759877959954 9
      vertex 44.7464829275686 -77.50318189056217 9
      vertex 43.337450018982885 -64.25041187301574 9
    endloop
  endfacet
  facet normal 0 0 1
    outer loop
      vertex 44.7464829275686 -77.50318189056217 9
      vertex 47.42404662000163 -75.89433931284114 9
      vertex 45.55335705266667 -62.698817064058424 9
    endloop
  endfacet
  facet normal 0 0 1
    outer loop
      vertex 41.52699949578071 -79.26594303395247 9
      vertex 43.337450018982885 -64.25041187301574 9
      vertex 41.06874297807338 -65.72372745212301 9
    endloop
  endfacet
  facet normal 0 0 1
    outer loop
      vertex 44.7464829275686 -77.50318189056217 9
      vertex 45.55335705266667 -62.698817064058424 9
      vertex 43.337450018982885 -64.25041187301574 9
    endloop
  endfacet
  facet normal 0.5446390350150262 -0.8386705679454246 0
    outer loop
      vertex 47.42404662000163 -75.89433931284114 -9
      vertex 50.043831416742584 -74.19303117329417 9
      vertex 47.42404662000163 -75.89433931284114 9
    endloop
  endfacet
  facet normal 0.5735764363510473 -0.819152044288991 0
    outer loop
      vertex 50.043831416742584 -74.19303117329417 -9
      vertex 52.6026455135635 -72.40133025382289 9
      vertex 50.043831416742584 -74.19303117329417 9
    endloop
  endfacet
  facet normal 0.6018150231520473 -0.7986355100472937 0
    outer loop
      vertex 52.6026455135635 -72.40133025382289 -9
      vertex 55.09737138964253 -70.5214194660073 9
      vertex 52.6026455135635 -72.40133025382289 9
    endloop
  endfacet
  facet normal 0.6293203910498385 -0.77714596145697 0
    outer loop
      vertex 55.09737138964253 -70.5214194660073 -9
      vertex 57.524969605782715 -68.5555891915643 9
      vertex 55.09737138964253 -70.5214194660073 9
    endloop
  endfacet
  facet normal 0.6560590289905078 -0.7547095802227716 0
    outer loop
      vertex 57.524969605782715 -68.5555891915643 -9
      vertex 59.88248250750055 -66.50623449187033 9
      vertex 57.524969605782715 -68.5555891915643 9
    endloop
  endfacet
  facet normal 0.6819983600624976 -0.7313537016191713 0
    outer loop
      vertex 59.88248250750055 -66.50623449187033 -9
      vertex 62.16703782847229 -64.37585218994812 9
      vertex 59.88248250750055 -66.50623449187033 9
    endloop
  endfacet
  facet normal 0.7071067811865476 -0.7071067811865476 0
    outer loop
      vertex 62.55384307312482 -63.98904694529559 -9
      vertex 62.55384307312482 -63.98904694529559 9
      vertex 62.16703782847229 -64.37585218994812 9
    endloop
  endfacet
  facet normal 0 0 1
    outer loop
      vertex 47.42404662000163 -75.89433931284114 9
      vertex 50.043831416742584 -74.19303117329417 9
      vertex 47.71376433773852 -61.07083340452095 9
    endloop
  endfacet
  facet normal 0 0 1
    outer loop
      vertex 50.043831416742584 -74.19303117329417 9
      vertex 52.6026455135635 -72.40133025382289 9
      vertex 51.85762199281152 -57.593723974498054 9
    endloop
  endfacet
  facet normal 0 0 1
    outer loop
      vertex 47.42404662000163 -75.89433931284114 9
      vertex 47.71376433773852 -61.07083340452095 9
      vertex 45.55335705266667 -62.698817064058424 9
    endloop
  endfacet
  facet normal 0 0 1
    outer loop
      vertex 50.043831416742584 -74.19303117329417 9
      vertex 49.81603975070679 -59.368444341720796 9
      vertex 47.71376433773852 -61.07083340452095 9
    endloop
  endfacet
  facet normal 0 0 1
    outer loop
      vertex 50.043831416742584 -74.19303117329417 9
      vertex 51.85762199281152 -57.593723974498054 9
      vertex 49.81603975070679 -59.368444341720796 9
    endloop
  endfacet
  facet normal 0 0 1
    outer loop
      vertex 52.6026455135635 -72.40133025382289 9
      vertex 55.09737138964253 -70.5214194660073 9
      vertex 52.68697024525798 -56.82034421742981 9
    endloop
  endfacet
  facet normal 0 0 1
    outer loop
      vertex 52.6026455135635 -72.40133025382289 9
      vertex 52.68697024525798 -56.82034421742981 9
      vertex 51.85762199281152 -57.593723974498054 9
    endloop
  endfacet
  facet normal 0 0 1
    outer loop
      vertex 55.09737138964253 -70.5214194660073 9
      vertex 62.55384307312482 -63.98904694529559 9
      vertex 52.68697024525798 -56.82034421742981 9
    endloop
  endfacet
  facet normal 0 0 1
    outer loop
      vertex 55.09737138964253 -70.5214194660073 9
      vertex 57.524969605782715 -68.5555891915643 9
      vertex 62.55384307312482 -63.98904694529559 9
    endloop
  endfacet
  facet normal 0 0 1
    outer loop
      vertex 57.524969605782715 -68.5555891915643 9
      vertex 59.88248250750055 -66.50623449187033 9
      vertex 62.55384307312482 -63.98904694529559 9
    endloop
  endfacet
  facet normal 0 0 1
    outer loop
      vertex 59.88248250750055 -66.50623449187033 9
      vertex 62.16703782847229 -64.37585218994812 9
      vertex 62.55384307312482 -63.98904694529559 9
    endloop
  endfacet
  facet normal 0.8910065241883635 -0.4539904997395556 0
    outer loop
      vertex 80.43574489625196 -39.23113407147225 -9
      vertex 80.43574489625196 -39.23113407147225 9
      vertex 80.18740064189902 -39.718537114047166 9
    endloop
  endfacet
  facet normal 0.9063077870366516 -0.4226182617406959 0
    outer loop
      vertex 81.75589244792496 -36.400068510815714 -9
      vertex 81.75589244792496 -36.400068510815714 9
      vertex 80.43574489625196 -39.23113407147225 9
    endloop
  endfacet
  facet normal 0.9205048534524394 -0.39073112848927605 0
    outer loop
      vertex 82.97643303818 -33.524655073679476 -9
      vertex 82.97643303818 -33.524655073679476 9
      vertex 81.75589244792496 -36.400068510815714 9
    endloop
  endfacet
  facet normal 0.9335804264972013 -0.3583679495453016 0
    outer loop
      vertex 84.0958796263177 -30.608397008413203 -9
      vertex 84.0958796263177 -30.608397008413203 9
      vertex 82.97643303818 -33.524655073679476 9
    endloop
  endfacet
  facet normal 0 0 1
    outer loop
      vertex 70.32052781403218 -32.54983438618138 9
      vertex 80.18740064189902 -39.718537114047166 9
      vertex 70.79977296730156 -31.522089838374516 9
    endloop
  endfacet
  facet normal 0 0 1
    outer loop
      vertex 70.79977296730156 -31.522089838374516 9
      vertex 80.18740064189902 -39.718537114047166 9
      vertex 71.85674872892602 -29.03201098973318 9
    endloop
  endfacet
  facet normal 0 0 1
    outer loop
      vertex 71.85674872892602 -29.03201098973318 9
      vertex 80.18740064189902 -39.718537114047166 9
      vertex 72.8261781109079 -26.506561107739326 9
    endloop
  endfacet
  facet normal 0 0 1
    outer loop
      vertex 80.18740064189902 -39.718537114047166 9
      vertex 80.43574489625196 -39.23113407147225 9
      vertex 88.21894021231704 -15 9
    endloop
  endfacet
  facet normal 0 0 -1
    outer loop
      vertex 72.8261781109079 -26.506561107739326 -9
      vertex 73.7068800128744 -23.948817064058424 -9
      vertex 80.18740064189902 -39.718537114047166 -9
    endloop
  endfacet
  facet normal 0 0 -1
    outer loop
      vertex 73.7068800128744 -23.948817064058424 -9
      vertex 74.49778143521971 -21.361895075817436 -9
      vertex 80.18740064189902 -39.718537114047166 -9
    endloop
  endfacet
  facet normal 0 0 -1
    outer loop
      vertex 80.18740064189902 -39.718537114047166 -9
      vertex 74.49778143521971 -21.361895075817436 -9
      vertex 75.19791878638972 -18.74894690897425 -9
    endloop
  endfacet
  facet normal 0 0 -1
    outer loop
      vertex 80.18740064189902 -39.718537114047166 -9
      vertex 75.19791878638972 -18.74894690897425 -9
      vertex 75.80643905686995 -16.11315603837635 -9
    endloop
  endfacet
  facet normal 0 0 -1
    outer loop
      vertex 80.18740064189902 -39.718537114047166 -9
      vertex 75.80643905686995 -16.11315603837635 -9
      vertex 76.02281467172806 -15 -9
    endloop
  endfacet
  facet normal 0 0 -1
    outer loop
      vertex 80.43574489625196 -39.23113407147225 -9
      vertex 76.02281467172806 -15 -9
      vertex 81.75589244792496 -36.400068510815714 -9
    endloop
  endfacet
  facet normal 0 0 -1
    outer loop
      vertex 81.75589244792496 -36.400068510815714 -9
      vertex 76.02281467172806 -15 -9
      vertex 82.97643303818 -33.524655073679476 -9
    endloop
  endfacet
  facet normal 0 0 -1
    outer loop
      vertex 82.97643303818 -33.524655073679476 -9
      vertex 76.02281467172806 -15 -9
      vertex 84.0958796263177 -30.608397008413203 -9
    endloop
  endfacet
  facet normal 0 0 -1
    outer loop
      vertex 84.0958796263177 -30.608397008413203 -9
      vertex 76.02281467172806 -15 -9
      vertex 85.1128683391079 -27.65484732625429 -9
    endloop
  endfacet
  facet normal 0 0 -1
    outer loop
      vertex 85.1128683391079 -27.65484732625429 -9
      vertex 76.02281467172806 -15 -9
      vertex 86.02616013245925 -24.66760447253101 -9
    endloop
  endfacet
  facet normal 0 0 -1
    outer loop
      vertex 86.02616013245925 -24.66760447253101 -9
      vertex 76.02281467172806 -15 -9
      vertex 86.8346423010033 -21.65030794251113 -9
    endloop
  endfacet
  facet normal 0 0 -1
    outer loop
      vertex 76.02281467172806 -15 -9
      vertex 87.53732983375485 -18.60663384723758 -9
      vertex 86.8346423010033 -21.65030794251113 -9
    endloop
  endfacet
  facet normal 0.9455185755993186 -0.3255681544571513 0
    outer loop
      vertex 84.0958796263177 -30.608397008413203 -9
      vertex 85.1128683391079 -27.65484732625429 -9
      vertex 84.0958796263177 -30.608397008413203 9
    endloop
  endfacet
  facet normal 0.956304755963034 -0.2923717047227415 0
    outer loop
      vertex 85.1128683391079 -27.65484732625429 -9
      vertex 86.02616013245925 -24.66760447253101 -9
      vertex 85.1128683391079 -27.65484732625429 9
    endloop
  endfacet
  facet normal 0.9659258262890691 -0.25881904510251785 0
    outer loop
      vertex 86.02616013245925 -24.66760447253101 -9
      vertex 86.8346423010033 -21.65030794251113 -9
      vertex 86.02616013245925 -24.66760447253101 9
    endloop
  endfacet
  facet normal 0.9743700647852341 -0.22495105434386933 0
    outer loop
      vertex 86.8346423010033 -21.65030794251113 -9
      vertex 87.53732983375485 -18.60663384723758 -9
      vertex 86.8346423010033 -21.65030794251113 9
    endloop
  endfacet
  facet normal 0.9816271834476648 -0.19080899537654042 0
    outer loop
      vertex 87.53732983375485 -18.60663384723758 -9
      vertex 88.13336661419592 -15.540290434753395 -9
      vertex 87.53732983375485 -18.60663384723758 9
    endloop
  endfacet
  facet normal 0 0 -1
    outer loop
      vertex 76.02281467172806 -15 -9
      vertex 88.13336661419592 -15.540290434753395 -9
      vertex 87.53732983375485 -18.60663384723758 -9
    endloop
  endfacet
  facet normal 0 0 -1
    outer loop
      vertex 76.02281467172806 -15 -9
      vertex 88.21894021231704 -15 -9
      vertex 88.13336661419592 -15.540290434753395 -9
    endloop
  endfacet
  facet normal 0.9876883405951381 -0.15643446504022837 0
    outer loop
      vertex 88.13336661419592 -15.540290434753395 -9
      vertex 88.21894021231704 -15 -9
      vertex 88.13336661419592 -15.540290434753395 9
    endloop
  endfacet
  facet normal 0 0 -1
    outer loop
      vertex 75.19791878638972 18.74894690897425 -9
      vertex 74.49778143521971 21.361895075817436 -9
      vertex 85.22704502873714 27.281392202010675 -9
    endloop
  endfacet
  facet normal 0 0 -1
    outer loop
      vertex 74.49778143521971 21.361895075817436 -9
      vertex 73.80575586710174 23.625408717354055 -9
      vertex 85.22704502873714 27.281392202010675 -9
    endloop
  endfacet
  facet normal 0 0 -1
    outer loop
      vertex 76.02281467172806 15 -9
      vertex 75.80643905686995 16.11315603837635 -9
      vertex 85.22704502873714 27.281392202010675 -9
    endloop
  endfacet
  facet normal 0 0 -1
    outer loop
      vertex 76.02281467172806 15 -9
      vertex 85.22704502873714 27.281392202010675 -9
      vertex 88.21894021231704 15 -9
    endloop
  endfacet
  facet normal 0 0 -1
    outer loop
      vertex 88.13336661419592 15.540290434753395 -9
      vertex 88.21894021231704 15 -9
      vertex 87.53732983375485 18.60663384723758 -9
    endloop
  endfacet
  facet normal 0 0 -1
    outer loop
      vertex 88.21894021231704 15 -9
      vertex 86.8346423010033 21.65030794251113 -9
      vertex 87.53732983375485 18.60663384723758 -9
    endloop
  endfacet
  facet normal 0 0 -1
    outer loop
      vertex 75.80643905686995 16.11315603837635 -9
      vertex 75.19791878638972 18.74894690897425 -9
      vertex 85.22704502873714 27.281392202010675 -9
    endloop
  endfacet
  facet normal 0 0 -1
    outer loop
      vertex 88.21894021231704 15 -9
      vertex 85.22704502873714 27.281392202010675 -9
      vertex 86.02616013245925 24.66760447253101 -9
    endloop
  endfacet
  facet normal 0 0 -1
    outer loop
      vertex 88.21894021231704 15 -9
      vertex 86.02616013245925 24.66760447253101 -9
      vertex 86.8346423010033 21.65030794251113 -9
    endloop
  endfacet
  facet normal 0.9876883405951381 0.15643446504022837 -8.380102271079145e-20
    outer loop
      vertex 88.13336661419592 15.540290434753395 -9
      vertex 88.21894021231704 15 9
      vertex 88.21894021231704 15 -9
    endloop
  endfacet
  facet normal 0.9816271834476648 0.19080899537654042 0
    outer loop
      vertex 88.13336661419592 15.540290434753395 -9
      vertex 87.53732983375485 18.60663384723758 -9
      vertex 88.13336661419592 15.540290434753395 9
    endloop
  endfacet
  facet normal 0.9743700647852341 0.22495105434386933 0
    outer loop
      vertex 87.53732983375485 18.60663384723758 -9
      vertex 86.8346423010033 21.65030794251113 -9
      vertex 87.53732983375485 18.60663384723758 9
    endloop
  endfacet
  facet normal 0.9659258262890691 0.25881904510251785 0
    outer loop
      vertex 86.8346423010033 21.65030794251113 -9
      vertex 86.02616013245925 24.66760447253101 -9
      vertex 86.8346423010033 21.65030794251113 9
    endloop
  endfacet
  facet normal 0.9563047559630341 0.2923717047227412 2.5121911029068933e-18
    outer loop
      vertex 86.02616013245925 24.66760447253101 -9
      vertex 85.22704502873714 27.281392202010675 -9
      vertex 85.22704502873714 27.281392202010675 9
    endloop
  endfacet
  facet normal 0.9455185755993186 -0.3255681544571513 0
    outer loop
      vertex 85.1128683391079 -27.65484732625429 -9
      vertex 85.1128683391079 -27.65484732625429 9
      vertex 84.0958796263177 -30.608397008413203 9
    endloop
  endfacet
  facet normal 0.956304755963034 -0.2923717047227415 0
    outer loop
      vertex 86.02616013245925 -24.66760447253101 -9
      vertex 86.02616013245925 -24.66760447253101 9
      vertex 85.1128683391079 -27.65484732625429 9
    endloop
  endfacet
  facet normal 0.9659258262890691 -0.25881904510251785 0
    outer loop
      vertex 86.8346423010033 -21.65030794251113 -9
      vertex 86.8346423010033 -21.65030794251113 9
      vertex 86.02616013245925 -24.66760447253101 9
    endloop
  endfacet
  facet normal 0.9743700647852341 -0.22495105434386933 0
    outer loop
      vertex 87.53732983375485 -18.60663384723758 -9
      vertex 87.53732983375485 -18.60663384723758 9
      vertex 86.8346423010033 -21.65030794251113 9
    endloop
  endfacet
  facet normal 0 0 1
    outer loop
      vertex 72.8261781109079 -26.506561107739326 9
      vertex 80.18740064189902 -39.718537114047166 9
      vertex 73.7068800128744 -23.948817064058424 9
    endloop
  endfacet
  facet normal 0 0 1
    outer loop
      vertex 73.7068800128744 -23.948817064058424 9
      vertex 80.18740064189902 -39.718537114047166 9
      vertex 74.49778143521971 -21.361895075817436 9
    endloop
  endfacet
  facet normal 0 0 1
    outer loop
      vertex 80.18740064189902 -39.718537114047166 9
      vertex 75.19791878638972 -18.74894690897425 9
      vertex 74.49778143521971 -21.361895075817436 9
    endloop
  endfacet
  facet normal 0 0 1
    outer loop
      vertex 80.18740064189902 -39.718537114047166 9
      vertex 75.80643905686995 -16.11315603837635 9
      vertex 75.19791878638972 -18.74894690897425 9
    endloop
  endfacet
  facet normal 0 0 1
    outer loop
      vertex 80.18740064189902 -39.718537114047166 9
      vertex 76.02281467172806 -15 9
      vertex 75.80643905686995 -16.11315603837635 9
    endloop
  endfacet
  facet normal 0 0 1
    outer loop
      vertex 80.43574489625196 -39.23113407147225 9
      vertex 81.75589244792496 -36.400068510815714 9
      vertex 88.21894021231704 -15 9
    endloop
  endfacet
  facet normal 0 0 1
    outer loop
      vertex 81.75589244792496 -36.400068510815714 9
      vertex 82.97643303818 -33.524655073679476 9
      vertex 88.21894021231704 -15 9
    endloop
  endfacet
  facet normal 0 0 1
    outer loop
      vertex 82.97643303818 -33.524655073679476 9
      vertex 84.0958796263177 -30.608397008413203 9
      vertex 88.21894021231704 -15 9
    endloop
  endfacet
  facet normal 0 0 1
    outer loop
      vertex 84.0958796263177 -30.608397008413203 9
      vertex 85.1128683391079 -27.65484732625429 9
      vertex 88.21894021231704 -15 9
    endloop
  endfacet
  facet normal 0 0 1
    outer loop
      vertex 80.18740064189902 -39.718537114047166 9
      vertex 88.21894021231704 -15 9
      vertex 76.02281467172806 -15 9
    endloop
  endfacet
  facet normal 0 0 1
    outer loop
      vertex 85.1128683391079 -27.65484732625429 9
      vertex 86.02616013245925 -24.66760447253101 9
      vertex 88.21894021231704 -15 9
    endloop
  endfacet
  facet normal 0 0 1
    outer loop
      vertex 86.02616013245925 -24.66760447253101 9
      vertex 86.8346423010033 -21.65030794251113 9
      vertex 88.21894021231704 -15 9
    endloop
  endfacet
  facet normal 0 0 1
    outer loop
      vertex 86.8346423010033 -21.65030794251113 9
      vertex 87.53732983375485 -18.60663384723758 9
      vertex 88.21894021231704 -15 9
    endloop
  endfacet
  facet normal 0.9816271834476648 -0.19080899537654042 0
    outer loop
      vertex 88.13336661419592 -15.540290434753395 -9
      vertex 88.13336661419592 -15.540290434753395 9
      vertex 87.53732983375485 -18.60663384723758 9
    endloop
  endfacet
  facet normal 0.9876883405951381 -0.15643446504022837 0
    outer loop
      vertex 88.21894021231704 -15 -9
      vertex 88.21894021231704 -15 9
      vertex 88.13336661419592 -15.540290434753395 9
    endloop
  endfacet
  facet normal 0 0 1
    outer loop
      vertex 87.53732983375485 -18.60663384723758 9
      vertex 88.13336661419592 -15.540290434753395 9
      vertex 88.21894021231704 -15 9
    endloop
  endfacet
  facet normal 0.9876883405951381 0.15643446504022837 0
    outer loop
      vertex 88.13336661419592 15.540290434753395 -9
      vertex 88.13336661419592 15.540290434753395 9
      vertex 88.21894021231704 15 9
    endloop
  endfacet
  facet normal 0.9816271834476648 0.19080899537654042 0
    outer loop
      vertex 87.53732983375485 18.60663384723758 -9
      vertex 87.53732983375485 18.60663384723758 9
      vertex 88.13336661419592 15.540290434753395 9
    endloop
  endfacet
  facet normal 0.9743700647852341 0.22495105434386933 0
    outer loop
      vertex 86.8346423010033 21.65030794251113 -9
      vertex 86.8346423010033 21.65030794251113 9
      vertex 87.53732983375485 18.60663384723758 9
    endloop
  endfacet
  facet normal 0.9659258262890691 0.25881904510251785 0
    outer loop
      vertex 86.02616013245925 24.66760447253101 -9
      vertex 86.02616013245925 24.66760447253101 9
      vertex 86.8346423010033 21.65030794251113 9
    endloop
  endfacet
  facet normal 0.9563047559630341 0.2923717047227412 0
    outer loop
      vertex 86.02616013245925 24.66760447253101 -9
      vertex 85.22704502873714 27.281392202010675 9
      vertex 86.02616013245925 24.66760447253101 9
    endloop
  endfacet
  facet normal 0 0 1
    outer loop
      vertex 75.19791878638972 18.74894690897425 9
      vertex 85.22704502873714 27.281392202010675 9
      vertex 74.49778143521971 21.361895075817436 9
    endloop
  endfacet
  facet normal 0 0 1
    outer loop
      vertex 74.49778143521971 21.361895075817436 9
      vertex 85.22704502873714 27.281392202010675 9
      vertex 73.80575586710174 23.625408717354055 9
    endloop
  endfacet
  facet normal 0 0 1
    outer loop
      vertex 76.02281467172806 15 9
      vertex 88.21894021231704 15 9
      vertex 88.13336661419592 15.540290434753395 9
    endloop
  endfacet
  facet normal 0 0 1
    outer loop
      vertex 76.02281467172806 15 9
      vertex 85.22704502873714 27.281392202010675 9
      vertex 75.80643905686995 16.11315603837635 9
    endloop
  endfacet
  facet normal 0 0 1
    outer loop
      vertex 76.02281467172806 15 9
      vertex 88.13336661419592 15.540290434753395 9
      vertex 87.53732983375485 18.60663384723758 9
    endloop
  endfacet
  facet normal 0 0 1
    outer loop
      vertex 76.02281467172806 15 9
      vertex 87.53732983375485 18.60663384723758 9
      vertex 86.8346423010033 21.65030794251113 9
    endloop
  endfacet
  facet normal 0 0 1
    outer loop
      vertex 75.80643905686995 16.11315603837635 9
      vertex 85.22704502873714 27.281392202010675 9
      vertex 75.19791878638972 18.74894690897425 9
    endloop
  endfacet
  facet normal 0 0 1
    outer loop
      vertex 76.02281467172806 15 9
      vertex 86.8346423010033 21.65030794251113 9
      vertex 86.02616013245925 24.66760447253101 9
    endloop
  endfacet
  facet normal 0 0 1
    outer loop
      vertex 76.02281467172806 15 9
      vertex 86.02616013245925 24.66760447253101 9
      vertex 85.22704502873714 27.281392202010675 9
    endloop
  endfacet
  facet normal 0.8164333190607459 0.2652752660236412 0.512899277405945
    outer loop
      vertex 74.11410008110418 -12.350567407562595 -17.74312755504344
      vertex 73.5 -10.460561697770263 -17.74312755504344
      vertex 73.93473254249466 -12.45316841634587 -17.40454422605863
    endloop
  endfacet
  facet normal 0.7162135249786848 0.23271188097397352 0.6579387259397048
    outer loop
      vertex 74.11410008110418 -12.350567407562595 -17.74312755504344
      vertex 74.35770921085125 -12.260560999872649 -18.04014870042026
      vertex 73.5 -10.460561697770263 -17.74312755504344
    endloop
  endfacet
  facet normal 0.4506758793130067 0.1464334698058804 0.8805955318567421
    outer loop
      vertex 75.00451993081748 -12.129405727389942 -18.47296109961319
      vertex 73.5 -7.637048878158187 -18.45
      vertex 74.65773013386357 -12.186042073276708 -18.286061158186865
    endloop
  endfacet
  facet normal 0.2938926261462372 0.09549150281252647 0.9510565162951533
    outer loop
      vertex 75.38693249229928 -12.092472300969694 -18.59484140680001
      vertex 73.5 -6.285091233659127 -18.59484140680001
      vertex 75.00451993081748 -12.129405727389942 -18.47296109961319
    endloop
  endfacet
  facet normal 0.12766342215945725 0.04148036034810411 0.9909497617679353
    outer loop
      vertex 75.38693249229928 -12.092472300969694 -18.59484140680001
      vertex 75.79267676393285 -12.076428864730033 -18.64778474639089
      vertex 73.5 -5.020295332309675 -18.64778474639089
    endloop
  endfacet
  facet normal -0.042668989257335935 -0.013863995028058507 0.9989930665413147
    outer loop
      vertex 75.79267676393285 -12.076428864730033 -18.64778474639089
      vertex 76.08341979216735 -12.080176201107648 -18.635418536344762
      vertex 73.5 -3.745233381859517 -18.630089475889456
    endloop
  endfacet
  facet normal 0.7162135249786896 0.2327118809739768 0.6579387259396985
    outer loop
      vertex 74.35770921085125 -12.260560999872649 -18.04014870042026
      vertex 73.5 -10 -17.906027495063856
      vertex 73.5 -10.460561697770263 -17.74312755504344
    endloop
  endfacet
  facet normal -0.30901699437497426 0.9510565162951449 1.1478177900488423e-13
    outer loop
      vertex 76.08341979216735 -12.080176201107648 -18.635418536344762
      vertex 76.56197712104814 -11.924683499177664 -18.542324335849337
      vertex 76.19627287227723 -12.043508012599393 -18.630089475889456
    endloop
  endfacet
  facet normal -0.3090169943749582 0.95105651629515 2.4113325578028985e-14
    outer loop
      vertex 76.08341979216735 -12.080176201107648 -18.635418536344762
      vertex 76.90690027801504 -11.812611171792284 -18.387310170084824
      vertex 76.56197712104814 -11.924683499177664 -18.542324335849337
    endloop
  endfacet
  facet normal -0.3090169943749604 0.9510565162951493 3.142973047501894e-14
    outer loop
      vertex 76.08341979216735 -12.080176201107648 -18.635418536344762
      vertex 77.21995622910933 -11.710893127258828 -18.170029261429665
      vertex 76.90690027801504 -11.812611171792284 -18.387310170084824
    endloop
  endfacet
  facet normal -0.30901699437494057 0.9510565162951558 -2.1995266640133805e-14
    outer loop
      vertex 76.08341979216735 -12.080176201107648 -18.635418536344762
      vertex 77.4910830984795 -11.622798667222487 -17.89746519706737
      vertex 77.21995622910933 -11.710893127258828 -18.170029261429665
    endloop
  endfacet
  facet normal -0.30901699437495306 0.9510565162951518 4.290870432309991e-15
    outer loop
      vertex 76.08341979216735 -12.080176201107648 -18.635418536344762
      vertex 77.71156664546011 -11.551159220113195 -17.57837841029299
      vertex 77.4910830984795 -11.622798667222487 -17.89746519706737
    endloop
  endfacet
  facet normal -0.3090169943749557 0.9510565162951508 8.93890165575955e-15
    outer loop
      vertex 76.08341979216735 -12.080176201107648 -18.635418536344762
      vertex 77.8743203474367 -11.498277336706185 -17.223024612978953
      vertex 77.71156664546011 -11.551159220113195 -17.57837841029299
    endloop
  endfacet
  facet normal -0.30901699437495483 0.9510565162951511 8.152501125394483e-15
    outer loop
      vertex 76.08341979216735 -12.080176201107648 -18.635418536344762
      vertex 77.97411316651358 -11.465852684245501 -16.842825168557
      vertex 77.8743203474367 -11.498277336706185 -17.223024612978953
    endloop
  endfacet
  facet normal 0.8904122745046875 0.28931248575410995 0.35137482408130355
    outer loop
      vertex 73.93473254249466 -12.45316841634587 -17.40454422605863
      vertex 73.5 -11.115199227235701 -17.40454422605863
      vertex 73.82537161529775 -12.565066345379792 -17.035281060246685
    endloop
  endfacet
  facet normal 0.9357726468123343 0.3040509641453301 0.17855689479864223
    outer loop
      vertex 73.82537161529775 -12.565066345379792 -17.035281060246685
      vertex 73.5 -11.563675481513785 -17.035281060246685
      vertex 73.789532249696 -12.682664703155286 -16.647206479587553
    endloop
  endfacet
  facet normal 0.8904122745046757 0.28931248575411395 0.35137482408132975
    outer loop
      vertex 73.82537161529775 -12.565066345379792 -17.035281060246685
      vertex 73.5 -11.115199227235701 -17.40454422605863
      vertex 73.5 -11.563675481513785 -17.035281060246685
    endloop
  endfacet
  facet normal 0.816433319060757 0.2652752660236407 0.5128992774059279
    outer loop
      vertex 73.93473254249466 -12.45316841634587 -17.40454422605863
      vertex 73.5 -10.460561697770263 -17.74312755504344
      vertex 73.5 -11.115199227235701 -17.40454422605863
    endloop
  endfacet
  facet normal 0.9357726468123336 0.30405096414533084 0.17855689479864476
    outer loop
      vertex 73.5 -11.563675481513785 -17.035281060246685
      vertex 73.5 -11.791576064784621 -16.647206479587553
      vertex 73.789532249696 -12.682664703155286 -16.647206479587553
    endloop
  endfacet
  facet normal -0.3090169943749388 0.9510565162951563 6.120689193890767e-15
    outer loop
      vertex 76.08341979216735 -12.080176201107648 -18.635418536344762
      vertex 73.83616516047441 -12.810353493395302 -16.2258334717955
      vertex 73.89849039123754 -12.790102798348101 -15.864718939753315
    endloop
  endfacet
  facet normal 0.9510565162951522 0.30901699437495167 4.859694290674374e-16
    outer loop
      vertex 73.789532249696 -12.682664703155286 -16.647206479587553
      vertex 73.5 -11.791576064784621 -16.647206479587553
      vertex 73.82836635238857 -12.802183781693198 -16.252793520412446
    endloop
  endfacet
  facet normal 0.9510565162951522 0.30901699437495156 -6.539119534193811e-17
    outer loop
      vertex 73.82836635238857 -12.802183781693198 -16.252793520412446
      vertex 73.5 -11.791576064784621 -16.647206479587553
      vertex 73.5 -11.791576064784621 -16.252793520412446
    endloop
  endfacet
  facet normal 0.9357726468124008 0.3040509641453525 -0.1785568947982556
    outer loop
      vertex 73.82836635238857 -12.802183781693198 -16.252793520412446
      vertex 73.5 -11.791576064784621 -16.252793520412446
      vertex 73.83616516047441 -12.810353493395302 -16.2258334717955
    endloop
  endfacet
  facet normal 0.9357726468123343 0.30405096414531985 -0.17855689479865985
    outer loop
      vertex 73.83616516047441 -12.810353493395302 -16.2258334717955
      vertex 73.5 -11.791576064784621 -16.252793520412446
      vertex 73.89849039123754 -12.790102798348101 -15.864718939753315
    endloop
  endfacet
  facet normal 0.9357726468123353 0.3040509641453267 -0.17855689479864315
    outer loop
      vertex 73.5 -11.791576064784621 -16.252793520412446
      vertex 73.5 -11.563675481513785 -15.864718939753315
      vertex 73.89849039123754 -12.790102798348101 -15.864718939753315
    endloop
  endfacet
  facet normal -0.309016994374947 0.9510565162951538 -9.666170679211851e-16
    outer loop
      vertex 76.08341979216735 -12.080176201107648 -18.635418536344762
      vertex 73.89849039123754 -12.790102798348101 -15.864718939753315
      vertex 77.97411316651358 -11.465852684245501 -16.057174831443
    endloop
  endfacet
  facet normal -0.3090169943749498 0.9510565162951528 2.227344738674647e-15
    outer loop
      vertex 76.08341979216735 -12.080176201107648 -18.635418536344762
      vertex 78.00773767937577 -11.45492741774034 -16.45
      vertex 77.97411316651358 -11.465852684245501 -16.842825168557
    endloop
  endfacet
  facet normal -0.30901699437494623 0.9510565162951539 -1.714667713532854e-15
    outer loop
      vertex 76.08341979216735 -12.080176201107648 -18.635418536344762
      vertex 77.97411316651358 -11.465852684245501 -16.057174831443
      vertex 78.00773767937577 -11.45492741774034 -16.45
    endloop
  endfacet
  facet normal 0.8904122745046779 0.2893124857541111 -0.3513748240813267
    outer loop
      vertex 73.89849039123754 -12.790102798348101 -15.864718939753315
      vertex 73.5 -11.563675481513785 -15.864718939753315
      vertex 74.03029425537156 -12.747277126851355 -15.495455773941371
    endloop
  endfacet
  facet normal 0.8164333190607542 0.2652752660236439 -0.5128992774059304
    outer loop
      vertex 74.03029425537156 -12.747277126851355 -15.495455773941371
      vertex 73.5 -11.115199227235701 -15.495455773941371
      vertex 74.22268739808004 -12.684764805365223 -15.156872444956559
    endloop
  endfacet
  facet normal 0.8904122745046781 0.2893124857541113 -0.3513748240813265
    outer loop
      vertex 74.03029425537156 -12.747277126851355 -15.495455773941371
      vertex 73.5 -11.563675481513785 -15.864718939753315
      vertex 73.5 -11.115199227235701 -15.495455773941371
    endloop
  endfacet
  facet normal 0.8164333190607541 0.2652752660236437 -0.5128992774059308
    outer loop
      vertex 74.22268739808004 -12.684764805365223 -15.156872444956559
      vertex 73.5 -11.115199227235701 -15.495455773941371
      vertex 73.5 -10.460561697770263 -15.156872444956559
    endloop
  endfacet
  facet normal -0.30901699437494745 0.9510565162951535 6.635118130533617e-16
    outer loop
      vertex 73.89849039123754 -12.790102798348101 -15.864718939753315
      vertex 74.03029425537156 -12.747277126851355 -15.495455773941371
      vertex 77.8743203474367 -11.498277336706185 -15.676975387021045
    endloop
  endfacet
  facet normal -0.3090169943749482 0.9510565162951533 7.413757198144738e-15
    outer loop
      vertex 74.03029425537156 -12.747277126851355 -15.495455773941371
      vertex 74.22268739808004 -12.684764805365223 -15.156872444956559
      vertex 77.71156664546011 -11.551159220113195 -15.321621589707005
    endloop
  endfacet
  facet normal 0.7162135249786888 0.23271188097397466 -0.6579387259396999
    outer loop
      vertex 74.22268739808004 -12.684764805365223 -15.156872444956559
      vertex 73.5 -10.460561697770263 -15.156872444956559
      vertex 74.4694861454547 -12.604575031337586 -14.859851299579738
    endloop
  endfacet
  facet normal -0.30901699437494834 0.9510565162951533 -8.139060917049674e-15
    outer loop
      vertex 74.22268739808004 -12.684764805365223 -15.156872444956559
      vertex 74.4694861454547 -12.604575031337586 -14.859851299579738
      vertex 77.4910830984795 -11.622798667222487 -15.002534802932631
    endloop
  endfacet
  facet normal -0.3090169943749468 0.9510565162951539 1.8197232357466972e-15
    outer loop
      vertex 74.4694861454547 -12.604575031337586 -14.859851299579738
      vertex 74.76275818268824 -12.509285170086056 -14.613938841813134
      vertex 77.21995622910933 -11.710893127258828 -14.729970738570334
    endloop
  endfacet
  facet normal -0.30901699437494795 0.9510565162951535 4.7252586818075225e-15
    outer loop
      vertex 74.76275818268824 -12.509285170086056 -14.613938841813134
      vertex 75.09307750519896 -12.401957916156015 -14.427038900386808
      vertex 76.90690027801504 -11.812611171792284 -14.512689829915175
    endloop
  endfacet
  facet normal -0.30901699437494884 0.9510565162951531 1.803969836432936e-14
    outer loop
      vertex 75.09307750519896 -12.401957916156015 -14.427038900386808
      vertex 75.44982737817371 -12.286042855797934 -14.305158593199987
      vertex 76.56197712104814 -11.924683499177664 -14.357675664150662
    endloop
  endfacet
  facet normal 0.7162135249786892 0.23271188097397477 -0.6579387259396997
    outer loop
      vertex 74.4694861454547 -12.604575031337586 -14.859851299579738
      vertex 73.5 -10.460561697770263 -15.156872444956559
      vertex 73.5 -10 -14.993972504936144
    endloop
  endfacet
  facet normal -0.30901699437494723 0.9510565162951536 -5.718504950657037e-15
    outer loop
      vertex 77.97411316651358 -11.465852684245501 -16.057174831443
      vertex 73.89849039123754 -12.790102798348101 -15.864718939753315
      vertex 77.8743203474367 -11.498277336706185 -15.676975387021045
    endloop
  endfacet
  facet normal -0.3090169943749477 0.9510565162951534 -4.736947383493872e-15
    outer loop
      vertex 74.03029425537156 -12.747277126851355 -15.495455773941371
      vertex 77.71156664546011 -11.551159220113195 -15.321621589707005
      vertex 77.8743203474367 -11.498277336706185 -15.676975387021045
    endloop
  endfacet
  facet normal -0.3090169943749486 0.9510565162951531 -1.128055199383597e-15
    outer loop
      vertex 74.22268739808004 -12.684764805365223 -15.156872444956559
      vertex 77.4910830984795 -11.622798667222487 -15.002534802932631
      vertex 77.71156664546011 -11.551159220113195 -15.321621589707005
    endloop
  endfacet
  facet normal -0.30901699437494806 0.9510565162951532 1.3107731503028021e-15
    outer loop
      vertex 75.09307750519896 -12.401957916156015 -14.427038900386808
      vertex 76.56197712104814 -11.924683499177664 -14.357675664150662
      vertex 76.90690027801504 -11.812611171792284 -14.512689829915175
    endloop
  endfacet
  facet normal -0.3090169943749473 0.9510565162951536 1.491094216468228e-14
    outer loop
      vertex 74.4694861454547 -12.604575031337586 -14.859851299579738
      vertex 77.21995622910933 -11.710893127258828 -14.729970738570334
      vertex 77.4910830984795 -11.622798667222487 -15.002534802932631
    endloop
  endfacet
  facet normal -0.3090169943749473 0.9510565162951534 -1.073810459176356e-14
    outer loop
      vertex 74.76275818268824 -12.509285170086056 -14.613938841813134
      vertex 76.90690027801504 -11.812611171792284 -14.512689829915175
      vertex 77.21995622910933 -11.710893127258828 -14.729970738570334
    endloop
  endfacet
  facet normal -0.30901699437495195 0.9510565162951521 5.1711508237611374e-14
    outer loop
      vertex 75.44982737817371 -12.286042855797934 -14.305158593199987
      vertex 75.8215415671603 -12.165265594426952 -14.252215253609107
      vertex 76.19627287227723 -12.043508012599393 -14.269910524110543
    endloop
  endfacet
  facet normal -0.30901699437494967 0.9510565162951528 -1.6209061981841718e-15
    outer loop
      vertex 76.56197712104814 -11.924683499177664 -14.357675664150662
      vertex 75.44982737817371 -12.286042855797934 -14.305158593199987
      vertex 76.19627287227723 -12.043508012599393 -14.269910524110543
    endloop
  endfacet
  facet normal 0.45067587931301256 0.1464334698058818 0.8805955318567388
    outer loop
      vertex 74.65773013386357 -12.186042073276708 -18.286061158186865
      vertex 73.5 -7.637048878158187 -18.45
      vertex 68.87215710809446 6.605987002893042 -18.45
    endloop
  endfacet
  facet normal 0.45067587931301045 0.14643346980588165 0.88059553185674
    outer loop
      vertex 75.00451993081748 -12.129405727389942 -18.47296109961319
      vertex 73.5 -7.498969504960944 -18.47296109961319
      vertex 73.5 -7.637048878158187 -18.45
    endloop
  endfacet
  facet normal 0.29389262614623357 0.09549150281252554 0.9510565162951545
    outer loop
      vertex 75.00451993081748 -12.129405727389942 -18.47296109961319
      vertex 73.5 -6.285091233659127 -18.59484140680001
      vertex 73.5 -7.498969504960944 -18.47296109961319
    endloop
  endfacet
  facet normal 0.12766342215945709 0.04148036034810406 0.9909497617679353
    outer loop
      vertex 75.38693249229928 -12.092472300969694 -18.59484140680001
      vertex 73.5 -5.020295332309675 -18.64778474639089
      vertex 73.5 -6.285091233659127 -18.59484140680001
    endloop
  endfacet
  facet normal -0.042668989257320405 -0.013863995028053692 0.9989930665413154
    outer loop
      vertex 76.08341979216735 -12.080176201107648 -18.635418536344762
      vertex 76.19627287227723 -12.043508012599393 -18.630089475889456
      vertex 73.5 -3.745233381859517 -18.630089475889456
    endloop
  endfacet
  facet normal -0.21162998425123536 -0.06876275019668616 0.9749279121818237
    outer loop
      vertex 76.19627287227723 -12.043508012599393 -18.630089475889456
      vertex 76.56197712104814 -11.924683499177664 -18.542324335849337
      vertex 73.5 -2.5008869225205146 -18.542324335849337
    endloop
  endfacet
  facet normal -0.37378901742157994 -0.12145141399581634 0.9195277725514476
    outer loop
      vertex 76.56197712104814 -11.924683499177664 -18.542324335849337
      vertex 76.90690027801504 -11.812611171792284 -18.387310170084824
      vertex 73.5 -1.801884843394807 -18.45
    endloop
  endfacet
  facet normal -0.04266898925733146 -0.013863995028057276 0.9989930665413148
    outer loop
      vertex 75.79267676393285 -12.076428864730033 -18.64778474639089
      vertex 73.5 -3.745233381859517 -18.630089475889456
      vertex 73.5 -5.020295332309675 -18.64778474639089
    endloop
  endfacet
  facet normal -0.21162998425123536 -0.06876275019668615 0.974927912181824
    outer loop
      vertex 76.19627287227723 -12.043508012599393 -18.630089475889456
      vertex 73.5 -2.5008869225205146 -18.542324335849337
      vertex 73.5 -3.745233381859517 -18.630089475889456
    endloop
  endfacet
  facet normal -0.37378901742158116 -0.12145141399581671 0.9195277725514469
    outer loop
      vertex 76.56197712104814 -11.924683499177664 -18.542324335849337
      vertex 73.5 -1.801884843394807 -18.45
      vertex 73.5 -2.5008869225205146 -18.542324335849337
    endloop
  endfacet
  facet normal 0.5929740389013293 0.19266894459381947 0.7818314824680243
    outer loop
      vertex 74.35770921085125 -12.260560999872649 -18.04014870042026
      vertex 64.03782374277084 20.498668992931638 -18.286061158186865
      vertex 63.744135922443746 20.40465878046216 -18.04014870042026
    endloop
  endfacet
  facet normal 0.7162135249786726 0.23271188097396936 0.6579387259397194
    outer loop
      vertex 74.35770921085125 -12.260560999872649 -18.04014870042026
      vertex 63.744135922443746 20.40465878046216 -18.04014870042026
      vertex 63.49698727895339 20.325545875949494 -17.74312755504344
    endloop
  endfacet
  facet normal 0.4506758793130305 0.14643346980588803 0.8805955318567287
    outer loop
      vertex 68.87215710809446 6.605987002893042 -18.45
      vertex 68.91273761770002 6.619172409747058 -18.47296109961319
      vertex 64.36861137174223 20.604554947777295 -18.47296109961319
    endloop
  endfacet
  facet normal 0.29389262614623385 0.09549150281252555 0.9510565162951545
    outer loop
      vertex 69.26948749067476 6.73508747010514 -18.59484140680001
      vertex 64.36861137174223 20.604554947777295 -18.47296109961319
      vertex 68.91273761770002 6.619172409747058 -18.47296109961319
    endloop
  endfacet
  facet normal 0.9357726468123376 0.3040509641453274 0.17855689479862935
    outer loop
      vertex 72.91788164925204 -10 -16.647206479587553
      vertex 63.172330645493595 20.22162246823995 -17.035281060246685
      vertex 63.10525738685192 20.20015214887532 -16.647206479587553
    endloop
  endfacet
  facet normal 0.816433319060763 0.26527526602364654 0.5128992774059152
    outer loop
      vertex 73.1376498058474 -10 -17.40454422605863
      vertex 63.49698727895339 20.325545875949494 -17.74312755504344
      vertex 63.30432137305615 20.26387303323899 -17.40454422605863
    endloop
  endfacet
  facet normal 0.8904122745046754 0.28931248575411045 0.3513748240813337
    outer loop
      vertex 72.9919310375397 -10 -17.035281060246685
      vertex 63.30432137305615 20.26387303323899 -17.40454422605863
      vertex 63.172330645493595 20.22162246823995 -17.035281060246685
    endloop
  endfacet
  facet normal 0.9510565162951536 0.3090169943749474 1.882098616331811e-15
    outer loop
      vertex 72.91788164925204 -10 -16.647206479587553
      vertex 63.10525738685192 20.20015214887532 -16.647206479587553
      vertex 63.10525738685192 20.20015214887532 -16.252793520412446
    endloop
  endfacet
  facet normal 0.9357726468123373 0.30405096414532734 -0.17855689479863138
    outer loop
      vertex 72.91788164925204 -10 -16.252793520412446
      vertex 63.10525738685192 20.20015214887532 -16.252793520412446
      vertex 63.172330645493595 20.22162246823995 -15.864718939753315
    endloop
  endfacet
  facet normal 0.8904122745046761 0.28931248575411067 -0.35137482408133197
    outer loop
      vertex 72.9919310375397 -10 -15.864718939753315
      vertex 63.172330645493595 20.22162246823995 -15.864718939753315
      vertex 63.30432137305615 20.26387303323899 -15.495455773941371
    endloop
  endfacet
  facet normal 0.816433319060764 0.26527526602364687 -0.5128992774059137
    outer loop
      vertex 73.1376498058474 -10 -15.495455773941371
      vertex 63.30432137305615 20.26387303323899 -15.495455773941371
      vertex 63.49698727895339 20.325545875949494 -15.156872444956559
    endloop
  endfacet
  facet normal 0.5929740389013309 0.19266894459381992 -0.7818314824680229
    outer loop
      vertex 74.4694861454547 -12.604575031337586 -14.859851299579738
      vertex 63.744135922443746 20.40465878046216 -14.859851299579738
      vertex 64.03782374277084 20.498668992931634 -14.613938841813134
    endloop
  endfacet
  facet normal 0.4506758793130141 0.14643346980588254 -0.880595531856738
    outer loop
      vertex 74.76275818268824 -12.509285170086056 -14.613938841813134
      vertex 64.03782374277084 20.498668992931634 -14.613938841813134
      vertex 64.36861137174223 20.604554947777295 -14.427038900386808
    endloop
  endfacet
  facet normal 0.7162135249786739 0.23271188097396986 -0.6579387259397181
    outer loop
      vertex 73.35035443306397 -10 -15.156872444956559
      vertex 63.49698727895339 20.325545875949494 -15.156872444956559
      vertex 63.744135922443746 20.40465878046216 -14.859851299579738
    endloop
  endfacet
  facet normal 0.2938926261462344 0.09549150281252576 0.9510565162951542
    outer loop
      vertex 69.26948749067476 6.73508747010514 -18.59484140680001
      vertex 64.72586702278981 20.718913383287145 -18.59484140680001
      vertex 64.36861137174223 20.604554947777295 -18.47296109961319
    endloop
  endfacet
  facet normal 0.45067587931301417 0.1464334698058828 0.880595531856738
    outer loop
      vertex 68.87215710809446 6.605987002893042 -18.45
      vertex 64.36861137174223 20.604554947777295 -18.47296109961319
      vertex 64.03782374277084 20.498668992931638 -18.286061158186865
    endloop
  endfacet
  facet normal 0.12766342215945684 0.04148036034810407 0.9909497617679354
    outer loop
      vertex 69.64120167966135 6.855864731476123 -18.64778474639089
      vertex 65.09810820533798 20.83806872524946 -18.64778474639089
      vertex 64.72586702278981 20.718913383287145 -18.59484140680001
    endloop
  endfacet
  facet normal -0.04266898925733134 -0.013863995028057262 0.9989930665413147
    outer loop
      vertex 70.01593298477829 6.977622313303679 -18.630089475889456
      vertex 65.47337078149856 20.95819122293223 -18.630089475889456
      vertex 65.09810820533798 20.83806872524946 -18.64778474639089
    endloop
  endfacet
  facet normal -0.21162998425123375 -0.06876275019668565 0.9749279121818243
    outer loop
      vertex 70.3816372335492 7.096446826725407 -18.542324335849337
      vertex 65.8395935033067 21.07542004042281 -18.542324335849337
      vertex 65.47337078149856 20.95819122293223 -18.630089475889456
    endloop
  endfacet
  facet normal -0.3737890174215786 -0.12145141399581595 0.9195277725514482
    outer loop
      vertex 70.58706879026514 7.163195585730202 -18.45
      vertex 66.1850056711544 21.185987347070864 -18.387310170084824
      vertex 65.8395935033067 21.07542004042281 -18.542324335849337
    endloop
  endfacet
  facet normal 0.7162135249786747 0.2327118809739701 0.6579387259397169
    outer loop
      vertex 74.35770921085125 -12.260560999872649 -18.04014870042026
      vertex 63.49698727895339 20.325545875949494 -17.74312755504344
      vertex 73.5 -10 -17.906027495063856
    endloop
  endfacet
  facet normal 0.7162135249786828 0.23271188097397277 0.6579387259397073
    outer loop
      vertex 73.35035443306397 -10 -17.74312755504344
      vertex 73.5 -10 -17.906027495063856
      vertex 63.49698727895339 20.325545875949494 -17.74312755504344
    endloop
  endfacet
  facet normal 0.8164333190607561 0.2652752660236445 0.5128992774059271
    outer loop
      vertex 73.35035443306397 -10 -17.74312755504344
      vertex 63.49698727895339 20.325545875949494 -17.74312755504344
      vertex 73.1376498058474 -10 -17.40454422605863
    endloop
  endfacet
  facet normal 0.5929740389013288 0.19266894459381936 0.7818314824680247
    outer loop
      vertex 74.65773013386357 -12.186042073276708 -18.286061158186865
      vertex 64.03782374277084 20.498668992931638 -18.286061158186865
      vertex 74.35770921085125 -12.260560999872649 -18.04014870042026
    endloop
  endfacet
  facet normal 0.8904122745046814 0.2893124857541122 0.351374824081317
    outer loop
      vertex 73.1376498058474 -10 -17.40454422605863
      vertex 63.30432137305615 20.26387303323899 -17.40454422605863
      vertex 72.9919310375397 -10 -17.035281060246685
    endloop
  endfacet
  facet normal 0.9357726468123354 0.3040509641453269 0.17855689479864198
    outer loop
      vertex 72.9919310375397 -10 -17.035281060246685
      vertex 63.172330645493595 20.22162246823995 -17.035281060246685
      vertex 72.91788164925204 -10 -16.647206479587553
    endloop
  endfacet
  facet normal 0.9510565162951536 0.3090169943749474 0
    outer loop
      vertex 72.91788164925204 -10 -16.647206479587553
      vertex 63.10525738685192 20.20015214887532 -16.252793520412446
      vertex 72.91788164925204 -10 -16.252793520412446
    endloop
  endfacet
  facet normal 0.9357726468123353 0.30405096414532684 -0.17855689479864276
    outer loop
      vertex 72.91788164925204 -10 -16.252793520412446
      vertex 63.172330645493595 20.22162246823995 -15.864718939753315
      vertex 72.9919310375397 -10 -15.864718939753315
    endloop
  endfacet
  facet normal 0.45067587931300296 0.14643346980587887 0.8805955318567443
    outer loop
      vertex 74.65773013386357 -12.186042073276708 -18.286061158186865
      vertex 68.87215710809446 6.605987002893042 -18.45
      vertex 64.03782374277084 20.498668992931638 -18.286061158186865
    endloop
  endfacet
  facet normal -0.37378901742157505 -0.12145141399581466 0.9195277725514497
    outer loop
      vertex 76.90690027801504 -11.812611171792284 -18.387310170084824
      vertex 66.1850056711544 21.185987347070864 -18.387310170084824
      vertex 73.5 -1.801884843394807 -18.45
    endloop
  endfacet
  facet normal -0.5239341640173482 -0.17023652941855844 0.8345732537213058
    outer loop
      vertex 76.90690027801504 -11.812611171792284 -18.387310170084824
      vertex 77.21995622910933 -11.710893127258828 -18.170029261429665
      vertex 66.1850056711544 21.185987347070864 -18.387310170084824
    endloop
  endfacet
  facet normal -0.6572396354871496 -0.2135501027147109 0.72279486382739
    outer loop
      vertex 77.21995622910933 -11.710893127258828 -18.170029261429665
      vertex 77.4910830984795 -11.622798667222487 -17.89746519706737
      vertex 66.49850545376097 21.286339418665644 -18.170029261429665
    endloop
  endfacet
  facet normal -0.7694208842938096 -0.24999999999999886 0.5877852522924785
    outer loop
      vertex 77.4910830984795 -11.622798667222487 -17.89746519706737
      vertex 77.71156664546011 -11.551159220113195 -17.57837841029299
      vertex 66.77001671016497 21.37325085705612 -17.89746519706737
    endloop
  endfacet
  facet normal -0.8568723127976681 -0.2784146915846063 0.43388373911754746
    outer loop
      vertex 77.71156664546011 -11.551159220113195 -17.57837841029299
      vertex 77.8743203474367 -11.498277336706185 -17.223024612978953
      vertex 66.99081284518535 21.443928257101472 -17.57837841029299
    endloop
  endfacet
  facet normal -0.916783160131296 -0.2978809059013045 0.2660368455667238
    outer loop
      vertex 77.8743203474367 -11.498277336706185 -17.223024612978953
      vertex 77.97411316651358 -11.465852684245501 -16.842825168557
      vertex 67.15379728937089 21.49609998901067 -17.223024612978953
    endloop
  endfacet
  facet normal -0.9472278423666389 -0.30777298280511967 0.08963930890341161
    outer loop
      vertex 77.97411316651358 -11.465852684245501 -16.842825168557
      vertex 78.00773767937577 -11.45492741774034 -16.45
      vertex 67.25373158858143 21.52808921039312 -16.842825168557
    endloop
  endfacet
  facet normal -0.9472278423666389 -0.30777298280511967 -0.08963930890341161
    outer loop
      vertex 78.00773767937577 -11.45492741774034 -16.45
      vertex 77.97411316651358 -11.465852684245501 -16.057174831443
      vertex 67.2874037722141 21.53886776135275 -16.45
    endloop
  endfacet
  facet normal 0.8904122745046814 0.2893124857541122 -0.351374824081317
    outer loop
      vertex 72.9919310375397 -10 -15.864718939753315
      vertex 63.30432137305615 20.26387303323899 -15.495455773941371
      vertex 73.1376498058474 -10 -15.495455773941371
    endloop
  endfacet
  facet normal 0.8164333190607573 0.2652752660236449 -0.5128992774059251
    outer loop
      vertex 73.1376498058474 -10 -15.495455773941371
      vertex 63.49698727895339 20.325545875949494 -15.156872444956559
      vertex 73.35035443306397 -10 -15.156872444956559
    endloop
  endfacet
  facet normal 0.7162135249786794 0.23271188097397155 -0.6579387259397114
    outer loop
      vertex 73.35035443306397 -10 -15.156872444956559
      vertex 63.744135922443746 20.40465878046216 -14.859851299579738
      vertex 73.5 -10 -14.993972504936144
    endloop
  endfacet
  facet normal 0.5929740389013229 0.19266894459381745 -0.7818314824680296
    outer loop
      vertex 74.4694861454547 -12.604575031337586 -14.859851299579738
      vertex 64.03782374277084 20.498668992931634 -14.613938841813134
      vertex 74.76275818268824 -12.509285170086056 -14.613938841813134
    endloop
  endfacet
  facet normal 0.4506758793130111 0.14643346980588157 -0.8805955318567397
    outer loop
      vertex 74.76275818268824 -12.509285170086056 -14.613938841813134
      vertex 64.36861137174223 20.604554947777295 -14.427038900386808
      vertex 75.09307750519896 -12.401957916156015 -14.427038900386808
    endloop
  endfacet
  facet normal 0.29389262614623407 0.09549150281252552 -0.9510565162951545
    outer loop
      vertex 75.09307750519896 -12.401957916156015 -14.427038900386808
      vertex 64.72586702278981 20.718913383287145 -14.305158593199987
      vertex 75.44982737817371 -12.286042855797934 -14.305158593199987
    endloop
  endfacet
  facet normal 0.7162135249786877 0.23271188097397422 -0.6579387259397013
    outer loop
      vertex 74.4694861454547 -12.604575031337586 -14.859851299579738
      vertex 73.5 -10 -14.993972504936144
      vertex 63.744135922443746 20.40465878046216 -14.859851299579738
    endloop
  endfacet
  facet normal -0.37378901742157994 -0.12145141399581627 -0.9195277725514476
    outer loop
      vertex 76.56197712104814 -11.924683499177664 -14.357675664150662
      vertex 66.1850056711544 21.185987347070864 -14.512689829915175
      vertex 76.90690027801504 -11.812611171792284 -14.512689829915175
    endloop
  endfacet
  facet normal 0.12766342215946128 0.04148036034810547 -0.9909497617679347
    outer loop
      vertex 75.44982737817371 -12.286042855797934 -14.305158593199987
      vertex 65.09810820533798 20.838068725249457 -14.252215253609107
      vertex 75.8215415671603 -12.165265594426952 -14.252215253609107
    endloop
  endfacet
  facet normal -0.04266898925733572 -0.01386399502805867 -0.9989930665413146
    outer loop
      vertex 75.8215415671603 -12.165265594426952 -14.252215253609107
      vertex 65.47337078149856 20.958191222932225 -14.269910524110543
      vertex 76.19627287227723 -12.043508012599393 -14.269910524110543
    endloop
  endfacet
  facet normal -0.2116299842512354 -0.06876275019668615 -0.9749279121818237
    outer loop
      vertex 76.56197712104814 -11.924683499177664 -14.357675664150662
      vertex 76.19627287227723 -12.043508012599393 -14.269910524110543
      vertex 65.8395935033067 21.075420040422813 -14.357675664150662
    endloop
  endfacet
  facet normal -0.9167831601312959 -0.2978809059013046 -0.26603684556672375
    outer loop
      vertex 77.97411316651358 -11.465852684245501 -16.057174831443
      vertex 77.8743203474367 -11.498277336706185 -15.676975387021045
      vertex 67.25373158858143 21.52808921039312 -16.057174831443
    endloop
  endfacet
  facet normal -0.8568723127976688 -0.2784146915846063 -0.43388373911754563
    outer loop
      vertex 77.8743203474367 -11.498277336706185 -15.676975387021045
      vertex 77.71156664546011 -11.551159220113195 -15.321621589707005
      vertex 67.15379728937089 21.49609998901067 -15.676975387021045
    endloop
  endfacet
  facet normal -0.7694208842938066 -0.24999999999999786 -0.5877852522924827
    outer loop
      vertex 77.71156664546011 -11.551159220113195 -15.321621589707005
      vertex 77.4910830984795 -11.622798667222487 -15.002534802932631
      vertex 66.99081284518535 21.443928257101472 -15.321621589707005
    endloop
  endfacet
  facet normal -0.6572396354871518 -0.2135501027147115 -0.7227948638273878
    outer loop
      vertex 77.4910830984795 -11.622798667222487 -15.002534802932631
      vertex 77.21995622910933 -11.710893127258828 -14.729970738570334
      vertex 66.77001671016497 21.37325085705612 -15.002534802932631
    endloop
  endfacet
  facet normal -0.523934164017348 -0.1702365294185586 -0.8345732537213056
    outer loop
      vertex 76.90690027801504 -11.812611171792284 -14.512689829915175
      vertex 66.49850545376097 21.286339418665644 -14.729970738570334
      vertex 77.21995622910933 -11.710893127258828 -14.729970738570334
    endloop
  endfacet
  facet normal -0.37378901742160925 -0.1214514139958255 0.9195277725514345
    outer loop
      vertex 73.5 -1.801884843394807 -18.45
      vertex 66.1850056711544 21.185987347070864 -18.387310170084824
      vertex 70.58706879026514 7.163195585730202 -18.45
    endloop
  endfacet
  facet normal -0.5239341640173596 -0.1702365294185623 0.8345732537212978
    outer loop
      vertex 77.21995622910933 -11.710893127258828 -18.170029261429665
      vertex 66.49850545376097 21.286339418665644 -18.170029261429665
      vertex 66.1850056711544 21.185987347070864 -18.387310170084824
    endloop
  endfacet
  facet normal -0.657239635487143 -0.21355010271470865 0.7227948638273965
    outer loop
      vertex 77.4910830984795 -11.622798667222487 -17.89746519706737
      vertex 66.77001671016497 21.37325085705612 -17.89746519706737
      vertex 66.49850545376097 21.286339418665644 -18.170029261429665
    endloop
  endfacet
  facet normal -0.76942088429381 -0.24999999999999892 0.587785252292478
    outer loop
      vertex 77.71156664546011 -11.551159220113195 -17.57837841029299
      vertex 66.99081284518535 21.443928257101472 -17.57837841029299
      vertex 66.77001671016497 21.37325085705612 -17.89746519706737
    endloop
  endfacet
  facet normal 0.12766342215945697 0.041480360348104116 0.9909497617679353
    outer loop
      vertex 69.26948749067476 6.73508747010514 -18.59484140680001
      vertex 69.64120167966135 6.855864731476123 -18.64778474639089
      vertex 64.72586702278981 20.718913383287145 -18.59484140680001
    endloop
  endfacet
  facet normal -0.04266898925733152 -0.013863995028057324 0.9989930665413146
    outer loop
      vertex 69.64120167966135 6.855864731476123 -18.64778474639089
      vertex 70.01593298477829 6.977622313303679 -18.630089475889456
      vertex 65.09810820533798 20.83806872524946 -18.64778474639089
    endloop
  endfacet
  facet normal -0.2116299842512355 -0.0687627501966863 0.9749279121818238
    outer loop
      vertex 70.01593298477829 6.977622313303679 -18.630089475889456
      vertex 70.3816372335492 7.096446826725407 -18.542324335849337
      vertex 65.47337078149856 20.95819122293223 -18.630089475889456
    endloop
  endfacet
  facet normal -0.37378901742157644 -0.12145141399581522 0.919527772551449
    outer loop
      vertex 70.3816372335492 7.096446826725407 -18.542324335849337
      vertex 70.58706879026514 7.163195585730202 -18.45
      vertex 65.8395935033067 21.07542004042281 -18.542324335849337
    endloop
  endfacet
  facet normal -0.8568723127976612 -0.27841469158460386 0.4338837391175624
    outer loop
      vertex 77.8743203474367 -11.498277336706185 -17.223024612978953
      vertex 67.15379728937089 21.49609998901067 -17.223024612978953
      vertex 66.99081284518535 21.443928257101472 -17.57837841029299
    endloop
  endfacet
  facet normal -0.916783160131299 -0.2978809059013056 0.2660368455667121
    outer loop
      vertex 77.97411316651358 -11.465852684245501 -16.842825168557
      vertex 67.25373158858143 21.52808921039312 -16.842825168557
      vertex 67.15379728937089 21.49609998901067 -17.223024612978953
    endloop
  endfacet
  facet normal -0.9472278423666388 -0.3077729828051196 0.08963930890341344
    outer loop
      vertex 78.00773767937577 -11.45492741774034 -16.45
      vertex 67.2874037722141 21.53886776135275 -16.45
      vertex 67.25373158858143 21.52808921039312 -16.842825168557
    endloop
  endfacet
  facet normal -0.9472278423666394 -0.30777298280511983 -0.08963930890340571
    outer loop
      vertex 77.97411316651358 -11.465852684245501 -16.057174831443
      vertex 67.25373158858143 21.52808921039312 -16.057174831443
      vertex 67.2874037722141 21.53886776135275 -16.45
    endloop
  endfacet
  facet normal 0.29389262614623457 0.09549150281252568 -0.9510565162951542
    outer loop
      vertex 75.09307750519896 -12.401957916156015 -14.427038900386808
      vertex 64.36861137174223 20.604554947777295 -14.427038900386808
      vertex 64.72586702278981 20.718913383287145 -14.305158593199987
    endloop
  endfacet
  facet normal -0.6572396354871446 -0.21355010271470926 -0.7227948638273949
    outer loop
      vertex 77.21995622910933 -11.710893127258828 -14.729970738570334
      vertex 66.49850545376097 21.286339418665644 -14.729970738570334
      vertex 66.77001671016497 21.37325085705612 -15.002534802932631
    endloop
  endfacet
  facet normal -0.769420884293807 -0.249999999999998 -0.5877852522924824
    outer loop
      vertex 77.4910830984795 -11.622798667222487 -15.002534802932631
      vertex 66.77001671016497 21.37325085705612 -15.002534802932631
      vertex 66.99081284518535 21.443928257101472 -15.321621589707005
    endloop
  endfacet
  facet normal -0.373789017421579 -0.12145141399581597 -0.919527772551448
    outer loop
      vertex 76.56197712104814 -11.924683499177664 -14.357675664150662
      vertex 65.8395935033067 21.075420040422813 -14.357675664150662
      vertex 66.1850056711544 21.185987347070864 -14.512689829915175
    endloop
  endfacet
  facet normal -0.5239341640173596 -0.17023652941856218 -0.8345732537212976
    outer loop
      vertex 76.90690027801504 -11.812611171792284 -14.512689829915175
      vertex 66.1850056711544 21.185987347070864 -14.512689829915175
      vertex 66.49850545376097 21.286339418665644 -14.729970738570334
    endloop
  endfacet
  facet normal -0.9167831601313008 -0.29788090590130606 -0.26603684556670554
    outer loop
      vertex 77.8743203474367 -11.498277336706185 -15.676975387021045
      vertex 67.15379728937089 21.49609998901067 -15.676975387021045
      vertex 67.25373158858143 21.52808921039312 -16.057174831443
    endloop
  endfacet
  facet normal -0.8568723127976625 -0.27841469158460447 -0.4338837391175597
    outer loop
      vertex 77.71156664546011 -11.551159220113195 -15.321621589707005
      vertex 66.99081284518535 21.443928257101472 -15.321621589707005
      vertex 67.15379728937089 21.49609998901067 -15.676975387021045
    endloop
  endfacet
  facet normal 0.12766342215946155 0.04148036034810555 -0.9909497617679347
    outer loop
      vertex 75.44982737817371 -12.286042855797934 -14.305158593199987
      vertex 64.72586702278981 20.718913383287145 -14.305158593199987
      vertex 65.09810820533798 20.838068725249457 -14.252215253609107
    endloop
  endfacet
  facet normal -0.0426689892573358 -0.013863995028058698 -0.9989930665413146
    outer loop
      vertex 75.8215415671603 -12.165265594426952 -14.252215253609107
      vertex 65.09810820533798 20.838068725249457 -14.252215253609107
      vertex 65.47337078149856 20.958191222932225 -14.269910524110543
    endloop
  endfacet
  facet normal -0.2116299842512326 -0.06876275019668528 -0.9749279121818245
    outer loop
      vertex 76.19627287227723 -12.043508012599393 -14.269910524110543
      vertex 65.47337078149856 20.958191222932225 -14.269910524110543
      vertex 65.8395935033067 21.075420040422813 -14.357675664150662
    endloop
  endfacet
  facet normal 0.9167831601312937 0.2978809059013038 0.2660368455667325
    outer loop
      vertex -56.24313074119037 -55.07567880395456 -17.223024612978953
      vertex -66.96365379866744 -22.081301480049675 -17.223024612978953
      vertex -67.06330513760977 -22.114161563591292 -16.842825168557
    endloop
  endfacet
  facet normal 0.9472278423666392 0.3077729828051196 0.08963930890340932
    outer loop
      vertex -56.34292356026725 -55.10810345641524 -16.842825168557
      vertex -67.06330513760977 -22.114161563591292 -16.842825168557
      vertex -67.09688197970118 -22.125233545642892 -16.45
    endloop
  endfacet
  facet normal 0.9472278423666395 0.3077729828051198 -0.0896393089034049
    outer loop
      vertex -56.37654807312944 -55.119028722920405 -16.45
      vertex -67.09688197970118 -22.125233545642892 -16.45
      vertex -67.06330513760977 -22.114161563591292 -16.057174831443
    endloop
  endfacet
  facet normal 0.8568723127976646 0.27841469158460497 0.43388373911755507
    outer loop
      vertex -56.080377039213786 -55.02279692054755 -17.57837841029299
      vertex -66.80113083890123 -22.02770944514045 -17.57837841029299
      vertex -66.96365379866744 -22.081301480049675 -17.223024612978953
    endloop
  endfacet
  facet normal 0.9167831601312955 0.29788090590130445 -0.2660368455667257
    outer loop
      vertex -56.34292356026725 -55.10810345641524 -16.057174831443
      vertex -67.06330513760977 -22.114161563591292 -16.057174831443
      vertex -66.96365379866744 -22.081301480049675 -15.676975387021045
    endloop
  endfacet
  facet normal 0.8568723127976664 0.27841469158460563 -0.43388373911755107
    outer loop
      vertex -56.24313074119037 -55.07567880395456 -15.676975387021045
      vertex -66.96365379866744 -22.081301480049675 -15.676975387021045
      vertex -66.80113083890123 -22.02770944514045 -15.321621589707005
    endloop
  endfacet
  facet normal -0.3090169943749445 0.9510565162951545 -6.2184810129927346e-15
    outer loop
      vertex -55.27571067176872 -54.761344968868464 -18.387310170084824
      vertex -55.588766622863005 -54.86306301340192 -18.170029261429665
      vertex -52.2049755542281 -53.763602647265444 -16.22583347179551
    endloop
  endfacet
  facet normal -0.30901699437496066 0.9510565162951493 1.479142264002261e-14
    outer loop
      vertex -54.56508326603091 -54.53044812806135 -18.630089475889456
      vertex -52.2049755542281 -53.763602647265444 -16.22583347179551
      vertex -54.45223018592101 -54.49377993955309 -18.635418536344766
    endloop
  endfacet
  facet normal -0.3090169943749489 0.9510565162951531 2.046447312666888e-15
    outer loop
      vertex -54.93078751480182 -54.64927264148308 -18.542324335849337
      vertex -52.2049755542281 -53.763602647265444 -16.22583347179551
      vertex -54.56508326603091 -54.53044812806135 -18.630089475889456
    endloop
  endfacet
  facet normal -0.309016994374954 0.9510565162951515 8.587433241297854e-15
    outer loop
      vertex -55.27571067176872 -54.761344968868464 -18.387310170084824
      vertex -52.2049755542281 -53.763602647265444 -16.22583347179551
      vertex -54.93078751480182 -54.64927264148308 -18.542324335849337
    endloop
  endfacet
  facet normal -0.30901699437494773 0.9510565162951535 -3.1963553740433234e-16
    outer loop
      vertex -56.080377039213786 -55.02279692054755 -17.57837841029299
      vertex -52.2049755542281 -53.763602647265444 -16.22583347179551
      vertex -55.859893492233184 -54.95115747343826 -17.89746519706737
    endloop
  endfacet
  facet normal -0.3090169943749483 0.9510565162951532 1.1505673668773307e-15
    outer loop
      vertex -55.588766622863005 -54.86306301340192 -18.170029261429665
      vertex -55.859893492233184 -54.95115747343826 -17.89746519706737
      vertex -52.2049755542281 -53.763602647265444 -16.22583347179551
    endloop
  endfacet
  facet normal -0.30901699437494645 0.9510565162951539 -4.264079439440278e-15
    outer loop
      vertex -56.080377039213786 -55.02279692054755 -17.57837841029299
      vertex -56.24313074119037 -55.07567880395456 -17.223024612978953
      vertex -52.2049755542281 -53.763602647265444 -16.22583347179551
    endloop
  endfacet
  facet normal -0.3090169943749462 0.951056516295154 -5.4190944085848e-15
    outer loop
      vertex -56.24313074119037 -55.07567880395456 -17.223024612978953
      vertex -56.34292356026725 -55.10810345641524 -16.842825168557
      vertex -52.2049755542281 -53.763602647265444 -16.22583347179551
    endloop
  endfacet
  facet normal -0.8904122745046797 -0.2893124857541153 0.35137482408131854
    outer loop
      vertex -52.49466636200213 -53.532570303303906 -17.40454422605863
      vertex -52.34041956093102 -53.558816889344335 -17.035281060246685
      vertex -52.66579117622877 -52.55742602547833 -17.035281060246685
    endloop
  endfacet
  facet normal -0.9357726468123353 -0.3040509641453301 0.17855689479863754
    outer loop
      vertex -52.34041956093102 -53.558816889344335 -17.035281060246685
      vertex -52.24230232469733 -53.63289010874307 -16.647206479587553
      vertex -52.53183457439332 -52.7418014703724 -16.647206479587553
    endloop
  endfacet
  facet normal -0.3090169943749466 0.9510565162951538 -1.8267036076718265e-15
    outer loop
      vertex -56.34292356026725 -55.10810345641524 -16.842825168557
      vertex -56.37654807312944 -55.119028722920405 -16.45
      vertex -52.2049755542281 -53.763602647265444 -16.22583347179551
    endloop
  endfacet
  facet normal -0.30901699437494684 0.9510565162951536 1.8459753670802693e-15
    outer loop
      vertex -56.37654807312944 -55.119028722920405 -16.45
      vertex -56.34292356026725 -55.10810345641524 -16.057174831443
      vertex -52.2049755542281 -53.763602647265444 -16.22583347179551
    endloop
  endfacet
  facet normal -0.30901699437494684 0.9510565162951538 2.946213986136297e-15
    outer loop
      vertex -56.34292356026725 -55.10810345641524 -16.057174831443
      vertex -52.26730078499123 -53.783853342312646 -15.864718939753315
      vertex -52.2049755542281 -53.763602647265444 -16.22583347179551
    endloop
  endfacet
  facet normal -0.9510565162951545 -0.3090169943749445 -1.5205488188430658e-14
    outer loop
      vertex -52.24230232469733 -53.63289010874307 -16.647206479587553
      vertex -52.20346822200476 -53.75240918728098 -16.252793520412446
      vertex -52.53183457439332 -52.7418014703724 -16.252793520412446
    endloop
  endfacet
  facet normal -0.9357726468123408 -0.3040509641453447 -0.17855689479858364
    outer loop
      vertex -52.20346822200476 -53.75240918728098 -16.252793520412446
      vertex -52.2049755542281 -53.763602647265444 -16.22583347179551
      vertex -52.66579117622877 -52.55742602547833 -15.864718939753315
    endloop
  endfacet
  facet normal -0.9357726468123362 -0.30405096414532656 -0.17855689479863834
    outer loop
      vertex -52.2049755542281 -53.763602647265444 -16.22583347179551
      vertex -52.26730078499123 -53.783853342312646 -15.864718939753315
      vertex -52.66579117622877 -52.55742602547833 -15.864718939753315
    endloop
  endfacet
  facet normal -0.30901699437494695 0.9510565162951539 5.638314412070759e-15
    outer loop
      vertex -56.34292356026725 -55.10810345641524 -16.057174831443
      vertex -56.24313074119037 -55.07567880395456 -15.676975387021045
      vertex -52.26730078499123 -53.783853342312646 -15.864718939753315
    endloop
  endfacet
  facet normal -0.30901699437494734 0.9510565162951538 -3.964748282009713e-15
    outer loop
      vertex -56.24313074119037 -55.07567880395456 -15.676975387021045
      vertex -52.399104649125235 -53.82667901380939 -15.495455773941371
      vertex -52.26730078499123 -53.783853342312646 -15.864718939753315
    endloop
  endfacet
  facet normal -0.3090169943749477 0.9510565162951534 4.896730466645115e-15
    outer loop
      vertex -56.24313074119037 -55.07567880395456 -15.676975387021045
      vertex -56.080377039213786 -55.02279692054755 -15.321621589707005
      vertex -52.399104649125235 -53.82667901380939 -15.495455773941371
    endloop
  endfacet
  facet normal -0.3090169943749486 0.9510565162951531 9.964159879004965e-16
    outer loop
      vertex -56.080377039213786 -55.02279692054755 -15.321621589707005
      vertex -55.859893492233184 -54.95115747343826 -15.002534802932631
      vertex -52.59149779183372 -53.88919133529552 -15.156872444956559
    endloop
  endfacet
  facet normal -0.30901699437494823 0.9510565162951533 -7.559974502185982e-15
    outer loop
      vertex -56.080377039213786 -55.02279692054755 -15.321621589707005
      vertex -52.59149779183372 -53.88919133529552 -15.156872444956559
      vertex -52.399104649125235 -53.82667901380939 -15.495455773941371
    endloop
  endfacet
  facet normal -0.8904122745046844 -0.28931248575411234 -0.3513748240813093
    outer loop
      vertex -52.26730078499123 -53.783853342312646 -15.864718939753315
      vertex -52.399104649125235 -53.82667901380939 -15.495455773941371
      vertex -52.929398904496786 -52.19460111419375 -15.495455773941371
    endloop
  endfacet
  facet normal -0.3090169943749486 0.9510565162951532 -8.754788524115607e-16
    outer loop
      vertex -55.859893492233184 -54.95115747343826 -15.002534802932631
      vertex -55.588766622863005 -54.86306301340192 -14.729970738570334
      vertex -52.83829653920838 -53.96938110932316 -14.859851299579738
    endloop
  endfacet
  facet normal -0.3090169943749486 0.9510565162951532 3.4994066733053596e-16
    outer loop
      vertex -55.859893492233184 -54.95115747343826 -15.002534802932631
      vertex -52.83829653920838 -53.96938110932316 -14.859851299579738
      vertex -52.59149779183372 -53.88919133529552 -15.156872444956559
    endloop
  endfacet
  facet normal -0.3090169943749486 0.9510565162951532 1.2836714496436127e-14
    outer loop
      vertex -55.588766622863005 -54.86306301340192 -14.729970738570334
      vertex -55.27571067176872 -54.761344968868464 -14.512689829915175
      vertex -53.13156857644192 -54.06467097057469 -14.613938841813134
    endloop
  endfacet
  facet normal -0.309016994374947 0.9510565162951536 -2.5477133010973356e-14
    outer loop
      vertex -55.27571067176872 -54.761344968868464 -14.512689829915175
      vertex -54.93078751480182 -54.64927264148308 -14.357675664150662
      vertex -53.46188789895264 -54.17199822450473 -14.427038900386808
    endloop
  endfacet
  facet normal -0.3090169943749483 0.9510565162951533 4.824540994170951e-15
    outer loop
      vertex -55.588766622863005 -54.86306301340192 -14.729970738570334
      vertex -53.13156857644192 -54.06467097057469 -14.613938841813134
      vertex -52.83829653920838 -53.96938110932316 -14.859851299579738
    endloop
  endfacet
  facet normal -0.3090169943749478 0.9510565162951534 -4.257359807391154e-14
    outer loop
      vertex -54.93078751480182 -54.64927264148308 -14.357675664150662
      vertex -53.818637771927385 -54.28791328486281 -14.305158593199987
      vertex -53.46188789895264 -54.17199822450473 -14.427038900386808
    endloop
  endfacet
  facet normal -0.3090169943749487 0.9510565162951532 1.2148595598456383e-14
    outer loop
      vertex -55.27571067176872 -54.761344968868464 -14.512689829915175
      vertex -53.46188789895264 -54.17199822450473 -14.427038900386808
      vertex -53.13156857644192 -54.06467097057469 -14.613938841813134
    endloop
  endfacet
  facet normal -0.30901699437494967 0.9510565162951528 1.5766762858780634e-15
    outer loop
      vertex -54.93078751480182 -54.64927264148308 -14.357675664150662
      vertex -54.56508326603091 -54.53044812806135 -14.269910524110543
      vertex -53.818637771927385 -54.28791328486281 -14.305158593199987
    endloop
  endfacet
  facet normal -0.30901699437495195 0.9510565162951521 -5.18503801995327e-14
    outer loop
      vertex -54.56508326603091 -54.53044812806135 -14.269910524110543
      vertex -54.19035196091397 -54.40869054623379 -14.252215253609107
      vertex -53.818637771927385 -54.28791328486281 -14.305158593199987
    endloop
  endfacet
  facet normal 0.373789017421579 0.12145141399581595 0.9195277725514479
    outer loop
      vertex -57.99276463584996 -45.22547606482595 -18.542324335849337
      vertex -55.27571067176872 -54.761344968868464 -18.387310170084824
      vertex -54.93078751480182 -54.64927264148308 -18.542324335849337
    endloop
  endfacet
  facet normal 0.042668989257343734 0.013863995028060573 0.9989930665413143
    outer loop
      vertex -56.51189352807426 -47.26372028411654 -18.64778474639089
      vertex -54.56508326603091 -54.53044812806135 -18.630089475889456
      vertex -54.45223018592101 -54.49377993955309 -18.635418536344766
    endloop
  endfacet
  facet normal 0.04266898925732593 0.013863995028055501 0.9989930665413149
    outer loop
      vertex -56.51189352807426 -47.26372028411654 -18.64778474639089
      vertex -54.45223018592101 -54.49377993955309 -18.635418536344766
      vertex -54.219216764141414 -54.319853816536884 -18.64778474639089
    endloop
  endfacet
  facet normal 0.21162998425123541 0.06876275019668618 0.9749279121818238
    outer loop
      vertex -57.26135613830814 -46.2321734973215 -18.630089475889456
      vertex -54.93078751480182 -54.64927264148308 -18.542324335849337
      vertex -54.56508326603091 -54.53044812806135 -18.630089475889456
    endloop
  endfacet
  facet normal -0.12766342215945783 -0.04148036034810437 0.9909497617679351
    outer loop
      vertex -56.51189352807426 -47.26372028411654 -18.64778474639089
      vertex -54.219216764141414 -54.319853816536884 -18.64778474639089
      vertex -55.768465150101086 -48.28696166272403 -18.59484140680001
    endloop
  endfacet
  facet normal -0.2938926261462308 -0.09549150281252482 0.9510565162951555
    outer loop
      vertex -53.88153265780181 -54.094342730034576 -18.59484140680001
      vertex -53.55044547333412 -53.89944603573866 -18.47296109961319
      vertex -55.0549654041516 -49.26900981330967 -18.47296109961319
    endloop
  endfacet
  facet normal -0.45067587931301534 -0.14643346980588323 0.8805955318567372
    outer loop
      vertex -53.55044547333412 -53.89944603573866 -18.47296109961319
      vertex -53.2365966252666 -53.741427873765346 -18.286061158186865
      vertex -54.97380438494047 -49.38071837279888 -18.45
    endloop
  endfacet
  facet normal -0.12766342215945856 -0.04148036034810456 0.990949761767935
    outer loop
      vertex -54.219216764141414 -54.319853816536884 -18.64778474639089
      vertex -53.88153265780181 -54.094342730034576 -18.59484140680001
      vertex -55.768465150101086 -48.28696166272403 -18.59484140680001
    endloop
  endfacet
  facet normal -0.7162135249786858 -0.2327118809739727 0.6579387259397039
    outer loop
      vertex -53.31418518991375 -51.66498822770058 -17.74312755504344
      vertex -52.95007347381182 -53.62536707785823 -18.04014870042026
      vertex -52.700085108809574 -53.5549939374929 -17.74312755504344
    endloop
  endfacet
  facet normal -0.8164333190607511 -0.2652752660236416 0.5128992774059367
    outer loop
      vertex -53.31418518991375 -51.66498822770058 -17.74312755504344
      vertex -52.700085108809574 -53.5549939374929 -17.74312755504344
      vertex -52.929398904496786 -52.19460111419375 -17.40454422605863
    endloop
  endfacet
  facet normal -0.7162135249786811 -0.2327118809739726 0.6579387259397093
    outer loop
      vertex -53.584896563633905 -51.29238598724625 -17.906027495063856
      vertex -52.95007347381182 -53.62536707785823 -18.04014870042026
      vertex -53.31418518991375 -51.66498822770058 -17.74312755504344
    endloop
  endfacet
  facet normal -0.2938926261462353 -0.09549150281252586 0.951056516295154
    outer loop
      vertex -53.88153265780181 -54.094342730034576 -18.59484140680001
      vertex -55.0549654041516 -49.26900981330967 -18.47296109961319
      vertex -55.768465150101086 -48.28696166272403 -18.59484140680001
    endloop
  endfacet
  facet normal -0.4506758793129912 -0.14643346980587565 0.8805955318567509
    outer loop
      vertex -53.55044547333412 -53.89944603573866 -18.47296109961319
      vertex -54.97380438494047 -49.38071837279888 -18.45
      vertex -55.0549654041516 -49.26900981330967 -18.47296109961319
    endloop
  endfacet
  facet normal -0.8164333190607512 -0.26527526602364165 0.5128992774059367
    outer loop
      vertex -52.700085108809574 -53.5549939374929 -17.74312755504344
      vertex -52.49466636200213 -53.532570303303906 -17.40454422605863
      vertex -52.929398904496786 -52.19460111419375 -17.40454422605863
    endloop
  endfacet
  facet normal -0.890412274504685 -0.2893124857541122 0.351374824081308
    outer loop
      vertex -52.49466636200213 -53.532570303303906 -17.40454422605863
      vertex -52.66579117622877 -52.55742602547833 -17.035281060246685
      vertex -52.929398904496786 -52.19460111419375 -17.40454422605863
    endloop
  endfacet
  facet normal -0.9357726468123351 -0.30405096414533034 0.17855689479863812
    outer loop
      vertex -52.34041956093102 -53.558816889344335 -17.035281060246685
      vertex -52.53183457439332 -52.7418014703724 -16.647206479587553
      vertex -52.66579117622877 -52.55742602547833 -17.035281060246685
    endloop
  endfacet
  facet normal -0.9510565162951525 -0.3090169943749505 2.2192114676510226e-17
    outer loop
      vertex -52.24230232469733 -53.63289010874307 -16.647206479587553
      vertex -52.53183457439332 -52.7418014703724 -16.252793520412446
      vertex -52.53183457439332 -52.7418014703724 -16.647206479587553
    endloop
  endfacet
  facet normal -0.9357726468123363 -0.30405096414532384 -0.1785568947986424
    outer loop
      vertex -52.20346822200476 -53.75240918728098 -16.252793520412446
      vertex -52.66579117622877 -52.55742602547833 -15.864718939753315
      vertex -52.53183457439332 -52.7418014703724 -16.252793520412446
    endloop
  endfacet
  facet normal 0.21162998425123586 0.06876275019668629 0.9749279121818237
    outer loop
      vertex -57.99276463584996 -45.22547606482595 -18.542324335849337
      vertex -54.93078751480182 -54.64927264148308 -18.542324335849337
      vertex -57.26135613830814 -46.2321734973215 -18.630089475889456
    endloop
  endfacet
  facet normal 0.37378901742158366 0.12145141399581724 0.9195277725514459
    outer loop
      vertex -57.99276463584996 -45.22547606482595 -18.542324335849337
      vertex -58.403627749281824 -44.659971503709826 -18.45
      vertex -55.27571067176872 -54.761344968868464 -18.387310170084824
    endloop
  endfacet
  facet normal 0.042668989257331494 0.013863995028057293 0.9989930665413148
    outer loop
      vertex -56.51189352807426 -47.26372028411654 -18.64778474639089
      vertex -57.26135613830814 -46.2321734973215 -18.630089475889456
      vertex -54.56508326603091 -54.53044812806135 -18.630089475889456
    endloop
  endfacet
  facet normal -0.8904122745046851 -0.289312485754113 -0.3513748240813073
    outer loop
      vertex -52.26730078499123 -53.783853342312646 -15.864718939753315
      vertex -52.929398904496786 -52.19460111419375 -15.495455773941371
      vertex -52.66579117622877 -52.55742602547833 -15.864718939753315
    endloop
  endfacet
  facet normal -0.8164333190607542 -0.2652752660236437 -0.5128992774059306
    outer loop
      vertex -53.31418518991375 -51.66498822770058 -15.156872444956559
      vertex -52.399104649125235 -53.82667901380939 -15.495455773941371
      vertex -52.59149779183372 -53.88919133529552 -15.156872444956559
    endloop
  endfacet
  facet normal -0.8164333190607524 -0.2652752660236423 -0.5128992774059343
    outer loop
      vertex -53.31418518991375 -51.66498822770058 -15.156872444956559
      vertex -52.929398904496786 -52.19460111419375 -15.495455773941371
      vertex -52.399104649125235 -53.82667901380939 -15.495455773941371
    endloop
  endfacet
  facet normal -0.716213524978681 -0.23271188097397208 -0.6579387259397097
    outer loop
      vertex -53.584896563633905 -51.29238598724625 -14.993972504936142
      vertex -52.59149779183372 -53.88919133529552 -15.156872444956559
      vertex -52.83829653920838 -53.96938110932316 -14.859851299579738
    endloop
  endfacet
  facet normal -0.7162135249786806 -0.2327118809739719 -0.65793872593971
    outer loop
      vertex -53.31418518991375 -51.66498822770058 -15.156872444956559
      vertex -52.59149779183372 -53.88919133529552 -15.156872444956559
      vertex -53.584896563633905 -51.29238598724625 -14.993972504936142
    endloop
  endfacet
  facet normal 0.37378901742155984 0.12145141399580997 0.9195277725514567
    outer loop
      vertex -55.27571067176872 -54.761344968868464 -18.387310170084824
      vertex -58.403627749281824 -44.659971503709826 -18.45
      vertex -61.3165589590167 -35.69489107458481 -18.45
    endloop
  endfacet
  facet normal 0.6572396354871509 0.21355010271471128 0.7227948638273887
    outer loop
      vertex -55.588766622863005 -54.86306301340192 -18.170029261429665
      vertex -66.58095987996235 -21.95510795096126 -17.89746519706737
      vertex -55.859893492233184 -54.95115747343826 -17.89746519706737
    endloop
  endfacet
  facet normal 0.7694208842938097 0.24999999999999872 0.5877852522924785
    outer loop
      vertex -56.080377039213786 -55.02279692054755 -17.57837841029299
      vertex -55.859893492233184 -54.95115747343826 -17.89746519706737
      vertex -66.80113083890123 -22.02770944514045 -17.57837841029299
    endloop
  endfacet
  facet normal 0.5239341640173482 0.1702365294185584 0.8345732537213056
    outer loop
      vertex -55.27571067176872 -54.761344968868464 -18.387310170084824
      vertex -66.31021739762835 -21.865830469271742 -18.170029261429665
      vertex -55.588766622863005 -54.86306301340192 -18.170029261429665
    endloop
  endfacet
  facet normal 0.8568723127976682 0.2784146915846062 0.4338837391175474
    outer loop
      vertex -56.080377039213786 -55.02279692054755 -17.57837841029299
      vertex -66.96365379866744 -22.081301480049675 -17.223024612978953
      vertex -56.24313074119037 -55.07567880395456 -17.223024612978953
    endloop
  endfacet
  facet normal 0.9167831601312959 0.2978809059013046 0.26603684556672375
    outer loop
      vertex -56.24313074119037 -55.07567880395456 -17.223024612978953
      vertex -67.06330513760977 -22.114161563591292 -16.842825168557
      vertex -56.34292356026725 -55.10810345641524 -16.842825168557
    endloop
  endfacet
  facet normal 0.947227842366639 0.3077729828051196 0.08963930890341161
    outer loop
      vertex -56.34292356026725 -55.10810345641524 -16.842825168557
      vertex -67.09688197970118 -22.125233545642892 -16.45
      vertex -56.37654807312944 -55.119028722920405 -16.45
    endloop
  endfacet
  facet normal 0.947227842366639 0.30777298280511967 -0.08963930890341161
    outer loop
      vertex -56.37654807312944 -55.119028722920405 -16.45
      vertex -67.06330513760977 -22.114161563591292 -16.057174831443
      vertex -56.34292356026725 -55.10810345641524 -16.057174831443
    endloop
  endfacet
  facet normal -0.5929740389013257 -0.19266894459381825 0.7818314824680273
    outer loop
      vertex -53.2365966252666 -53.741427873765346 -18.286061158186865
      vertex -52.95007347381182 -53.62536707785823 -18.04014870042026
      vertex -63.8565030157979 -21.056716809284893 -18.286061158186865
    endloop
  endfacet
  facet normal -0.4506758793130116 -0.14643346980588165 0.8805955318567393
    outer loop
      vertex -53.2365966252666 -53.741427873765346 -18.286061158186865
      vertex -63.8565030157979 -21.056716809284893 -18.286061158186865
      vertex -54.97380438494047 -49.38071837279888 -18.45
    endloop
  endfacet
  facet normal -0.716213524978685 -0.2327118809739734 0.6579387259397047
    outer loop
      vertex -53.584896563633905 -51.29238598724625 -17.906027495063856
      vertex -63.56364676166048 -20.960147299243385 -18.04014870042026
      vertex -52.95007347381182 -53.62536707785823 -18.04014870042026
    endloop
  endfacet
  facet normal -0.7162135249786783 -0.23271188097397114 0.6579387259397128
    outer loop
      vertex -53.584896563633905 -51.29238598724625 -17.906027495063856
      vertex -53.46383075684978 -51.2044265299303 -17.74312755504344
      vertex -63.56364676166048 -20.960147299243385 -18.04014870042026
    endloop
  endfacet
  facet normal -0.8164333190607573 -0.26527526602364476 0.5128992774059252
    outer loop
      vertex -53.46383075684978 -51.2044265299303 -17.74312755504344
      vertex -53.29174909864939 -51.07940188695804 -17.40454422605863
      vertex -63.31719791040367 -20.878880655694108 -17.74312755504344
    endloop
  endfacet
  facet normal -0.8904122745046799 -0.2893124857541118 0.3513748240813215
    outer loop
      vertex -53.29174909864939 -51.07940188695804 -17.40454422605863
      vertex -53.17386013868907 -50.993750543964545 -17.035281060246685
      vertex -63.125077530885655 -20.815528855427146 -17.40454422605863
    endloop
  endfacet
  facet normal -0.9357726468123355 -0.30405096414532684 0.17855689479864176
    outer loop
      vertex -53.17386013868907 -50.993750543964545 -17.035281060246685
      vertex -53.113952925141284 -50.95022540558778 -16.647206479587553
      vertex -62.99346053018134 -20.772128077429134 -17.035281060246685
    endloop
  endfacet
  facet normal -0.9510565162951536 -0.3090169943749474 0
    outer loop
      vertex -53.113952925141284 -50.95022540558778 -16.647206479587553
      vertex -53.113952925141284 -50.95022540558778 -16.252793520412446
      vertex -62.926577186988155 -20.750073258415185 -16.647206479587553
    endloop
  endfacet
  facet normal -0.9357726468123353 -0.3040509641453268 -0.17855689479864253
    outer loop
      vertex -53.113952925141284 -50.95022540558778 -16.252793520412446
      vertex -53.17386013868907 -50.993750543964545 -15.864718939753315
      vertex -62.99346053018134 -20.772128077429134 -15.864718939753315
    endloop
  endfacet
  facet normal 0.9167831601312959 0.29788090590130456 -0.26603684556672375
    outer loop
      vertex -56.34292356026725 -55.10810345641524 -16.057174831443
      vertex -66.96365379866744 -22.081301480049675 -15.676975387021045
      vertex -56.24313074119037 -55.07567880395456 -15.676975387021045
    endloop
  endfacet
  facet normal 0.8568723127976688 0.27841469158460636 -0.4338837391175457
    outer loop
      vertex -56.24313074119037 -55.07567880395456 -15.676975387021045
      vertex -66.80113083890123 -22.02770944514045 -15.321621589707005
      vertex -56.080377039213786 -55.02279692054755 -15.321621589707005
    endloop
  endfacet
  facet normal 0.7694208842938067 0.24999999999999803 -0.5877852522924828
    outer loop
      vertex -56.080377039213786 -55.02279692054755 -15.321621589707005
      vertex -66.58095987996235 -21.95510795096126 -15.002534802932631
      vertex -55.859893492233184 -54.95115747343826 -15.002534802932631
    endloop
  endfacet
  facet normal 0.6572396354871531 0.21355010271471178 -0.7227948638273864
    outer loop
      vertex -55.859893492233184 -54.95115747343826 -15.002534802932631
      vertex -66.31021739762835 -21.865830469271742 -14.729970738570334
      vertex -55.588766622863005 -54.86306301340192 -14.729970738570334
    endloop
  endfacet
  facet normal 0.523934164017348 0.17023652941855852 -0.8345732537213056
    outer loop
      vertex -55.588766622863005 -54.86306301340192 -14.729970738570334
      vertex -65.99760527804912 -21.76274645179114 -14.512689829915175
      vertex -55.27571067176872 -54.761344968868464 -14.512689829915175
    endloop
  endfacet
  facet normal 0.37378901742157894 0.12145141399581602 -0.9195277725514479
    outer loop
      vertex -55.27571067176872 -54.761344968868464 -14.512689829915175
      vertex -65.65317113196605 -21.649169103659116 -14.357675664150662
      vertex -54.93078751480182 -54.64927264148308 -14.357675664150662
    endloop
  endfacet
  facet normal 0.21162998425123536 0.06876275019668614 -0.9749279121818237
    outer loop
      vertex -54.93078751480182 -54.64927264148308 -14.357675664150662
      vertex -65.28798535623557 -21.528748894296363 -14.269910524110543
      vertex -54.56508326603091 -54.53044812806135 -14.269910524110543
    endloop
  endfacet
  facet normal 0.04266898925733573 0.013863995028058676 -0.9989930665413146
    outer loop
      vertex -54.56508326603091 -54.53044812806135 -14.269910524110543
      vertex -64.91378532216557 -21.40535622831389 -14.252215253609107
      vertex -54.19035196091397 -54.40869054623379 -14.252215253609107
    endloop
  endfacet
  facet normal -0.29389262614623485 -0.09549150281252575 -0.9510565162951541
    outer loop
      vertex -53.46188789895264 -54.17199822450473 -14.427038900386808
      vertex -53.818637771927385 -54.28791328486281 -14.305158593199987
      vertex -64.18635403184504 -21.16548536230824 -14.427038900386808
    endloop
  endfacet
  facet normal -0.592974038901331 -0.19266894459382 -0.7818314824680229
    outer loop
      vertex -52.83829653920838 -53.96938110932316 -14.859851299579738
      vertex -53.13156857644192 -54.06467097057469 -14.613938841813134
      vertex -63.56364676166048 -20.960147299243385 -14.859851299579738
    endloop
  endfacet
  facet normal -0.45067587931301006 -0.14643346980588118 -0.8805955318567403
    outer loop
      vertex -53.46188789895264 -54.17199822450473 -14.427038900386808
      vertex -63.8565030157979 -21.05671680928489 -14.613938841813134
      vertex -53.13156857644192 -54.06467097057469 -14.613938841813134
    endloop
  endfacet
  facet normal -0.12766342215946128 -0.04148036034810543 -0.9909497617679347
    outer loop
      vertex -54.19035196091397 -54.40869054623379 -14.252215253609107
      vertex -64.54259812674381 -21.282957047524192 -14.305158593199987
      vertex -53.818637771927385 -54.28791328486281 -14.305158593199987
    endloop
  endfacet
  facet normal -0.8904122745046799 -0.2893124857541118 -0.3513748240813215
    outer loop
      vertex -53.29174909864939 -51.07940188695804 -15.495455773941371
      vertex -63.125077530885655 -20.815528855427146 -15.495455773941371
      vertex -53.17386013868907 -50.993750543964545 -15.864718939753315
    endloop
  endfacet
  facet normal -0.8164333190607584 -0.26527526602364515 -0.5128992774059232
    outer loop
      vertex -53.46383075684978 -51.2044265299303 -15.156872444956559
      vertex -63.31719791040367 -20.878880655694108 -15.156872444956559
      vertex -53.29174909864939 -51.07940188695804 -15.495455773941371
    endloop
  endfacet
  facet normal -0.7162135249786807 -0.232711880973972 -0.6579387259397097
    outer loop
      vertex -53.584896563633905 -51.29238598724625 -14.993972504936142
      vertex -52.83829653920838 -53.96938110932316 -14.859851299579738
      vertex -63.56364676166048 -20.960147299243385 -14.859851299579738
    endloop
  endfacet
  facet normal -0.7162135249786782 -0.23271188097397122 -0.6579387259397128
    outer loop
      vertex -53.46383075684978 -51.2044265299303 -15.156872444956559
      vertex -53.584896563633905 -51.29238598724625 -14.993972504936142
      vertex -63.31719791040367 -20.878880655694108 -15.156872444956559
    endloop
  endfacet
  facet normal 0.3737890174215771 0.12145141399581538 0.9195277725514487
    outer loop
      vertex -55.27571067176872 -54.761344968868464 -18.387310170084824
      vertex -61.3165589590167 -35.69489107458481 -18.45
      vertex -65.99760527804912 -21.76274645179114 -18.387310170084824
    endloop
  endfacet
  facet normal -0.4506758793130121 -0.14643346980588182 0.8805955318567391
    outer loop
      vertex -54.97380438494047 -49.38071837279888 -18.45
      vertex -63.8565030157979 -21.056716809284893 -18.286061158186865
      vertex -59.60164727684602 -35.13768249174765 -18.45
    endloop
  endfacet
  facet normal 0.5239341640173554 0.17023652941856085 0.8345732537213006
    outer loop
      vertex -55.27571067176872 -54.761344968868464 -18.387310170084824
      vertex -65.99760527804912 -21.76274645179114 -18.387310170084824
      vertex -66.31021739762835 -21.865830469271742 -18.170029261429665
    endloop
  endfacet
  facet normal 0.6572396354871396 0.21355010271470737 0.7227948638274002
    outer loop
      vertex -55.588766622863005 -54.86306301340192 -18.170029261429665
      vertex -66.31021739762835 -21.865830469271742 -18.170029261429665
      vertex -66.58095987996235 -21.95510795096126 -17.89746519706737
    endloop
  endfacet
  facet normal 0.7694208842938225 0.2500000000000031 0.5877852522924599
    outer loop
      vertex -55.859893492233184 -54.95115747343826 -17.89746519706737
      vertex -66.58095987996235 -21.95510795096126 -17.89746519706737
      vertex -66.80113083890123 -22.02770944514045 -17.57837841029299
    endloop
  endfacet
  facet normal -0.5929740389013315 -0.19266894459382022 0.7818314824680225
    outer loop
      vertex -52.95007347381182 -53.62536707785823 -18.04014870042026
      vertex -63.56364676166048 -20.960147299243385 -18.04014870042026
      vertex -63.8565030157979 -21.056716809284893 -18.286061158186865
    endloop
  endfacet
  facet normal 0.7694208842938208 0.25000000000000233 -0.5877852522924624
    outer loop
      vertex -56.080377039213786 -55.02279692054755 -15.321621589707005
      vertex -66.80113083890123 -22.02770944514045 -15.321621589707005
      vertex -66.58095987996235 -21.95510795096126 -15.002534802932631
    endloop
  endfacet
  facet normal 0.6572396354871398 0.2135501027147077 -0.7227948638273998
    outer loop
      vertex -55.859893492233184 -54.95115747343826 -15.002534802932631
      vertex -66.58095987996235 -21.95510795096126 -15.002534802932631
      vertex -66.31021739762835 -21.865830469271742 -14.729970738570334
    endloop
  endfacet
  facet normal 0.5239341640173549 0.17023652941856063 -0.834573253721301
    outer loop
      vertex -55.588766622863005 -54.86306301340192 -14.729970738570334
      vertex -66.31021739762835 -21.865830469271742 -14.729970738570334
      vertex -65.99760527804912 -21.76274645179114 -14.512689829915175
    endloop
  endfacet
  facet normal 0.3737890174215809 0.12145141399581663 -0.9195277725514471
    outer loop
      vertex -55.27571067176872 -54.761344968868464 -14.512689829915175
      vertex -65.99760527804912 -21.76274645179114 -14.512689829915175
      vertex -65.65317113196605 -21.649169103659116 -14.357675664150662
    endloop
  endfacet
  facet normal -0.293892626146239 -0.09549150281252705 -0.9510565162951526
    outer loop
      vertex -53.818637771927385 -54.28791328486281 -14.305158593199987
      vertex -64.54259812674381 -21.282957047524192 -14.305158593199987
      vertex -64.18635403184504 -21.16548536230824 -14.427038900386808
    endloop
  endfacet
  facet normal -0.4506758793130086 -0.14643346980588076 -0.8805955318567411
    outer loop
      vertex -53.46188789895264 -54.17199822450473 -14.427038900386808
      vertex -64.18635403184504 -21.16548536230824 -14.427038900386808
      vertex -63.8565030157979 -21.05671680928489 -14.613938841813134
    endloop
  endfacet
  facet normal -0.5929740389013316 -0.19266894459382022 -0.7818314824680224
    outer loop
      vertex -53.13156857644192 -54.06467097057469 -14.613938841813134
      vertex -63.8565030157979 -21.05671680928489 -14.613938841813134
      vertex -63.56364676166048 -20.960147299243385 -14.859851299579738
    endloop
  endfacet
  facet normal 0.2116299842512311 0.06876275019668482 -0.9749279121818248
    outer loop
      vertex -54.93078751480182 -54.64927264148308 -14.357675664150662
      vertex -65.65317113196605 -21.649169103659116 -14.357675664150662
      vertex -65.28798535623557 -21.528748894296363 -14.269910524110543
    endloop
  endfacet
  facet normal 0.042668989257336656 0.013863995028058965 -0.9989930665413145
    outer loop
      vertex -54.56508326603091 -54.53044812806135 -14.269910524110543
      vertex -65.28798535623557 -21.528748894296363 -14.269910524110543
      vertex -64.91378532216557 -21.40535622831389 -14.252215253609107
    endloop
  endfacet
  facet normal -0.1276634221594577 -0.0414803603481043 -0.9909497617679353
    outer loop
      vertex -54.19035196091397 -54.40869054623379 -14.252215253609107
      vertex -64.91378532216557 -21.40535622831389 -14.252215253609107
      vertex -64.54259812674381 -21.282957047524192 -14.305158593199987
    endloop
  endfacet
  facet normal 0.2116299842512389 0.06876275019668739 0.9749279121818231
    outer loop
      vertex -60.74542315352986 -35.509317802158286 -18.630089475889456
      vertex -65.28798535623558 -21.528748894296363 -18.630089475889456
      vertex -65.65317113196605 -21.649169103659112 -18.542324335849337
    endloop
  endfacet
  facet normal 0.37378901742158 0.12145141399581648 0.9195277725514476
    outer loop
      vertex -61.11112740230077 -35.628142315580014 -18.542324335849337
      vertex -65.65317113196605 -21.649169103659112 -18.542324335849337
      vertex -65.99760527804912 -21.76274645179114 -18.387310170084824
    endloop
  endfacet
  facet normal 0.042668989257330904 0.013863995028057128 0.9989930665413149
    outer loop
      vertex -60.37069184841292 -35.38756022033073 -18.64778474639089
      vertex -64.91378532216557 -21.40535622831389 -18.64778474639089
      vertex -65.28798535623558 -21.528748894296363 -18.630089475889456
    endloop
  endfacet
  facet normal 0.21162998425123888 0.06876275019668737 0.9749279121818228
    outer loop
      vertex -61.11112740230077 -35.628142315580014 -18.542324335849337
      vertex -60.74542315352986 -35.509317802158286 -18.630089475889456
      vertex -65.65317113196605 -21.649169103659112 -18.542324335849337
    endloop
  endfacet
  facet normal 0.3737890174215765 0.12145141399581522 0.9195277725514491
    outer loop
      vertex -61.11112740230077 -35.628142315580014 -18.542324335849337
      vertex -65.99760527804912 -21.76274645179114 -18.387310170084824
      vertex -61.3165589590167 -35.69489107458481 -18.45
    endloop
  endfacet
  facet normal 0.04266898925733071 0.013863995028057059 0.9989930665413148
    outer loop
      vertex -60.74542315352986 -35.509317802158286 -18.630089475889456
      vertex -60.37069184841292 -35.38756022033073 -18.64778474639089
      vertex -65.28798535623558 -21.528748894296363 -18.630089475889456
    endloop
  endfacet
  facet normal -0.12766342215945706 -0.04148036034810415 0.9909497617679353
    outer loop
      vertex -60.37069184841292 -35.38756022033073 -18.64778474639089
      vertex -59.99897765942633 -35.266782958959745 -18.59484140680001
      vertex -64.91378532216557 -21.40535622831389 -18.64778474639089
    endloop
  endfacet
  facet normal -0.29389262614623335 -0.0954915028125252 0.9510565162951548
    outer loop
      vertex -59.99897765942633 -35.266782958959745 -18.59484140680001
      vertex -59.642227786451585 -35.15086789860166 -18.47296109961319
      vertex -64.54259812674381 -21.282957047524196 -18.59484140680001
    endloop
  endfacet
  facet normal -0.4506758793130373 -0.14643346980589023 0.8805955318567249
    outer loop
      vertex -59.60164727684602 -35.13768249174765 -18.45
      vertex -64.18635403184504 -21.16548536230824 -18.47296109961319
      vertex -59.642227786451585 -35.15086789860166 -18.47296109961319
    endloop
  endfacet
  facet normal -0.7162135249786798 -0.23271188097397175 0.6579387259397109
    outer loop
      vertex -53.46383075684978 -51.2044265299303 -17.74312755504344
      vertex -63.31719791040367 -20.878880655694108 -17.74312755504344
      vertex -63.56364676166048 -20.960147299243385 -18.04014870042026
    endloop
  endfacet
  facet normal -0.816433319060759 -0.2652752660236453 0.5128992774059221
    outer loop
      vertex -53.29174909864939 -51.07940188695804 -17.40454422605863
      vertex -63.125077530885655 -20.815528855427146 -17.40454422605863
      vertex -63.31719791040367 -20.878880655694108 -17.74312755504344
    endloop
  endfacet
  facet normal -0.8904122745046803 -0.289312485754112 0.3513748240813202
    outer loop
      vertex -53.17386013868907 -50.993750543964545 -17.035281060246685
      vertex -62.99346053018134 -20.772128077429134 -17.035281060246685
      vertex -63.125077530885655 -20.815528855427146 -17.40454422605863
    endloop
  endfacet
  facet normal -0.9357726468123334 -0.304050964145326 0.17855689479865358
    outer loop
      vertex -53.113952925141284 -50.95022540558778 -16.647206479587553
      vertex -62.926577186988155 -20.750073258415185 -16.647206479587553
      vertex -62.99346053018134 -20.772128077429134 -17.035281060246685
    endloop
  endfacet
  facet normal -0.9510565162951536 -0.3090169943749474 9.102635812710863e-16
    outer loop
      vertex -53.113952925141284 -50.95022540558778 -16.252793520412446
      vertex -62.926577186988155 -20.750073258415185 -16.252793520412446
      vertex -62.926577186988155 -20.750073258415185 -16.647206479587553
    endloop
  endfacet
  facet normal -0.9357726468123336 -0.3040509641453261 -0.17855689479865272
    outer loop
      vertex -53.113952925141284 -50.95022540558778 -16.252793520412446
      vertex -62.99346053018134 -20.772128077429134 -15.864718939753315
      vertex -62.926577186988155 -20.750073258415185 -16.252793520412446
    endloop
  endfacet
  facet normal -0.12766342215945403 -0.04148036034810307 0.9909497617679357
    outer loop
      vertex -59.99897765942633 -35.266782958959745 -18.59484140680001
      vertex -64.54259812674381 -21.282957047524196 -18.59484140680001
      vertex -64.91378532216557 -21.40535622831389 -18.64778474639089
    endloop
  endfacet
  facet normal -0.29389262614623823 -0.09549150281252694 0.951056516295153
    outer loop
      vertex -59.642227786451585 -35.15086789860166 -18.47296109961319
      vertex -64.18635403184504 -21.16548536230824 -18.47296109961319
      vertex -64.54259812674381 -21.282957047524196 -18.59484140680001
    endloop
  endfacet
  facet normal -0.45067587931300834 -0.1464334698058807 0.8805955318567412
    outer loop
      vertex -59.60164727684602 -35.13768249174765 -18.45
      vertex -63.8565030157979 -21.056716809284893 -18.286061158186865
      vertex -64.18635403184504 -21.16548536230824 -18.47296109961319
    endloop
  endfacet
  facet normal -0.8904122745046809 -0.2893124857541122 -0.3513748240813186
    outer loop
      vertex -53.17386013868907 -50.993750543964545 -15.864718939753315
      vertex -63.125077530885655 -20.815528855427146 -15.495455773941371
      vertex -62.99346053018134 -20.772128077429134 -15.864718939753315
    endloop
  endfacet
  facet normal -0.8164333190607598 -0.2652752660236456 -0.5128992774059207
    outer loop
      vertex -53.29174909864939 -51.07940188695804 -15.495455773941371
      vertex -63.31719791040367 -20.878880655694108 -15.156872444956559
      vertex -63.125077530885655 -20.815528855427146 -15.495455773941371
    endloop
  endfacet
  facet normal -0.7162135249786805 -0.2327118809739719 -0.6579387259397103
    outer loop
      vertex -53.584896563633905 -51.29238598724625 -14.993972504936142
      vertex -63.56364676166048 -20.960147299243385 -14.859851299579738
      vertex -63.31719791040367 -20.878880655694108 -15.156872444956559
    endloop
  endfacet
  facet normal 0.5735764363510473 0.8191520442889909 0
    outer loop
      vertex -41.7717098892648 -61.92910666986162 -10.25
      vertex -43.90755834624775 -60.433569479808575 -10.25
      vertex -41.7717098892648 -61.92910666986162 10.25
    endloop
  endfacet
  facet normal 0.8571673007021124 0.5150380749100539 -1.8480476418814775e-18
    outer loop
      vertex -63.34919278288502 -39.58496903822041 -10.25
      vertex -64.69209766269756 -37.35 -10.25
      vertex -64.69209766269756 -37.35 10.25
    endloop
  endfacet
  facet normal 0.8746197071393933 0.4848096202463418 -1.6877864488935708e-18
    outer loop
      vertex -64.69209766269756 -37.35 -10.25
      vertex -65.95618518656185 -35.069525740106045 -10.25
      vertex -65.95618518656185 -35.069525740106045 10.25
    endloop
  endfacet
  facet normal 0.8910065241883697 0.45399049973954325 3.4187275013471643e-18
    outer loop
      vertex -65.95618518656185 -35.069525740106045 -10.25
      vertex -67.13991525854777 -32.74632466514409 -10.25
      vertex -67.13991525854777 -32.74632466514409 10.25
    endloop
  endfacet
  facet normal 0.9063077870366496 0.42261826174070005 7.71448419436042e-17
    outer loop
      vertex -67.28419039764687 -32.4369256308886 -10.25
      vertex -68.24184568590229 -30.383227237762277 10.25
      vertex -67.13991525854777 -32.74632466514409 -10.25
    endloop
  endfacet
  facet normal 0 0 1
    outer loop
      vertex -53.73468308529725 -51.8909802732871 -10.25
      vertex -51.8909802732871 -53.73468308529725 -10.25
      vertex -51.64130777547039 -53.967506456105006 -10.25
    endloop
  endfacet
  facet normal 0 0 1
    outer loop
      vertex -51.64130777547039 -53.967506456105006 -10.25
      vertex -61.92910666986162 -41.7717098892648 -10.25
      vertex -60.433569479808575 -43.90755834624775 -10.25
    endloop
  endfacet
  facet normal 0 0 1
    outer loop
      vertex -53.73468308529725 -51.8909802732871 -10.25
      vertex -51.64130777547039 -53.967506456105006 -10.25
      vertex -55.512918463161355 -49.98405629500671 -10.25
    endloop
  endfacet
  facet normal 0 0 1
    outer loop
      vertex -57.22351990098766 -48.01623444358449 -10.25
      vertex -55.512918463161355 -49.98405629500671 -10.25
      vertex -51.64130777547039 -53.967506456105006 -10.25
    endloop
  endfacet
  facet normal 0 0 1
    outer loop
      vertex -58.864403294422125 -45.98991220682667 -10.25
      vertex -51.64130777547039 -53.967506456105006 -10.25
      vertex -60.433569479808575 -43.90755834624775 -10.25
    endloop
  endfacet
  facet normal 0 0 1
    outer loop
      vertex -58.864403294422125 -45.98991220682667 -10.25
      vertex -57.22351990098766 -48.01623444358449 -10.25
      vertex -51.64130777547039 -53.967506456105006 -10.25
    endloop
  endfacet
  facet normal 0.777145961456972 0.629320391049836 0
    outer loop
      vertex -58.864403294422125 -45.98991220682667 -10.25
      vertex -58.864403294422125 -45.98991220682667 10.25
      vertex -57.22351990098766 -48.01623444358449 -10.25
    endloop
  endfacet
  facet normal 0.7071067811865476 0.7071067811865476 0
    outer loop
      vertex -53.73468308529725 -51.8909802732871 -10.25
      vertex -53.73468308529725 -51.8909802732871 10.25
      vertex -51.8909802732871 -53.73468308529725 -10.25
    endloop
  endfacet
  facet normal 0.7313537016191711 0.6819983600624979 2.5150285743693404e-18
    outer loop
      vertex -53.73468308529725 -51.8909802732871 -10.25
      vertex -55.512918463161355 -49.98405629500671 -10.25
      vertex -55.512918463161355 -49.98405629500671 10.25
    endloop
  endfacet
  facet normal 0.7547095802227731 0.656059028990506 0
    outer loop
      vertex -57.22351990098766 -48.01623444358449 -10.25
      vertex -57.22351990098766 -48.01623444358449 10.25
      vertex -55.512918463161355 -49.98405629500671 -10.25
    endloop
  endfacet
  facet normal 0.6819983600625021 0.731353701619167 -7.339622867823519e-16
    outer loop
      vertex -51.8909802732871 -53.73468308529725 -10.25
      vertex -49.98405629500671 -55.512918463161355 10.25
      vertex -51.64130777547039 -53.967506456105006 -10.25
    endloop
  endfacet
  facet normal 0.6819983600624971 0.7313537016191716 2.1455959020778584e-18
    outer loop
      vertex -51.64130777547039 -53.967506456105006 -10.25
      vertex -49.98405629500671 -55.512918463161355 10.25
      vertex -49.98405629500671 -55.512918463161355 -10.25
    endloop
  endfacet
  facet normal 0.656059028990506 0.7547095802227731 0
    outer loop
      vertex -48.01623444358449 -57.22351990098766 -10.25
      vertex -49.98405629500671 -55.512918463161355 -10.25
      vertex -48.01623444358449 -57.22351990098766 10.25
    endloop
  endfacet
  facet normal 0.6018150231520508 0.7986355100472908 -4.008764292256653e-18
    outer loop
      vertex -45.98991220682667 -58.864403294422125 -10.25
      vertex -43.90755834624775 -60.433569479808575 10.25
      vertex -43.90755834624775 -60.433569479808575 -10.25
    endloop
  endfacet
  facet normal 0.629320391049836 0.777145961456972 3.00701826669928e-18
    outer loop
      vertex -48.01623444358449 -57.22351990098766 -10.25
      vertex -45.98991220682667 -58.864403294422125 10.25
      vertex -45.98991220682667 -58.864403294422125 -10.25
    endloop
  endfacet
  facet normal 0 0 1
    outer loop
      vertex -51.64130777547039 -53.967506456105006 -10.25
      vertex -63.34919278288502 -39.58496903822041 -10.25
      vertex -61.92910666986162 -41.7717098892648 -10.25
    endloop
  endfacet
  facet normal 0 0 1
    outer loop
      vertex -51.64130777547039 -53.967506456105006 -10.25
      vertex -64.69209766269756 -37.35 -10.25
      vertex -63.34919278288502 -39.58496903822041 -10.25
    endloop
  endfacet
  facet normal 0 0 1
    outer loop
      vertex -51.64130777547039 -53.967506456105006 -10.25
      vertex -65.95618518656185 -35.069525740106045 -10.25
      vertex -64.69209766269756 -37.35 -10.25
    endloop
  endfacet
  facet normal 0 0 1
    outer loop
      vertex -51.64130777547039 -53.967506456105006 -10.25
      vertex -67.13991525854777 -32.74632466514409 -10.25
      vertex -65.95618518656185 -35.069525740106045 -10.25
    endloop
  endfacet
  facet normal 0 0 1
    outer loop
      vertex -51.64130777547039 -53.967506456105006 -10.25
      vertex -67.28419039764687 -32.4369256308886 -10.25
      vertex -67.13991525854777 -32.74632466514409 -10.25
    endloop
  endfacet
  facet normal 0.8191520442889909 0.5735764363510473 0
    outer loop
      vertex -61.92910666986162 -41.7717098892648 -10.25
      vertex -61.92910666986162 -41.7717098892648 10.25
      vertex -60.433569479808575 -43.90755834624775 -10.25
    endloop
  endfacet
  facet normal 0.7986355100472908 0.6018150231520508 -4.008764292256653e-18
    outer loop
      vertex -58.864403294422125 -45.98991220682667 -10.25
      vertex -60.433569479808575 -43.90755834624775 -10.25
      vertex -60.433569479808575 -43.90755834624775 10.25
    endloop
  endfacet
  facet normal 0.8386705679454262 0.5446390350150238 0
    outer loop
      vertex -63.34919278288502 -39.58496903822041 -10.25
      vertex -63.34919278288502 -39.58496903822041 10.25
      vertex -61.92910666986162 -41.7717098892648 -10.25
    endloop
  endfacet
  facet normal 0 0 1
    outer loop
      vertex -35.069525740106045 -65.95618518656185 -10.25
      vertex -10.057391204205233 -74.01462898654677 -10.25
      vertex -35.368106968912095 -65.79067890884077 -10.25
    endloop
  endfacet
  facet normal 0 0 1
    outer loop
      vertex -35.069525740106045 -65.95618518656185 -10.25
      vertex -32.74632466514409 -67.13991525854777 -10.25
      vertex -10.057391204205233 -74.01462898654677 -10.25
    endloop
  endfacet
  facet normal 0 0 1
    outer loop
      vertex -25.548904706427454 -70.19503877270736 -10.25
      vertex -23.08356947980857 -71.04392176724797 -10.25
      vertex -10.057391204205233 -74.01462898654677 -10.25
    endloop
  endfacet
  facet normal 0 0 1
    outer loop
      vertex -30.383227237762277 -68.24184568590229 -10.25
      vertex -10.057391204205233 -74.01462898654677 -10.25
      vertex -32.74632466514409 -67.13991525854777 -10.25
    endloop
  endfacet
  facet normal 0 0 1
    outer loop
      vertex -30.383227237762277 -68.24184568590229 -10.25
      vertex -27.98311252816863 -69.26063393613903 -10.25
      vertex -10.057391204205233 -74.01462898654677 -10.25
    endloop
  endfacet
  facet normal 0 0 1
    outer loop
      vertex -25.548904706427454 -70.19503877270736 -10.25
      vertex -10.057391204205233 -74.01462898654677 -10.25
      vertex -27.98311252816863 -69.26063393613903 -10.25
    endloop
  endfacet
  facet normal 0.42261826174070066 0.9063077870366494 0
    outer loop
      vertex -30.383227237762277 -68.24184568590229 -10.25
      vertex -32.74632466514409 -67.13991525854777 -10.25
      vertex -30.383227237762277 -68.24184568590229 10.25
    endloop
  endfacet
  facet normal 0.5150380749100539 0.8571673007021124 -1.8480476418814775e-18
    outer loop
      vertex -39.58496903822041 -63.34919278288502 -10.25
      vertex -37.35 -64.69209766269756 10.25
      vertex -37.35 -64.69209766269756 -10.25
    endloop
  endfacet
  facet normal 0.48480962024634416 0.8746197071393919 -3.4876900449428043e-16
    outer loop
      vertex -37.35 -64.69209766269756 -10.25
      vertex -35.069525740106045 -65.95618518656185 10.25
      vertex -35.368106968912095 -65.79067890884077 -10.25
    endloop
  endfacet
  facet normal 0.5446390350150238 0.8386705679454262 2.1404670105532604e-19
    outer loop
      vertex -41.7717098892648 -61.92910666986162 -10.25
      vertex -39.58496903822041 -63.34919278288502 10.25
      vertex -39.58496903822041 -63.34919278288502 -10.25
    endloop
  endfacet
  facet normal 0.45399049973954325 0.8910065241883697 3.4187275013471643e-18
    outer loop
      vertex -35.069525740106045 -65.95618518656185 -10.25
      vertex -32.74632466514409 -67.13991525854777 10.25
      vertex -32.74632466514409 -67.13991525854777 -10.25
    endloop
  endfacet
  facet normal 0.4848096202463257 0.8746197071394021 0
    outer loop
      vertex -35.069525740106045 -65.95618518656185 -10.25
      vertex -35.368106968912095 -65.79067890884077 -10.25
      vertex -35.069525740106045 -65.95618518656185 10.25
    endloop
  endfacet
  facet normal 0.3907311284892757 0.9205048534524395 3.47528632013251e-18
    outer loop
      vertex -30.383227237762277 -68.24184568590229 -10.25
      vertex -27.98311252816863 -69.26063393613903 10.25
      vertex -27.98311252816863 -69.26063393613903 -10.25
    endloop
  endfacet
  facet normal 0.3583679495452988 0.9335804264972023 0
    outer loop
      vertex -25.548904706427454 -70.19503877270736 -10.25
      vertex -27.98311252816863 -69.26063393613903 -10.25
      vertex -25.548904706427454 -70.19503877270736 10.25
    endloop
  endfacet
  facet normal 0.29237170472274127 0.9563047559630341 7.982648318679587e-19
    outer loop
      vertex -23.08356947980857 -71.04392176724797 -10.25
      vertex -20.590110479529837 -71.80624868659243 10.25
      vertex -20.590110479529837 -71.80624868659243 -10.25
    endloop
  endfacet
  facet normal 0.325568154457152 0.9455185755993184 3.270131503190079e-18
    outer loop
      vertex -25.548904706427454 -70.19503877270736 -10.25
      vertex -23.08356947980857 -71.04392176724797 10.25
      vertex -23.08356947980857 -71.04392176724797 -10.25
    endloop
  endfacet
  facet normal 0 0 1
    outer loop
      vertex -23.08356947980857 -71.04392176724797 -10.25
      vertex -20.590110479529837 -71.80624868659243 -10.25
      vertex -10.057391204205233 -74.01462898654677 -10.25
    endloop
  endfacet
  facet normal 0 0 1
    outer loop
      vertex -20.590110479529837 -71.80624868659243 -10.25
      vertex -18.07156560129518 -72.48109075281694 -10.25
      vertex -10.057391204205233 -74.01462898654677 -10.25
    endloop
  endfacet
  facet normal 0 0 1
    outer loop
      vertex -18.07156560129518 -72.48109075281694 -10.25
      vertex -15.531003304086623 -73.06762577481528 -10.25
      vertex -10.057391204205233 -74.01462898654677 -10.25
    endloop
  endfacet
  facet normal 0 0 1
    outer loop
      vertex -15.531003304086623 -73.06762577481528 -10.25
      vertex -12.971518871719697 -73.56513915001194 -10.25
      vertex -10.057391204205233 -74.01462898654677 -10.25
    endloop
  endfacet
  facet normal 0 0 1
    outer loop
      vertex -12.971518871719697 -73.56513915001194 -10.25
      vertex -10.396230641716889 -73.9730247349953 -10.25
      vertex -10.057391204205233 -74.01462898654677 -10.25
    endloop
  endfacet
  facet normal 0.2588190451025198 0.9659258262890685 1.6472914510997601e-18
    outer loop
      vertex -20.590110479529837 -71.80624868659243 -10.25
      vertex -18.07156560129518 -72.48109075281694 10.25
      vertex -18.07156560129518 -72.48109075281694 -10.25
    endloop
  endfacet
  facet normal 0.22495105434386467 0.9743700647852352 -1.8860310667117077e-18
    outer loop
      vertex -18.07156560129518 -72.48109075281694 -10.25
      vertex -15.531003304086623 -73.06762577481528 10.25
      vertex -15.531003304086623 -73.06762577481528 -10.25
    endloop
  endfacet
  facet normal 0.1908089953765448 0.981627183447664 -1.0705213255109012e-18
    outer loop
      vertex -15.531003304086623 -73.06762577481528 -10.25
      vertex -12.971518871719697 -73.56513915001194 10.25
      vertex -12.971518871719697 -73.56513915001194 -10.25
    endloop
  endfacet
  facet normal 0.15643446504023129 0.9876883405951378 -7.864726921613278e-19
    outer loop
      vertex -12.971518871719697 -73.56513915001194 -10.25
      vertex -10.396230641716889 -73.9730247349953 10.25
      vertex -10.396230641716889 -73.9730247349953 -10.25
    endloop
  endfacet
  facet normal 0.12186934340516498 0.9925461516413199 -2.1342401668302895e-15
    outer loop
      vertex -10.396230641716889 -73.9730247349953 -10.25
      vertex -7.808276206093715 -74.29078558401002 10.25
      vertex -10.057391204205233 -74.01462898654677 -10.25
    endloop
  endfacet
  facet normal 0.12186934340514582 0.9925461516413223 1.7613487064996931e-19
    outer loop
      vertex -10.057391204205233 -74.01462898654677 -10.25
      vertex -7.808276206093715 -74.29078558401002 10.25
      vertex -7.808276206093715 -74.29078558401002 -10.25
    endloop
  endfacet
  facet normal 0.08715574274765585 0.9961946980917457 1.8894761342675264e-19
    outer loop
      vertex -7.808276206093715 -74.29078558401002 -10.25
      vertex -5.21080858868616 -74.51803455440887 10.25
      vertex -5.21080858868616 -74.51803455440887 -10.25
    endloop
  endfacet
  facet normal 0.05233595624294429 0.9986295347545738 2.073478399042598e-19
    outer loop
      vertex -5.21080858868616 -74.51803455440887 -10.25
      vertex -2.6069924036768226 -74.65449477832645 10.25
      vertex -2.6069924036768226 -74.65449477832645 -10.25
    endloop
  endfacet
  facet normal 0.017452406437284282 0.9998476951563912 -1.2225566614941133e-20
    outer loop
      vertex -2.6069924036768226 -74.65449477832645 -10.25
      vertex 0 -74.7 10.25
      vertex 0 -74.7 -10.25
    endloop
  endfacet
  facet normal -0.017452406437284282 0.9998476951563912 1.2225566614941133e-20
    outer loop
      vertex 0 -74.7 -10.25
      vertex 2.6069924036768226 -74.65449477832645 10.25
      vertex 2.6069924036768226 -74.65449477832645 -10.25
    endloop
  endfacet
  facet normal 0.5735764363510473 0.8191520442889909 0
    outer loop
      vertex -43.90755834624775 -60.433569479808575 -10.25
      vertex -43.90755834624775 -60.433569479808575 10.25
      vertex -41.7717098892648 -61.92910666986162 10.25
    endloop
  endfacet
  facet normal 0.8571673007021124 0.5150380749100539 0
    outer loop
      vertex -63.34919278288502 -39.58496903822041 -10.25
      vertex -64.69209766269756 -37.35 10.25
      vertex -63.34919278288502 -39.58496903822041 10.25
    endloop
  endfacet
  facet normal 0.8746197071393933 0.4848096202463418 0
    outer loop
      vertex -64.69209766269756 -37.35 -10.25
      vertex -65.95618518656185 -35.069525740106045 10.25
      vertex -64.69209766269756 -37.35 10.25
    endloop
  endfacet
  facet normal 0.8910065241883697 0.45399049973954325 0
    outer loop
      vertex -65.95618518656185 -35.069525740106045 -10.25
      vertex -67.13991525854777 -32.74632466514409 10.25
      vertex -65.95618518656185 -35.069525740106045 10.25
    endloop
  endfacet
  facet normal 0.9063077870366495 0.4226182617407008 -1.1821878675391456e-17
    outer loop
      vertex -67.13991525854777 -32.74632466514409 -10.25
      vertex -68.24184568590229 -30.383227237762277 10.25
      vertex -67.28419039764687 -32.4369256308886 10.25
    endloop
  endfacet
  facet normal 0.9063077870366496 0.42261826174070005 0
    outer loop
      vertex -67.13991525854777 -32.74632466514409 -10.25
      vertex -67.28419039764687 -32.4369256308886 10.25
      vertex -67.13991525854777 -32.74632466514409 10.25
    endloop
  endfacet
  facet normal 0 0 -1
    outer loop
      vertex -67.28419039764687 -32.4369256308886 10.25
      vertex -60.433569479808575 -43.90755834624775 10.25
      vertex -61.92910666986162 -41.7717098892648 10.25
    endloop
  endfacet
  facet normal 0 0 -1
    outer loop
      vertex -67.28419039764687 -32.4369256308886 10.25
      vertex -64.69209766269756 -37.35 10.25
      vertex -65.95618518656185 -35.069525740106045 10.25
    endloop
  endfacet
  facet normal 0 0 -1
    outer loop
      vertex -67.28419039764687 -32.4369256308886 10.25
      vertex -61.92910666986162 -41.7717098892648 10.25
      vertex -63.34919278288502 -39.58496903822041 10.25
    endloop
  endfacet
  facet normal 0 0 -1
    outer loop
      vertex -67.28419039764687 -32.4369256308886 10.25
      vertex -63.34919278288502 -39.58496903822041 10.25
      vertex -64.69209766269756 -37.35 10.25
    endloop
  endfacet
  facet normal 0 0 -1
    outer loop
      vertex -67.28419039764687 -32.4369256308886 10.25
      vertex -65.95618518656185 -35.069525740106045 10.25
      vertex -67.13991525854777 -32.74632466514409 10.25
    endloop
  endfacet
  facet normal 0.777145961456972 0.629320391049836 0
    outer loop
      vertex -57.22351990098766 -48.01623444358449 -10.25
      vertex -58.864403294422125 -45.98991220682667 10.25
      vertex -57.22351990098766 -48.01623444358449 10.25
    endloop
  endfacet
  facet normal 0.7071067811865476 0.7071067811865476 0
    outer loop
      vertex -51.8909802732871 -53.73468308529725 -10.25
      vertex -53.73468308529725 -51.8909802732871 10.25
      vertex -51.8909802732871 -53.73468308529725 10.25
    endloop
  endfacet
  facet normal 0.7313537016191711 0.6819983600624979 0
    outer loop
      vertex -53.73468308529725 -51.8909802732871 -10.25
      vertex -55.512918463161355 -49.98405629500671 10.25
      vertex -53.73468308529725 -51.8909802732871 10.25
    endloop
  endfacet
  facet normal 0.7547095802227731 0.656059028990506 0
    outer loop
      vertex -55.512918463161355 -49.98405629500671 -10.25
      vertex -57.22351990098766 -48.01623444358449 10.25
      vertex -55.512918463161355 -49.98405629500671 10.25
    endloop
  endfacet
  facet normal 0.629320391049836 0.777145961456972 0
    outer loop
      vertex -48.01623444358449 -57.22351990098766 -10.25
      vertex -48.01623444358449 -57.22351990098766 10.25
      vertex -45.98991220682667 -58.864403294422125 10.25
    endloop
  endfacet
  facet normal 0.6819983600624971 0.7313537016191716 1.1169333067219685e-16
    outer loop
      vertex -51.8909802732871 -53.73468308529725 -10.25
      vertex -51.64130777547039 -53.967506456105006 10.25
      vertex -49.98405629500671 -55.512918463161355 10.25
    endloop
  endfacet
  facet normal 0.6819983600625021 0.731353701619167 0
    outer loop
      vertex -51.8909802732871 -53.73468308529725 -10.25
      vertex -51.8909802732871 -53.73468308529725 10.25
      vertex -51.64130777547039 -53.967506456105006 10.25
    endloop
  endfacet
  facet normal 0.656059028990506 0.7547095802227731 0
    outer loop
      vertex -49.98405629500671 -55.512918463161355 -10.25
      vertex -49.98405629500671 -55.512918463161355 10.25
      vertex -48.01623444358449 -57.22351990098766 10.25
    endloop
  endfacet
  facet normal 0.6018150231520508 0.7986355100472908 0
    outer loop
      vertex -45.98991220682667 -58.864403294422125 -10.25
      vertex -45.98991220682667 -58.864403294422125 10.25
      vertex -43.90755834624775 -60.433569479808575 10.25
    endloop
  endfacet
  facet normal 0 0 -1
    outer loop
      vertex -53.73468308529725 -51.8909802732871 10.25
      vertex -67.28419039764687 -32.4369256308886 10.25
      vertex -51.8909802732871 -53.73468308529725 10.25
    endloop
  endfacet
  facet normal 0 0 -1
    outer loop
      vertex -51.8909802732871 -53.73468308529725 10.25
      vertex -67.28419039764687 -32.4369256308886 10.25
      vertex -51.64130777547039 -53.967506456105006 10.25
    endloop
  endfacet
  facet normal 0.8191520442889909 0.5735764363510473 0
    outer loop
      vertex -60.433569479808575 -43.90755834624775 -10.25
      vertex -61.92910666986162 -41.7717098892648 10.25
      vertex -60.433569479808575 -43.90755834624775 10.25
    endloop
  endfacet
  facet normal 0.7986355100472908 0.6018150231520508 0
    outer loop
      vertex -58.864403294422125 -45.98991220682667 -10.25
      vertex -60.433569479808575 -43.90755834624775 10.25
      vertex -58.864403294422125 -45.98991220682667 10.25
    endloop
  endfacet
  facet normal 0.8386705679454262 0.5446390350150238 0
    outer loop
      vertex -61.92910666986162 -41.7717098892648 -10.25
      vertex -63.34919278288502 -39.58496903822041 10.25
      vertex -61.92910666986162 -41.7717098892648 10.25
    endloop
  endfacet
  facet normal 0 0 -1
    outer loop
      vertex -53.73468308529725 -51.8909802732871 10.25
      vertex -55.512918463161355 -49.98405629500671 10.25
      vertex -67.28419039764687 -32.4369256308886 10.25
    endloop
  endfacet
  facet normal 0 0 -1
    outer loop
      vertex -57.22351990098766 -48.01623444358449 10.25
      vertex -67.28419039764687 -32.4369256308886 10.25
      vertex -55.512918463161355 -49.98405629500671 10.25
    endloop
  endfacet
  facet normal 0 0 -1
    outer loop
      vertex -58.864403294422125 -45.98991220682667 10.25
      vertex -60.433569479808575 -43.90755834624775 10.25
      vertex -67.28419039764687 -32.4369256308886 10.25
    endloop
  endfacet
  facet normal 0 0 -1
    outer loop
      vertex -58.864403294422125 -45.98991220682667 10.25
      vertex -67.28419039764687 -32.4369256308886 10.25
      vertex -57.22351990098766 -48.01623444358449 10.25
    endloop
  endfacet
  facet normal 0.4848096202463412 0.8746197071393934 1.790651806940209e-17
    outer loop
      vertex -37.35 -64.69209766269756 -10.25
      vertex -35.36810696891203 -65.7906789088408 10.25
      vertex -35.069525740106045 -65.95618518656185 10.25
    endloop
  endfacet
  facet normal 0.48480962024634183 0.8746197071393931 0
    outer loop
      vertex -37.35 -64.69209766269756 -10.25
      vertex -37.35 -64.69209766269756 10.25
      vertex -35.36810696891203 -65.7906789088408 10.25
    endloop
  endfacet
  facet normal 0.5446390350150238 0.8386705679454262 0
    outer loop
      vertex -41.7717098892648 -61.92910666986162 -10.25
      vertex -41.7717098892648 -61.92910666986162 10.25
      vertex -39.58496903822041 -63.34919278288502 10.25
    endloop
  endfacet
  facet normal 0.5150380749100539 0.8571673007021124 0
    outer loop
      vertex -39.58496903822041 -63.34919278288502 -10.25
      vertex -39.58496903822041 -63.34919278288502 10.25
      vertex -37.35 -64.69209766269756 10.25
    endloop
  endfacet
  facet normal 0.45399049973954325 0.8910065241883697 0
    outer loop
      vertex -35.069525740106045 -65.95618518656185 -10.25
      vertex -35.069525740106045 -65.95618518656185 10.25
      vertex -32.74632466514409 -67.13991525854777 10.25
    endloop
  endfacet
  facet normal 0.42261826174070066 0.9063077870366494 0
    outer loop
      vertex -32.74632466514409 -67.13991525854777 -10.25
      vertex -32.74632466514409 -67.13991525854777 10.25
      vertex -30.383227237762277 -68.24184568590229 10.25
    endloop
  endfacet
  facet normal 0.3907311284892757 0.9205048534524395 0
    outer loop
      vertex -30.383227237762277 -68.24184568590229 -10.25
      vertex -30.383227237762277 -68.24184568590229 10.25
      vertex -27.98311252816863 -69.26063393613903 10.25
    endloop
  endfacet
  facet normal 0.3583679495452988 0.9335804264972023 0
    outer loop
      vertex -27.98311252816863 -69.26063393613903 -10.25
      vertex -27.98311252816863 -69.26063393613903 10.25
      vertex -25.548904706427454 -70.19503877270736 10.25
    endloop
  endfacet
  facet normal 0.2588190451025198 0.9659258262890685 0
    outer loop
      vertex -20.590110479529837 -71.80624868659243 -10.25
      vertex -20.590110479529837 -71.80624868659243 10.25
      vertex -18.07156560129518 -72.48109075281694 10.25
    endloop
  endfacet
  facet normal 0.325568154457152 0.9455185755993184 0
    outer loop
      vertex -25.548904706427454 -70.19503877270736 -10.25
      vertex -25.548904706427454 -70.19503877270736 10.25
      vertex -23.08356947980857 -71.04392176724797 10.25
    endloop
  endfacet
  facet normal 0.29237170472274127 0.9563047559630341 0
    outer loop
      vertex -23.08356947980857 -71.04392176724797 -10.25
      vertex -23.08356947980857 -71.04392176724797 10.25
      vertex -20.590110479529837 -71.80624868659243 10.25
    endloop
  endfacet
  facet normal 0 0 -1
    outer loop
      vertex -35.069525740106045 -65.95618518656185 10.25
      vertex -35.36810696891203 -65.7906789088408 10.25
      vertex -32.74632466514409 -67.13991525854777 10.25
    endloop
  endfacet
  facet normal 0 0 -1
    outer loop
      vertex -30.383227237762277 -68.24184568590229 10.25
      vertex -32.74632466514409 -67.13991525854777 10.25
      vertex -35.36810696891203 -65.7906789088408 10.25
    endloop
  endfacet
  facet normal 0 0 -1
    outer loop
      vertex -30.383227237762277 -68.24184568590229 10.25
      vertex -35.36810696891203 -65.7906789088408 10.25
      vertex -27.98311252816863 -69.26063393613903 10.25
    endloop
  endfacet
  facet normal 0 0 -1
    outer loop
      vertex -25.548904706427454 -70.19503877270736 10.25
      vertex -27.98311252816863 -69.26063393613903 10.25
      vertex -35.36810696891203 -65.7906789088408 10.25
    endloop
  endfacet
  facet normal 0 0 -1
    outer loop
      vertex -25.548904706427454 -70.19503877270736 10.25
      vertex -35.36810696891203 -65.7906789088408 10.25
      vertex -23.08356947980857 -71.04392176724797 10.25
    endloop
  endfacet
  facet normal 0 0 -1
    outer loop
      vertex -23.08356947980857 -71.04392176724797 10.25
      vertex -35.36810696891203 -65.7906789088408 10.25
      vertex -20.590110479529837 -71.80624868659243 10.25
    endloop
  endfacet
  facet normal 0 0 -1
    outer loop
      vertex -35.36810696891203 -65.7906789088408 10.25
      vertex -18.07156560129518 -72.48109075281694 10.25
      vertex -20.590110479529837 -71.80624868659243 10.25
    endloop
  endfacet
  facet normal 0 0 -1
    outer loop
      vertex -35.36810696891203 -65.7906789088408 10.25
      vertex -15.531003304086623 -73.06762577481528 10.25
      vertex -18.07156560129518 -72.48109075281694 10.25
    endloop
  endfacet
  facet normal 0 0 -1
    outer loop
      vertex -35.36810696891203 -65.7906789088408 10.25
      vertex -12.971518871719697 -73.56513915001194 10.25
      vertex -15.531003304086623 -73.06762577481528 10.25
    endloop
  endfacet
  facet normal 0 0 -1
    outer loop
      vertex -35.36810696891203 -65.7906789088408 10.25
      vertex -10.396230641716889 -73.9730247349953 10.25
      vertex -12.971518871719697 -73.56513915001194 10.25
    endloop
  endfacet
  facet normal 0.22495105434386467 0.9743700647852352 0
    outer loop
      vertex -18.07156560129518 -72.48109075281694 -10.25
      vertex -18.07156560129518 -72.48109075281694 10.25
      vertex -15.531003304086623 -73.06762577481528 10.25
    endloop
  endfacet
  facet normal 0.1908089953765448 0.981627183447664 0
    outer loop
      vertex -15.531003304086623 -73.06762577481528 -10.25
      vertex -15.531003304086623 -73.06762577481528 10.25
      vertex -12.971518871719697 -73.56513915001194 10.25
    endloop
  endfacet
  facet normal 0.15643446504023129 0.9876883405951378 0
    outer loop
      vertex -12.971518871719697 -73.56513915001194 -10.25
      vertex -12.971518871719697 -73.56513915001194 10.25
      vertex -10.396230641716889 -73.9730247349953 10.25
    endloop
  endfacet
  facet normal 0.12186934340514914 0.9925461516413219 0
    outer loop
      vertex -10.396230641716889 -73.9730247349953 -10.25
      vertex -10.396230641716889 -73.9730247349953 10.25
      vertex -10.057391204205304 -74.01462898654675 10.25
    endloop
  endfacet
  facet normal 0.1218693434051482 0.9925461516413219 1.5717865332642853e-17
    outer loop
      vertex -10.396230641716889 -73.9730247349953 -10.25
      vertex -10.057391204205304 -74.01462898654675 10.25
      vertex -7.808276206093715 -74.29078558401002 10.25
    endloop
  endfacet
  facet normal 0.08715574274765585 0.9961946980917457 0
    outer loop
      vertex -7.808276206093715 -74.29078558401002 -10.25
      vertex -7.808276206093715 -74.29078558401002 10.25
      vertex -5.21080858868616 -74.51803455440887 10.25
    endloop
  endfacet
  facet normal 0.05233595624294429 0.9986295347545738 0
    outer loop
      vertex -5.21080858868616 -74.51803455440887 -10.25
      vertex -5.21080858868616 -74.51803455440887 10.25
      vertex -2.6069924036768226 -74.65449477832645 10.25
    endloop
  endfacet
  facet normal 0.017452406437284282 0.9998476951563912 0
    outer loop
      vertex -2.6069924036768226 -74.65449477832645 -10.25
      vertex -2.6069924036768226 -74.65449477832645 10.25
      vertex 0 -74.7 10.25
    endloop
  endfacet
  facet normal -0.017452406437284282 0.9998476951563912 0
    outer loop
      vertex 0 -74.7 -10.25
      vertex 0 -74.7 10.25
      vertex 2.6069924036768226 -74.65449477832645 10.25
    endloop
  endfacet
  facet normal 0 0 -1
    outer loop
      vertex -35.36810696891203 -65.7906789088408 10.25
      vertex -10.057391204205304 -74.01462898654675 10.25
      vertex -10.396230641716889 -73.9730247349953 10.25
    endloop
  endfacet
  facet normal 0.9205048534524395 0.3907311284892757 3.47528632013251e-18
    outer loop
      vertex -68.24184568590229 -30.383227237762277 -10.25
      vertex -69.26063393613903 -27.98311252816863 -10.25
      vertex -69.26063393613903 -27.98311252816863 10.25
    endloop
  endfacet
  facet normal 0.9335804264972023 0.3583679495452988 0
    outer loop
      vertex -70.19503877270736 -25.548904706427454 -10.25
      vertex -70.19503877270736 -25.548904706427454 10.25
      vertex -69.26063393613903 -27.98311252816863 -10.25
    endloop
  endfacet
  facet normal 0.9455185755993178 0.3255681544571536 -1.985488628009493e-18
    outer loop
      vertex -70.19503877270736 -25.548904706427454 -10.25
      vertex -70.93779724986487 -23.391777457580666 -10.25
      vertex -70.93779724986487 -23.391777457580666 10.25
    endloop
  endfacet
  facet normal 0.9063077870366495 0.4226182617407008 1.6243038725915155e-18
    outer loop
      vertex -67.28419039764687 -32.4369256308886 -10.25
      vertex -68.24184568590229 -30.383227237762277 -10.25
      vertex -68.24184568590229 -30.383227237762277 10.25
    endloop
  endfacet
  facet normal 0.9335804264972023 0.3583679495452988 0
    outer loop
      vertex -69.26063393613903 -27.98311252816863 -10.25
      vertex -70.19503877270736 -25.548904706427454 10.25
      vertex -69.26063393613903 -27.98311252816863 10.25
    endloop
  endfacet
  facet normal 0.9455185755993178 0.3255681544571536 0
    outer loop
      vertex -70.19503877270736 -25.548904706427454 -10.25
      vertex -70.93779724986487 -23.391777457580666 10.25
      vertex -70.19503877270736 -25.548904706427454 10.25
    endloop
  endfacet
  facet normal 0.9205048534524395 0.3907311284892757 0
    outer loop
      vertex -68.24184568590229 -30.383227237762277 -10.25
      vertex -69.26063393613903 -27.98311252816863 10.25
      vertex -68.24184568590229 -30.383227237762277 10.25
    endloop
  endfacet
  facet normal 0 0 1
    outer loop
      vertex 10.057391204205304 -74.01462898654675 -10.25
      vertex 10.396230641716889 -73.9730247349953 -10.25
      vertex 35.36810696891203 -65.7906789088408 -10.25
    endloop
  endfacet
  facet normal 0 0 1
    outer loop
      vertex 10.396230641716889 -73.9730247349953 -10.25
      vertex 12.971518871719697 -73.56513915001194 -10.25
      vertex 35.36810696891203 -65.7906789088408 -10.25
    endloop
  endfacet
  facet normal 0 0 1
    outer loop
      vertex 12.971518871719697 -73.56513915001194 -10.25
      vertex 15.531003304086623 -73.06762577481528 -10.25
      vertex 35.36810696891203 -65.7906789088408 -10.25
    endloop
  endfacet
  facet normal 0 0 1
    outer loop
      vertex 15.531003304086623 -73.06762577481528 -10.25
      vertex 18.07156560129518 -72.48109075281694 -10.25
      vertex 35.36810696891203 -65.7906789088408 -10.25
    endloop
  endfacet
  facet normal -0.05233595624294429 0.9986295347545738 -2.073478399042598e-19
    outer loop
      vertex 2.6069924036768226 -74.65449477832645 -10.25
      vertex 5.21080858868616 -74.51803455440887 10.25
      vertex 5.21080858868616 -74.51803455440887 -10.25
    endloop
  endfacet
  facet normal -0.08715574274765585 0.9961946980917457 -1.8894761342675264e-19
    outer loop
      vertex 5.21080858868616 -74.51803455440887 -10.25
      vertex 7.808276206093715 -74.29078558401002 10.25
      vertex 7.808276206093715 -74.29078558401002 -10.25
    endloop
  endfacet
  facet normal -0.1218693434051482 0.9925461516413219 -1.6118598997958596e-17
    outer loop
      vertex 7.808276206093715 -74.29078558401002 -10.25
      vertex 10.396230641716889 -73.9730247349953 10.25
      vertex 10.057391204205304 -74.01462898654675 -10.25
    endloop
  endfacet
  facet normal -0.12186934340514914 0.9925461516413219 3.4378326533171665e-20
    outer loop
      vertex 10.057391204205304 -74.01462898654675 -10.25
      vertex 10.396230641716889 -73.9730247349953 10.25
      vertex 10.396230641716889 -73.9730247349953 -10.25
    endloop
  endfacet
  facet normal -0.15643446504023129 0.9876883405951378 7.864726921613278e-19
    outer loop
      vertex 10.396230641716889 -73.9730247349953 -10.25
      vertex 12.971518871719697 -73.56513915001194 10.25
      vertex 12.971518871719697 -73.56513915001194 -10.25
    endloop
  endfacet
  facet normal -0.1908089953765448 0.981627183447664 1.0705213255109012e-18
    outer loop
      vertex 12.971518871719697 -73.56513915001194 -10.25
      vertex 15.531003304086623 -73.06762577481528 10.25
      vertex 15.531003304086623 -73.06762577481528 -10.25
    endloop
  endfacet
  facet normal -0.22495105434386467 0.9743700647852352 1.8860310667117077e-18
    outer loop
      vertex 15.531003304086623 -73.06762577481528 -10.25
      vertex 18.07156560129518 -72.48109075281694 10.25
      vertex 18.07156560129518 -72.48109075281694 -10.25
    endloop
  endfacet
  facet normal -0.2588190451025198 0.9659258262890685 -1.6472914510997601e-18
    outer loop
      vertex 18.07156560129518 -72.48109075281694 -10.25
      vertex 20.590110479529837 -71.80624868659243 10.25
      vertex 20.590110479529837 -71.80624868659243 -10.25
    endloop
  endfacet
  facet normal -0.29237170472274127 0.9563047559630341 -7.982648318679587e-19
    outer loop
      vertex 20.590110479529837 -71.80624868659243 -10.25
      vertex 23.08356947980857 -71.04392176724797 10.25
      vertex 23.08356947980857 -71.04392176724797 -10.25
    endloop
  endfacet
  facet normal 0 0 1
    outer loop
      vertex 18.07156560129518 -72.48109075281694 -10.25
      vertex 20.590110479529837 -71.80624868659243 -10.25
      vertex 35.36810696891203 -65.7906789088408 -10.25
    endloop
  endfacet
  facet normal 0 0 1
    outer loop
      vertex 20.590110479529837 -71.80624868659243 -10.25
      vertex 23.08356947980857 -71.04392176724797 -10.25
      vertex 35.36810696891203 -65.7906789088408 -10.25
    endloop
  endfacet
  facet normal 0 0 1
    outer loop
      vertex 23.08356947980857 -71.04392176724797 -10.25
      vertex 25.548904706427454 -70.19503877270736 -10.25
      vertex 35.36810696891203 -65.7906789088408 -10.25
    endloop
  endfacet
  facet normal 0 0 1
    outer loop
      vertex 25.548904706427454 -70.19503877270736 -10.25
      vertex 27.98311252816863 -69.26063393613903 -10.25
      vertex 35.36810696891203 -65.7906789088408 -10.25
    endloop
  endfacet
  facet normal 0 0 1
    outer loop
      vertex 27.98311252816863 -69.26063393613903 -10.25
      vertex 30.383227237762277 -68.24184568590229 -10.25
      vertex 35.36810696891203 -65.7906789088408 -10.25
    endloop
  endfacet
  facet normal 0 0 1
    outer loop
      vertex 30.383227237762277 -68.24184568590229 -10.25
      vertex 32.74632466514409 -67.13991525854777 -10.25
      vertex 35.36810696891203 -65.7906789088408 -10.25
    endloop
  endfacet
  facet normal 0 0 1
    outer loop
      vertex 32.74632466514409 -67.13991525854777 -10.25
      vertex 35.069525740106045 -65.95618518656185 -10.25
      vertex 35.36810696891203 -65.7906789088408 -10.25
    endloop
  endfacet
  facet normal -0.325568154457152 0.9455185755993184 -3.270131503190079e-18
    outer loop
      vertex 23.08356947980857 -71.04392176724797 -10.25
      vertex 25.548904706427454 -70.19503877270736 10.25
      vertex 25.548904706427454 -70.19503877270736 -10.25
    endloop
  endfacet
  facet normal -0.3583679495452988 0.9335804264972023 -1.321494092629758e-18
    outer loop
      vertex 25.548904706427454 -70.19503877270736 -10.25
      vertex 27.98311252816863 -69.26063393613903 10.25
      vertex 27.98311252816863 -69.26063393613903 -10.25
    endloop
  endfacet
  facet normal -0.3907311284892757 0.9205048534524395 -3.47528632013251e-18
    outer loop
      vertex 27.98311252816863 -69.26063393613903 -10.25
      vertex 30.383227237762277 -68.24184568590229 10.25
      vertex 30.383227237762277 -68.24184568590229 -10.25
    endloop
  endfacet
  facet normal -0.42261826174070066 0.9063077870366494 -1.781558288332658e-18
    outer loop
      vertex 30.383227237762277 -68.24184568590229 -10.25
      vertex 32.74632466514409 -67.13991525854777 10.25
      vertex 32.74632466514409 -67.13991525854777 -10.25
    endloop
  endfacet
  facet normal -0.45399049973954325 0.8910065241883697 -3.4187275013471643e-18
    outer loop
      vertex 32.74632466514409 -67.13991525854777 -10.25
      vertex 35.069525740106045 -65.95618518656185 10.25
      vertex 35.069525740106045 -65.95618518656185 -10.25
    endloop
  endfacet
  facet normal -0.48480962024634144 0.8746197071393934 -4.6293057349187995e-17
    outer loop
      vertex 35.069525740106045 -65.95618518656185 -10.25
      vertex 37.35 -64.69209766269756 10.25
      vertex 35.36810696891203 -65.7906789088408 -10.25
    endloop
  endfacet
  facet normal -0.48480962024634183 0.8746197071393931 -5.551226134085841e-19
    outer loop
      vertex 35.36810696891203 -65.7906789088408 -10.25
      vertex 37.35 -64.69209766269756 10.25
      vertex 37.35 -64.69209766269756 -10.25
    endloop
  endfacet
  facet normal -0.5150380749100539 0.8571673007021124 1.8480476418814775e-18
    outer loop
      vertex 37.35 -64.69209766269756 -10.25
      vertex 39.58496903822041 -63.34919278288502 10.25
      vertex 39.58496903822041 -63.34919278288502 -10.25
    endloop
  endfacet
  facet normal -0.5446390350150238 0.8386705679454262 -2.1404670105532604e-19
    outer loop
      vertex 39.58496903822041 -63.34919278288502 -10.25
      vertex 41.7717098892648 -61.92910666986162 10.25
      vertex 41.7717098892648 -61.92910666986162 -10.25
    endloop
  endfacet
  facet normal -0.5735764363510473 0.8191520442889909 -1.7990961099814412e-18
    outer loop
      vertex 41.7717098892648 -61.92910666986162 -10.25
      vertex 43.90755834624775 -60.433569479808575 10.25
      vertex 43.90755834624775 -60.433569479808575 -10.25
    endloop
  endfacet
  facet normal -0.6018150231520508 0.7986355100472908 4.008764292256653e-18
    outer loop
      vertex 43.90755834624775 -60.433569479808575 -10.25
      vertex 45.98991220682667 -58.864403294422125 10.25
      vertex 45.98991220682667 -58.864403294422125 -10.25
    endloop
  endfacet
  facet normal 0 0 1
    outer loop
      vertex 51.64130777547039 -53.967506456105006 -10.25
      vertex 51.8909802732871 -53.73468308529725 -10.25
      vertex 67.28419039764687 -32.4369256308886 -10.25
    endloop
  endfacet
  facet normal 0 0 1
    outer loop
      vertex 51.8909802732871 -53.73468308529725 -10.25
      vertex 53.73468308529725 -51.8909802732871 -10.25
      vertex 67.28419039764687 -32.4369256308886 -10.25
    endloop
  endfacet
  facet normal -0.629320391049836 0.777145961456972 -3.00701826669928e-18
    outer loop
      vertex 45.98991220682667 -58.864403294422125 -10.25
      vertex 48.01623444358449 -57.22351990098766 10.25
      vertex 48.01623444358449 -57.22351990098766 -10.25
    endloop
  endfacet
  facet normal -0.656059028990506 0.7547095802227731 3.3290417444588028e-18
    outer loop
      vertex 48.01623444358449 -57.22351990098766 -10.25
      vertex 49.98405629500671 -55.512918463161355 10.25
      vertex 49.98405629500671 -55.512918463161355 -10.25
    endloop
  endfacet
  facet normal -0.6819983600624971 0.7313537016191716 -1.0988371729320487e-16
    outer loop
      vertex 49.98405629500671 -55.512918463161355 -10.25
      vertex 51.8909802732871 -53.73468308529725 10.25
      vertex 51.64130777547039 -53.967506456105006 -10.25
    endloop
  endfacet
  facet normal -0.6819983600625021 0.731353701619167 -4.744728151089186e-19
    outer loop
      vertex 51.64130777547039 -53.967506456105006 -10.25
      vertex 51.8909802732871 -53.73468308529725 10.25
      vertex 51.8909802732871 -53.73468308529725 -10.25
    endloop
  endfacet
  facet normal -0.7071067811865476 0.7071067811865476 0
    outer loop
      vertex 51.8909802732871 -53.73468308529725 -10.25
      vertex 51.8909802732871 -53.73468308529725 10.25
      vertex 53.73468308529725 -51.8909802732871 -10.25
    endloop
  endfacet
  facet normal -0.7313537016191711 0.6819983600624979 0
    outer loop
      vertex 53.73468308529725 -51.8909802732871 -10.25
      vertex 53.73468308529725 -51.8909802732871 10.25
      vertex 55.512918463161355 -49.98405629500671 -10.25
    endloop
  endfacet
  facet normal -0.7547095802227731 0.656059028990506 0
    outer loop
      vertex 55.512918463161355 -49.98405629500671 -10.25
      vertex 55.512918463161355 -49.98405629500671 10.25
      vertex 57.22351990098766 -48.01623444358449 -10.25
    endloop
  endfacet
  facet normal -0.777145961456972 0.629320391049836 0
    outer loop
      vertex 57.22351990098766 -48.01623444358449 -10.25
      vertex 57.22351990098766 -48.01623444358449 10.25
      vertex 58.864403294422125 -45.98991220682667 -10.25
    endloop
  endfacet
  facet normal 0 0 1
    outer loop
      vertex 53.73468308529725 -51.8909802732871 -10.25
      vertex 55.512918463161355 -49.98405629500671 -10.25
      vertex 67.28419039764687 -32.4369256308886 -10.25
    endloop
  endfacet
  facet normal 0 0 1
    outer loop
      vertex 55.512918463161355 -49.98405629500671 -10.25
      vertex 57.22351990098766 -48.01623444358449 -10.25
      vertex 67.28419039764687 -32.4369256308886 -10.25
    endloop
  endfacet
  facet normal 0 0 1
    outer loop
      vertex 57.22351990098766 -48.01623444358449 -10.25
      vertex 58.864403294422125 -45.98991220682667 -10.25
      vertex 67.28419039764687 -32.4369256308886 -10.25
    endloop
  endfacet
  facet normal 0 0 1
    outer loop
      vertex 58.864403294422125 -45.98991220682667 -10.25
      vertex 60.433569479808575 -43.90755834624775 -10.25
      vertex 67.28419039764687 -32.4369256308886 -10.25
    endloop
  endfacet
  facet normal 0 0 1
    outer loop
      vertex 60.433569479808575 -43.90755834624775 -10.25
      vertex 61.92910666986162 -41.7717098892648 -10.25
      vertex 67.28419039764687 -32.4369256308886 -10.25
    endloop
  endfacet
  facet normal 0 0 1
    outer loop
      vertex 61.92910666986162 -41.7717098892648 -10.25
      vertex 63.34919278288502 -39.58496903822041 -10.25
      vertex 67.28419039764687 -32.4369256308886 -10.25
    endloop
  endfacet
  facet normal 0 0 1
    outer loop
      vertex 63.34919278288502 -39.58496903822041 -10.25
      vertex 64.69209766269756 -37.35 -10.25
      vertex 67.28419039764687 -32.4369256308886 -10.25
    endloop
  endfacet
  facet normal 0 0 1
    outer loop
      vertex 64.69209766269756 -37.35 -10.25
      vertex 65.95618518656185 -35.069525740106045 -10.25
      vertex 67.28419039764687 -32.4369256308886 -10.25
    endloop
  endfacet
  facet normal 0 0 1
    outer loop
      vertex 65.95618518656185 -35.069525740106045 -10.25
      vertex 67.13991525854777 -32.74632466514409 -10.25
      vertex 67.28419039764687 -32.4369256308886 -10.25
    endloop
  endfacet
  facet normal -0.7986355100472908 0.6018150231520508 0
    outer loop
      vertex 58.864403294422125 -45.98991220682667 -10.25
      vertex 58.864403294422125 -45.98991220682667 10.25
      vertex 60.433569479808575 -43.90755834624775 -10.25
    endloop
  endfacet
  facet normal -0.8191520442889909 0.5735764363510473 0
    outer loop
      vertex 60.433569479808575 -43.90755834624775 -10.25
      vertex 60.433569479808575 -43.90755834624775 10.25
      vertex 61.92910666986162 -41.7717098892648 -10.25
    endloop
  endfacet
  facet normal -0.8386705679454262 0.5446390350150238 0
    outer loop
      vertex 61.92910666986162 -41.7717098892648 -10.25
      vertex 61.92910666986162 -41.7717098892648 10.25
      vertex 63.34919278288502 -39.58496903822041 -10.25
    endloop
  endfacet
  facet normal -0.8571673007021124 0.5150380749100539 0
    outer loop
      vertex 63.34919278288502 -39.58496903822041 -10.25
      vertex 63.34919278288502 -39.58496903822041 10.25
      vertex 64.69209766269756 -37.35 -10.25
    endloop
  endfacet
  facet normal -0.8746197071393933 0.4848096202463418 0
    outer loop
      vertex 64.69209766269756 -37.35 -10.25
      vertex 64.69209766269756 -37.35 10.25
      vertex 65.95618518656185 -35.069525740106045 -10.25
    endloop
  endfacet
  facet normal -0.8910065241883697 0.45399049973954325 0
    outer loop
      vertex 65.95618518656185 -35.069525740106045 -10.25
      vertex 65.95618518656185 -35.069525740106045 10.25
      vertex 67.13991525854777 -32.74632466514409 -10.25
    endloop
  endfacet
  facet normal -0.9063077870366496 0.42261826174070005 0
    outer loop
      vertex 67.13991525854777 -32.74632466514409 -10.25
      vertex 67.13991525854777 -32.74632466514409 10.25
      vertex 67.28419039764687 -32.4369256308886 -10.25
    endloop
  endfacet
  facet normal -0.9063077870366495 0.4226182617407008 1.2247532976785172e-17
    outer loop
      vertex 67.28419039764687 -32.4369256308886 -10.25
      vertex 67.13991525854777 -32.74632466514409 10.25
      vertex 68.24184568590229 -30.383227237762277 -10.25
    endloop
  endfacet
  facet normal -0.05233595624294429 0.9986295347545738 0
    outer loop
      vertex 2.6069924036768226 -74.65449477832645 -10.25
      vertex 2.6069924036768226 -74.65449477832645 10.25
      vertex 5.21080858868616 -74.51803455440887 10.25
    endloop
  endfacet
  facet normal -0.08715574274765585 0.9961946980917457 0
    outer loop
      vertex 5.21080858868616 -74.51803455440887 -10.25
      vertex 5.21080858868616 -74.51803455440887 10.25
      vertex 7.808276206093715 -74.29078558401002 10.25
    endloop
  endfacet
  facet normal -0.12186934340514582 0.9925461516413223 0
    outer loop
      vertex 7.808276206093715 -74.29078558401002 -10.25
      vertex 7.808276206093715 -74.29078558401002 10.25
      vertex 10.057391204205233 -74.01462898654677 10.25
    endloop
  endfacet
  facet normal -0.12186934340516495 0.9925461516413199 2.133561455418214e-15
    outer loop
      vertex 7.808276206093715 -74.29078558401002 -10.25
      vertex 10.057391204205233 -74.01462898654677 10.25
      vertex 10.396230641716889 -73.9730247349953 10.25
    endloop
  endfacet
  facet normal -0.15643446504023129 0.9876883405951378 0
    outer loop
      vertex 10.396230641716889 -73.9730247349953 -10.25
      vertex 10.396230641716889 -73.9730247349953 10.25
      vertex 12.971518871719697 -73.56513915001194 10.25
    endloop
  endfacet
  facet normal -0.1908089953765448 0.981627183447664 0
    outer loop
      vertex 12.971518871719697 -73.56513915001194 -10.25
      vertex 12.971518871719697 -73.56513915001194 10.25
      vertex 15.531003304086623 -73.06762577481528 10.25
    endloop
  endfacet
  facet normal -0.22495105434386467 0.9743700647852352 0
    outer loop
      vertex 15.531003304086623 -73.06762577481528 -10.25
      vertex 15.531003304086623 -73.06762577481528 10.25
      vertex 18.07156560129518 -72.48109075281694 10.25
    endloop
  endfacet
  facet normal -0.2588190451025198 0.9659258262890685 0
    outer loop
      vertex 18.07156560129518 -72.48109075281694 -10.25
      vertex 18.07156560129518 -72.48109075281694 10.25
      vertex 20.590110479529837 -71.80624868659243 10.25
    endloop
  endfacet
  facet normal -0.29237170472274127 0.9563047559630341 0
    outer loop
      vertex 20.590110479529837 -71.80624868659243 -10.25
      vertex 20.590110479529837 -71.80624868659243 10.25
      vertex 23.08356947980857 -71.04392176724797 10.25
    endloop
  endfacet
  facet normal -0.325568154457152 0.9455185755993184 0
    outer loop
      vertex 23.08356947980857 -71.04392176724797 -10.25
      vertex 23.08356947980857 -71.04392176724797 10.25
      vertex 25.548904706427454 -70.19503877270736 10.25
    endloop
  endfacet
  facet normal 0 0 -1
    outer loop
      vertex 10.057391204205233 -74.01462898654677 10.25
      vertex 12.971518871719697 -73.56513915001194 10.25
      vertex 10.396230641716889 -73.9730247349953 10.25
    endloop
  endfacet
  facet normal 0 0 -1
    outer loop
      vertex 10.057391204205233 -74.01462898654677 10.25
      vertex 15.531003304086623 -73.06762577481528 10.25
      vertex 12.971518871719697 -73.56513915001194 10.25
    endloop
  endfacet
  facet normal 0 0 -1
    outer loop
      vertex 10.057391204205233 -74.01462898654677 10.25
      vertex 18.07156560129518 -72.48109075281694 10.25
      vertex 15.531003304086623 -73.06762577481528 10.25
    endloop
  endfacet
  facet normal 0 0 -1
    outer loop
      vertex 10.057391204205233 -74.01462898654677 10.25
      vertex 20.590110479529837 -71.80624868659243 10.25
      vertex 18.07156560129518 -72.48109075281694 10.25
    endloop
  endfacet
  facet normal 0 0 -1
    outer loop
      vertex 10.057391204205233 -74.01462898654677 10.25
      vertex 23.08356947980857 -71.04392176724797 10.25
      vertex 20.590110479529837 -71.80624868659243 10.25
    endloop
  endfacet
  facet normal 0 0 -1
    outer loop
      vertex 10.057391204205233 -74.01462898654677 10.25
      vertex 25.548904706427454 -70.19503877270736 10.25
      vertex 23.08356947980857 -71.04392176724797 10.25
    endloop
  endfacet
  facet normal 0 0 -1
    outer loop
      vertex 10.057391204205233 -74.01462898654677 10.25
      vertex 27.98311252816863 -69.26063393613903 10.25
      vertex 25.548904706427454 -70.19503877270736 10.25
    endloop
  endfacet
  facet normal 0 0 -1
    outer loop
      vertex 10.057391204205233 -74.01462898654677 10.25
      vertex 30.383227237762277 -68.24184568590229 10.25
      vertex 27.98311252816863 -69.26063393613903 10.25
    endloop
  endfacet
  facet normal -0.3583679495452988 0.9335804264972023 0
    outer loop
      vertex 25.548904706427454 -70.19503877270736 -10.25
      vertex 25.548904706427454 -70.19503877270736 10.25
      vertex 27.98311252816863 -69.26063393613903 10.25
    endloop
  endfacet
  facet normal -0.3907311284892757 0.9205048534524395 0
    outer loop
      vertex 27.98311252816863 -69.26063393613903 -10.25
      vertex 27.98311252816863 -69.26063393613903 10.25
      vertex 30.383227237762277 -68.24184568590229 10.25
    endloop
  endfacet
  facet normal -0.42261826174070066 0.9063077870366494 0
    outer loop
      vertex 30.383227237762277 -68.24184568590229 -10.25
      vertex 30.383227237762277 -68.24184568590229 10.25
      vertex 32.74632466514409 -67.13991525854777 10.25
    endloop
  endfacet
  facet normal -0.45399049973954325 0.8910065241883697 0
    outer loop
      vertex 32.74632466514409 -67.13991525854777 -10.25
      vertex 32.74632466514409 -67.13991525854777 10.25
      vertex 35.069525740106045 -65.95618518656185 10.25
    endloop
  endfacet
  facet normal -0.4848096202463257 0.8746197071394021 0
    outer loop
      vertex 35.069525740106045 -65.95618518656185 -10.25
      vertex 35.069525740106045 -65.95618518656185 10.25
      vertex 35.368106968912095 -65.79067890884077 10.25
    endloop
  endfacet
  facet normal -0.48480962024634416 0.8746197071393919 3.5146122298675905e-16
    outer loop
      vertex 35.069525740106045 -65.95618518656185 -10.25
      vertex 35.368106968912095 -65.79067890884077 10.25
      vertex 37.35 -64.69209766269756 10.25
    endloop
  endfacet
  facet normal -0.5150380749100539 0.8571673007021124 0
    outer loop
      vertex 37.35 -64.69209766269756 -10.25
      vertex 37.35 -64.69209766269756 10.25
      vertex 39.58496903822041 -63.34919278288502 10.25
    endloop
  endfacet
  facet normal -0.5446390350150238 0.8386705679454262 0
    outer loop
      vertex 39.58496903822041 -63.34919278288502 -10.25
      vertex 39.58496903822041 -63.34919278288502 10.25
      vertex 41.7717098892648 -61.92910666986162 10.25
    endloop
  endfacet
  facet normal -0.5735764363510473 0.8191520442889909 0
    outer loop
      vertex 41.7717098892648 -61.92910666986162 -10.25
      vertex 41.7717098892648 -61.92910666986162 10.25
      vertex 43.90755834624775 -60.433569479808575 10.25
    endloop
  endfacet
  facet normal 0 0 -1
    outer loop
      vertex 10.057391204205233 -74.01462898654677 10.25
      vertex 32.74632466514409 -67.13991525854777 10.25
      vertex 30.383227237762277 -68.24184568590229 10.25
    endloop
  endfacet
  facet normal 0 0 -1
    outer loop
      vertex 10.057391204205233 -74.01462898654677 10.25
      vertex 35.069525740106045 -65.95618518656185 10.25
      vertex 32.74632466514409 -67.13991525854777 10.25
    endloop
  endfacet
  facet normal 0 0 -1
    outer loop
      vertex 10.057391204205233 -74.01462898654677 10.25
      vertex 35.368106968912095 -65.79067890884077 10.25
      vertex 35.069525740106045 -65.95618518656185 10.25
    endloop
  endfacet
  facet normal -0.6018150231520508 0.7986355100472908 0
    outer loop
      vertex 43.90755834624775 -60.433569479808575 -10.25
      vertex 43.90755834624775 -60.433569479808575 10.25
      vertex 45.98991220682667 -58.864403294422125 10.25
    endloop
  endfacet
  facet normal -0.629320391049836 0.777145961456972 0
    outer loop
      vertex 45.98991220682667 -58.864403294422125 -10.25
      vertex 45.98991220682667 -58.864403294422125 10.25
      vertex 48.01623444358449 -57.22351990098766 10.25
    endloop
  endfacet
  facet normal -0.656059028990506 0.7547095802227731 0
    outer loop
      vertex 48.01623444358449 -57.22351990098766 -10.25
      vertex 48.01623444358449 -57.22351990098766 10.25
      vertex 49.98405629500671 -55.512918463161355 10.25
    endloop
  endfacet
  facet normal -0.6819983600624971 0.7313537016191716 0
    outer loop
      vertex 49.98405629500671 -55.512918463161355 -10.25
      vertex 49.98405629500671 -55.512918463161355 10.25
      vertex 51.64130777547039 -53.967506456105006 10.25
    endloop
  endfacet
  facet normal -0.6819983600625024 0.7313537016191668 7.06313921149353e-16
    outer loop
      vertex 49.98405629500671 -55.512918463161355 -10.25
      vertex 51.64130777547039 -53.967506456105006 10.25
      vertex 51.8909802732871 -53.73468308529725 10.25
    endloop
  endfacet
  facet normal -0.7071067811865476 0.7071067811865476 0
    outer loop
      vertex 53.73468308529725 -51.8909802732871 -10.25
      vertex 51.8909802732871 -53.73468308529725 10.25
      vertex 53.73468308529725 -51.8909802732871 10.25
    endloop
  endfacet
  facet normal -0.7313537016191711 0.6819983600624979 0
    outer loop
      vertex 55.512918463161355 -49.98405629500671 -10.25
      vertex 53.73468308529725 -51.8909802732871 10.25
      vertex 55.512918463161355 -49.98405629500671 10.25
    endloop
  endfacet
  facet normal -0.7547095802227731 0.656059028990506 0
    outer loop
      vertex 57.22351990098766 -48.01623444358449 -10.25
      vertex 55.512918463161355 -49.98405629500671 10.25
      vertex 57.22351990098766 -48.01623444358449 10.25
    endloop
  endfacet
  facet normal -0.777145961456972 0.629320391049836 0
    outer loop
      vertex 58.864403294422125 -45.98991220682667 -10.25
      vertex 57.22351990098766 -48.01623444358449 10.25
      vertex 58.864403294422125 -45.98991220682667 10.25
    endloop
  endfacet
  facet normal 0 0 -1
    outer loop
      vertex 51.64130777547039 -53.967506456105006 10.25
      vertex 53.73468308529725 -51.8909802732871 10.25
      vertex 51.8909802732871 -53.73468308529725 10.25
    endloop
  endfacet
  facet normal 0 0 -1
    outer loop
      vertex 51.64130777547039 -53.967506456105006 10.25
      vertex 55.512918463161355 -49.98405629500671 10.25
      vertex 53.73468308529725 -51.8909802732871 10.25
    endloop
  endfacet
  facet normal 0 0 -1
    outer loop
      vertex 51.64130777547039 -53.967506456105006 10.25
      vertex 57.22351990098766 -48.01623444358449 10.25
      vertex 55.512918463161355 -49.98405629500671 10.25
    endloop
  endfacet
  facet normal 0 0 -1
    outer loop
      vertex 51.64130777547039 -53.967506456105006 10.25
      vertex 58.864403294422125 -45.98991220682667 10.25
      vertex 57.22351990098766 -48.01623444358449 10.25
    endloop
  endfacet
  facet normal 0 0 -1
    outer loop
      vertex 51.64130777547039 -53.967506456105006 10.25
      vertex 60.433569479808575 -43.90755834624775 10.25
      vertex 58.864403294422125 -45.98991220682667 10.25
    endloop
  endfacet
  facet normal 0 0 -1
    outer loop
      vertex 51.64130777547039 -53.967506456105006 10.25
      vertex 61.92910666986162 -41.7717098892648 10.25
      vertex 60.433569479808575 -43.90755834624775 10.25
    endloop
  endfacet
  facet normal -0.7986355100472908 0.6018150231520508 0
    outer loop
      vertex 60.433569479808575 -43.90755834624775 -10.25
      vertex 58.864403294422125 -45.98991220682667 10.25
      vertex 60.433569479808575 -43.90755834624775 10.25
    endloop
  endfacet
  facet normal -0.8191520442889909 0.5735764363510473 0
    outer loop
      vertex 61.92910666986162 -41.7717098892648 -10.25
      vertex 60.433569479808575 -43.90755834624775 10.25
      vertex 61.92910666986162 -41.7717098892648 10.25
    endloop
  endfacet
  facet normal -0.8386705679454262 0.5446390350150238 0
    outer loop
      vertex 63.34919278288502 -39.58496903822041 -10.25
      vertex 61.92910666986162 -41.7717098892648 10.25
      vertex 63.34919278288502 -39.58496903822041 10.25
    endloop
  endfacet
  facet normal -0.8571673007021124 0.5150380749100539 0
    outer loop
      vertex 64.69209766269756 -37.35 -10.25
      vertex 63.34919278288502 -39.58496903822041 10.25
      vertex 64.69209766269756 -37.35 10.25
    endloop
  endfacet
  facet normal -0.8746197071393933 0.4848096202463418 0
    outer loop
      vertex 65.95618518656185 -35.069525740106045 -10.25
      vertex 64.69209766269756 -37.35 10.25
      vertex 65.95618518656185 -35.069525740106045 10.25
    endloop
  endfacet
  facet normal -0.8910065241883697 0.45399049973954325 0
    outer loop
      vertex 67.13991525854777 -32.74632466514409 -10.25
      vertex 65.95618518656185 -35.069525740106045 10.25
      vertex 67.13991525854777 -32.74632466514409 10.25
    endloop
  endfacet
  facet normal -0.9063077870366496 0.42261826174070005 -5.2417071604930776e-17
    outer loop
      vertex 68.24184568590229 -30.383227237762277 -10.25
      vertex 67.13991525854777 -32.74632466514409 10.25
      vertex 67.28419039764687 -32.4369256308886 10.25
    endloop
  endfacet
  facet normal 0 0 -1
    outer loop
      vertex 51.64130777547039 -53.967506456105006 10.25
      vertex 63.34919278288502 -39.58496903822041 10.25
      vertex 61.92910666986162 -41.7717098892648 10.25
    endloop
  endfacet
  facet normal 0 0 -1
    outer loop
      vertex 51.64130777547039 -53.967506456105006 10.25
      vertex 64.69209766269756 -37.35 10.25
      vertex 63.34919278288502 -39.58496903822041 10.25
    endloop
  endfacet
  facet normal 0 0 -1
    outer loop
      vertex 51.64130777547039 -53.967506456105006 10.25
      vertex 65.95618518656185 -35.069525740106045 10.25
      vertex 64.69209766269756 -37.35 10.25
    endloop
  endfacet
  facet normal 0 0 -1
    outer loop
      vertex 51.64130777547039 -53.967506456105006 10.25
      vertex 67.13991525854777 -32.74632466514409 10.25
      vertex 65.95618518656185 -35.069525740106045 10.25
    endloop
  endfacet
  facet normal 0 0 -1
    outer loop
      vertex 51.64130777547039 -53.967506456105006 10.25
      vertex 67.28419039764687 -32.4369256308886 10.25
      vertex 67.13991525854777 -32.74632466514409 10.25
    endloop
  endfacet
  facet normal -0.9205048534524395 0.3907311284892757 0
    outer loop
      vertex 68.24184568590229 -30.383227237762277 -10.25
      vertex 68.24184568590229 -30.383227237762277 10.25
      vertex 69.26063393613903 -27.98311252816863 -10.25
    endloop
  endfacet
  facet normal -0.9335804264972023 0.3583679495452988 0
    outer loop
      vertex 69.26063393613903 -27.98311252816863 -10.25
      vertex 69.26063393613903 -27.98311252816863 10.25
      vertex 70.19503877270736 -25.548904706427454 -10.25
    endloop
  endfacet
  facet normal -0.9455185755993184 0.325568154457152 0
    outer loop
      vertex 70.19503877270736 -25.548904706427454 -10.25
      vertex 70.19503877270736 -25.548904706427454 10.25
      vertex 71.04392176724797 -23.08356947980857 -10.25
    endloop
  endfacet
  facet normal -0.9563047559630341 0.29237170472274127 0
    outer loop
      vertex 71.04392176724797 -23.08356947980857 -10.25
      vertex 71.04392176724797 -23.08356947980857 10.25
      vertex 71.80624868659243 -20.590110479529837 -10.25
    endloop
  endfacet
  facet normal -0.9659258262890685 0.2588190451025198 0
    outer loop
      vertex 71.80624868659243 -20.590110479529837 -10.25
      vertex 71.80624868659243 -20.590110479529837 10.25
      vertex 72.48109075281694 -18.07156560129518 -10.25
    endloop
  endfacet
  facet normal -0.9743700647852352 0.22495105434386467 0
    outer loop
      vertex 72.48109075281694 -18.07156560129518 -10.25
      vertex 72.48109075281694 -18.07156560129518 10.25
      vertex 73.06762577481528 -15.531003304086623 -10.25
    endloop
  endfacet
  facet normal 0 0 1
    outer loop
      vertex 73.5 -13.306630747510539 -10.25
      vertex 73.56513915001194 -12.971518871719697 -10.25
      vertex 73.5 13.306630747510539 -10.25
    endloop
  endfacet
  facet normal 0 0 1
    outer loop
      vertex 73.56513915001194 -12.971518871719697 -10.25
      vertex 73.9730247349953 -10.396230641716889 -10.25
      vertex 73.9730247349953 10.396230641716889 -10.25
    endloop
  endfacet
  facet normal 0 0 1
    outer loop
      vertex 73.9730247349953 -10.396230641716889 -10.25
      vertex 74.29078558401002 -7.808276206093715 -10.25
      vertex 74.29078558401002 7.808276206093715 -10.25
    endloop
  endfacet
  facet normal 0 0 1
    outer loop
      vertex 74.29078558401002 -7.808276206093715 -10.25
      vertex 74.51803455440887 -5.21080858868616 -10.25
      vertex 74.51803455440887 5.21080858868616 -10.25
    endloop
  endfacet
  facet normal -0.9816271834476639 0.19080899537654486 0
    outer loop
      vertex 73.06762577481528 -15.531003304086623 -10.25
      vertex 73.06762577481528 -15.531003304086623 10.25
      vertex 73.5 -13.306630747510539 -10.25
    endloop
  endfacet
  facet normal -0.9816271834476641 0.1908089953765445 -3.9782212514826134e-17
    outer loop
      vertex 73.5 -13.306630747510539 -10.25
      vertex 73.06762577481528 -15.531003304086623 10.25
      vertex 73.56513915001194 -12.971518871719697 -10.25
    endloop
  endfacet
  facet normal -0.9876883405951378 0.15643446504023129 0
    outer loop
      vertex 73.56513915001194 -12.971518871719697 -10.25
      vertex 73.56513915001194 -12.971518871719697 10.25
      vertex 73.9730247349953 -10.396230641716889 -10.25
    endloop
  endfacet
  facet normal -0.9925461516413219 0.12186934340514832 0
    outer loop
      vertex 73.9730247349953 -10.396230641716889 -10.25
      vertex 73.9730247349953 -10.396230641716889 10.25
      vertex 74.29078558401002 -7.808276206093715 -10.25
    endloop
  endfacet
  facet normal -0.9961946980917457 0.08715574274765585 0
    outer loop
      vertex 74.29078558401002 -7.808276206093715 -10.25
      vertex 74.29078558401002 -7.808276206093715 10.25
      vertex 74.51803455440887 -5.21080858868616 -10.25
    endloop
  endfacet
  facet normal -0.9986295347545738 0.05233595624294429 0
    outer loop
      vertex 74.51803455440887 -5.21080858868616 -10.25
      vertex 74.51803455440887 -5.21080858868616 10.25
      vertex 74.65449477832645 -2.6069924036768226 -10.25
    endloop
  endfacet
  facet normal 0 0 1
    outer loop
      vertex 74.51803455440887 -5.21080858868616 -10.25
      vertex 74.65449477832645 -2.6069924036768226 -10.25
      vertex 74.65449477832645 2.6069924036768226 -10.25
    endloop
  endfacet
  facet normal 0 0 1
    outer loop
      vertex 74.51803455440887 -5.21080858868616 -10.25
      vertex 74.65449477832645 2.6069924036768226 -10.25
      vertex 74.51803455440887 5.21080858868616 -10.25
    endloop
  endfacet
  facet normal 0 0 1
    outer loop
      vertex 74.65449477832645 -2.6069924036768226 -10.25
      vertex 74.7 0 -10.25
      vertex 74.65449477832645 2.6069924036768226 -10.25
    endloop
  endfacet
  facet normal 0 0 1
    outer loop
      vertex 74.29078558401002 -7.808276206093715 -10.25
      vertex 74.51803455440887 5.21080858868616 -10.25
      vertex 74.29078558401002 7.808276206093715 -10.25
    endloop
  endfacet
  facet normal 0 0 1
    outer loop
      vertex 73.56513915001194 -12.971518871719697 -10.25
      vertex 73.9730247349953 10.396230641716889 -10.25
      vertex 73.56513915001194 12.971518871719697 -10.25
    endloop
  endfacet
  facet normal 0 0 1
    outer loop
      vertex 73.9730247349953 -10.396230641716889 -10.25
      vertex 74.29078558401002 7.808276206093715 -10.25
      vertex 73.9730247349953 10.396230641716889 -10.25
    endloop
  endfacet
  facet normal 0 0 1
    outer loop
      vertex 73.56513915001194 -12.971518871719697 -10.25
      vertex 73.56513915001194 12.971518871719697 -10.25
      vertex 73.5 13.306630747510539 -10.25
    endloop
  endfacet
  facet normal -0.9998476951563912 0.017452406437284282 0
    outer loop
      vertex 74.65449477832645 -2.6069924036768226 -10.25
      vertex 74.65449477832645 -2.6069924036768226 10.25
      vertex 74.7 0 -10.25
    endloop
  endfacet
  facet normal -0.9998476951563912 -0.017452406437284282 0
    outer loop
      vertex 74.7 0 -10.25
      vertex 74.7 0 10.25
      vertex 74.65449477832645 2.6069924036768226 -10.25
    endloop
  endfacet
  facet normal -0.9986295347545738 -0.05233595624294429 0
    outer loop
      vertex 74.65449477832645 2.6069924036768226 -10.25
      vertex 74.65449477832645 2.6069924036768226 10.25
      vertex 74.51803455440887 5.21080858868616 -10.25
    endloop
  endfacet
  facet normal -0.9961946980917457 -0.08715574274765585 0
    outer loop
      vertex 74.51803455440887 5.21080858868616 -10.25
      vertex 74.51803455440887 5.21080858868616 10.25
      vertex 74.29078558401002 7.808276206093715 -10.25
    endloop
  endfacet
  facet normal -0.9925461516413219 -0.12186934340514832 0
    outer loop
      vertex 74.29078558401002 7.808276206093715 -10.25
      vertex 74.29078558401002 7.808276206093715 10.25
      vertex 73.9730247349953 10.396230641716889 -10.25
    endloop
  endfacet
  facet normal -0.9876883405951378 -0.15643446504023129 0
    outer loop
      vertex 73.9730247349953 10.396230641716889 -10.25
      vertex 73.9730247349953 10.396230641716889 10.25
      vertex 73.56513915001194 12.971518871719697 -10.25
    endloop
  endfacet
  facet normal -0.9743700647852352 -0.22495105434386467 -1.8860310667117077e-18
    outer loop
      vertex 72.48109075281694 18.07156560129518 -10.25
      vertex 73.06762577481528 15.531003304086623 -10.25
      vertex 73.06762577481528 15.531003304086623 10.25
    endloop
  endfacet
  facet normal -0.9659258262890685 -0.2588190451025198 0
    outer loop
      vertex 72.48109075281694 18.07156560129518 -10.25
      vertex 72.48109075281694 18.07156560129518 10.25
      vertex 71.80624868659243 20.590110479529837 -10.25
    endloop
  endfacet
  facet normal -0.9816271834476641 -0.1908089953765445 0
    outer loop
      vertex 73.56513915001194 12.971518871719697 -10.25
      vertex 73.56513915001194 12.971518871719697 10.25
      vertex 73.5 13.306630747510539 -10.25
    endloop
  endfacet
  facet normal -0.9816271834476639 -0.19080899537654486 -6.0319521747525e-18
    outer loop
      vertex 73.5 13.306630747510539 -10.25
      vertex 73.56513915001194 12.971518871719697 10.25
      vertex 73.06762577481528 15.531003304086623 -10.25
    endloop
  endfacet
  facet normal -0.9563047559630344 -0.29237170472274016 0
    outer loop
      vertex 71.80624868659243 20.590110479529837 -10.25
      vertex 71.80624868659243 20.590110479529837 10.25
      vertex 71.13922533254839 22.77184556369481 -10.25
    endloop
  endfacet
  facet normal -0.9063077870366495 0.4226182617407008 0
    outer loop
      vertex 68.24184568590229 -30.383227237762277 -10.25
      vertex 67.28419039764687 -32.4369256308886 10.25
      vertex 68.24184568590229 -30.383227237762277 10.25
    endloop
  endfacet
  facet normal -0.9205048534524395 0.3907311284892757 0
    outer loop
      vertex 69.26063393613903 -27.98311252816863 -10.25
      vertex 68.24184568590229 -30.383227237762277 10.25
      vertex 69.26063393613903 -27.98311252816863 10.25
    endloop
  endfacet
  facet normal -0.9335804264972023 0.3583679495452988 0
    outer loop
      vertex 70.19503877270736 -25.548904706427454 -10.25
      vertex 69.26063393613903 -27.98311252816863 10.25
      vertex 70.19503877270736 -25.548904706427454 10.25
    endloop
  endfacet
  facet normal -0.9455185755993184 0.325568154457152 0
    outer loop
      vertex 71.04392176724797 -23.08356947980857 -10.25
      vertex 70.19503877270736 -25.548904706427454 10.25
      vertex 71.04392176724797 -23.08356947980857 10.25
    endloop
  endfacet
  facet normal -0.9563047559630341 0.29237170472274127 0
    outer loop
      vertex 71.80624868659243 -20.590110479529837 -10.25
      vertex 71.04392176724797 -23.08356947980857 10.25
      vertex 71.80624868659243 -20.590110479529837 10.25
    endloop
  endfacet
  facet normal -0.9659258262890685 0.2588190451025198 0
    outer loop
      vertex 72.48109075281694 -18.07156560129518 -10.25
      vertex 71.80624868659243 -20.590110479529837 10.25
      vertex 72.48109075281694 -18.07156560129518 10.25
    endloop
  endfacet
  facet normal -0.9743700647852352 0.22495105434386467 0
    outer loop
      vertex 73.06762577481528 -15.531003304086623 -10.25
      vertex 72.48109075281694 -18.07156560129518 10.25
      vertex 73.06762577481528 -15.531003304086623 10.25
    endloop
  endfacet
  facet normal -0.9816271834476639 0.19080899537654486 6.0220217961693515e-18
    outer loop
      vertex 73.56513915001194 -12.971518871719697 -10.25
      vertex 73.06762577481528 -15.531003304086623 10.25
      vertex 73.5 -13.306630747510539 10.25
    endloop
  endfacet
  facet normal -0.9816271834476641 0.1908089953765445 0
    outer loop
      vertex 73.56513915001194 -12.971518871719697 -10.25
      vertex 73.5 -13.306630747510539 10.25
      vertex 73.56513915001194 -12.971518871719697 10.25
    endloop
  endfacet
  facet normal -0.9876883405951378 0.15643446504023129 0
    outer loop
      vertex 73.9730247349953 -10.396230641716889 -10.25
      vertex 73.56513915001194 -12.971518871719697 10.25
      vertex 73.9730247349953 -10.396230641716889 10.25
    endloop
  endfacet
  facet normal -0.9925461516413219 0.12186934340514832 0
    outer loop
      vertex 74.29078558401002 -7.808276206093715 -10.25
      vertex 73.9730247349953 -10.396230641716889 10.25
      vertex 74.29078558401002 -7.808276206093715 10.25
    endloop
  endfacet
  facet normal -0.9961946980917457 0.08715574274765585 0
    outer loop
      vertex 74.51803455440887 -5.21080858868616 -10.25
      vertex 74.29078558401002 -7.808276206093715 10.25
      vertex 74.51803455440887 -5.21080858868616 10.25
    endloop
  endfacet
  facet normal -0.9986295347545738 0.05233595624294429 0
    outer loop
      vertex 74.65449477832645 -2.6069924036768226 -10.25
      vertex 74.51803455440887 -5.21080858868616 10.25
      vertex 74.65449477832645 -2.6069924036768226 10.25
    endloop
  endfacet
  facet normal 0 0 -1
    outer loop
      vertex 73.5 -13.306630747510539 10.25
      vertex 73.56513915001194 12.971518871719697 10.25
      vertex 73.56513915001194 -12.971518871719697 10.25
    endloop
  endfacet
  facet normal 0 0 -1
    outer loop
      vertex 73.56513915001194 -12.971518871719697 10.25
      vertex 73.56513915001194 12.971518871719697 10.25
      vertex 73.9730247349953 -10.396230641716889 10.25
    endloop
  endfacet
  facet normal 0 0 -1
    outer loop
      vertex 73.9730247349953 -10.396230641716889 10.25
      vertex 73.9730247349953 10.396230641716889 10.25
      vertex 74.29078558401002 -7.808276206093715 10.25
    endloop
  endfacet
  facet normal -0.9998476951563912 0.017452406437284282 1.2225566614941133e-20
    outer loop
      vertex 74.65449477832645 -2.6069924036768226 10.25
      vertex 74.7 0 10.25
      vertex 74.7 0 -10.25
    endloop
  endfacet
  facet normal -0.9998476951563912 -0.017452406437284282 0
    outer loop
      vertex 74.65449477832645 2.6069924036768226 -10.25
      vertex 74.7 0 10.25
      vertex 74.65449477832645 2.6069924036768226 10.25
    endloop
  endfacet
  facet normal -0.9986295347545738 -0.05233595624294429 0
    outer loop
      vertex 74.51803455440887 5.21080858868616 -10.25
      vertex 74.65449477832645 2.6069924036768226 10.25
      vertex 74.51803455440887 5.21080858868616 10.25
    endloop
  endfacet
  facet normal -0.9961946980917457 -0.08715574274765585 0
    outer loop
      vertex 74.29078558401002 7.808276206093715 -10.25
      vertex 74.51803455440887 5.21080858868616 10.25
      vertex 74.29078558401002 7.808276206093715 10.25
    endloop
  endfacet
  facet normal -0.9925461516413219 -0.12186934340514832 0
    outer loop
      vertex 73.9730247349953 10.396230641716889 -10.25
      vertex 74.29078558401002 7.808276206093715 10.25
      vertex 73.9730247349953 10.396230641716889 10.25
    endloop
  endfacet
  facet normal -0.9876883405951378 -0.15643446504023129 0
    outer loop
      vertex 73.56513915001194 12.971518871719697 -10.25
      vertex 73.9730247349953 10.396230641716889 10.25
      vertex 73.56513915001194 12.971518871719697 10.25
    endloop
  endfacet
  facet normal 0 0 -1
    outer loop
      vertex 74.29078558401002 -7.808276206093715 10.25
      vertex 74.29078558401002 7.808276206093715 10.25
      vertex 74.51803455440887 -5.21080858868616 10.25
    endloop
  endfacet
  facet normal 0 0 -1
    outer loop
      vertex 74.51803455440887 -5.21080858868616 10.25
      vertex 74.51803455440887 5.21080858868616 10.25
      vertex 74.65449477832645 -2.6069924036768226 10.25
    endloop
  endfacet
  facet normal 0 0 -1
    outer loop
      vertex 74.65449477832645 -2.6069924036768226 10.25
      vertex 74.65449477832645 2.6069924036768226 10.25
      vertex 74.7 0 10.25
    endloop
  endfacet
  facet normal 0 0 -1
    outer loop
      vertex 74.51803455440887 -5.21080858868616 10.25
      vertex 74.29078558401002 7.808276206093715 10.25
      vertex 74.51803455440887 5.21080858868616 10.25
    endloop
  endfacet
  facet normal 0 0 -1
    outer loop
      vertex 74.29078558401002 -7.808276206093715 10.25
      vertex 73.9730247349953 10.396230641716889 10.25
      vertex 74.29078558401002 7.808276206093715 10.25
    endloop
  endfacet
  facet normal 0 0 -1
    outer loop
      vertex 74.65449477832645 -2.6069924036768226 10.25
      vertex 74.51803455440887 5.21080858868616 10.25
      vertex 74.65449477832645 2.6069924036768226 10.25
    endloop
  endfacet
  facet normal 0 0 -1
    outer loop
      vertex 73.5 -13.306630747510539 10.25
      vertex 73.5 13.306630747510539 10.25
      vertex 73.56513915001194 12.971518871719697 10.25
    endloop
  endfacet
  facet normal 0 0 -1
    outer loop
      vertex 73.9730247349953 -10.396230641716889 10.25
      vertex 73.56513915001194 12.971518871719697 10.25
      vertex 73.9730247349953 10.396230641716889 10.25
    endloop
  endfacet
  facet normal -0.9816271834476639 -0.19080899537654486 0
    outer loop
      vertex 73.06762577481528 15.531003304086623 -10.25
      vertex 73.5 13.306630747510539 10.25
      vertex 73.06762577481528 15.531003304086623 10.25
    endloop
  endfacet
  facet normal -0.9743700647852352 -0.22495105434386467 0
    outer loop
      vertex 72.48109075281694 18.07156560129518 -10.25
      vertex 73.06762577481528 15.531003304086623 10.25
      vertex 72.48109075281694 18.07156560129518 10.25
    endloop
  endfacet
  facet normal -0.9659258262890685 -0.2588190451025198 0
    outer loop
      vertex 71.80624868659243 20.590110479529837 -10.25
      vertex 72.48109075281694 18.07156560129518 10.25
      vertex 71.80624868659243 20.590110479529837 10.25
    endloop
  endfacet
  facet normal -0.9816271834476639 -0.1908089953765445 4.7660075659436403e-17
    outer loop
      vertex 73.06762577481528 15.531003304086623 -10.25
      vertex 73.56513915001194 12.971518871719697 10.25
      vertex 73.5 13.306630747510539 10.25
    endloop
  endfacet
  facet normal -0.9563047559630344 -0.29237170472274016 -2.0144631698801647e-18
    outer loop
      vertex 71.80624868659243 20.590110479529837 10.25
      vertex 71.13922533254839 22.77184556369481 10.25
      vertex 71.13922533254839 22.77184556369481 -10.25
    endloop
  endfacet
  facet normal 0.6819983600625009 0.7313537016191682 0
    outer loop
      vertex -44.80546489460532 -46.397417121843 -18.45
      vertex -44.80546489460532 -46.397417121843 -10.45
      vertex -43.15892411014636 -47.93284124329193 -18.45
    endloop
  endfacet
  facet normal 0.656059028990503 0.7547095802227758 0
    outer loop
      vertex -43.15892411014636 -47.93284124329193 -18.45
      vertex -43.15892411014636 -47.93284124329193 -10.45
      vertex -41.45980082478178 -49.40986658117408 -18.45
    endloop
  endfacet
  facet normal 0.7071067811865475 0.7071067811865475 0
    outer loop
      vertex -44.80546489460532 -46.397417121843 -18.45
      vertex -46.397417121843 -44.80546489460532 -10.45
      vertex -44.80546489460532 -46.397417121843 -10.45
    endloop
  endfacet
  facet normal 0.656059028990503 0.7547095802227758 0
    outer loop
      vertex -41.45980082478178 -49.40986658117408 -18.45
      vertex -43.15892411014636 -47.93284124329193 -10.45
      vertex -41.45980082478178 -49.40986658117408 -10.45
    endloop
  endfacet
  facet normal 0.6819983600625009 0.7313537016191682 5.240326121200269e-18
    outer loop
      vertex -44.80546489460532 -46.397417121843 -10.45
      vertex -43.15892411014636 -47.93284124329193 -10.45
      vertex -43.15892411014636 -47.93284124329193 -18.45
    endloop
  endfacet
  facet normal 0.8191520442889912 0.5735764363510467 0
    outer loop
      vertex -53.47292342980019 -36.067942273863174 -18.45
      vertex -53.47292342980019 -36.067942273863174 -10.45
      vertex -52.18159613718411 -37.91214877286452 -18.45
    endloop
  endfacet
  facet normal 0.8191520442889912 0.5735764363510467 0
    outer loop
      vertex -52.18159613718411 -37.91214877286452 -18.45
      vertex -53.47292342980019 -36.067942273863174 -10.45
      vertex -52.18159613718411 -37.91214877286452 -10.45
    endloop
  endfacet
  facet normal 0.838670567945425 0.5446390350150258 0
    outer loop
      vertex -53.47292342980019 -36.067942273863174 -18.45
      vertex -54.69910220208948 -34.179792543041714 -10.45
      vertex -53.47292342980019 -36.067942273863174 -10.45
    endloop
  endfacet
  facet normal 0.8571673007021132 0.5150380749100527 7.458868986135737e-18
    outer loop
      vertex -54.69910220208948 -34.179792543041714 -18.45
      vertex -55.85863854409629 -32.25 -18.45
      vertex -55.85863854409629 -32.25 -10.45
    endloop
  endfacet
  facet normal 0.838670567945425 0.5446390350150258 0
    outer loop
      vertex -54.69910220208948 -34.179792543041714 -18.45
      vertex -54.69910220208948 -34.179792543041714 -10.45
      vertex -53.47292342980019 -36.067942273863174 -18.45
    endloop
  endfacet
  facet normal 0.8571673007021132 0.5150380749100527 0
    outer loop
      vertex -54.69910220208948 -34.179792543041714 -18.45
      vertex -55.85863854409629 -32.25 -10.45
      vertex -54.69910220208948 -34.179792543041714 -10.45
    endloop
  endfacet
  facet normal 0.8746197071393941 0.4848096202463402 0
    outer loop
      vertex -55.85863854409629 -32.25 -18.45
      vertex -56.95011973940079 -30.280915799689957 -10.45
      vertex -55.85863854409629 -32.25 -10.45
    endloop
  endfacet
  facet normal 0.7313537016191682 0.6819983600625009 0
    outer loop
      vertex -47.93284124329193 -43.15892411014636 -18.45
      vertex -47.93284124329193 -43.15892411014636 -10.45
      vertex -46.397417121843 -44.80546489460532 -18.45
    endloop
  endfacet
  facet normal 0.7313537016191682 0.6819983600625009 0
    outer loop
      vertex -46.397417121843 -44.80546489460532 -18.45
      vertex -47.93284124329193 -43.15892411014636 -10.45
      vertex -46.397417121843 -44.80546489460532 -10.45
    endloop
  endfacet
  facet normal 0.7547095802227758 0.656059028990503 0
    outer loop
      vertex -47.93284124329193 -43.15892411014636 -18.45
      vertex -49.40986658117408 -41.45980082478178 -10.45
      vertex -47.93284124329193 -43.15892411014636 -10.45
    endloop
  endfacet
  facet normal 0.7771459614569693 0.6293203910498393 0
    outer loop
      vertex -50.826693607633565 -39.71016515850496 -18.45
      vertex -50.826693607633565 -39.71016515850496 -10.45
      vertex -49.40986658117408 -41.45980082478178 -18.45
    endloop
  endfacet
  facet normal 0.7547095802227758 0.656059028990503 5.57664418680261e-18
    outer loop
      vertex -47.93284124329193 -43.15892411014636 -18.45
      vertex -49.40986658117408 -41.45980082478178 -18.45
      vertex -49.40986658117408 -41.45980082478178 -10.45
    endloop
  endfacet
  facet normal 0.7771459614569693 0.6293203910498393 0
    outer loop
      vertex -49.40986658117408 -41.45980082478178 -18.45
      vertex -50.826693607633565 -39.71016515850496 -10.45
      vertex -49.40986658117408 -41.45980082478178 -10.45
    endloop
  endfacet
  facet normal 0.798635510047292 0.6018150231520495 0
    outer loop
      vertex -50.826693607633565 -39.71016515850496 -18.45
      vertex -52.18159613718411 -37.91214877286452 -10.45
      vertex -50.826693607633565 -39.71016515850496 -10.45
    endloop
  endfacet
  facet normal 0.7071067811865475 0.7071067811865475 -9.936268718240019e-18
    outer loop
      vertex -44.80546489460532 -46.397417121843 -18.45
      vertex -46.397417121843 -44.80546489460532 -18.45
      vertex -46.397417121843 -44.80546489460532 -10.45
    endloop
  endfacet
  facet normal 0.798635510047292 0.6018150231520495 -1.495361034563392e-18
    outer loop
      vertex -50.826693607633565 -39.71016515850496 -18.45
      vertex -52.18159613718411 -37.91214877286452 -18.45
      vertex -52.18159613718411 -37.91214877286452 -10.45
    endloop
  endfacet
  facet normal 0.3255681544571552 0.9455185755993173 0
    outer loop
      vertex -22.060299244505632 -60.61017404069109 -18.45
      vertex -22.060299244505632 -60.61017404069109 -10.45
      vertex -19.93159613718411 -61.3431453010374 -18.45
    endloop
  endfacet
  facet normal 0.3255681544571552 0.9455185755993173 0
    outer loop
      vertex -19.93159613718411 -61.3431453010374 -18.45
      vertex -22.060299244505632 -60.61017404069109 -10.45
      vertex -19.93159613718411 -61.3431453010374 -10.45
    endloop
  endfacet
  facet normal 0.2923717047227384 0.956304755963035 2.97833271245798e-18
    outer loop
      vertex -17.778609450196445 -62.00137938802157 -18.45
      vertex -19.93159613718411 -61.3431453010374 -18.45
      vertex -19.93159613718411 -61.3431453010374 -10.45
    endloop
  endfacet
  facet normal 0.2588190451025194 0.9659258262890688 0
    outer loop
      vertex -17.778609450196445 -62.00137938802157 -18.45
      vertex -17.778609450196445 -62.00137938802157 -10.45
      vertex -15.603962266178568 -62.58407434480177 -18.45
    endloop
  endfacet
  facet normal 0.22495105434386728 0.9743700647852348 0
    outer loop
      vertex -15.603962266178568 -62.58407434480177 -18.45
      vertex -15.603962266178568 -62.58407434480177 -10.45
      vertex -13.410304057745478 -63.09052024733047 -18.45
    endloop
  endfacet
  facet normal 0.2923717047227384 0.956304755963035 0
    outer loop
      vertex -17.778609450196445 -62.00137938802157 -18.45
      vertex -19.93159613718411 -61.3431453010374 -10.45
      vertex -17.778609450196445 -62.00137938802157 -10.45
    endloop
  endfacet
  facet normal 0.2588190451025194 0.9659258262890688 0
    outer loop
      vertex -15.603962266178568 -62.58407434480177 -18.45
      vertex -17.778609450196445 -62.00137938802157 -10.45
      vertex -15.603962266178568 -62.58407434480177 -10.45
    endloop
  endfacet
  facet normal 0.22495105434386728 0.9743700647852348 0
    outer loop
      vertex -13.410304057745478 -63.09052024733047 -18.45
      vertex -15.603962266178568 -62.58407434480177 -10.45
      vertex -13.410304057745478 -63.09052024733047 -10.45
    endloop
  endfacet
  facet normal 0.19080899537654164 0.9816271834476646 0
    outer loop
      vertex -13.410304057745478 -63.09052024733047 -18.45
      vertex -13.410304057745478 -63.09052024733047 -10.45
      vertex -11.200307459517006 -63.520100069287416 -18.45
    endloop
  endfacet
  facet normal 0.156434465040234 0.9876883405951372 0
    outer loop
      vertex -11.200307459517006 -63.520100069287416 -18.45
      vertex -11.200307459517006 -63.520100069287416 -10.45
      vertex -8.97666501192422 -63.87229043383129 -18.45
    endloop
  endfacet
  facet normal 0.19080899537654164 0.9816271834476646 0
    outer loop
      vertex -11.200307459517006 -63.520100069287416 -18.45
      vertex -13.410304057745478 -63.09052024733047 -10.45
      vertex -11.200307459517006 -63.520100069287416 -10.45
    endloop
  endfacet
  facet normal 0.156434465040234 0.9876883405951372 0
    outer loop
      vertex -8.97666501192422 -63.87229043383129 -18.45
      vertex -11.200307459517006 -63.520100069287416 -10.45
      vertex -8.97666501192422 -63.87229043383129 -10.45
    endloop
  endfacet
  facet normal 0.08715574274765692 0.9961946980917458 0
    outer loop
      vertex -6.742085880763649 -64.14666225125363 -18.45
      vertex -6.742085880763649 -64.14666225125363 -10.45
      vertex -4.499292556496082 -64.34288124175866 -18.45
    endloop
  endfacet
  facet normal 0.05233595624294654 0.9986295347545736 0
    outer loop
      vertex -4.499292556496082 -64.34288124175866 -18.45
      vertex -4.499292556496082 -64.34288124175866 -10.45
      vertex -2.2510175373113124 -64.46070834273168 -18.45
    endloop
  endfacet
  facet normal 0.08715574274765692 0.9961946980917458 0
    outer loop
      vertex -4.499292556496082 -64.34288124175866 -18.45
      vertex -6.742085880763649 -64.14666225125363 -10.45
      vertex -4.499292556496082 -64.34288124175866 -10.45
    endloop
  endfacet
  facet normal 0.12186934340514613 0.9925461516413222 0
    outer loop
      vertex -8.97666501192422 -63.87229043383129 -18.45
      vertex -8.97666501192422 -63.87229043383129 -10.45
      vertex -6.742085880763649 -64.14666225125363 -18.45
    endloop
  endfacet
  facet normal 0.12186934340514613 0.9925461516413222 0
    outer loop
      vertex -6.742085880763649 -64.14666225125363 -18.45
      vertex -8.97666501192422 -63.87229043383129 -10.45
      vertex -6.742085880763649 -64.14666225125363 -10.45
    endloop
  endfacet
  facet normal 0.017452406437281978 0.9998476951563913 0
    outer loop
      vertex -2.2510175373113124 -64.46070834273168 -18.45
      vertex -2.2510175373113124 -64.46070834273168 -10.45
      vertex 0 -64.5 -18.45
    endloop
  endfacet
  facet normal -0.017452406437281978 0.9998476951563913 0
    outer loop
      vertex 0 -64.5 -18.45
      vertex 0 -64.5 -10.45
      vertex 2.2510175373113124 -64.46070834273168 -18.45
    endloop
  endfacet
  facet normal 0.05233595624294654 0.9986295347545736 0
    outer loop
      vertex -2.2510175373113124 -64.46070834273168 -18.45
      vertex -4.499292556496082 -64.34288124175866 -10.45
      vertex -2.2510175373113124 -64.46070834273168 -10.45
    endloop
  endfacet
  facet normal 0.017452406437281978 0.9998476951563913 9.150037932181762e-20
    outer loop
      vertex -2.2510175373113124 -64.46070834273168 -10.45
      vertex 0 -64.5 -10.45
      vertex 0 -64.5 -18.45
    endloop
  endfacet
  facet normal -0.017452406437281978 0.9998476951563913 0
    outer loop
      vertex 2.2510175373113124 -64.46070834273168 -18.45
      vertex 0 -64.5 -10.45
      vertex 2.2510175373113124 -64.46070834273168 -10.45
    endloop
  endfacet
  facet normal 0.5150380749100527 0.8571673007021132 0
    outer loop
      vertex -34.179792543041714 -54.69910220208948 -18.45
      vertex -34.179792543041714 -54.69910220208948 -10.45
      vertex -32.25 -55.85863854409629 -18.45
    endloop
  endfacet
  facet normal 0.5446390350150258 0.838670567945425 0
    outer loop
      vertex -36.067942273863174 -53.47292342980019 -18.45
      vertex -36.067942273863174 -53.47292342980019 -10.45
      vertex -34.179792543041714 -54.69910220208948 -18.45
    endloop
  endfacet
  facet normal 0.4848096202463402 0.8746197071393941 -8.946637489972822e-18
    outer loop
      vertex -30.280915799689957 -56.95011973940079 -18.45
      vertex -32.25 -55.85863854409629 -18.45
      vertex -32.25 -55.85863854409629 -10.45
    endloop
  endfacet
  facet normal 0.5446390350150258 0.838670567945425 0
    outer loop
      vertex -34.179792543041714 -54.69910220208948 -18.45
      vertex -36.067942273863174 -53.47292342980019 -10.45
      vertex -34.179792543041714 -54.69910220208948 -10.45
    endloop
  endfacet
  facet normal 0.5150380749100527 0.8571673007021132 0
    outer loop
      vertex -32.25 -55.85863854409629 -18.45
      vertex -34.179792543041714 -54.69910220208948 -10.45
      vertex -32.25 -55.85863854409629 -10.45
    endloop
  endfacet
  facet normal 0.4848096202463402 0.8746197071393941 0
    outer loop
      vertex -30.280915799689957 -56.95011973940079 -18.45
      vertex -32.25 -55.85863854409629 -10.45
      vertex -30.280915799689957 -56.95011973940079 -10.45
    endloop
  endfacet
  facet normal 0.6293203910498393 0.7771459614569693 -8.154259453020061e-18
    outer loop
      vertex -39.71016515850496 -50.826693607633565 -18.45
      vertex -41.45980082478178 -49.40986658117408 -18.45
      vertex -41.45980082478178 -49.40986658117408 -10.45
    endloop
  endfacet
  facet normal 0.6018150231520495 0.798635510047292 0
    outer loop
      vertex -39.71016515850496 -50.826693607633565 -18.45
      vertex -39.71016515850496 -50.826693607633565 -10.45
      vertex -37.91214877286452 -52.18159613718411 -18.45
    endloop
  endfacet
  facet normal 0.5735764363510467 0.8191520442889912 0
    outer loop
      vertex -37.91214877286452 -52.18159613718411 -18.45
      vertex -37.91214877286452 -52.18159613718411 -10.45
      vertex -36.067942273863174 -53.47292342980019 -18.45
    endloop
  endfacet
  facet normal 0.6293203910498393 0.7771459614569693 0
    outer loop
      vertex -39.71016515850496 -50.826693607633565 -18.45
      vertex -41.45980082478178 -49.40986658117408 -10.45
      vertex -39.71016515850496 -50.826693607633565 -10.45
    endloop
  endfacet
  facet normal 0.6018150231520495 0.798635510047292 0
    outer loop
      vertex -37.91214877286452 -52.18159613718411 -18.45
      vertex -39.71016515850496 -50.826693607633565 -10.45
      vertex -37.91214877286452 -52.18159613718411 -10.45
    endloop
  endfacet
  facet normal 0.5735764363510467 0.8191520442889912 0
    outer loop
      vertex -36.067942273863174 -53.47292342980019 -18.45
      vertex -37.91214877286452 -52.18159613718411 -10.45
      vertex -36.067942273863174 -53.47292342980019 -10.45
    endloop
  endfacet
  facet normal 0.4539904997395483 0.891006524188367 0
    outer loop
      vertex -30.280915799689957 -56.95011973940079 -18.45
      vertex -30.280915799689957 -56.95011973940079 -10.45
      vertex -28.274938967895498 -57.97221598629628 -18.45
    endloop
  endfacet
  facet normal 0.3907311284892759 0.9205048534524395 0
    outer loop
      vertex -26.234513478389115 -58.923682017947755 -18.45
      vertex -26.234513478389115 -58.923682017947755 -10.45
      vertex -24.162125275326325 -59.80335861955779 -18.45
    endloop
  endfacet
  facet normal 0.42261826174069567 0.9063077870366517 0
    outer loop
      vertex -28.274938967895498 -57.97221598629628 -18.45
      vertex -28.274938967895498 -57.97221598629628 -10.45
      vertex -26.234513478389115 -58.923682017947755 -18.45
    endloop
  endfacet
  facet normal 0.4539904997395483 0.891006524188367 0
    outer loop
      vertex -28.274938967895498 -57.97221598629628 -18.45
      vertex -30.280915799689957 -56.95011973940079 -10.45
      vertex -28.274938967895498 -57.97221598629628 -10.45
    endloop
  endfacet
  facet normal 0.42261826174069567 0.9063077870366517 0
    outer loop
      vertex -26.234513478389115 -58.923682017947755 -18.45
      vertex -28.274938967895498 -57.97221598629628 -10.45
      vertex -26.234513478389115 -58.923682017947755 -10.45
    endloop
  endfacet
  facet normal 0.3583679495452994 0.9335804264972021 0
    outer loop
      vertex -24.162125275326325 -59.80335861955779 -18.45
      vertex -24.162125275326325 -59.80335861955779 -10.45
      vertex -22.060299244505632 -60.61017404069109 -18.45
    endloop
  endfacet
  facet normal 0.3907311284892759 0.9205048534524395 0
    outer loop
      vertex -24.162125275326325 -59.80335861955779 -18.45
      vertex -26.234513478389115 -58.923682017947755 -10.45
      vertex -24.162125275326325 -59.80335861955779 -10.45
    endloop
  endfacet
  facet normal 0.3583679495452994 0.9335804264972021 0
    outer loop
      vertex -22.060299244505632 -60.61017404069109 -18.45
      vertex -24.162125275326325 -59.80335861955779 -10.45
      vertex -22.060299244505632 -60.61017404069109 -10.45
    endloop
  endfacet
  facet normal 0.9063077870366517 0.42261826174069567 0
    outer loop
      vertex -57.97221598629628 -28.274938967895498 -18.45
      vertex -58.923682017947755 -26.234513478389115 -10.45
      vertex -57.97221598629628 -28.274938967895498 -10.45
    endloop
  endfacet
  facet normal 0.9063077870366517 0.42261826174069567 2.529827205574252e-18
    outer loop
      vertex -57.97221598629628 -28.274938967895498 -18.45
      vertex -58.923682017947755 -26.234513478389115 -18.45
      vertex -58.923682017947755 -26.234513478389115 -10.45
    endloop
  endfacet
  facet normal 0.9205048534524395 0.3907311284892759 -5.86670711060912e-18
    outer loop
      vertex -58.923682017947755 -26.234513478389115 -18.45
      vertex -59.80335861955779 -24.162125275326325 -18.45
      vertex -59.80335861955779 -24.162125275326325 -10.45
    endloop
  endfacet
  facet normal 0.9205048534524395 0.3907311284892759 0
    outer loop
      vertex -58.923682017947755 -26.234513478389115 -18.45
      vertex -59.80335861955779 -24.162125275326325 -10.45
      vertex -58.923682017947755 -26.234513478389115 -10.45
    endloop
  endfacet
  facet normal 0.8746197071393941 0.4848096202463402 0
    outer loop
      vertex -56.95011973940079 -30.280915799689957 -18.45
      vertex -56.95011973940079 -30.280915799689957 -10.45
      vertex -55.85863854409629 -32.25 -18.45
    endloop
  endfacet
  facet normal 0.891006524188367 0.4539904997395483 0
    outer loop
      vertex -57.97221598629628 -28.274938967895498 -18.45
      vertex -57.97221598629628 -28.274938967895498 -10.45
      vertex -56.95011973940079 -30.280915799689957 -18.45
    endloop
  endfacet
  facet normal 0.891006524188367 0.4539904997395483 0
    outer loop
      vertex -56.95011973940079 -30.280915799689957 -18.45
      vertex -57.97221598629628 -28.274938967895498 -10.45
      vertex -56.95011973940079 -30.280915799689957 -10.45
    endloop
  endfacet
  facet normal 0.945518575599317 0.32556815445715626 -4.945262616801744e-18
    outer loop
      vertex -60.61017404069109 -22.060299244505632 -18.45
      vertex -61.25151168161023 -20.197719491485312 -18.45
      vertex -61.25151168161023 -20.197719491485312 -10.45
    endloop
  endfacet
  facet normal 0.9335804264972021 0.3583679495452994 5.177879173523548e-18
    outer loop
      vertex -59.80335861955779 -24.162125275326325 -18.45
      vertex -60.61017404069109 -22.060299244505632 -18.45
      vertex -60.61017404069109 -22.060299244505632 -10.45
    endloop
  endfacet
  facet normal 0.945518575599317 0.32556815445715626 0
    outer loop
      vertex -60.61017404069109 -22.060299244505632 -18.45
      vertex -61.25151168161023 -20.197719491485312 -10.45
      vertex -60.61017404069109 -22.060299244505632 -10.45
    endloop
  endfacet
  facet normal 0.9335804264972021 0.3583679495452994 0
    outer loop
      vertex -59.80335861955779 -24.162125275326325 -18.45
      vertex -60.61017404069109 -22.060299244505632 -10.45
      vertex -59.80335861955779 -24.162125275326325 -10.45
    endloop
  endfacet
  facet normal -0.05233595624294654 0.9986295347545736 0
    outer loop
      vertex 2.2510175373113124 -64.46070834273168 -18.45
      vertex 2.2510175373113124 -64.46070834273168 -10.45
      vertex 4.499292556496082 -64.34288124175866 -18.45
    endloop
  endfacet
  facet normal -0.08715574274765692 0.9961946980917458 0
    outer loop
      vertex 4.499292556496082 -64.34288124175866 -18.45
      vertex 4.499292556496082 -64.34288124175866 -10.45
      vertex 6.742085880763649 -64.14666225125363 -18.45
    endloop
  endfacet
  facet normal -0.05233595624294654 0.9986295347545736 0
    outer loop
      vertex 4.499292556496082 -64.34288124175866 -18.45
      vertex 2.2510175373113124 -64.46070834273168 -10.45
      vertex 4.499292556496082 -64.34288124175866 -10.45
    endloop
  endfacet
  facet normal -0.08715574274765692 0.9961946980917458 0
    outer loop
      vertex 6.742085880763649 -64.14666225125363 -18.45
      vertex 4.499292556496082 -64.34288124175866 -10.45
      vertex 6.742085880763649 -64.14666225125363 -10.45
    endloop
  endfacet
  facet normal -0.12186934340514613 0.9925461516413222 0
    outer loop
      vertex 6.742085880763649 -64.14666225125363 -18.45
      vertex 6.742085880763649 -64.14666225125363 -10.45
      vertex 8.97666501192422 -63.87229043383129 -18.45
    endloop
  endfacet
  facet normal -0.156434465040234 0.9876883405951372 0
    outer loop
      vertex 8.97666501192422 -63.87229043383129 -18.45
      vertex 8.97666501192422 -63.87229043383129 -10.45
      vertex 11.200307459517006 -63.520100069287416 -18.45
    endloop
  endfacet
  facet normal -0.19080899537654164 0.9816271834476646 0
    outer loop
      vertex 11.200307459517006 -63.520100069287416 -18.45
      vertex 11.200307459517006 -63.520100069287416 -10.45
      vertex 13.410304057745478 -63.09052024733047 -18.45
    endloop
  endfacet
  facet normal -0.12186934340514613 0.9925461516413222 0
    outer loop
      vertex 8.97666501192422 -63.87229043383129 -18.45
      vertex 6.742085880763649 -64.14666225125363 -10.45
      vertex 8.97666501192422 -63.87229043383129 -10.45
    endloop
  endfacet
  facet normal -0.156434465040234 0.9876883405951372 0
    outer loop
      vertex 11.200307459517006 -63.520100069287416 -18.45
      vertex 8.97666501192422 -63.87229043383129 -10.45
      vertex 11.200307459517006 -63.520100069287416 -10.45
    endloop
  endfacet
  facet normal -0.19080899537654164 0.9816271834476646 0
    outer loop
      vertex 13.410304057745478 -63.09052024733047 -18.45
      vertex 11.200307459517006 -63.520100069287416 -10.45
      vertex 13.410304057745478 -63.09052024733047 -10.45
    endloop
  endfacet
  facet normal -0.22495105434386728 0.9743700647852348 0
    outer loop
      vertex 13.410304057745478 -63.09052024733047 -18.45
      vertex 13.410304057745478 -63.09052024733047 -10.45
      vertex 15.603962266178568 -62.58407434480177 -18.45
    endloop
  endfacet
  facet normal -0.2588190451025194 0.9659258262890688 0
    outer loop
      vertex 15.603962266178568 -62.58407434480177 -18.45
      vertex 15.603962266178568 -62.58407434480177 -10.45
      vertex 17.778609450196445 -62.00137938802157 -18.45
    endloop
  endfacet
  facet normal -0.2923717047227384 0.956304755963035 0
    outer loop
      vertex 17.778609450196445 -62.00137938802157 -18.45
      vertex 17.778609450196445 -62.00137938802157 -10.45
      vertex 19.93159613718411 -61.3431453010374 -18.45
    endloop
  endfacet
  facet normal -0.22495105434386728 0.9743700647852348 0
    outer loop
      vertex 15.603962266178568 -62.58407434480177 -18.45
      vertex 13.410304057745478 -63.09052024733047 -10.45
      vertex 15.603962266178568 -62.58407434480177 -10.45
    endloop
  endfacet
  facet normal -0.2588190451025194 0.9659258262890688 0
    outer loop
      vertex 17.778609450196445 -62.00137938802157 -18.45
      vertex 15.603962266178568 -62.58407434480177 -10.45
      vertex 17.778609450196445 -62.00137938802157 -10.45
    endloop
  endfacet
  facet normal -0.3255681544571552 0.9455185755993173 0
    outer loop
      vertex 19.93159613718411 -61.3431453010374 -18.45
      vertex 19.93159613718411 -61.3431453010374 -10.45
      vertex 22.060299244505632 -60.61017404069109 -18.45
    endloop
  endfacet
  facet normal -0.2923717047227384 0.956304755963035 0
    outer loop
      vertex 19.93159613718411 -61.3431453010374 -18.45
      vertex 17.778609450196445 -62.00137938802157 -10.45
      vertex 19.93159613718411 -61.3431453010374 -10.45
    endloop
  endfacet
  facet normal -0.3255681544571552 0.9455185755993173 0
    outer loop
      vertex 22.060299244505632 -60.61017404069109 -18.45
      vertex 19.93159613718411 -61.3431453010374 -10.45
      vertex 22.060299244505632 -60.61017404069109 -10.45
    endloop
  endfacet
  facet normal -0.3583679495452994 0.9335804264972021 0
    outer loop
      vertex 22.060299244505632 -60.61017404069109 -18.45
      vertex 22.060299244505632 -60.61017404069109 -10.45
      vertex 24.162125275326325 -59.80335861955779 -18.45
    endloop
  endfacet
  facet normal -0.3583679495452994 0.9335804264972021 0
    outer loop
      vertex 24.162125275326325 -59.80335861955779 -18.45
      vertex 22.060299244505632 -60.61017404069109 -10.45
      vertex 24.162125275326325 -59.80335861955779 -10.45
    endloop
  endfacet
  facet normal -0.3907311284892759 0.9205048534524395 0
    outer loop
      vertex 24.162125275326325 -59.80335861955779 -18.45
      vertex 24.162125275326325 -59.80335861955779 -10.45
      vertex 26.234513478389115 -58.923682017947755 -18.45
    endloop
  endfacet
  facet normal -0.42261826174069567 0.9063077870366517 0
    outer loop
      vertex 26.234513478389115 -58.923682017947755 -18.45
      vertex 26.234513478389115 -58.923682017947755 -10.45
      vertex 28.274938967895498 -57.97221598629628 -18.45
    endloop
  endfacet
  facet normal -0.4539904997395483 0.891006524188367 0
    outer loop
      vertex 28.274938967895498 -57.97221598629628 -18.45
      vertex 28.274938967895498 -57.97221598629628 -10.45
      vertex 30.280915799689957 -56.95011973940079 -18.45
    endloop
  endfacet
  facet normal -0.3907311284892759 0.9205048534524395 0
    outer loop
      vertex 26.234513478389115 -58.923682017947755 -18.45
      vertex 24.162125275326325 -59.80335861955779 -10.45
      vertex 26.234513478389115 -58.923682017947755 -10.45
    endloop
  endfacet
  facet normal -0.42261826174069567 0.9063077870366517 0
    outer loop
      vertex 28.274938967895498 -57.97221598629628 -18.45
      vertex 26.234513478389115 -58.923682017947755 -10.45
      vertex 28.274938967895498 -57.97221598629628 -10.45
    endloop
  endfacet
  facet normal -0.4539904997395483 0.891006524188367 0
    outer loop
      vertex 30.280915799689957 -56.95011973940079 -18.45
      vertex 28.274938967895498 -57.97221598629628 -10.45
      vertex 30.280915799689957 -56.95011973940079 -10.45
    endloop
  endfacet
  facet normal -0.4848096202463402 0.8746197071393941 0
    outer loop
      vertex 30.280915799689957 -56.95011973940079 -18.45
      vertex 30.280915799689957 -56.95011973940079 -10.45
      vertex 32.25 -55.85863854409629 -18.45
    endloop
  endfacet
  facet normal -0.5150380749100527 0.8571673007021132 0
    outer loop
      vertex 32.25 -55.85863854409629 -18.45
      vertex 32.25 -55.85863854409629 -10.45
      vertex 34.179792543041714 -54.69910220208948 -18.45
    endloop
  endfacet
  facet normal -0.5446390350150258 0.838670567945425 0
    outer loop
      vertex 34.179792543041714 -54.69910220208948 -18.45
      vertex 34.179792543041714 -54.69910220208948 -10.45
      vertex 36.067942273863174 -53.47292342980019 -18.45
    endloop
  endfacet
  facet normal -0.4848096202463402 0.8746197071393941 0
    outer loop
      vertex 32.25 -55.85863854409629 -18.45
      vertex 30.280915799689957 -56.95011973940079 -10.45
      vertex 32.25 -55.85863854409629 -10.45
    endloop
  endfacet
  facet normal -0.5150380749100527 0.8571673007021132 0
    outer loop
      vertex 34.179792543041714 -54.69910220208948 -18.45
      vertex 32.25 -55.85863854409629 -10.45
      vertex 34.179792543041714 -54.69910220208948 -10.45
    endloop
  endfacet
  facet normal -0.5446390350150258 0.838670567945425 0
    outer loop
      vertex 36.067942273863174 -53.47292342980019 -18.45
      vertex 34.179792543041714 -54.69910220208948 -10.45
      vertex 36.067942273863174 -53.47292342980019 -10.45
    endloop
  endfacet
  facet normal -0.5735764363510467 0.8191520442889912 0
    outer loop
      vertex 36.067942273863174 -53.47292342980019 -18.45
      vertex 36.067942273863174 -53.47292342980019 -10.45
      vertex 37.91214877286452 -52.18159613718411 -18.45
    endloop
  endfacet
  facet normal -0.6018150231520495 0.798635510047292 0
    outer loop
      vertex 37.91214877286452 -52.18159613718411 -18.45
      vertex 37.91214877286452 -52.18159613718411 -10.45
      vertex 39.71016515850496 -50.826693607633565 -18.45
    endloop
  endfacet
  facet normal -0.6293203910498393 0.7771459614569693 0
    outer loop
      vertex 39.71016515850496 -50.826693607633565 -18.45
      vertex 39.71016515850496 -50.826693607633565 -10.45
      vertex 41.45980082478178 -49.40986658117408 -18.45
    endloop
  endfacet
  facet normal -0.5735764363510467 0.8191520442889912 0
    outer loop
      vertex 37.91214877286452 -52.18159613718411 -18.45
      vertex 36.067942273863174 -53.47292342980019 -10.45
      vertex 37.91214877286452 -52.18159613718411 -10.45
    endloop
  endfacet
  facet normal -0.6018150231520495 0.798635510047292 0
    outer loop
      vertex 39.71016515850496 -50.826693607633565 -18.45
      vertex 37.91214877286452 -52.18159613718411 -10.45
      vertex 39.71016515850496 -50.826693607633565 -10.45
    endloop
  endfacet
  facet normal -0.6293203910498393 0.7771459614569693 0
    outer loop
      vertex 41.45980082478178 -49.40986658117408 -18.45
      vertex 39.71016515850496 -50.826693607633565 -10.45
      vertex 41.45980082478178 -49.40986658117408 -10.45
    endloop
  endfacet
  facet normal -0.656059028990503 0.7547095802227758 0
    outer loop
      vertex 41.45980082478178 -49.40986658117408 -18.45
      vertex 41.45980082478178 -49.40986658117408 -10.45
      vertex 43.15892411014636 -47.93284124329193 -18.45
    endloop
  endfacet
  facet normal -0.6819983600625009 0.7313537016191682 0
    outer loop
      vertex 43.15892411014636 -47.93284124329193 -18.45
      vertex 43.15892411014636 -47.93284124329193 -10.45
      vertex 44.80546489460532 -46.397417121843 -18.45
    endloop
  endfacet
  facet normal -0.7071067811865475 0.7071067811865475 0
    outer loop
      vertex 44.80546489460532 -46.397417121843 -18.45
      vertex 44.80546489460532 -46.397417121843 -10.45
      vertex 46.397417121843 -44.80546489460532 -18.45
    endloop
  endfacet
  facet normal -0.656059028990503 0.7547095802227758 0
    outer loop
      vertex 43.15892411014636 -47.93284124329193 -18.45
      vertex 41.45980082478178 -49.40986658117408 -10.45
      vertex 43.15892411014636 -47.93284124329193 -10.45
    endloop
  endfacet
  facet normal -0.6819983600625009 0.7313537016191682 -5.240326121200269e-18
    outer loop
      vertex 43.15892411014636 -47.93284124329193 -10.45
      vertex 44.80546489460532 -46.397417121843 -10.45
      vertex 44.80546489460532 -46.397417121843 -18.45
    endloop
  endfacet
  facet normal -0.7071067811865475 0.7071067811865475 9.936268718240019e-18
    outer loop
      vertex 44.80546489460532 -46.397417121843 -10.45
      vertex 46.397417121843 -44.80546489460532 -10.45
      vertex 46.397417121843 -44.80546489460532 -18.45
    endloop
  endfacet
  facet normal -0.7313537016191682 0.6819983600625009 0
    outer loop
      vertex 46.397417121843 -44.80546489460532 -18.45
      vertex 46.397417121843 -44.80546489460532 -10.45
      vertex 47.93284124329193 -43.15892411014636 -18.45
    endloop
  endfacet
  facet normal -0.7547095802227758 0.656059028990503 0
    outer loop
      vertex 47.93284124329193 -43.15892411014636 -18.45
      vertex 47.93284124329193 -43.15892411014636 -10.45
      vertex 49.40986658117408 -41.45980082478178 -18.45
    endloop
  endfacet
  facet normal -0.7313537016191682 0.6819983600625009 0
    outer loop
      vertex 47.93284124329193 -43.15892411014636 -18.45
      vertex 46.397417121843 -44.80546489460532 -10.45
      vertex 47.93284124329193 -43.15892411014636 -10.45
    endloop
  endfacet
  facet normal -0.7771459614569693 0.6293203910498393 0
    outer loop
      vertex 49.40986658117408 -41.45980082478178 -18.45
      vertex 49.40986658117408 -41.45980082478178 -10.45
      vertex 50.826693607633565 -39.71016515850496 -18.45
    endloop
  endfacet
  facet normal -0.798635510047292 0.6018150231520495 0
    outer loop
      vertex 50.826693607633565 -39.71016515850496 -18.45
      vertex 50.826693607633565 -39.71016515850496 -10.45
      vertex 52.18159613718411 -37.91214877286452 -18.45
    endloop
  endfacet
  facet normal -0.7547095802227758 0.656059028990503 0
    outer loop
      vertex 49.40986658117408 -41.45980082478178 -18.45
      vertex 47.93284124329193 -43.15892411014636 -10.45
      vertex 49.40986658117408 -41.45980082478178 -10.45
    endloop
  endfacet
  facet normal -0.7771459614569693 0.6293203910498393 0
    outer loop
      vertex 50.826693607633565 -39.71016515850496 -18.45
      vertex 49.40986658117408 -41.45980082478178 -10.45
      vertex 50.826693607633565 -39.71016515850496 -10.45
    endloop
  endfacet
  facet normal -0.8191520442889912 0.5735764363510467 0
    outer loop
      vertex 52.18159613718411 -37.91214877286452 -18.45
      vertex 52.18159613718411 -37.91214877286452 -10.45
      vertex 53.47292342980019 -36.067942273863174 -18.45
    endloop
  endfacet
  facet normal -0.838670567945425 0.5446390350150258 0
    outer loop
      vertex 53.47292342980019 -36.067942273863174 -18.45
      vertex 53.47292342980019 -36.067942273863174 -10.45
      vertex 54.69910220208948 -34.179792543041714 -18.45
    endloop
  endfacet
  facet normal -0.798635510047292 0.6018150231520495 0
    outer loop
      vertex 52.18159613718411 -37.91214877286452 -18.45
      vertex 50.826693607633565 -39.71016515850496 -10.45
      vertex 52.18159613718411 -37.91214877286452 -10.45
    endloop
  endfacet
  facet normal -0.8191520442889912 0.5735764363510467 0
    outer loop
      vertex 53.47292342980019 -36.067942273863174 -18.45
      vertex 52.18159613718411 -37.91214877286452 -10.45
      vertex 53.47292342980019 -36.067942273863174 -10.45
    endloop
  endfacet
  facet normal -0.8571673007021132 0.5150380749100527 0
    outer loop
      vertex 54.69910220208948 -34.179792543041714 -18.45
      vertex 54.69910220208948 -34.179792543041714 -10.45
      vertex 55.85863854409629 -32.25 -18.45
    endloop
  endfacet
  facet normal -0.8746197071393941 0.4848096202463402 0
    outer loop
      vertex 55.85863854409629 -32.25 -18.45
      vertex 55.85863854409629 -32.25 -10.45
      vertex 56.95011973940079 -30.280915799689957 -18.45
    endloop
  endfacet
  facet normal -0.838670567945425 0.5446390350150258 0
    outer loop
      vertex 54.69910220208948 -34.179792543041714 -18.45
      vertex 53.47292342980019 -36.067942273863174 -10.45
      vertex 54.69910220208948 -34.179792543041714 -10.45
    endloop
  endfacet
  facet normal -0.8571673007021132 0.5150380749100527 0
    outer loop
      vertex 55.85863854409629 -32.25 -18.45
      vertex 54.69910220208948 -34.179792543041714 -10.45
      vertex 55.85863854409629 -32.25 -10.45
    endloop
  endfacet
  facet normal -0.8746197071393941 0.4848096202463402 0
    outer loop
      vertex 56.95011973940079 -30.280915799689957 -18.45
      vertex 55.85863854409629 -32.25 -10.45
      vertex 56.95011973940079 -30.280915799689957 -10.45
    endloop
  endfacet
  facet normal -0.891006524188367 0.4539904997395483 0
    outer loop
      vertex 56.95011973940079 -30.280915799689957 -18.45
      vertex 56.95011973940079 -30.280915799689957 -10.45
      vertex 57.97221598629628 -28.274938967895498 -18.45
    endloop
  endfacet
  facet normal -0.9063077870366517 0.42261826174069567 0
    outer loop
      vertex 57.97221598629628 -28.274938967895498 -18.45
      vertex 57.97221598629628 -28.274938967895498 -10.45
      vertex 58.923682017947755 -26.234513478389115 -18.45
    endloop
  endfacet
  facet normal -0.891006524188367 0.4539904997395483 0
    outer loop
      vertex 57.97221598629628 -28.274938967895498 -18.45
      vertex 56.95011973940079 -30.280915799689957 -10.45
      vertex 57.97221598629628 -28.274938967895498 -10.45
    endloop
  endfacet
  facet normal -0.9205048534524395 0.3907311284892759 0
    outer loop
      vertex 58.923682017947755 -26.234513478389115 -18.45
      vertex 58.923682017947755 -26.234513478389115 -10.45
      vertex 59.80335861955779 -24.162125275326325 -18.45
    endloop
  endfacet
  facet normal -0.9063077870366517 0.42261826174069567 0
    outer loop
      vertex 58.923682017947755 -26.234513478389115 -18.45
      vertex 57.97221598629628 -28.274938967895498 -10.45
      vertex 58.923682017947755 -26.234513478389115 -10.45
    endloop
  endfacet
  facet normal -0.9205048534524395 0.3907311284892759 0
    outer loop
      vertex 59.80335861955779 -24.162125275326325 -18.45
      vertex 58.923682017947755 -26.234513478389115 -10.45
      vertex 59.80335861955779 -24.162125275326325 -10.45
    endloop
  endfacet
  facet normal -0.9335804264972021 0.3583679495452994 0
    outer loop
      vertex 59.80335861955779 -24.162125275326325 -18.45
      vertex 59.80335861955779 -24.162125275326325 -10.45
      vertex 60.61017404069109 -22.060299244505632 -18.45
    endloop
  endfacet
  facet normal -0.9455185755993173 0.3255681544571552 0
    outer loop
      vertex 60.61017404069109 -22.060299244505632 -18.45
      vertex 60.61017404069109 -22.060299244505632 -10.45
      vertex 61.3431453010374 -19.93159613718411 -18.45
    endloop
  endfacet
  facet normal -0.9335804264972021 0.3583679495452994 0
    outer loop
      vertex 60.61017404069109 -22.060299244505632 -18.45
      vertex 59.80335861955779 -24.162125275326325 -10.45
      vertex 60.61017404069109 -22.060299244505632 -10.45
    endloop
  endfacet
  facet normal -0.9455185755993173 0.3255681544571552 0
    outer loop
      vertex 61.3431453010374 -19.93159613718411 -18.45
      vertex 60.61017404069109 -22.060299244505632 -10.45
      vertex 61.3431453010374 -19.93159613718411 -10.45
    endloop
  endfacet
  facet normal -0.956304755963035 0.2923717047227384 0
    outer loop
      vertex 61.3431453010374 -19.93159613718411 -18.45
      vertex 61.3431453010374 -19.93159613718411 -10.45
      vertex 62.00137938802157 -17.778609450196445 -18.45
    endloop
  endfacet
  facet normal -0.9659258262890688 0.2588190451025194 0
    outer loop
      vertex 62.00137938802157 -17.778609450196445 -18.45
      vertex 62.00137938802157 -17.778609450196445 -10.45
      vertex 62.58407434480177 -15.603962266178568 -18.45
    endloop
  endfacet
  facet normal -0.956304755963035 0.2923717047227384 0
    outer loop
      vertex 62.00137938802157 -17.778609450196445 -18.45
      vertex 61.3431453010374 -19.93159613718411 -10.45
      vertex 62.00137938802157 -17.778609450196445 -10.45
    endloop
  endfacet
  facet normal -0.9743700647852348 0.22495105434386728 0
    outer loop
      vertex 62.58407434480177 -15.603962266178568 -18.45
      vertex 62.58407434480177 -15.603962266178568 -10.45
      vertex 63.09052024733047 -13.410304057745478 -18.45
    endloop
  endfacet
  facet normal -0.9659258262890688 0.2588190451025194 0
    outer loop
      vertex 62.58407434480177 -15.603962266178568 -18.45
      vertex 62.00137938802157 -17.778609450196445 -10.45
      vertex 62.58407434480177 -15.603962266178568 -10.45
    endloop
  endfacet
  facet normal -0.9743700647852348 0.22495105434386728 0
    outer loop
      vertex 63.09052024733047 -13.410304057745478 -18.45
      vertex 62.58407434480177 -15.603962266178568 -10.45
      vertex 63.09052024733047 -13.410304057745478 -10.45
    endloop
  endfacet
  facet normal -0.9816271834476646 0.19080899537654164 0
    outer loop
      vertex 63.09052024733047 -13.410304057745478 -18.45
      vertex 63.09052024733047 -13.410304057745478 -10.45
      vertex 63.520100069287416 -11.200307459517006 -18.45
    endloop
  endfacet
  facet normal -0.9876883405951372 0.156434465040234 0
    outer loop
      vertex 63.520100069287416 -11.200307459517006 -18.45
      vertex 63.520100069287416 -11.200307459517006 -10.45
      vertex 63.87229043383129 -8.97666501192422 -18.45
    endloop
  endfacet
  facet normal -0.9816271834476646 0.19080899537654164 0
    outer loop
      vertex 63.520100069287416 -11.200307459517006 -18.45
      vertex 63.09052024733047 -13.410304057745478 -10.45
      vertex 63.520100069287416 -11.200307459517006 -10.45
    endloop
  endfacet
  facet normal -0.9876883405951372 0.156434465040234 0
    outer loop
      vertex 63.87229043383129 -8.97666501192422 -18.45
      vertex 63.520100069287416 -11.200307459517006 -10.45
      vertex 63.87229043383129 -8.97666501192422 -10.45
    endloop
  endfacet
  facet normal -0.9925461516413222 0.12186934340514613 0
    outer loop
      vertex 63.87229043383129 -8.97666501192422 -18.45
      vertex 63.87229043383129 -8.97666501192422 -10.45
      vertex 64.14666225125363 -6.742085880763649 -18.45
    endloop
  endfacet
  facet normal -0.9961946980917458 0.08715574274765692 0
    outer loop
      vertex 64.14666225125363 -6.742085880763649 -18.45
      vertex 64.14666225125363 -6.742085880763649 -10.45
      vertex 64.34288124175866 -4.499292556496082 -18.45
    endloop
  endfacet
  facet normal -0.9925461516413222 0.12186934340514613 0
    outer loop
      vertex 64.14666225125363 -6.742085880763649 -18.45
      vertex 63.87229043383129 -8.97666501192422 -10.45
      vertex 64.14666225125363 -6.742085880763649 -10.45
    endloop
  endfacet
  facet normal -0.9986295347545736 0.05233595624294654 0
    outer loop
      vertex 64.34288124175866 -4.499292556496082 -18.45
      vertex 64.34288124175866 -4.499292556496082 -10.45
      vertex 64.46070834273168 -2.2510175373113124 -18.45
    endloop
  endfacet
  facet normal -0.9961946980917458 0.08715574274765692 0
    outer loop
      vertex 64.34288124175866 -4.499292556496082 -18.45
      vertex 64.14666225125363 -6.742085880763649 -10.45
      vertex 64.34288124175866 -4.499292556496082 -10.45
    endloop
  endfacet
  facet normal -0.9986295347545736 0.05233595624294654 0
    outer loop
      vertex 64.46070834273168 -2.2510175373113124 -18.45
      vertex 64.34288124175866 -4.499292556496082 -10.45
      vertex 64.46070834273168 -2.2510175373113124 -10.45
    endloop
  endfacet
  facet normal -0.9998476951563913 0.017452406437281978 0
    outer loop
      vertex 64.46070834273168 -2.2510175373113124 -18.45
      vertex 64.46070834273168 -2.2510175373113124 -10.45
      vertex 64.5 0 -18.45
    endloop
  endfacet
  facet normal -0.9998476951563913 -0.017452406437281978 0
    outer loop
      vertex 64.5 0 -18.45
      vertex 64.5 0 -10.45
      vertex 64.46070834273168 2.2510175373113124 -18.45
    endloop
  endfacet
  facet normal -0.9998476951563913 0.017452406437281978 -9.150037932181762e-20
    outer loop
      vertex 64.46070834273168 -2.2510175373113124 -10.45
      vertex 64.5 0 -10.45
      vertex 64.5 0 -18.45
    endloop
  endfacet
  facet normal -0.9998476951563913 -0.017452406437281978 0
    outer loop
      vertex 64.46070834273168 2.2510175373113124 -18.45
      vertex 64.5 0 -10.45
      vertex 64.46070834273168 2.2510175373113124 -10.45
    endloop
  endfacet
  facet normal -0.9986295347545736 -0.05233595624294654 -8.654962205412312e-19
    outer loop
      vertex 64.34288124175866 4.499292556496082 -18.45
      vertex 64.46070834273168 2.2510175373113124 -18.45
      vertex 64.46070834273168 2.2510175373113124 -10.45
    endloop
  endfacet
  facet normal -0.9961946980917458 -0.08715574274765692 0
    outer loop
      vertex 64.34288124175866 4.499292556496082 -18.45
      vertex 64.34288124175866 4.499292556496082 -10.45
      vertex 64.14666225125363 6.742085880763649 -18.45
    endloop
  endfacet
  facet normal -0.9986295347545736 -0.05233595624294654 0
    outer loop
      vertex 64.34288124175866 4.499292556496082 -18.45
      vertex 64.46070834273168 2.2510175373113124 -10.45
      vertex 64.34288124175866 4.499292556496082 -10.45
    endloop
  endfacet
  facet normal -0.9925461516413222 -0.12186934340514613 0
    outer loop
      vertex 64.14666225125363 6.742085880763649 -18.45
      vertex 64.14666225125363 6.742085880763649 -10.45
      vertex 63.87229043383129 8.97666501192422 -18.45
    endloop
  endfacet
  facet normal -0.9961946980917458 -0.08715574274765692 0
    outer loop
      vertex 64.14666225125363 6.742085880763649 -18.45
      vertex 64.34288124175866 4.499292556496082 -10.45
      vertex 64.14666225125363 6.742085880763649 -10.45
    endloop
  endfacet
  facet normal -0.9925461516413222 -0.12186934340514613 0
    outer loop
      vertex 63.87229043383129 8.97666501192422 -18.45
      vertex 64.14666225125363 6.742085880763649 -10.45
      vertex 63.87229043383129 8.97666501192422 -10.45
    endloop
  endfacet
  facet normal -0.9876883405951372 -0.156434465040234 0
    outer loop
      vertex 63.87229043383129 8.97666501192422 -18.45
      vertex 63.87229043383129 8.97666501192422 -10.45
      vertex 63.520100069287416 11.200307459517006 -18.45
    endloop
  endfacet
  facet normal -0.9816271834476646 -0.19080899537654164 0
    outer loop
      vertex 63.520100069287416 11.200307459517006 -18.45
      vertex 63.520100069287416 11.200307459517006 -10.45
      vertex 63.09052024733047 13.410304057745478 -18.45
    endloop
  endfacet
  facet normal -0.9876883405951372 -0.156434465040234 0
    outer loop
      vertex 63.520100069287416 11.200307459517006 -18.45
      vertex 63.87229043383129 8.97666501192422 -10.45
      vertex 63.520100069287416 11.200307459517006 -10.45
    endloop
  endfacet
  facet normal -0.956304755963035 -0.2923717047227385 0
    outer loop
      vertex 62.00137938802157 17.778609450196445 -18.45
      vertex 62.00137938802157 17.778609450196445 -10.45
      vertex 61.42543552810403 19.66243693250757 -18.45
    endloop
  endfacet
  facet normal -0.9659258262890688 -0.2588190451025194 0
    outer loop
      vertex 62.00137938802157 17.778609450196445 -18.45
      vertex 62.58407434480177 15.603962266178568 -10.45
      vertex 62.00137938802157 17.778609450196445 -10.45
    endloop
  endfacet
  facet normal -0.9563047559630348 -0.292371704722739 -1.2918582816242982e-16
    outer loop
      vertex 62.00137938802157 17.778609450196445 -10.45
      vertex 61.42543552810403 19.662436932507568 -10.45
      vertex 61.42543552810403 19.66243693250757 -18.45
    endloop
  endfacet
  facet normal -0.9743700647852348 -0.22495105434386728 0
    outer loop
      vertex 63.09052024733047 13.410304057745478 -18.45
      vertex 63.09052024733047 13.410304057745478 -10.45
      vertex 62.58407434480177 15.603962266178568 -18.45
    endloop
  endfacet
  facet normal -0.9816271834476646 -0.19080899537654164 0
    outer loop
      vertex 63.09052024733047 13.410304057745478 -18.45
      vertex 63.520100069287416 11.200307459517006 -10.45
      vertex 63.09052024733047 13.410304057745478 -10.45
    endloop
  endfacet
  facet normal -0.9743700647852348 -0.22495105434386728 0
    outer loop
      vertex 62.58407434480177 15.603962266178568 -18.45
      vertex 63.09052024733047 13.410304057745478 -10.45
      vertex 62.58407434480177 15.603962266178568 -10.45
    endloop
  endfacet
  facet normal -0.9659258262890688 -0.2588190451025194 0
    outer loop
      vertex 62.58407434480177 15.603962266178568 -18.45
      vertex 62.58407434480177 15.603962266178568 -10.45
      vertex 62.00137938802157 17.778609450196445 -18.45
    endloop
  endfacet
  facet normal -0.3131638065019684 0.9496991261958693 4.707527380475468e-17
    outer loop
      vertex -68.75363481780745 -22.671548700519946 -22.45
      vertex -65.99760527804912 -21.76274645179114 -18.387310170084824
      vertex -61.25617675429194 -20.19925780175466 -22.45
    endloop
  endfacet
  facet normal -0.3131638065019727 0.9496991261958679 2.759163184697534e-15
    outer loop
      vertex -68.75363481780745 -22.671548700519946 -22.45
      vertex -66.80113083890123 -22.02770944514045 -17.57837841029299
      vertex -66.58095987996235 -21.95510795096126 -17.89746519706737
    endloop
  endfacet
  facet normal -0.31316380650198195 0.9496991261958649 1.017361585110782e-14
    outer loop
      vertex -68.75363481780745 -22.671548700519946 -22.45
      vertex -66.31021739762835 -21.865830469271742 -18.170029261429665
      vertex -65.99760527804912 -21.76274645179114 -18.387310170084824
    endloop
  endfacet
  facet normal -0.31316380650195697 0.949699126195873 -5.4983836006745575e-15
    outer loop
      vertex -68.75363481780745 -22.671548700519946 -22.45
      vertex -66.58095987996235 -21.95510795096126 -17.89746519706737
      vertex -66.31021739762835 -21.865830469271742 -18.170029261429665
    endloop
  endfacet
  facet normal -0.3131638065019775 0.9496991261958663 -1.16812267621205e-14
    outer loop
      vertex -65.99760527804912 -21.76274645179114 -18.387310170084824
      vertex -65.65317113196605 -21.649169103659112 -18.542324335849337
      vertex -61.25617675429194 -20.19925780175466 -22.45
    endloop
  endfacet
  facet normal -0.3131638065019647 0.9496991261958704 4.113593004532546e-15
    outer loop
      vertex -65.65317113196605 -21.649169103659112 -18.542324335849337
      vertex -65.28798535623558 -21.528748894296363 -18.630089475889456
      vertex -61.25617675429194 -20.19925780175466 -22.45
    endloop
  endfacet
  facet normal -0.313163806501969 0.9496991261958692 -7.868171644721415e-16
    outer loop
      vertex -65.28798535623558 -21.528748894296363 -18.630089475889456
      vertex -64.91378532216557 -21.40535622831389 -18.64778474639089
      vertex -61.25617675429194 -20.19925780175466 -22.45
    endloop
  endfacet
  facet normal -0.31316380650196357 0.9496991261958708 4.980299839863753e-15
    outer loop
      vertex -64.91378532216557 -21.40535622831389 -18.64778474639089
      vertex -64.54259812674381 -21.282957047524196 -18.59484140680001
      vertex -61.25617675429194 -20.19925780175466 -22.45
    endloop
  endfacet
  facet normal -0.31316380650197495 0.9496991261958672 -5.742664724448231e-15
    outer loop
      vertex -64.54259812674381 -21.282957047524196 -18.59484140680001
      vertex -64.18635403184504 -21.16548536230824 -18.47296109961319
      vertex -61.25617675429194 -20.19925780175466 -22.45
    endloop
  endfacet
  facet normal -0.31316380650196357 0.9496991261958708 -1.3816905524877885e-15
    outer loop
      vertex -68.75363481780745 -22.671548700519946 -22.45
      vertex -66.96365379866744 -22.081301480049675 -17.223024612978953
      vertex -66.80113083890123 -22.02770944514045 -17.57837841029299
    endloop
  endfacet
  facet normal -0.31316380650196723 0.9496991261958696 8.969302332317957e-17
    outer loop
      vertex -68.75363481780745 -22.671548700519946 -22.45
      vertex -68.75363481780744 -22.671548700519942 -10.450000000000166
      vertex -66.96365379866744 -22.081301480049675 -17.223024612978953
    endloop
  endfacet
  facet normal -0.31316380650476383 0.9496991261949476 -8.281219357518541e-13
    outer loop
      vertex -68.75363481780744 -22.671548700519942 -10.450000000000166
      vertex -67.06330513760977 -22.114161563591292 -16.842825168557
      vertex -66.96365379866744 -22.081301480049675 -17.223024612978953
    endloop
  endfacet
  facet normal -0.31316380650195874 0.9496991261958725 2.979236441078389e-15
    outer loop
      vertex -68.75363481780744 -22.671548700519942 -10.450000000000166
      vertex -67.09688197970118 -22.125233545642892 -16.45
      vertex -67.06330513760977 -22.114161563591292 -16.842825168557
    endloop
  endfacet
  facet normal -0.3131638065019739 0.9496991261958675 -1.6146065388444792e-15
    outer loop
      vertex -68.75363481780744 -22.671548700519942 -10.450000000000166
      vertex -67.06330513760977 -22.114161563591292 -16.057174831443
      vertex -67.09688197970118 -22.125233545642892 -16.45
    endloop
  endfacet
  facet normal -0.31316380650195763 0.9496991261958728 3.851288712266672e-15
    outer loop
      vertex -68.75363481780744 -22.671548700519942 -10.450000000000166
      vertex -66.96365379866744 -22.081301480049675 -15.676975387021045
      vertex -67.06330513760977 -22.114161563591292 -16.057174831443
    endloop
  endfacet
  facet normal -0.31316380650196374 0.9496991261958708 1.5234633230634308e-15
    outer loop
      vertex -68.75363481780744 -22.671548700519942 -10.450000000000166
      vertex -66.80113083890123 -22.02770944514045 -15.321621589707005
      vertex -66.96365379866744 -22.081301480049675 -15.676975387021045
    endloop
  endfacet
  facet normal -0.31316380650197284 0.9496991261958678 -2.5904242327819496e-15
    outer loop
      vertex -68.75363481780744 -22.671548700519942 -10.450000000000166
      vertex -66.58095987996235 -21.95510795096126 -15.002534802932631
      vertex -66.80113083890123 -22.02770944514045 -15.321621589707005
    endloop
  endfacet
  facet normal -0.3131638065019572 0.9496991261958729 5.675633451632093e-15
    outer loop
      vertex -66.58095987996235 -21.95510795096126 -15.002534802932631
      vertex -68.75363481780744 -22.671548700519942 -10.450000000000166
      vertex -66.31021739762835 -21.865830469271742 -14.729970738570334
    endloop
  endfacet
  facet normal -0.31316380650198195 0.9496991261958649 -9.976170081191103e-15
    outer loop
      vertex -66.31021739762835 -21.865830469271742 -14.729970738570334
      vertex -68.75363481780744 -22.671548700519942 -10.450000000000166
      vertex -65.99760527804912 -21.76274645179114 -14.512689829915175
    endloop
  endfacet
  facet normal -0.313163806501965 0.9496991261958705 2.743166315585053e-15
    outer loop
      vertex -65.99760527804912 -21.76274645179114 -14.512689829915175
      vertex -68.75363481780744 -22.671548700519942 -10.450000000000166
      vertex -65.65317113196605 -21.649169103659116 -14.357675664150662
    endloop
  endfacet
  facet normal -0.31316380650196385 0.9496991261958707 3.768736467553762e-15
    outer loop
      vertex -65.65317113196605 -21.649169103659116 -14.357675664150662
      vertex -68.75363481780744 -22.671548700519942 -10.450000000000166
      vertex -65.28798535623557 -21.528748894296363 -14.269910524110543
    endloop
  endfacet
  facet normal -0.3131638065019797 0.9496991261958657 1.5398455702015515e-16
    outer loop
      vertex -65.28798535623557 -21.528748894296363 -14.269910524110543
      vertex -65.08230460404815 -21.460925553721953 -10.45
      vertex -64.91378532216557 -21.40535622831389 -14.252215253609107
    endloop
  endfacet
  facet normal -0.31316380650197106 0.9496991261958685 5.795586636773036e-16
    outer loop
      vertex -64.91378532216557 -21.40535622831389 -14.252215253609107
      vertex -65.08230460404815 -21.460925553721953 -10.45
      vertex -64.54259812674381 -21.282957047524192 -14.305158593199987
    endloop
  endfacet
  facet normal -0.3131638065019681 0.9496991261958694 2.723561417477951e-16
    outer loop
      vertex -64.54259812674381 -21.282957047524192 -14.305158593199987
      vertex -63.48142688581887 -20.933035250197054 -10.45
      vertex -64.18635403184504 -21.16548536230824 -14.427038900386808
    endloop
  endfacet
  facet normal -0.3131638065019589 0.9496991261958724 7.34527764280679e-15
    outer loop
      vertex -64.18635403184504 -21.16548536230824 -18.47296109961319
      vertex -63.8565030157979 -21.056716809284893 -18.286061158186865
      vertex -61.25617675429194 -20.19925780175466 -22.45
    endloop
  endfacet
  facet normal -0.3131638065019721 0.9496991261958682 -1.7539343014207344e-15
    outer loop
      vertex -63.8565030157979 -21.056716809284893 -18.286061158186865
      vertex -63.56364676166048 -20.960147299243385 -18.04014870042026
      vertex -61.25617675429194 -20.19925780175466 -22.45
    endloop
  endfacet
  facet normal -0.31316380650197 0.9496991261958688 -5.581137961998342e-16
    outer loop
      vertex -63.56364676166048 -20.960147299243385 -18.04014870042026
      vertex -61.25617675429195 -20.19925780175466 -18.45
      vertex -61.25617675429194 -20.19925780175466 -22.45
    endloop
  endfacet
  facet normal -0.3131638065019699 0.9496991261958688 1.9919679716992457e-16
    outer loop
      vertex -61.25617675429195 -20.19925780175466 -18.45
      vertex -63.56364676166048 -20.960147299243385 -18.04014870042026
      vertex -63.31719791040367 -20.878880655694108 -17.74312755504344
    endloop
  endfacet
  facet normal -0.3131638065019723 0.949699126195868 -7.644711125014065e-15
    outer loop
      vertex -63.125077530885655 -20.815528855427146 -17.40454422605863
      vertex -61.25617675429195 -20.19925780175466 -18.45
      vertex -63.31719791040367 -20.878880655694108 -17.74312755504344
    endloop
  endfacet
  facet normal -0.31316380650196557 0.9496991261958703 5.631813743162203e-15
    outer loop
      vertex -62.99346053018134 -20.772128077429134 -17.035281060246685
      vertex -61.25617675429195 -20.19925780175466 -18.45
      vertex -63.125077530885655 -20.815528855427146 -17.40454422605863
    endloop
  endfacet
  facet normal -0.31316380650197057 0.9496991261958686 -1.143666145455269e-15
    outer loop
      vertex -62.926577186988155 -20.750073258415185 -16.647206479587553
      vertex -61.25617675429195 -20.19925780175466 -18.45
      vertex -62.99346053018134 -20.772128077429134 -17.035281060246685
    endloop
  endfacet
  facet normal -0.31316380650196946 0.9496991261958689 0
    outer loop
      vertex -62.926577186988155 -20.750073258415185 -16.252793520412446
      vertex -61.25617675429195 -20.19925780175466 -18.45
      vertex -62.926577186988155 -20.750073258415185 -16.647206479587553
    endloop
  endfacet
  facet normal -0.31316380650196735 0.9496991261958696 1.7527652200791848e-15
    outer loop
      vertex -62.99346053018134 -20.772128077429134 -15.864718939753315
      vertex -61.25617675429195 -20.19925780175466 -18.45
      vertex -62.926577186988155 -20.750073258415185 -16.252793520412446
    endloop
  endfacet
  facet normal -0.31316380650196995 0.9496991261958688 -1.5329553670278453e-16
    outer loop
      vertex -62.99346053018134 -20.772128077429134 -15.864718939753315
      vertex -61.25151168161023 -20.197719491485312 -10.45
      vertex -61.25617675429195 -20.19925780175466 -18.45
    endloop
  endfacet
  facet normal -0.31316380650197834 0.9496991261958659 3.837091612131404e-15
    outer loop
      vertex -63.31719791040367 -20.878880655694108 -15.156872444956559
      vertex -61.25151168161023 -20.197719491485312 -10.45
      vertex -63.125077530885655 -20.815528855427146 -15.495455773941371
    endloop
  endfacet
  facet normal -0.31316380650196035 0.9496991261958719 -3.567358533169372e-15
    outer loop
      vertex -63.125077530885655 -20.815528855427146 -15.495455773941371
      vertex -61.25151168161023 -20.197719491485312 -10.45
      vertex -62.99346053018134 -20.772128077429134 -15.864718939753315
    endloop
  endfacet
  facet normal -0.31316380650196524 0.9496991261958703 -2.9723023661447146e-15
    outer loop
      vertex -63.8565030157979 -21.05671680928489 -14.613938841813134
      vertex -61.25151168161023 -20.197719491485312 -10.45
      vertex -63.56364676166048 -20.960147299243385 -14.859851299579738
    endloop
  endfacet
  facet normal -0.31316380650196574 0.9496991261958702 -2.65804101340132e-15
    outer loop
      vertex -64.18635403184504 -21.16548536230824 -14.427038900386808
      vertex -61.25151168161023 -20.197719491485312 -10.45
      vertex -63.8565030157979 -21.05671680928489 -14.613938841813134
    endloop
  endfacet
  facet normal -0.3131638065019699 0.9496991261958687 -2.628970704057902e-16
    outer loop
      vertex -63.56364676166048 -20.960147299243385 -14.859851299579738
      vertex -61.25151168161023 -20.197719491485312 -10.45
      vertex -63.31719791040367 -20.878880655694108 -15.156872444956559
    endloop
  endfacet
  facet normal -0.3131638065022038 0.9496991261957917 -8.341300147005821e-21
    outer loop
      vertex -61.25617675429195 -20.19925780175466 -18.45
      vertex -61.25151168161023 -20.197719491485312 -10.45
      vertex -61.25151168161023 -20.197719491485312 -18.45
    endloop
  endfacet
  facet normal -0.3131638065019681 0.9496991261958694 -5.346778619567729e-16
    outer loop
      vertex -65.28798535623557 -21.528748894296363 -14.269910524110543
      vertex -68.75363481780744 -22.671548700519942 -10.450000000000166
      vertex -65.08230460404815 -21.460925553721953 -10.45
    endloop
  endfacet
  facet normal -0.31316380650197345 0.9496991261958677 2.0895003812929798e-16
    outer loop
      vertex -64.54259812674381 -21.282957047524192 -14.305158593199987
      vertex -65.08230460404815 -21.460925553721953 -10.45
      vertex -64.37659782751146 -21.228218358023337 -10.45
    endloop
  endfacet
  facet normal -0.3131638065019669 0.9496991261958698 -1.0605981888172292e-16
    outer loop
      vertex -64.54259812674381 -21.282957047524192 -14.305158593199987
      vertex -64.37659782751146 -21.228218358023337 -10.45
      vertex -63.48142688581887 -20.933035250197054 -10.45
    endloop
  endfacet
  facet normal -0.31316380650196934 0.949699126195869 1.0157522836481574e-17
    outer loop
      vertex -73.59677760193478 -24.26857768356762 -9
      vertex -84.9857278061687 -28.02409024500983 -9
      vertex -84.9857278061687 -28.02409024500983 9
    endloop
  endfacet
  facet normal -0.31316380650196723 0.9496991261958697 0
    outer loop
      vertex -73.59677760193478 -24.26857768356762 -10.25
      vertex -73.59677760193478 -24.26857768356762 -9
      vertex -70.93779724986487 -23.391777457580666 10.25
    endloop
  endfacet
  facet normal -0.31316380650196723 0.9496991261958697 -3.389057178879687e-18
    outer loop
      vertex -73.59677760193478 -24.26857768356762 -10.25
      vertex -70.93779724986487 -23.391777457580666 10.25
      vertex -70.93779724986487 -23.391777457580666 -10.25
    endloop
  endfacet
  facet normal -0.3131638065019697 0.9496991261958689 5.781397716769103e-16
    outer loop
      vertex -64.18635403184504 -21.16548536230824 -14.427038900386808
      vertex -63.48142688581887 -20.933035250197054 -10.45
      vertex -61.25151168161023 -20.197719491485312 -10.45
    endloop
  endfacet
  facet normal -0.31316380650196934 0.949699126195869 0
    outer loop
      vertex -73.59677760193478 -24.26857768356762 -9
      vertex -84.9857278061687 -28.02409024500983 9
      vertex -73.59677760193478 -24.26857768356762 9
    endloop
  endfacet
  facet normal -0.31316380650196723 0.9496991261958696 0
    outer loop
      vertex -73.59677760193478 -24.26857768356762 -9
      vertex -73.59677760193478 -24.26857768356762 9
      vertex -70.93779724986487 -23.391777457580666 10.25
    endloop
  endfacet
  facet normal -0.31316380650196723 0.9496991261958697 -5.558053773362686e-17
    outer loop
      vertex -70.93779724986487 -23.391777457580666 10.25
      vertex -73.59677760193478 -24.26857768356762 9
      vertex -73.59677760193478 -24.26857768356762 10.25
    endloop
  endfacet
  facet normal -0.30486429903547385 0.9523957996408895 5.415477826806272e-16
    outer loop
      vertex 61.4301138472443 19.663934474271088 -18.45
      vertex 63.49698727895339 20.325545875949494 -17.74312755504344
      vertex 61.43011384724429 19.663934474271088 -22.45
    endloop
  endfacet
  facet normal -0.3048642990354734 0.9523957996408895 9.734502727338712e-16
    outer loop
      vertex 65.8395935033067 21.07542004042281 -18.542324335849337
      vertex 68.94886096487957 22.070704401760437 -22.45
      vertex 61.43011384724429 19.663934474271088 -22.45
    endloop
  endfacet
  facet normal -0.30486429903547135 0.9523957996408903 -1.2528478654987705e-15
    outer loop
      vertex 64.03782374277084 20.498668992931638 -18.286061158186865
      vertex 64.36861137174223 20.604554947777295 -18.47296109961319
      vertex 61.43011384724429 19.663934474271088 -22.45
    endloop
  endfacet
  facet normal -0.3048642990354775 0.9523957996408883 3.713213613533246e-15
    outer loop
      vertex 64.36861137174223 20.604554947777295 -18.47296109961319
      vertex 64.72586702278981 20.718913383287145 -18.59484140680001
      vertex 61.43011384724429 19.663934474271088 -22.45
    endloop
  endfacet
  facet normal -0.3048642990354784 0.952395799640888 3.584481397093382e-15
    outer loop
      vertex 63.744135922443746 20.40465878046216 -18.04014870042026
      vertex 64.03782374277084 20.498668992931638 -18.286061158186865
      vertex 61.43011384724429 19.663934474271088 -22.45
    endloop
  endfacet
  facet normal -0.30486429903546963 0.9523957996408907 -1.4886709408634828e-15
    outer loop
      vertex 63.49698727895339 20.325545875949494 -17.74312755504344
      vertex 63.744135922443746 20.40465878046216 -18.04014870042026
      vertex 61.43011384724429 19.663934474271088 -22.45
    endloop
  endfacet
  facet normal -0.30486429903547524 0.9523957996408889 1.6258774386765186e-15
    outer loop
      vertex 64.72586702278981 20.718913383287145 -18.59484140680001
      vertex 65.09810820533798 20.83806872524946 -18.64778474639089
      vertex 61.43011384724429 19.663934474271088 -22.45
    endloop
  endfacet
  facet normal -0.30486429903547274 0.9523957996408897 -1.0329138354546392e-15
    outer loop
      vertex 65.09810820533798 20.83806872524946 -18.64778474639089
      vertex 65.47337078149856 20.95819122293223 -18.630089475889456
      vertex 61.43011384724429 19.663934474271088 -22.45
    endloop
  endfacet
  facet normal -0.30486429903545703 0.9523957996408948 -1.930783383863494e-14
    outer loop
      vertex 65.47337078149856 20.95819122293223 -18.630089475889456
      vertex 65.8395935033067 21.07542004042281 -18.542324335849337
      vertex 61.43011384724429 19.663934474271088 -22.45
    endloop
  endfacet
  facet normal -0.3048642990354761 0.9523957996408887 -1.378766398993166e-15
    outer loop
      vertex 66.1850056711544 21.185987347070864 -18.387310170084824
      vertex 68.94886096487957 22.070704401760437 -22.45
      vertex 65.8395935033067 21.07542004042281 -18.542324335849337
    endloop
  endfacet
  facet normal -0.304864299035485 0.9523957996408858 -8.113346301806223e-15
    outer loop
      vertex 66.1850056711544 21.185987347070864 -18.387310170084824
      vertex 66.49850545376097 21.286339418665644 -18.170029261429665
      vertex 68.94886096487957 22.070704401760437 -22.45
    endloop
  endfacet
  facet normal -0.30486429903545725 0.9523957996408947 9.434275797241998e-15
    outer loop
      vertex 66.49850545376097 21.286339418665644 -18.170029261429665
      vertex 66.77001671016497 21.37325085705612 -17.89746519706737
      vertex 68.94886096487957 22.070704401760437 -22.45
    endloop
  endfacet
  facet normal -0.3048642990354788 0.9523957996408878 -1.9394777202065354e-15
    outer loop
      vertex 66.99081284518535 21.443928257101472 -17.57837841029299
      vertex 68.94886096487957 22.070704401760437 -22.45
      vertex 66.77001671016497 21.37325085705612 -17.89746519706737
    endloop
  endfacet
  facet normal -0.30486429903502543 0.952395799641033 -6.083396334926905e-13
    outer loop
      vertex 61.4301138472443 19.663934474271088 -18.45
      vertex 61.42543552810403 19.66243693250757 -18.45
      vertex 63.172330645493595 20.22162246823995 -17.035281060246685
    endloop
  endfacet
  facet normal -0.3048642990354734 0.9523957996408896 4.253944606760491e-16
    outer loop
      vertex 63.30432137305615 20.26387303323899 -15.495455773941371
      vertex 61.42543552810403 19.66243693250757 -18.45
      vertex 61.42543552810403 19.662436932507568 -10.45
    endloop
  endfacet
  facet normal -0.30486429903547324 0.9523957996408896 -1.4215595840898397e-15
    outer loop
      vertex 61.4301138472443 19.663934474271088 -18.45
      vertex 63.30432137305615 20.26387303323899 -17.40454422605863
      vertex 63.49698727895339 20.325545875949494 -17.74312755504344
    endloop
  endfacet
  facet normal -0.3048642990354749 0.9523957996408892 1.947439099596305e-15
    outer loop
      vertex 61.4301138472443 19.663934474271088 -18.45
      vertex 63.172330645493595 20.22162246823995 -17.035281060246685
      vertex 63.30432137305615 20.26387303323899 -17.40454422605863
    endloop
  endfacet
  facet normal -0.30486429903547274 0.9523957996408898 7.400778817729568e-16
    outer loop
      vertex 67.15379728937089 21.49609998901067 -17.223024612978953
      vertex 68.94886096487957 22.070704401760437 -22.45
      vertex 66.99081284518535 21.443928257101472 -17.57837841029299
    endloop
  endfacet
  facet normal -0.30486429903547807 0.9523957996408879 8.005920845246873e-15
    outer loop
      vertex 63.172330645493595 20.22162246823995 -17.035281060246685
      vertex 61.42543552810403 19.66243693250757 -18.45
      vertex 63.10525738685192 20.20015214887532 -16.647206479587553
    endloop
  endfacet
  facet normal -0.30486429903547035 0.9523957996408905 0
    outer loop
      vertex 63.10525738685192 20.20015214887532 -16.647206479587553
      vertex 61.42543552810403 19.66243693250757 -18.45
      vertex 63.10525738685192 20.20015214887532 -16.252793520412446
    endloop
  endfacet
  facet normal -0.3048642990354558 0.9523957996408952 -1.2269324899009438e-14
    outer loop
      vertex 63.10525738685192 20.20015214887532 -16.252793520412446
      vertex 61.42543552810403 19.66243693250757 -18.45
      vertex 63.172330645493595 20.22162246823995 -15.864718939753315
    endloop
  endfacet
  facet normal -0.3048642990354639 0.9523957996408926 -6.230741345745875e-15
    outer loop
      vertex 63.172330645493595 20.22162246823995 -15.864718939753315
      vertex 61.42543552810403 19.66243693250757 -18.45
      vertex 63.30432137305615 20.26387303323899 -15.495455773941371
    endloop
  endfacet
  facet normal -0.3048642990354723 0.9523957996408899 8.549249844437402e-16
    outer loop
      vertex 63.30432137305615 20.26387303323899 -15.495455773941371
      vertex 61.42543552810403 19.662436932507568 -10.45
      vertex 63.49698727895339 20.325545875949494 -15.156872444956559
    endloop
  endfacet
  facet normal -0.3048642990354701 0.9523957996408907 1.944300290448945e-15
    outer loop
      vertex 63.744135922443746 20.40465878046216 -14.859851299579738
      vertex 63.49698727895339 20.325545875949494 -15.156872444956559
      vertex 61.42543552810403 19.662436932507568 -10.45
    endloop
  endfacet
  facet normal -0.30486429903547146 0.9523957996408902 1.1239206591967657e-15
    outer loop
      vertex 63.744135922443746 20.40465878046216 -14.859851299579738
      vertex 61.42543552810403 19.662436932507568 -10.45
      vertex 64.03782374277084 20.498668992931634 -14.613938841813134
    endloop
  endfacet
  facet normal -0.3048642990354782 0.952395799640888 -3.4894429933579442e-15
    outer loop
      vertex 64.03782374277084 20.498668992931634 -14.613938841813134
      vertex 61.42543552810403 19.662436932507568 -10.45
      vertex 64.36861137174223 20.604554947777295 -14.427038900386808
    endloop
  endfacet
  facet normal -0.3048642990354783 0.9523957996408879 -1.00526372508455e-15
    outer loop
      vertex 64.36861137174223 20.604554947777295 -14.427038900386808
      vertex 63.51133841333095 20.330139710281845 -10.45
      vertex 64.72586702278981 20.718913383287145 -14.305158593199987
    endloop
  endfacet
  facet normal -0.30486429903546736 0.9523957996408916 9.145594658421604e-16
    outer loop
      vertex 64.72586702278981 20.718913383287145 -14.305158593199987
      vertex 64.37391407022956 20.60625235494556 -10.45
      vertex 65.09810820533798 20.838068725249457 -14.252215253609107
    endloop
  endfacet
  facet normal -0.30486429903547274 0.9523957996408897 -7.346844385133808e-16
    outer loop
      vertex 67.15379728937089 21.49609998901067 -15.676975387021045
      vertex 66.99081284518535 21.443928257101472 -15.321621589707005
      vertex 68.94886096487957 22.070704401760437 -10.45
    endloop
  endfacet
  facet normal -0.3048642990354788 0.9523957996408878 1.950145634205563e-15
    outer loop
      vertex 66.99081284518535 21.443928257101472 -15.321621589707005
      vertex 66.77001671016497 21.37325085705612 -15.002534802932631
      vertex 68.94886096487957 22.070704401760437 -10.45
    endloop
  endfacet
  facet normal -0.3048642990354728 0.9523957996408896 -2.679145022998936e-16
    outer loop
      vertex 65.09810820533798 20.838068725249457 -14.252215253609107
      vertex 65.11729227526588 20.8442095944484 -10.45
      vertex 65.47337078149856 20.958191222932225 -14.269910524110543
    endloop
  endfacet
  facet normal -0.30486429903545725 0.9523957996408947 -9.432514747905335e-15
    outer loop
      vertex 66.49850545376097 21.286339418665644 -14.729970738570334
      vertex 68.94886096487957 22.070704401760437 -10.45
      vertex 66.77001671016497 21.37325085705612 -15.002534802932631
    endloop
  endfacet
  facet normal -0.304864299035485 0.9523957996408858 8.11608496598902e-15
    outer loop
      vertex 66.1850056711544 21.185987347070864 -14.512689829915175
      vertex 68.94886096487957 22.070704401760437 -10.45
      vertex 66.49850545376097 21.286339418665644 -14.729970738570334
    endloop
  endfacet
  facet normal -0.3048642990354693 0.9523957996408908 -3.72132460058714e-15
    outer loop
      vertex 65.8395935033067 21.075420040422813 -14.357675664150662
      vertex 68.94886096487957 22.070704401760437 -10.45
      vertex 66.1850056711544 21.185987347070864 -14.512689829915175
    endloop
  endfacet
  facet normal -0.3048642990354773 0.9523957996408883 3.3414980751470262e-15
    outer loop
      vertex 65.47337078149856 20.958191222932225 -14.269910524110543
      vertex 68.94886096487957 22.070704401760437 -10.45
      vertex 65.8395935033067 21.075420040422813 -14.357675664150662
    endloop
  endfacet
  facet normal -0.304864299035487 0.9523957996408853 -4.659859937937233e-15
    outer loop
      vertex 67.25373158858143 21.52808921039312 -16.842825168557
      vertex 68.94886096487957 22.070704401760437 -22.45
      vertex 67.15379728937089 21.49609998901067 -17.223024612978953
    endloop
  endfacet
  facet normal -0.304864299035473 0.9523957996408896 -1.1959148798595469e-18
    outer loop
      vertex 67.25373158858143 21.52808921039312 -16.842825168557
      vertex 68.94886096487957 22.070704401760437 -10.45
      vertex 68.94886096487957 22.070704401760437 -22.45
    endloop
  endfacet
  facet normal -0.3048642990354779 0.952395799640888 1.4184422286838045e-15
    outer loop
      vertex 67.2874037722141 21.53886776135275 -16.45
      vertex 68.94886096487957 22.070704401760437 -10.45
      vertex 67.25373158858143 21.52808921039312 -16.842825168557
    endloop
  endfacet
  facet normal -0.3048642990354708 0.9523957996408904 -7.476391282417306e-16
    outer loop
      vertex 67.2874037722141 21.53886776135275 -16.45
      vertex 67.25373158858143 21.52808921039312 -16.057174831443
      vertex 68.94886096487957 22.070704401760437 -10.45
    endloop
  endfacet
  facet normal -0.30486429903548706 0.9523957996408853 4.660549595172354e-15
    outer loop
      vertex 67.25373158858143 21.52808921039312 -16.057174831443
      vertex 67.15379728937089 21.49609998901067 -15.676975387021045
      vertex 68.94886096487957 22.070704401760437 -10.45
    endloop
  endfacet
  facet normal -0.3048642990354738 0.9523957996408893 4.675289014707524e-17
    outer loop
      vertex 64.36861137174223 20.604554947777295 -14.427038900386808
      vertex 61.42543552810403 19.662436932507568 -10.45
      vertex 63.51133841333095 20.330139710281845 -10.45
    endloop
  endfacet
  facet normal -0.30486429903547496 0.952395799640889 1.4801449108545305e-16
    outer loop
      vertex 64.72586702278981 20.718913383287145 -14.305158593199987
      vertex 63.51133841333095 20.330139710281845 -10.45
      vertex 64.37391407022956 20.60625235494556 -10.45
    endloop
  endfacet
  facet normal -0.30486429903547296 0.9523957996408896 -2.671543436653372e-16
    outer loop
      vertex 65.09810820533798 20.838068725249457 -14.252215253609107
      vertex 64.37391407022956 20.60625235494556 -10.45
      vertex 65.11729227526588 20.8442095944484 -10.45
    endloop
  endfacet
  facet normal -0.3048642990354736 0.9523957996408894 -3.51442638158187e-16
    outer loop
      vertex 65.47337078149856 20.958191222932225 -14.269910524110543
      vertex 65.11729227526588 20.8442095944484 -10.45
      vertex 68.94886096487957 22.070704401760437 -10.45
    endloop
  endfacet
  facet normal -0.3048642990354763 0.9523957996408885 0
    outer loop
      vertex 73.80575586710174 23.625408717354055 -10.25
      vertex 73.00406947613571 23.368786880382185 -10.25
      vertex 73.80575586710174 23.625408717354055 -9
    endloop
  endfacet
  facet normal -0.30486429903547413 0.9523957996408894 2.8432734088567274e-16
    outer loop
      vertex 73.00406947613571 23.368786880382185 -10.25
      vertex 71.13922533254839 22.77184556369481 -10.25
      vertex 85.22704502873714 27.281392202010675 9
    endloop
  endfacet
  facet normal -0.30486429903574047 0.9523957996408041 1.8672554066149897e-13
    outer loop
      vertex 73.00406947613571 23.368786880382185 -10.25
      vertex 85.22704502873714 27.281392202010675 9
      vertex 73.80575586710174 23.625408717354055 -9
    endloop
  endfacet
  facet normal -0.3048642990354735 0.9523957996408896 0
    outer loop
      vertex 85.22704502873714 27.281392202010675 -9
      vertex 73.80575586710174 23.625408717354055 -9
      vertex 85.22704502873714 27.281392202010675 9
    endloop
  endfacet
  facet normal -0.3048642990354748 0.9523957996408892 -2.288221322286933e-17
    outer loop
      vertex 71.13922533254839 22.77184556369481 -10.25
      vertex 73.80575586710174 23.625408717354055 10.25
      vertex 73.80575586710174 23.625408717354055 9
    endloop
  endfacet
  facet normal -0.3048642990354736 0.9523957996408895 -1.965786983050476e-16
    outer loop
      vertex 71.13922533254839 22.77184556369481 -10.25
      vertex 73.80575586710174 23.625408717354055 9
      vertex 85.22704502873714 27.281392202010675 9
    endloop
  endfacet
  facet normal -0.3048642990354748 0.9523957996408892 0
    outer loop
      vertex 71.13922533254839 22.77184556369481 -10.25
      vertex 71.13922533254839 22.77184556369481 10.25
      vertex 73.80575586710174 23.625408717354055 10.25
    endloop
  endfacet
endsolid OpenSCAD_Model
